pwm,tf,nvar,cons_aff,best_aff,dT,dN,dS,d_rep,same,rho,bucket
A1CF_Hsapiens-hPDI-ACF,A1CF,3,1.0,0.33422103861517977,0.3818730769678334,-0.13173174792669112,0.5136048248945245,0,False,,other
ABCF2_Hsapiens-hPDI-ABCF2,ABCF2,6,1.0,0.20095884938074357,5.727126618946889,4.786436327229251,0.9406902917176376,0,False,-0.02898855178262242,tumor-gain
ADARB1_Hsapiens-hPDI-ADARB1,ADARB1,5,1.0,0.500998003992016,1.439028684154245,1.0913956787212609,0.34763300543298414,0,False,,neutral
AFF4_Hsapiens-hPDI-AFF4,AFF4,3,1.0,0.6006389776357828,1.2899428401964252,0.9744164417737684,0.31552639842265684,0,False,,neutral
AFP_1	AFP1_transfac_M00616,AFP,6,0.6672212978369385,0.250936329588015,0.31934680414214683,-1.2912316885669206,1.6105784927090674,0,False,-0.3380617018914066,normal-suppression
AGAP2_Hsapiens-hPDI-CENTG1,AGAP2,5,1.0,0.6672212978369385,0.5416789918017917,-1.1832332731299713,1.724912264931763,0,False,0.7181848464596079,tumor-gain
AGGF1_Hsapiens-hPDI-AGGF1,AGGF1,9,0.6674426338543398,0.500873471425007,-0.36207219616340736,-1.0913549830271543,0.7292827868637469,0,False,0.04274909800354809,normal-suppression
"AHR::ARNT::HIF1A_1	AhR,-Arnt,-HIF-1_transfac_M00976",AHR,7,1.0,0.7411915171651595,1.56885296528044,1.0782616626664574,0.49059130261398254,0,False,0.03571428571428572,neutral
AHR::ARNT_1	AhR:Arnt_transfac_M00235,AHR,10,1.0,0.488599511802261,-0.700014252125389,-1.543521197699569,0.84350694557418,0,False,0.12727272727272726,divergent
AHR::ARNT_2	AhR:Arnt_transfac_M00237,AHR,10,1.0,0.5510185036369575,0.369325714495207,0.10348108425666172,0.2658446302385453,0,False,0.18237166310401937,neutral
AHR::ARNT_3	Arnt::Ahr_jaspar_MA0006.1,AHR,10,1.0,0.04447569300753753,-1.4432836569437113,-2.137876280051408,0.6945926231076969,0,False,0.03739787960033829,divergent
AHR_1	AhR_transfac_M00139,AHR,10,1.0,0.800357915465829,0.7218236894808355,-0.05606055231116327,0.7778842417919988,0,False,0.018349396085439344,tumor-gain
AHR_2	AhR_transfac_M00778,AHR,9,1.0,0.8576512455516012,2.157074022049212,1.845696845134319,0.311377176914893,0,False,0.2273366604543674,neutral
AHR_Hsapiens-HOCOMOCOv10-AHR_HUMAN.H10MO.B,AHR,10,1.0,0.6575036483307034,-0.15866256541706666,-0.8429439918257186,0.6842814264086519,0,False,0.3696969696969697,normal-suppression
AHR_Hsapiens-cisbp_1.02-M2917_1.02,AHR,10,1.0,1.0,0.0,0.0,0.0,0,True,0.16775364516494487,neutral
AHR_Hsapiens-cisbp_1.02-M6139_1.02,AHR,9,1.0,0.4669122053892383,1.2385493621380637,0.43452981667535867,0.804019545462705,0,False,-0.15,tumor-gain
AIRE_1	AIRE_transfac_M00999,AIRE,6,0.08638781019359444,5.926107948048526e-06,0.36395890299336003,-0.2263306553781906,0.5902895583715506,0,False,-0.3142857142857143,other
AIRE_Hsapiens-HOCOMOCOv10-AIRE_HUMAN.H10MO.C,AIRE,7,0.11372662362415341,0.04704255012381759,0.2099895416665768,-0.6845677580837691,0.8945572997503459,0,False,0.28571428571428575,normal-suppression
AIRE_Hsapiens-SwissRegulon-AIRE.SwissRegulon,AIRE,6,0.33667525242320795,0.002985333111802121,-0.07361183761610082,-0.6424035408691534,0.5687917032530526,0,False,-0.08571428571428573,normal-suppression
ALX1_1	Cart-1_transfac_M00416,ALX1,7,0.5843689931729303,0.4548362644891623,-0.13382774339178657,-0.5165951973591735,0.3827674539673869,0,False,-0.5714285714285715,neutral
ALX1_2	Cart1_bulyk_cell08-0997.1,ALX1,3,0.3352901571653853,0.19919820956730314,-0.014358466381845089,-0.291400784696574,0.2770423183147289,0,False,,neutral
ALX1_3	Cart1_bulyk_cell08-1275.1,ALX1,6,0.4408034732788027,0.08646937818718718,-0.32687965670057184,-0.9097959868090226,0.5829163301084508,0,False,-0.48571428571428577,normal-suppression
ALX1_4	Alx1_jolma_DBD_M454,ALX1,3,0.5082558364004448,0.44126904291390845,0.5550985304366163,-0.06015294530744768,0.6152514757440639,0,False,,tumor-gain
ALX1_5	Alx1_jolma_DBD_M455,ALX1,2,0.5657345290729299,0.5657345290729299,0.0,0.0,0.0,0,True,,neutral
ALX3_1	Alx3_bulyk_cell08-3418.2,ALX3,2,0.8507853340486267,0.8507853340486267,0.0,0.0,0.0,0,True,,neutral
ALX3_2	ALX3_jolma_DBD_M449,ALX3,10,0.9430250316349832,0.46000692374591545,0.5128084682123435,-0.3362236946947749,0.8490321629071185,0,False,-0.29696969696969694,tumor-gain
ALX3_3	ALX3_jolma_full_M450,ALX3,6,0.8868760763439179,0.48035724206601055,0.2613720552256267,0.11401632710270558,0.14735572812292108,0,False,0.028571428571428574,neutral
ALX3_Hsapiens-HOCOMOCOv10-ALX3_HUMAN.H10MO.D,ALX3,3,0.1017970254852894,0.08803520343492842,0.5849895476919962,-2.000294984520175,2.585284532212171,0,False,,tumor-gain
ALX3_Hsapiens-SwissRegulon-ALX3.SwissRegulon,ALX3,2,0.5673212000475527,0.5673212000475527,0.0,0.0,0.0,0,True,,neutral
ALX3_Hsapiens-jaspar2016-ALX3-MA0634.1,ALX3,4,0.4814954456830021,0.3189998258377594,0.23919953979807818,-0.35499026701910474,0.5941898068171829,0,False,0.6000000000000001,other
ALX3_Hsapiens-jaspar2018-ALX3-MA0634.1,ALX3,3,0.24202040765194005,0.24202040765194005,0.0,0.0,0.0,0,True,,neutral
ALX3_Hsapiens-jolma2013-ALX3,ALX3,7,0.08164007565103538,0.04052306737442808,0.3713731797362433,-0.5929967349026137,0.964369914638857,0,False,-0.39285714285714296,normal-suppression
ALX3_Hsapiens-jolma2013-ALX3-2,ALX3,2,0.11890048332470025,0.11890048332470025,0.0,0.0,0.0,0,True,,neutral
ALX4_2	Alx4_bulyk_cell08-1744.1,ALX4,7,0.3297689382377664,0.01789812265392863,0.3293710572664235,0.05727644893309834,0.27209460833332516,0,False,0.0,neutral
ALX4_3	ALX4_jolma_DBD_M452,ALX4,2,0.7556577628718658,0.7556577628718658,0.0,0.0,0.0,0,True,,neutral
ALX4_Hsapiens-SwissRegulon-ALX4.SwissRegulon,ALX4,3,0.21947464591343077,0.11961648836024943,1.101460044337889,-1.080935327869895,2.1823953722077842,0,False,,tumor-gain
ALX4_Hsapiens-jolma2013-ALX4,ALX4,3,0.19124924475619573,0.19124924475619573,0.0,0.0,0.0,0,True,,neutral
ANDR_Hsapiens-HOCOMOCOv10-ANDR_HUMAN.H10MO.A,AR,10,0.8172218769746551,0.11289393268564966,0.24174104047305078,-0.3572841475960841,0.5990251880691349,0,False,-0.33333333333333326,other
ANXA1_Hsapiens-hPDI-ANXA1,ANXA1,8,1.0,0.40083882564409884,1.3130556804448514,0.2847665675352537,1.0282891129095977,0,False,-0.5611425419454067,tumor-gain
AP1_Hsapiens-JASPAR_CORE-AP1-MA0099.2,JUN,7,0.07262091596518765,0.07262091596518765,0.0,0.0,0.0,0,True,0.6728384948943099,neutral
AP1_disc1 JUND_K562_encode-Snyder_seq_hsa_r1:MEME#1#Intergenic,JUND,9,1.0,0.9480302158957751,0.41218150430516937,-0.5659293951629071,0.9781108994680765,0,False,0.13333333333333333,normal-suppression
AP1_disc2 FOS_GM12878_encode-Snyder_seq_hsa_r1:MEME#1#Intergenic,FOS,10,1.0,0.3228548118492102,-0.5328589744059792,-0.6677902243997694,0.13493124999379025,0,False,0.11515151515151514,neutral
AP1_disc3 FOS_K562_encode-White_seq_hsa_eGFP_r1:MDscan#3#Intergenic,FOS,8,0.9775209938917888,0.7769095564985121,0.060346546135489114,-0.5303790433007762,0.5907255894362653,0,False,-0.523809523809524,normal-suppression
AP1_disc4 JUND_GM12878_encode-Snyder_seq_hsa_r1:AlignACE#2#Intergenic,JUND,4,1.0,0.5008414856644199,0.2818059520786384,0.1695536506239928,0.1122523014546456,0,False,0.0,neutral
AP1_disc5 FOS_K562_encode-White_seq_hsa_eGFP_r1:Trawler#3#Intergenic,FOS,6,1.0,0.3343749609584848,-0.7239948019209995,-1.4039129944660602,0.6799181925450607,0,False,-0.4285714285714286,divergent
AP1_disc6 JUND_H1-hESC_encode-Myers_seq_hsa_v041610.2_r1:MEME#2#Intergenic,JUND,10,1.0,0.5430917374221698,-0.2808125543756728,-0.7140860123163602,0.43327345794068733,0,False,0.18787878787878787,neutral
AP1_disc7 FOS_HUVEC_encode-Snyder_seq_hsa_r1:AlignACE#2#Intergenic,FOS,9,0.851159787680224,0.851159787680224,0.0,0.0,0.0,0,True,-0.15,neutral
AP1_disc9 FOSL1_K562_encode-Myers_seq_hsa_v041610.1-SC-183_r1:Trawler#3#Intergenic,FOS,9,1.0,0.026639344262295087,-1.287733878677759,-2.3468197438354044,1.0590858651576454,0,False,-0.26666666666666666,divergent
AP1_known1	AP1_2	AP-1_transfac_M00172,JUN,10,1.0,0.8574879168534155,-0.134165473944995,-0.5538292363781889,0.4196637624331939,0,False,0.5471149893120582,neutral
AP1_known10	AP1_1	AP1_jaspar_MA0099.2,JUN,5,1.0,1.0,0.0,0.0,0.0,0,True,0.09999999999999999,neutral
AP1_known2	AP1_3	AP-1_transfac_M00173,JUN,9,0.8337224812661934,0.5011651158946949,0.3296595264100722,-0.22218363517555953,0.5518431615856317,0,False,0.23732222626728364,other
AP1_known3	AP1_4	AP-1_transfac_M00174,JUN,10,1.0,0.47458904766032894,0.43360248892232545,0.3089360641947554,0.12466642472757006,0,False,0.0303030303030303,neutral
AP1_known4	AP1_5	AP-1_transfac_M00188,JUN,10,0.6009183469754442,0.4177821054101569,0.07248408198244108,-0.265458883273441,0.3379429652558821,0,False,-0.16052135375827115,neutral
AP1_known5	AP1_6	AP-1_transfac_M00199,JUN,10,0.6396918021371628,0.23557544121046253,0.3646546622900628,-0.5957403459012308,0.9603950081912936,0,False,-0.2606060606060606,normal-suppression
AP1_known6	AP1_7	AP-1_transfac_M00517,JUN,10,1.0,1.0,0.0,0.0,0.0,0,True,0.406060606060606,neutral
AP1_known7	AP1_8	AP-1_transfac_M00924,JUN,8,0.9233486948580616,0.8576116431088463,0.007140059562634219,-0.31281933294056685,0.31995939250320105,0,False,0.30122668294492494,neutral
AP1_known8	AP1_9	AP-1_transfac_M00925,JUN,7,0.6612094193182152,0.6612094193182152,0.0,0.0,0.0,0,True,0.3214285714285715,neutral
AP1_known9	AP1_10	AP-1_transfac_M00926,JUN,8,0.6259283165290421,0.6051449076444068,0.24592298702406656,0.08275143643833958,0.16317155058572697,0,False,0.4285714285714286,neutral
AP2A_Hsapiens-HOCOMOCOv10-AP2A_HUMAN.H10MO.C,TFAP2A,9,1.0,0.40365715805572167,0.3849315148145332,-0.4031719499904424,0.7881034648049756,0,False,-0.21666666666666667,other
AP2B_Hsapiens-HOCOMOCOv10-AP2B_HUMAN.H10MO.B,TFAP2B,2,0.5070951323815148,0.4511874897941221,-0.5533804199867641,-0.5562999893753844,0.002919569388620258,0,False,,neutral
AP2C_Hsapiens-HOCOMOCOv10-AP2C_HUMAN.H10MO.A,TFAP2C,10,1.0,0.7002583979328166,0.08764889280599893,-0.013231961990102853,0.10088085479610177,0,False,0.32121212121212117,neutral
AP3_1	AP-3_transfac_M00690,AP3,6,1.0,0.6672754389656971,-0.47430673572928467,-0.9916453793527464,0.5173386436234617,0,False,-0.08571428571428573,normal-suppression
APEX2_Hsapiens-hPDI-APEX2,APEX2,7,1.0,0.3343318355799629,0.8361185186287492,-0.1390878285774101,0.9752063472061593,0,False,0.396412483586046,tumor-gain
ARFGAP1_Hsapiens-hPDI-ARFGAP1,ARFGAP1,7,1.0,0.6672212978369385,0.4555097665895195,0.3607592468056529,0.09475051978386662,0,False,-0.14969623771302396,neutral
ARHGEF12_1	IRC900814_bulyk_sc09-primary,ARHGEF12,7,0.7246549348546012,0.5697885652028112,-0.3710937277207426,-2.362782391663309,1.9916886639425664,0,False,-0.5,normal-suppression
ARI3A_Hsapiens-HOCOMOCOv10-ARI3A_HUMAN.H10MO.D,ARID3A,6,0.5090486287196486,0.16218548486527493,0.8558443787304246,-0.8362935401869109,1.6921379189173356,0,False,-0.028571428571428574,tumor-gain
ARI3A_Hsapiens-HOCOMOCOv10-ARI3A_HUMAN.H10MO.S,ARID3A,3,0.44540984212666807,0.44540984212666807,0.0,0.0,0.0,0,True,,neutral
ARI5B_Hsapiens-HOCOMOCOv10-ARI5B_HUMAN.H10MO.C,ARID5B,9,1.0,0.25093662109682935,0.14472671804345785,-0.50314076621726,0.6478674842607178,0,False,-0.25,normal-suppression
ARID3A_Hsapiens-SwissRegulon-ARID3A.SwissRegulon,ARID3A,2,0.07257106791324813,0.07257106791324813,0.0,0.0,0.0,0,True,,neutral
ARID3A_Hsapiens-cisbp_1.02-M6147_1.02,ARID3A,2,0.293521187685504,0.051911620981361706,0.5779246073849036,-1.3878259752538775,1.965750582638781,0,False,,tumor-gain
ARID3A_Hsapiens-cisbp_1.02-M6148_1.02,ARID3A,2,0.0895295010991934,0.018473962296949354,-0.28019577386267885,-0.8116428742389569,0.531447100376278,0,False,,normal-suppression
ARID5A_1	Arid5a_bulyk_sc09-primary,ARID5A,4,0.938587709169809,0.6178989622196875,0.9269983312454969,-0.11867236284426577,1.0456706940897627,0,False,-1.0,tumor-gain
ARID5A_Hsapiens-SwissRegulon-ARID5A.SwissRegulon,ARID5A,6,0.9181285733720771,0.9181285733720771,0.0,0.0,0.0,0,True,-0.08571428571428573,neutral
ARID5B_Hsapiens-cisbp_1.02-M3574_1.02,ARID5B,4,0.6673320026613433,0.5723449750534572,0.19591555238589453,-1.5130676851757867,1.7089832375616814,0,False,-0.316227766016838,normal-suppression
ARID5B_Hsapiens-cisbp_1.02-M6149_1.02,ARID5B,6,1.0,1.0,0.0,0.0,0.0,0,True,0.5428571428571429,neutral
ARNT2_Hsapiens-HOCOMOCOv10-ARNT2_HUMAN.H10MO.D,ARNT,6,0.778221335107563,0.6673320026613433,0.7112371073188243,-0.38196922456949056,1.093206331888315,0,False,-0.08571428571428573,tumor-gain
ARNT2_Hsapiens-cisbp_1.02-M6150_1.02,ARNT,5,0.7905449527494063,0.4696893067995357,-0.35073039373372655,-0.8741174882576037,0.5233870945238772,0,False,-0.7999999999999999,normal-suppression
ARNT::HIF1A_Mmusculus;Rrattus;Hsapiens;Ocuniculus-jaspar2018-ARNT::HIF1A-MA0259.1,ARNT,8,0.1783393123189728,0.08756390082213435,0.24347261576960189,-0.9147776492218325,1.1582502649914344,0,False,-0.7380952380952381,normal-suppression
ARNTL_1	ARNTL_jolma_DBD_M306,ARNT,9,0.019690612435137197,0.0023309912717893564,-1.188828876537571,-2.547883958137573,1.359055081600002,0,False,0.0,divergent
ARNTL_Hsapiens-SwissRegulon-ARNTL.SwissRegulon,ARNT,10,0.380236428325491,0.2411912535946785,0.1320315070535953,-2.208461572072226,2.340493079125821,0,False,0.12727272727272726,normal-suppression
ARNTL_Hsapiens-cisbp_1.02-M5290_1.02,ARNT,10,0.00242936121422652,8.95350080859763e-05,0.55763542558976,0.40825406970318046,0.14938135588657953,0,False,-0.13939393939393938,neutral
ARNTL_Hsapiens-cisbp_1.02-M6162_1.02,ARNT,10,1.0,0.3410892618140639,0.22301755202121062,-1.7073678403934585,1.930385392414669,0,False,-0.33333333333333326,normal-suppression
ARNTL_Hsapiens-hPDI-ARNTL,ARNT,10,1.0,0.3344425956738769,-0.5727096261239303,-0.8890312821110218,0.3163216559870915,0,False,-0.2454578464160423,neutral
ARNTL_Hsapiens-jolma2013-ARNTL,ARNT,8,0.0004984016637930583,0.00039262881494054176,0.6963983518082476,0.14187164396254778,0.5545267078456998,0,False,0.6666666666666669,tumor-gain
ARNT_1	Arnt_transfac_M00236,ARNT,10,0.46875348487560725,0.2530497893857663,0.7605305193851046,-1.1282814614746652,1.8888119808597699,0,False,0.11515151515151514,tumor-gain
ARNT_2	Arnt_transfac_M00539,ARNT,10,0.09168178424537576,0.025524146195353627,0.04611421629578722,-1.818299590501427,1.8644138067972142,0,False,-0.5636363636363636,normal-suppression
ARNT_3	Arnt_jaspar_MA0004.1,ARNT,3,0.250936329588015,0.013457153321754749,-0.182122213411095,-0.2248799857594718,0.0427577723483768,0,False,,neutral
ARNT_Hsapiens-HOCOMOCOv10-ARNT_HUMAN.H10MO.B,ARNT,10,0.2243369537231882,0.1168107533676078,1.8225389634449163,1.138891210632517,0.6836477528123992,0,False,-0.09090909090909088,tumor-gain
ARNT_Hsapiens-SwissRegulon-ARNT.SwissRegulon,ARNT,9,0.0876399089094149,0.0876399089094149,0.0,0.0,0.0,0,True,0.18333333333333335,neutral
ARNT_Hsapiens-cisbp_1.02-M2956_1.02,ARNT,9,0.3887967896943904,0.08906758200155607,-0.07524956171946338,-1.3462491496782334,1.27099958795877,0,False,-0.08333333333333334,normal-suppression
ARNT_Hsapiens-cisbp_1.02-M2957_1.02,ARNT,10,0.225688077850362,0.023466442387438783,-0.08586421653196041,-2.4181844182669443,2.332320201734984,0,False,-0.38181818181818183,normal-suppression
ARNT_Hsapiens-cisbp_1.02-M6151_1.02,ARNT,9,0.8400114217235799,0.3447315189782578,1.796364069172592,1.1573200452371073,0.6390440239354847,0,False,0.33333333333333337,tumor-gain
ARX_1	Arx_bulyk_cell08-1738.2,ARX,8,0.7461638045037728,0.7461638045037728,0.0,0.0,0.0,0,True,0.8571428571428572,neutral
ARX_Hsapiens-HOCOMOCOv10-ARX_HUMAN.H10MO.D,ARX,7,0.14365138600035599,0.08742246173957005,0.6513616457089718,-0.6104060036295219,1.2617676493384937,0,False,-0.07142857142857144,tumor-gain
ARX_Hsapiens-SwissRegulon-ARX.SwissRegulon,ARX,2,0.211670565893941,0.1383944255735339,0.9005654764440524,0.7570937311636317,0.14347174528042073,0,False,,neutral
AR_Hsapiens-JASPAR_2014-AR-MA0007.2,AR,8,0.7264318561278976,0.30419216717500236,0.028139951783960174,-0.8426403576887014,0.8707803094726616,0,False,-0.5000000000000001,normal-suppression
AR_Hsapiens-SwissRegulon-AR.SwissRegulon,AR,10,0.9405870853075936,0.9405870853075936,0.0,0.0,0.0,0,True,0.43030303030303024,neutral
AR_Hsapiens-jaspar2016-AR-MA0007.2,AR,7,0.9810424030288826,0.23944424802418454,0.5689923181094179,-0.02007078700684958,0.5890631051162675,0,False,-0.3571428571428572,tumor-gain
AR_Hsapiens-jaspar2018-AR-MA0007.2,AR,8,0.9936808010096274,0.6667762869061616,0.2956572920006469,0.1680282786010402,0.1276290133996067,0,False,0.07142857142857144,neutral
AR_Hsapiens-jolma2013-AR,AR,9,0.5876771568236265,0.10209995619586434,0.08639212042001114,-0.3398778906090079,0.42627001102901907,0,False,-0.35,neutral
AR_Hsapiens-jolma2013-AR-2,AR,8,1.0,0.49836805612050733,-0.061022677883760736,-0.34460736269921166,0.2835846848154509,0,False,0.11904761904761905,neutral
ASAP3_Hsapiens-hPDI-DDEFL1,ASAP3,10,1.0,1.0,0.0,0.0,0.0,0,True,,neutral
ASCL1_Hsapiens-jaspar2018-ASCL1-MA1100.1,ASCL1,8,0.7945696372081394,0.7945696372081394,0.0,0.0,0.0,0,True,0.04761904761904763,neutral
ASCL2_1	Ascl2_bulyk_sc09-primary,ASCL2,8,0.26218436998300176,0.02322261494538775,0.4595854393268528,-0.4313022686349288,0.8908877079617816,0,False,-0.6190476190476191,other
ASCL2_2	Ascl2_jolma_DBD_M307,ASCL2,10,1.0,0.3404420064083424,0.3756425516670036,-3.263824406401425,3.6394669580684287,0,False,-0.17575757575757575,normal-suppression
ASCL2_Hsapiens-HOCOMOCOv10-ASCL2_HUMAN.H10MO.D,ASCL2,7,0.844139650872818,0.844139650872818,0.0,0.0,0.0,0,True,0.3571428571428572,neutral
ASCL2_Hsapiens-SwissRegulon-ASCL2.SwissRegulon,ASCL2,8,0.7307797648487825,0.0019585443635069927,-0.1258677356213015,-0.8101467082023176,0.6842789725810161,0,False,-0.2380952380952381,normal-suppression
ASPSCR1_Hsapiens-hPDI-ASPSCR1,ASPSCR1,4,1.0,1.0,0.0,0.0,0.0,0,True,,neutral
ATF1_Hsapiens-HOCOMOCOv10-ATF1_HUMAN.H10MO.B,ATF1,9,0.9930795847750865,0.8444924406047515,0.5041379171482764,-0.05531472165926937,0.5594526388075458,0,False,0.18333333333333335,tumor-gain
ATF1_Hsapiens-SwissRegulon-ATF1.SwissRegulon,ATF1,9,0.2118585761082764,0.1604425818289022,0.40647216746015025,0.2849790400556945,0.12149312740445573,0,False,-0.21849510977216466,neutral
ATF1_Hsapiens-cisbp_1.02-M6152_1.02,ATF1,10,0.49520444220090887,0.3549816143909417,0.29720041287925264,0.24636330095833478,0.05083711192091786,0,False,0.4403855060505442,neutral
ATF2_1	ATF2_transfac_M00040,ATF2,7,1.0,0.005526040424749842,-0.00013922771623795714,-0.63160850926269,0.631469281546452,0,False,0.3571428571428572,normal-suppression
ATF2_2	ATF2_transfac_M00179,ATF2,8,1.0,0.5008725973002767,0.5760597070055203,0.18817806281527624,0.38788164419024407,0,False,-0.614502433207647,neutral
ATF2_3	ATF2:c-Jun_transfac_M00041,ATF2,9,0.0510205286968997,0.02604718690166693,0.2998224255790512,0.11839136787387484,0.18143105770517637,0,False,0.008587567332159077,neutral
ATF2_Hsapiens-HOCOMOCOv10-ATF2_HUMAN.H10MO.B,ATF2,7,0.14938320254575665,0.07596944542820469,1.6348765370507747,1.210508685352053,0.4243678516987217,0,False,0.0,neutral
ATF2_Hsapiens-SwissRegulon-ATF2.SwissRegulon,ATF2,7,0.06772451925461487,0.055194428363712224,0.6572884724394047,-1.040638382694913,1.6979268551343178,0,False,-0.14285714285714288,tumor-gain
ATF2_Hsapiens-cisbp_1.02-M3087_1.02,ATF2,4,0.002520863460724503,0.0012184591633315563,2.24596024696486,1.704932124830757,0.5410281221341029,0,False,0.6000000000000001,tumor-gain
ATF2_Hsapiens-cisbp_1.02-M3088_1.02,ATF2,10,0.37587385290117276,0.33430430899567315,-0.2925035917337798,-0.5546246525270223,0.2621210607932425,0,False,0.11328823680740414,neutral
ATF3_Hsapiens-HOCOMOCOv10-ATF3_HUMAN.H10MO.A,ATF3,7,0.37410876628784573,0.37410876628784573,0.0,0.0,0.0,0,True,0.1785714285714286,neutral
ATF3_Hsapiens-SwissRegulon-ATF3.SwissRegulon,ATF3,10,0.2808873935419618,0.168912375611309,1.9397518457184373,-0.1768603927706618,2.116612238489099,0,False,0.01818181818181818,tumor-gain
ATF3_Hsapiens-cisbp_1.02-M4451_1.02,ATF3,10,0.3213931479328431,0.1337854843229392,0.06226780016079404,-0.6376377670498582,0.6999055672106522,0,False,-0.2121212121212121,normal-suppression
ATF3_Hsapiens-cisbp_1.02-M4500_1.02,ATF3,10,0.28386481749131276,0.09544823433706866,0.8559442514662724,0.46777100485142137,0.38817324661485103,0,False,-0.35757575757575755,neutral
ATF3_Hsapiens-cisbp_1.02-M4552_1.02,ATF3,10,0.1151772965272932,0.05418568740667687,1.3918082773018385,0.9289183607549973,0.4628899165468412,0,False,-0.34545454545454546,neutral
ATF3_Hsapiens-cisbp_1.02-M4597_1.02,ATF3,10,1.0,0.3042335664795438,0.24104987423347296,0.024855650037845945,0.216194224195627,0,False,0.4424242424242424,neutral
ATF3_Hsapiens-cisbp_1.02-M4683_1.02,ATF3,10,0.10875084344527366,0.06435462442045199,0.4815467316897685,-1.0526657750810153,1.534212506770784,0,False,-0.22424242424242422,normal-suppression
ATF3_Hsapiens-cisbp_1.02-M4684_1.02,ATF3,10,0.4749683839434377,0.03872375931357511,-0.10219886707782645,-1.1105437448764017,1.0083448777985753,0,False,-0.19999999999999998,normal-suppression
ATF3_Hsapiens-cisbp_1.02-M6153_1.02,ATF3,10,1.0,0.7625105913365374,1.1718854537565655,-0.1763426274742964,1.3482280812308618,0,False,0.09090909090909088,tumor-gain
ATF3_disc1 ATF3_GM12878_encode-Myers_seq_hsa_r1:MDscan#1#Intergenic,ATF3,10,0.059908307023875694,0.027654497569160316,-0.0965553419569731,-0.11195832610697558,0.015402984150002477,0,False,0.6363636363636362,neutral
ATF3_disc2 ATF3_K562_encode-Snyder_seq_hsa_r1:MEME#3#Intergenic,ATF3,2,0.06257552522130795,0.06257552522130795,0.0,0.0,0.0,0,True,,neutral
ATF3_disc3 ATF3_H1-hESC_encode-Myers_seq_hsa_v041610.2_r1:Trawler#3#Intergenic,ATF3,4,1.0,1.0,0.0,0.0,0.0,0,True,0.39999999999999997,neutral
ATF3_known1	ATF1_1	ATF_transfac_M00017,ATF3,10,1.0,1.0,0.0,0.0,0.0,0,True,0.01823716631040194,neutral
ATF3_known10	ATF1_3	ATF1_transfac_M00691,ATF3,10,1.0,0.45087536619755064,-0.014366147945351246,-0.37228012339007177,0.35791397544472053,0,False,0.08510677611520903,neutral
ATF3_known11	CREB1_7	CREB_transfac_M00801,ATF3,10,1.0,1.0,0.0,0.0,0.0,0,True,0.324172664176095,neutral
ATF3_known12	CREB1_8	CREB_transfac_M00916,ATF3,10,1.0,0.5843038752615982,0.1012183364854582,-0.08207807131792065,0.18329640780337886,0,False,-0.08536744066467457,neutral
ATF3_known13	CREB1_9	CREB_transfac_M00917,ATF3,9,1.0,0.6323529411764707,1.0778573657335575,0.41031680021427547,0.6675405655192821,0,False,-0.11666666666666665,tumor-gain
"ATF3_known14	CREB_1	CREB,-ATF_transfac_M00981",ATF3,8,1.0,0.3365822376837274,0.1799833241798469,0.06526333805606244,0.11471998612378445,0,False,-0.14285714285714288,neutral
ATF3_known15	CREB1_10	CREB1_jaspar_MA0018.2,ATF3,10,0.1121960687612765,0.047433728131574,0.2618185684222613,-0.4663170980228797,0.728135666445141,0,False,-0.17021355223041806,other
ATF3_known16	ATF1_4	Atf1_bulyk_sc09-primary,ATF3,10,1.0,0.6268011037440988,0.2670970307498286,0.19568777537197415,0.07140925537785445,0,False,0.3939393939393939,neutral
ATF3_known2	CREB1_1	CREB_transfac_M00039,ATF3,10,1.0,0.060426731970157035,0.9503822891089678,-0.12220581380755427,1.072588102916522,0,False,0.04242424242424241,tumor-gain
ATF3_known3	CREB1_2	CREB_transfac_M00113,ATF3,10,1.0,1.0,0.0,0.0,0.0,0,True,-0.03776274560246805,neutral
ATF3_known4	CREB1_3	Tax/CREB_transfac_M00114,ATF3,8,1.0,0.8006763396336382,1.110415541745142,0.8820531195961182,0.2283624221490238,0,False,-0.21957751641341997,neutral
ATF3_known5	CREB1_4	Tax/CREB_transfac_M00115,ATF3,7,0.6672212978369385,0.16743006350215311,-0.03179583971832097,-0.2708680237519479,0.23907218403362693,0,False,-0.1468446196428705,neutral
ATF3_known6	CREB1_5	CREB_transfac_M00177,ATF3,10,1.0,0.8006000005982059,0.19733016879327667,-0.36149691622776864,0.5588270850210453,0,False,-0.37310438707059995,other
ATF3_known7	CREB1_6	CREB_transfac_M00178,ATF3,10,0.8575498575498577,0.8003992015968064,0.23206524264235245,-0.2635169827178797,0.49558222536023216,0,False,0.037043389328831805,neutral
ATF3_known8	ATF1_2	ATF_transfac_M00338,ATF3,10,1.0,1.0,0.0,0.0,0.0,0,True,0.16363636363636364,neutral
ATF3_known9	ATF3_1	ATF3_transfac_M00513,ATF3,9,1.0,0.5008725973002766,0.4970882720916252,-0.33599058301860324,0.8330788551102284,0,False,-0.4472932204619527,other
ATF4_1	ATF4_transfac_M00514,ATF4,10,1.0,1.0,0.0,0.0,0.0,0,True,0.5475598112357867,neutral
ATF4_2	ATF4_jolma_DBD_M352,ATF4,5,1.0,0.3734627765690645,1.4209632016556326,0.11609037854901616,1.3048728231066165,0,False,-0.49999999999999994,tumor-gain
ATF4_3	Atf4_jolma_DBD_M354,ATF4,8,1.0,0.4225073682050026,0.6285683846091252,0.3234640458165322,0.305104338792593,0,False,0.023809523809523815,neutral
ATF4_Hsapiens-SwissRegulon-ATF4.SwissRegulon,ATF4,9,0.16518364018471773,0.12818278065495892,0.6301968207535535,-0.6902656897825191,1.3204625105360726,0,False,0.41666666666666663,tumor-gain
ATF4_Hsapiens-cisbp_1.02-M5292_1.02,ATF4,8,0.3770645019975473,0.3171565586565643,3.083547548602889,2.0774113147781508,1.0061362338247384,0,False,0.04761904761904763,tumor-gain
ATF4_Hsapiens-jaspar2016-ATF4-MA0833.1,ATF4,9,0.28764503254388846,0.28764503254388846,0.0,0.0,0.0,0,True,0.09999999999999999,neutral
ATF4_Hsapiens-jaspar2018-ATF4-MA0833.1,ATF4,10,0.2511458445943341,0.19009798368143851,0.9334093424735412,-0.19602252892745292,1.129431871400994,0,False,-0.2606060606060606,tumor-gain
ATF4_Hsapiens-jolma2013-ATF4,ATF4,8,0.2086002057966407,0.16550622371143878,-0.7453130242198934,-2.315146406319679,1.5698333820997856,0,False,0.14285714285714288,divergent
ATF5_Hsapiens-SwissRegulon-ATF5.SwissRegulon,ATF5,7,0.3819388806226401,0.3819388806226401,0.0,0.0,0.0,0,True,0.8571428571428573,neutral
ATF5_Hsapiens-cisbp_1.02-M6154_1.02,ATF5,9,1.0,0.48758067322955567,1.159053439497017,-0.894756568085679,2.0538100075826957,0,False,-0.4666666666666666,tumor-gain
ATF6A_Hsapiens-HOCOMOCOv10-ATF6A_HUMAN.H10MO.B,ATF6,10,0.324348795377081,0.2787335224736304,1.3477747010363261,1.0810759114050739,0.26669878963125226,0,False,0.7073302226501608,neutral
ATF6_Hsapiens-SwissRegulon-ATF6.SwissRegulon,ATF6,10,0.22207606187294793,0.2043605168025273,0.22768560905612578,-0.056158735196102844,0.2838443442522286,0,False,0.6707441766510145,neutral
ATF6_Hsapiens-cisbp_1.02-M6155_1.02,ATF6,10,1.0,0.4368360424932812,-0.6893960729353684,-0.8893068429186751,0.1999107699833067,0,False,0.0790277206784084,neutral
ATF7_1	ATF7_jolma_DBD_M353,ATF7,9,1.0,0.6122054939249868,0.30822543182767786,-0.2613146836522127,0.5695401154798906,0,False,0.06666666666666667,other
ATF7_Hsapiens-HOCOMOCOv10-ATF7_HUMAN.H10MO.D,ATF7,10,0.7334953843668699,0.11189372177641756,0.10195412586615892,-0.1415955121813498,0.24354963804750873,0,False,0.6,neutral
ATF7_Hsapiens-SwissRegulon-ATF7.SwissRegulon,ATF7,9,0.4439578995375626,0.300579625820659,0.25711478282282296,-0.3553432263231268,0.6124580091459497,0,False,-0.33333333333333337,other
ATF7_Hsapiens-cisbp_1.02-M5293_1.02,ATF7,10,0.8355700264458187,0.4949346864845332,-0.35357557031798054,-0.9289230805962425,0.5753475102782619,0,False,0.6484848484848483,normal-suppression
ATF7_Hsapiens-jaspar2016-ATF7-MA0834.1,ATF7,9,0.7036209080486939,0.42803609196123765,0.4357243239548239,-0.13404830564086354,0.5697726295956874,0,False,-0.18333333333333335,other
ATF7_Hsapiens-jaspar2018-ATF7-MA0834.1,ATF7,5,0.4884349187389634,0.43799688367339107,0.7164935351551446,-0.7644508846322996,1.4809444197874442,0,False,0.0,tumor-gain
ATF7_Hsapiens-jolma2013-ATF7,ATF7,9,0.47091801725388976,0.40973643566116774,0.5542505804038956,-1.2892835911111362,1.843534171515032,0,False,0.15,tumor-gain
ATOH1_1	Atoh1_jolma_DBD_M308,ATOH1,7,0.9792225684237507,0.6260480294926556,0.1922423836620747,-1.0509348374431642,1.2431772211052388,0,False,-0.7142857142857144,normal-suppression
ATOH1_Hsapiens-HOCOMOCOv10-ATOH1_HUMAN.H10MO.D,ATOH1,6,1.0,0.5980052744480376,-0.029232305272028823,-1.031730775798411,1.0024984705263822,0,False,-0.7714285714285715,normal-suppression
ATOH1_Hsapiens-SwissRegulon-ATOH1.SwissRegulon,ATOH1,7,0.9344470781345439,0.724009144701464,0.10021504706363764,-0.3367168169694862,0.43693186403312384,0,False,-0.03571428571428572,neutral
AVEN_Hsapiens-hPDI-AVEN,AVEN,3,1.0,0.6672212978369385,0.03966979275635486,-0.39633102403462395,0.4360008167909788,0,False,,neutral
BACH1_1	Bach1_transfac_M00495,BACH1,10,1.0,0.5009614662793854,0.5318333048374188,-0.1701355126475765,0.7019688174849953,0,False,0.14770978917519928,tumor-gain
BACH1_Hsapiens-HOCOMOCOv10-BACH1_HUMAN.H10MO.A,BACH1,10,1.0,0.4709061153602084,-0.5078993689391198,-0.941109241667911,0.4332098727287912,0,False,-0.2606060606060606,neutral
BACH1_Hsapiens-SwissRegulon-BACH1.SwissRegulon,BACH1,10,1.0,0.32816443629364583,-0.013582383740199808,-0.6485464478670531,0.6349640641268532,0,False,0.2121212121212121,normal-suppression
BACH1_Hsapiens-cisbp_1.02-M2979_1.02,BACH1,7,1.0,0.7505612372162634,1.4088385006163975,1.0898039907385233,0.3190345098778742,0,False,0.2522624895547565,neutral
BACH1_Hsapiens-cisbp_1.02-M4680_1.02,BACH1,9,1.0,0.43369886085531617,0.1480555737623208,-0.8768316731064377,1.0248872468687584,0,False,0.7,normal-suppression
BACH1_Hsapiens-cisbp_1.02-M4681_1.02,BACH1,3,0.004792594433071126,0.0016892405728440038,-0.1952262689006391,-0.5292913902851822,0.33406512138454314,0,False,,neutral
BACH1_Hsapiens-cisbp_1.02-M4682_1.02,BACH1,7,0.7066063357337552,0.11982147170015921,1.5988891601503734,-1.7603505446005243,3.3592397047508977,0,False,-0.5,tumor-gain
BACH1_Hsapiens-cisbp_1.02-M6156_1.02,BACH1,10,1.0,0.41397347687365726,0.3718057760674704,-0.3498166452352984,0.7216224213027688,0,False,0.22424242424242422,other
BACH2_1	Bach2_transfac_M00490,BACH2,10,1.0,0.769690618762475,0.9369778851360159,-0.09085810405343914,1.027835989189455,0,False,0.12727272727272726,tumor-gain
BACH2_Hsapiens-SwissRegulon-BACH2.SwissRegulon,BACH2,10,0.9937545019215551,0.8814743980711361,0.8129008892959705,0.6740286070518414,0.13887228224412906,0,False,0.5151515151515151,neutral
BACH2_Hsapiens-cisbp_1.02-M2980_1.02,BACH2,10,1.0,0.3342949073560418,3.013811074140127,2.4183852181205006,0.5954258560196264,0,False,0.32121212121212117,tumor-gain
BACH2_Hsapiens-jaspar2018-BACH2-MA1101.1,BACH2,8,1.0,1.0,0.0,0.0,0.0,0,True,0.19047619047619052,neutral
BAD_Hsapiens-hPDI-BAD,BAD,3,1.0,1.0,0.0,0.0,0.0,0,True,,neutral
BARH1_Hsapiens-HOCOMOCOv10-BARH1_HUMAN.H10MO.D,BARHL1,7,1.0,1.0,0.0,0.0,0.0,0,True,0.6785714285714287,neutral
BARH2_Hsapiens-HOCOMOCOv10-BARH2_HUMAN.H10MO.D,BARHL2,2,0.07415869087873724,0.07415869087873724,0.0,0.0,0.0,0,True,,neutral
BARHL1_1	Barhl1_bulyk_cell08-2590.2,BARHL1,5,0.9202224271383463,0.16561371071174424,0.9115145229031794,-0.335134099896119,1.2466486227992983,0,False,-0.8999999999999998,tumor-gain
BARHL1_2	Barhl1_jolma_DBD_M467,BARHL1,10,0.699132790529896,0.34692252825099007,0.12209792640876634,-1.003406810165214,1.1255047365739803,0,False,-0.6484848484848483,normal-suppression
BARHL1_3	Barhl1_jolma_DBD_M468,BARHL1,10,0.5845300474031961,0.44214652755566997,0.4997637652008732,-0.4320338370379596,0.9317976022388328,0,False,-0.5393939393939393,other
BARHL1_4	Barhl1_jolma_DBD_M469,BARHL1,9,1.0,0.41221702600079485,0.6636953976123668,-0.8078397788194867,1.4715351764318534,0,False,-0.13333333333333333,tumor-gain
BARHL1_Hsapiens-SwissRegulon-BARHL1.SwissRegulon,BARHL1,8,0.503778353110777,0.503778353110777,0.0,0.0,0.0,0,True,0.28571428571428575,neutral
BARHL2_2	BARHL2_jolma_DBD_M458,BARHL2,10,1.0,1.0,0.0,0.0,0.0,0,True,-0.17575757575757575,neutral
BARHL2_3	BARHL2_jolma_DBD_M459,BARHL2,8,1.0,0.5126144943664065,0.1556068047971109,-0.6459128288369861,0.801519633634097,0,False,-0.5714285714285715,normal-suppression
BARHL2_4	BARHL2_jolma_DBD_M460,BARHL2,7,0.7032193674968851,0.7032193674968851,0.0,0.0,0.0,0,True,0.42857142857142866,neutral
BARHL2_5	BARHL2_jolma_full_M461,BARHL2,10,0.7592811282991997,0.6039969600863282,-0.003401098744458942,-0.732549725426357,0.7291486266818981,0,False,-0.06666666666666665,normal-suppression
BARHL2_6	BARHL2_jolma_full_M462,BARHL2,9,0.8467661971654765,0.5671912384486792,0.6257648062859102,-0.04872139463282303,0.6744862009187332,0,False,0.13333333333333333,tumor-gain
BARHL2_7	BARHL2_jolma_full_M463,BARHL2,8,0.8616698064703463,0.4589585427225762,0.4860382846517171,-0.5908768646567591,1.0769151493084763,0,False,-0.7142857142857144,normal-suppression
BARHL2_Hsapiens-SwissRegulon-BARHL2.SwissRegulon,BARHL2,8,0.3394841872282751,0.30833300995666424,-0.4319972124964801,-1.1798148664561887,0.7478176539597086,0,False,0.2142857142857143,normal-suppression
BARHL2_Hsapiens-jaspar2016-BARHL2-MA0635.1,BARHL2,8,0.6043920479260494,0.47708940120449916,0.044334515043428856,-0.9983920843152754,1.0427265993587043,0,False,-0.023809523809523815,normal-suppression
BARHL2_Hsapiens-jaspar2018-BARHL2-MA0635.1,BARHL2,9,0.4323924949674328,0.36656702419708154,0.3171151483978327,-0.5785645194180358,0.8956796678158685,0,False,0.5,normal-suppression
BARHL2_Hsapiens-jolma2013-BARHL2,BARHL2,7,0.5935107540879367,0.5935107540879367,0.0,0.0,0.0,0,True,0.6785714285714287,neutral
BARHL2_Hsapiens-jolma2013-BARHL2-2,BARHL2,6,0.5820065687679298,0.5264062084120634,0.2668327835523467,-0.5480169652752785,0.8148497488276252,0,False,0.7714285714285715,normal-suppression
BARHL2_Hsapiens-jolma2013-BARHL2-3,BARHL2,7,0.8896613500767062,0.6333917373801516,-0.34548408417754906,-0.5969573194865546,0.25147323530900556,0,False,-0.14285714285714288,neutral
BARHL2_Hsapiens-jolma2013-BARHL2-4,BARHL2,5,0.3557560479531252,0.3557560479531252,0.0,0.0,0.0,0,True,0.8999999999999998,neutral
BARHL2_Hsapiens-jolma2013-BARHL2-5,BARHL2,8,0.4488856045092161,0.384998899746204,0.14773004110936797,-0.0008344119348791118,0.1485644530442471,0,False,0.09523809523809526,neutral
BARHL2_Hsapiens-jolma2013-BARHL2-6,BARHL2,7,1.0,0.47430515346157603,0.6290890060105698,-0.026570366373062957,0.6556593723836328,0,False,-0.642857142857143,tumor-gain
BARX1_1	Barx1_bulyk_cell08-2877.1,BARX1,8,0.572137277944412,0.43315124404697336,1.0244069397321751,0.14552138600720674,0.8788855537249683,0,False,-0.38095238095238104,tumor-gain
BARX1_2	BARX1_jolma_DBD_M464,BARX1,2,0.8995232277100795,0.6653312217611516,-0.195086033804247,-0.40730634140469224,0.21222030760044525,0,False,,neutral
BARX1_3	BARX1_jolma_DBD_M465,BARX1,3,0.5974059515069925,0.47358301816433773,0.02284248261780661,-0.39840558241459934,0.42124806503240597,0,False,,neutral
BARX1_Hsapiens-HOCOMOCOv10-BARX1_HUMAN.H10MO.D,BARX1,5,1.0,0.8558233100303512,0.560909202775236,-0.28671926451366797,0.8476284672889041,0,False,-0.7,tumor-gain
BARX1_Hsapiens-SwissRegulon-BARX1.SwissRegulon,BARX1,2,0.4568685918658505,0.4568685918658505,0.0,0.0,0.0,0,True,,neutral
BARX1_Hsapiens-jaspar2016-BARX1-MA0875.1,BARX1,6,0.029447585230296214,0.017469485863083917,0.5748982327567707,0.1405768975181353,0.43432133523863536,0,False,-0.7142857142857143,neutral
BARX1_Hsapiens-jaspar2018-BARX1-MA0875.1,BARX1,3,0.014634246054485857,0.014634246054485857,0.0,0.0,0.0,0,True,,neutral
BARX1_Hsapiens-jolma2013-BARX1-2,BARX1,8,0.012173064386526532,0.008429116598239512,0.3757201084897918,-0.20917887914402133,0.5848989876338131,0,False,-0.09523809523809526,other
BARX2_1	Barx2_bulyk_cell08-3447.2,BARX2,5,0.933714166289317,0.933714166289317,0.0,0.0,0.0,0,True,0.09999999999999999,neutral
BARX2_Hsapiens-HOCOMOCOv10-BARX2_HUMAN.H10MO.D,BARX2,9,1.0,0.7148560022811516,-0.002077466807992091,-0.46423961423932464,0.46216214743133255,0,False,-0.4068381021724862,neutral
BARX2_Hsapiens-SwissRegulon-BARX2.SwissRegulon,BARX2,6,0.6209641670421896,0.2954754193402549,0.3899927683252896,-0.39683406431328466,0.7868268326385743,0,False,-0.3714285714285715,other
BATF3_Hsapiens-HOCOMOCOv10-BATF3_HUMAN.H10MO.D,BATF,10,1.0,0.5973754640455955,2.0375410020985503,1.246049988435565,0.7914910136629854,0,False,-0.601826488243264,tumor-gain
BATF3_Hsapiens-SwissRegulon-BATF3.SwissRegulon,BATF,10,0.0037845259734537898,0.002856786907081176,0.3632274116965301,0.18056553272159465,0.18266187897493547,0,False,0.12727272727272726,neutral
BATF3_Hsapiens-cisbp_1.02-M5302_1.02,BATF,8,0.03063402191744194,0.009165412558414937,0.5566114036020335,-0.26694163852992264,0.8235530421319561,0,False,-0.11904761904761905,tumor-gain
BATF3_Hsapiens-jaspar2016-BATF3-MA0835.1,BATF,8,0.01672842758744324,0.011722736001414108,-0.3258278446588819,-1.724560042769329,1.398732198110447,0,False,-0.19047619047619052,normal-suppression
BATF3_Hsapiens-jaspar2018-BATF3-MA0835.1,BATF,8,0.00840446583084461,0.005619745993634997,0.15193880597654286,-0.06436466813414778,0.21630347411069062,0,False,-0.04761904761904763,neutral
BATF3_Hsapiens-jolma2013-BATF3,BATF,9,0.005243271037129065,0.003468639912294573,0.16474132243308773,-0.5025585316810248,0.6672998541141125,0,False,-0.5,normal-suppression
BATF::JUN_Hsapiens-JASPAR_2014-BATF::JUN-MA0462.1,BATF,4,0.6050096379317612,0.6050096379317612,0.0,0.0,0.0,0,True,0.39999999999999997,neutral
BATF::JUN_Hsapiens-jaspar2016-BATF::JUN-MA0462.1,BATF,5,0.38545019462937435,0.34805889277096763,-0.040790634505787564,-0.7082700634852125,0.6674794289794249,0,False,0.3,normal-suppression
BATF::JUN_Hsapiens-jaspar2018-BATF::JUN-MA0462.1,BATF,5,0.2842104660108959,0.21057898469429281,1.2907682845412682,0.9450919454360347,0.34567633910523354,0,False,-0.19999999999999998,neutral
BATF_Hsapiens-HOCOMOCOv10-BATF_HUMAN.H10MO.A,BATF,10,0.24782909081195467,0.17302358759297495,0.40730541656432345,-1.847994180505597,2.2552995970699206,0,False,0.09090909090909088,normal-suppression
BATF_Hsapiens-HOCOMOCOv10-BATF_HUMAN.H10MO.S,BATF,10,0.41031559577213783,0.12831656373679118,-0.730603954174599,-2.63251234055918,1.9019083863845812,0,False,0.0303030303030303,divergent
BATF_Hsapiens-SwissRegulon-BATF.SwissRegulon,BATF,7,0.10386118473114565,0.06739388305872124,-1.0424038998463638,-1.262849722506505,0.22044582266014112,0,False,-0.42857142857142866,neutral
BATF_Hsapiens-cisbp_1.02-M4452_1.02,BATF,4,0.7445044361964277,0.28805620608899296,-2.096432375025483,-2.539371327086059,0.442938952060576,0,False,-1.0,neutral
BATF_Hsapiens-cisbp_1.02-M6158_1.02,BATF,8,0.7388945466195542,0.7388945466195542,0.0,0.0,0.0,0,True,0.9047619047619048,neutral
BATF_disc1 BATF_GM12878_encode-Myers_seq_hsa_r1:AlignACE#1#Intergenic,BATF,5,1.0,0.5552467917020931,-0.7400108518633172,-0.9556513487208984,0.21564049685758124,0,False,0.09999999999999999,neutral
BATF_disc2 BATF_GM12878_encode-Myers_seq_hsa_r1:Trawler#3#Intergenic,BATF,4,0.33503354541376074,0.33503354541376074,0.0,0.0,0.0,0,True,0.19999999999999998,neutral
BATF_disc3 BATF_GM12878_encode-Myers_seq_hsa_r1:Trawler#2#Intergenic,BATF,5,1.0,0.06480124435622217,-0.3194986094740746,-0.45319948937188576,0.13370087989781115,0,False,0.0,neutral
BATF_known1	BATF3_1	BATF3_jolma_DBD_M355,BATF,9,0.4127135245385805,0.02690296790811993,0.0343238341889988,-0.8461172352751829,0.8804410694641817,0,False,-0.21666666666666667,normal-suppression
BAX_Hsapiens-hPDI-BAX,BAX,8,1.0,0.3344425956738769,2.7400671607235,0.5631459375767904,2.1769212231467097,0,False,-0.3592878785739777,tumor-gain
BBX_1	Bbx_bulyk_sc09-primary,BBX,2,0.7401105559811129,0.5955057759576106,0.4496340335079601,0.4179598653464935,0.03167416816146662,0,False,,neutral
BBX_Hsapiens-SwissRegulon-BBX.SwissRegulon,BBX,4,1.0,0.44956584125269833,0.2025331423466161,-0.8565842385467222,1.0591173808933383,0,False,-0.19999999999999998,normal-suppression
BC11A_Hsapiens-HOCOMOCOv10-BC11A_HUMAN.H10MO.C,BCL11A,2,0.17617117512548128,0.17617117512548128,0.0,0.0,0.0,0,True,,neutral
BCL11A_Hsapiens-SwissRegulon-BCL11A.SwissRegulon,BCL11A,9,0.504687314245301,0.18513095264830723,-0.48649966037407216,-1.4837683706633773,0.9972687102893052,0,False,-0.06666666666666667,normal-suppression
BCL3_Hsapiens-SwissRegulon-BCL3.SwissRegulon,BCL3,9,0.033231433800474754,0.0022715061997579675,-0.07271675323621622,-1.8124818193839385,1.7397650661477222,0,False,0.3,normal-suppression
BCL6B_1	Bcl6b_bulyk_sc09-primary,BCL6,7,0.9414387448566918,0.507422726274519,0.8806285691091857,-0.21080176164153872,1.0914303307507245,0,False,-0.39285714285714296,tumor-gain
BCL6B_2	BCL6B_jolma_DBD_M1,BCL6,7,1.0,1.0,0.0,0.0,0.0,0,True,0.5714285714285715,neutral
BCL6B_Hsapiens-HOCOMOCOv10-BCL6B_HUMAN.H10MO.D,BCL6,8,1.0,0.6322177271055538,0.7028321294991867,-0.04991390410756746,0.7527460336067542,0,False,-0.14285714285714288,tumor-gain
BCL6B_Hsapiens-SwissRegulon-BCL6B.SwissRegulon,BCL6,6,0.9471907573624131,0.37609929165918193,0.8523764912408585,-0.7948271561073823,1.6472036473482408,0,False,-0.6,tumor-gain
BCL6B_Hsapiens-jaspar2016-BCL6B-MA0731.1,BCL6,5,0.0613186003584083,0.04001396343325911,-0.5922021254557626,-0.6530104432841857,0.06080831782842311,0,False,-0.09999999999999999,neutral
BCL6B_Hsapiens-jaspar2018-BCL6B-MA0731.1,BCL6,6,0.030715181797623517,0.01184116355812091,0.6937996259156444,-0.10212074925409156,0.7959203751697359,0,False,-0.48571428571428577,tumor-gain
BCL6B_Hsapiens-jolma2013-BCL6B,BCL6,8,0.014835116185297209,0.006153127584933601,0.018324481026191042,-2.7299528277785314,2.7482773088047225,0,False,-0.4523809523809524,normal-suppression
BCL6_Hsapiens-HOCOMOCOv10-BCL6_HUMAN.H10MO.C,BCL6,8,0.27426429521375123,0.27426429521375123,0.0,0.0,0.0,0,True,0.023809523809523815,neutral
BCL6_Hsapiens-SwissRegulon-BCL6.SwissRegulon,BCL6,6,0.8918810252043928,0.683858104976679,0.5763059758720733,-0.2906974551889009,0.8670034310609742,0,False,0.3714285714285715,tumor-gain
BCL_disc1 BCLAF1_K562_encode-Myers_seq_hsa_M33-P5B11_r1:MDscan#2#Intergenic,BCL,10,1.0,0.25394674105248927,0.03844477167721856,-0.04408830721669446,0.08253307889391302,0,False,0.6242424242424242,neutral
BCL_disc2 BCL11A_GM12878_encode-Myers_seq_hsa_r1:MDscan#3#Intergenic,BCL11A,9,0.23915289757683442,0.13805412193693978,-0.11294757264284365,-0.4115260493348257,0.29857847669198206,0,False,-0.03333333333333333,neutral
BCL_disc3 BCL3_H1-hESC_encode-Myers_seq_hsa_r1:MDscan#1#Intergenic,BCL,9,1.0,0.19195725174076547,1.4872052978819763,-1.8228298559679375,3.3100351538499138,0,False,-0.39999999999999997,tumor-gain
BCL_disc4 BCL11A_GM12878_encode-Myers_seq_hsa_r1:MEME#1#Intergenic,BCL11A,7,1.0,0.4387001477104873,1.5238204747574966,0.24119427948387342,1.282626195273623,0,False,0.03571428571428572,tumor-gain
BCL_disc5 BCL3_K562_encode-Myers_seq_hsa_r1:Weeder#2#Intergenic,BCL,8,1.0,0.11041981843249385,0.47143553185612025,-0.4332501312655617,0.904685663121682,0,False,-0.14285714285714288,other
BCL_disc6 BCL3_GM12878_encode-Myers_seq_hsa_r1:MEME#1#Intergenic,BCL,10,1.0,0.36159600997506225,0.2994156163633253,-0.3583020360248399,0.6577176523881652,0,False,-0.6121212121212121,other
BCL_disc7 BCL3_H1-hESC_encode-Myers_seq_hsa_r1:Trawler#1#Intergenic,BCL,10,1.0,0.06927802819340698,0.7539046059593473,-0.3737396439229218,1.1276442498822692,0,False,0.5272727272727272,tumor-gain
BCL_disc8 BCLAF1_K562_encode-Myers_seq_hsa_M33-P5B11_r1:AlignACE#3#Intergenic,BCL,3,0.44869951589559165,0.122425590698075,0.537491401819414,-0.19351257953730497,0.731003981356719,0,False,,tumor-gain
BDP1_disc2 GTF3C2_K562_encode-Snyder_seq_hsa_r1:Weeder#3#Intergenic,BDP1,10,1.0,0.24878653085471703,0.46659161474301303,0.07808268626137327,0.38850892848163976,0,False,0.2121212121212121,neutral
BDP1_disc3 POLR3A_HeLa-S3_encode-Snyder_seq_hsa_r1:AlignACE#1#Intergenic,BDP1,8,0.767853645712955,0.39312694792973013,0.8218882785590429,0.25579257991578286,0.56609569864326,0,False,-0.023809523809523815,tumor-gain
BHA15_Hsapiens-HOCOMOCOv10-BHA15_HUMAN.H10MO.D,BHLHA15,8,0.9750588196170696,0.6683748032055739,0.09806296696834974,-0.26456104187991636,0.36262400884826607,0,False,0.2380952380952381,neutral
BHE22_Hsapiens-HOCOMOCOv10-BHE22_HUMAN.H10MO.D,BHLHE22,7,1.0,0.8089125961554166,0.3849216710034164,-0.6173442277685299,1.0022658987719464,0,False,-0.28571428571428575,normal-suppression
BHE23_Hsapiens-HOCOMOCOv10-BHE23_HUMAN.H10MO.D,BHLHE23,8,1.0,0.261847586750597,1.4113347861363923,1.1041755287306663,0.307159257405726,0,False,0.2142857142857143,neutral
BHE40_Hsapiens-HOCOMOCOv10-BHE40_HUMAN.H10MO.A,BHLHE40,10,1.0,1.0,0.0,0.0,0.0,0,True,0.4666666666666666,neutral
BHE41_Hsapiens-HOCOMOCOv10-BHE41_HUMAN.H10MO.D,BHLHE41,10,0.6677740863787376,0.6677740863787376,0.0,0.0,0.0,0,True,0.4666666666666666,neutral
BHLHA15_1	BHLHA15_jolma_DBD_M309,BHLHA15,6,0.4182698279196698,0.10040700817659463,0.06370891942442491,-0.35820386736860077,0.4219127867930257,0,False,0.14285714285714288,neutral
BHLHA15_Hsapiens-SwissRegulon-BHLHA15.SwissRegulon,BHLHA15,6,0.0031258988510093136,0.0026109899354508164,0.4446881616801319,0.055684723734286706,0.38900343794584524,0,False,0.6,neutral
BHLHA15_Hsapiens-cisbp_1.02-M5304_1.02,BHLHA15,7,0.0659647052071799,0.018915502560862104,0.4613362765772395,0.059767784337476655,0.4015684922397629,0,False,-0.5714285714285715,neutral
BHLHA15_Hsapiens-jolma2013-BHLHA15,BHLHA15,6,0.014096068346155436,0.0043829545347427445,-0.5097121827511886,-1.0862486152832327,0.5765364325320441,0,False,-0.2,divergent
BHLHB2_Hsapiens-jolma2013-BHLHB2,BHLHE40,10,0.010126630969604426,0.010126630969604426,0.0,0.0,0.0,0,True,0.32121212121212117,neutral
BHLHB3_Hsapiens-jolma2013-BHLHB3,BHLHE41,9,0.006771827887212868,0.0015923804812643457,1.8268470652599604,0.3558842846629882,1.4709627805969723,0,False,0.19999999999999998,tumor-gain
BHLHE22_1	BHLHE22_jolma_DBD_M312,BHLHE22,7,0.9484815635065834,0.5971345655707488,0.08043251445254097,-1.1200222637357462,1.2004547781882873,0,False,-0.7500000000000002,normal-suppression
BHLHE22_Hsapiens-SwissRegulon-BHLHE22.SwissRegulon,BHLHE22,7,0.2565179534783062,0.19062135201226604,0.43737538862988995,-0.7129918798463739,1.1503672684762638,0,False,-0.42857142857142866,normal-suppression
BHLHE22_Hsapiens-cisbp_1.02-M5307_1.02,BHLHE22,5,0.8779044045862474,0.6014907473848596,0.21104444909541523,-0.9137198597338198,1.124764308829235,0,False,0.49999999999999994,normal-suppression
BHLHE22_Hsapiens-jaspar2016-BHLHE22-MA0818.1,BHLHE22,9,0.024545671853527656,0.024545671853527656,0.0,0.0,0.0,0,True,0.8166666666666667,neutral
BHLHE22_Hsapiens-jaspar2018-BHLHE22-MA0818.1,BHLHE22,10,0.019643730336173334,0.013422225346126568,0.41570195212358685,0.3050078062773201,0.11069414584626674,0,False,-0.38181818181818183,neutral
BHLHE22_Hsapiens-jolma2013-BHLHE22,BHLHE22,6,0.29885144033877503,0.20407086453477055,0.9735714439810492,0.15222887903247498,0.8213425649485743,0,False,-0.08571428571428573,tumor-gain
BHLHE23_1	BHLHE23_jolma_DBD_M313,BHLHE23,8,0.4336029273231201,0.4336029273231201,0.0,0.0,0.0,0,True,-0.1666666666666667,neutral
BHLHE23_Hsapiens-SwissRegulon-BHLHE23.SwissRegulon,BHLHE23,9,0.010402487414113884,0.0032977493273123543,0.9301566395958579,0.7304558307981395,0.19970080879771845,0,False,-0.75,neutral
BHLHE23_Hsapiens-cisbp_1.02-M5308_1.02,BHLHE23,10,0.045303490022094314,0.01566706421018697,0.1828564973806762,-0.14872816529386712,0.33158466267454334,0,False,-0.29696969696969694,neutral
BHLHE23_Hsapiens-jaspar2016-BHLHE23-MA0817.1,BHLHE23,3,0.38612952759769364,0.35917055582890145,0.18573296194284208,-0.18272811290481952,0.3684610748476616,0,False,,neutral
BHLHE23_Hsapiens-jaspar2018-BHLHE23-MA0817.1,BHLHE23,7,0.2954739005926125,0.2769042930905564,-0.09224501537576135,-1.3832892024070922,1.2910441870313307,0,False,-0.5714285714285715,normal-suppression
BHLHE23_Hsapiens-jolma2013-BHLHE23,BHLHE23,9,0.021380859036740717,0.006785572108925549,0.4600283152112458,-0.252121623886698,0.7121499390979438,0,False,-0.16666666666666669,other
BHLHE40_Hsapiens-SwissRegulon-BHLHE40.SwissRegulon,BHLHE40,10,0.026561970369424665,0.0012769257107098982,2.2935634745249174,0.5519095886980185,1.7416538858268988,0,False,-0.29696969696969694,tumor-gain
BHLHE40_Hsapiens-cisbp_1.02-M4553_1.02,BHLHE40,9,1.0,0.5923049855693723,0.6835451244680383,0.047360031553177154,0.6361850929148611,0,False,0.39999999999999997,tumor-gain
BHLHE40_Hsapiens-cisbp_1.02-M5305_1.02,BHLHE40,9,0.17314629087021183,0.05605883323120544,0.670560099705081,-0.6038159858661465,1.2743760855712276,0,False,-0.13333333333333333,tumor-gain
BHLHE40_Hsapiens-cisbp_1.02-M6160_1.02,BHLHE40,9,1.0,1.0,0.0,0.0,0.0,0,True,-0.03333333333333333,neutral
BHLHE40_Hsapiens-jaspar2016-BHLHE40-MA0464.2,BHLHE40,6,0.020659642306256634,0.018303382183857537,-0.633604391798887,-1.0431996550761367,0.4095952632772497,0,False,0.3142857142857143,neutral
BHLHE40_Hsapiens-jaspar2018-BHLHE40-MA0464.2,BHLHE40,7,0.01088779300200281,0.0075487812486231785,-0.8243287075812562,-1.8948682883360808,1.0705395807548246,0,False,-0.1785714285714286,divergent
BHLHE40_disc1 BHLHE40_HepG2_encode-Myers_seq_hsa_v041610.1_r1:MDscan#2#Intergenic,BHLHE40,10,1.0,0.37766382792450093,0.9800333733843962,-1.1393224251665404,2.1193557985509366,0,False,-0.7333333333333332,tumor-gain
BHLHE40_disc2 BHLHE40_HepG2_encode-Myers_seq_hsa_v041610.1_r1:AlignACE#2#Intergenic,BHLHE40,2,0.1456735071206013,0.05938989042947327,1.0220225317687217,0.5595827325415662,0.4624397992271555,0,False,,neutral
BHLHE40_known1	BHLHE40_1	Stra13_transfac_M00985,BHLHE40,10,1.0,0.6864821230270259,-0.15753459040233705,-0.41306383262212587,0.2555292422197888,0,False,0.12805116099701186,neutral
BHLHE40_known2	BHLHE40_2	Bhlhb2_bulyk_sc09-primary,BHLHE40,10,0.033041618446285996,0.004576122909353308,-0.44743089455065105,-2.289964536122936,1.842533641572285,0,False,-0.5757575757575757,normal-suppression
BHLHE40_known3	BHLHE40_3	BHLHB2_jolma_DBD_M310,BHLHE40,9,0.718452671352619,0.718452671352619,0.0,0.0,0.0,0,True,0.11666666666666665,neutral
BHLHE40_known4	BHLHE40_4	Bhlhb2_jolma_DBD_M315,BHLHE40,10,0.24081833260641072,0.15827079198048435,-0.39569902007214935,-0.9128284465676464,0.5171294264954971,0,False,0.12727272727272726,normal-suppression
BHLHE41_1	BHLHB3_jolma_full_M311,BHLHE41,9,0.39249975887345684,0.3147383505359596,0.48514324196529107,-0.8383203379569784,1.3234635799222694,0,False,0.31666666666666665,normal-suppression
BHLHE41_2	BHLHE41_jolma_full_M314,BHLHE41,10,0.03941234682893497,0.006751028551634401,0.3279803731694825,-0.6041962351234029,0.9321766082928854,0,False,0.4787878787878787,normal-suppression
BHLHE41_Hsapiens-SwissRegulon-BHLHE41.SwissRegulon,BHLHE41,10,0.0007327016663045735,0.00011369191723387588,0.09961366328548457,-1.0046430634656167,1.1042567267511012,0,False,-0.34545454545454546,normal-suppression
BHLHE41_Hsapiens-cisbp_1.02-M5306_1.02,BHLHE41,8,0.02945950140732626,0.010289894664948802,1.934509079347201,-0.07383211894264759,2.0083411982898487,0,False,0.2142857142857143,tumor-gain
BHLHE41_Hsapiens-cisbp_1.02-M5309_1.02,BHLHE41,10,0.0022950480285201997,0.0008105382357667133,-0.685231632324798,-2.3891966065375714,1.7039649742127734,0,False,-0.3939393939393939,divergent
BHLHE41_Hsapiens-cisbp_1.02-M6161_1.02,BHLHE41,10,0.7911125881722131,0.48573714271098994,-0.6854463733960457,-1.4195068106187185,0.7340604372226728,0,False,0.33333333333333326,divergent
BHLHE41_Hsapiens-jaspar2016-BHLHE41-MA0636.1,BHLHE41,10,0.0016412550024140894,0.001453741207419102,-1.1634465399328922,-3.993191024486219,2.829744484553327,0,False,-0.04242424242424241,divergent
BHLHE41_Hsapiens-jaspar2018-BHLHE41-MA0636.1,BHLHE41,9,0.0006638768562992147,0.0006638768562992147,0.0,0.0,0.0,0,True,0.26666666666666666,neutral
BHLHE41_Hsapiens-jolma2013-BHLHE41,BHLHE41,8,0.0006898024603187136,7.964475937617633e-05,0.8969712296785974,-1.6213318811544017,2.518303110832999,0,False,-0.4761904761904762,tumor-gain
BMAL1_Hsapiens-HOCOMOCOv10-BMAL1_HUMAN.H10MO.C,BMAL1,10,1.0,0.36450295052201603,0.3695297941750985,-2.0896133135386106,2.459143107713709,0,False,0.19999999999999998,normal-suppression
BOLL_Hsapiens-hPDI-BOLL,BOLL,9,1.0,1.0,0.0,0.0,0.0,0,True,0.3915780041490244,neutral
BPTF_1	FAC1_transfac_M00456,BPTF,5,0.541004952354444,0.16504591625319195,0.436934665682055,-0.6974394807800736,1.1343741464621286,0,False,-0.49999999999999994,normal-suppression
BPTF_Hsapiens-HOCOMOCOv10-BPTF_HUMAN.H10MO.D,BPTF,9,1.0,1.0,0.0,0.0,0.0,0,True,-0.04184137043778616,neutral
BRAC_Hsapiens-HOCOMOCOv10-BRAC_HUMAN.H10MO.D,BRAC,3,0.6161523107630898,0.2438707740972869,0.5811205691028768,0.10248829015503023,0.47863227894784655,0,False,,neutral
BRCA1_Hsapiens-HOCOMOCOv10-BRCA1_HUMAN.H10MO.D,BRCA1,9,1.0,0.6371662685574329,-0.46036369521512166,-1.3616618006813308,0.9012981054662091,0,False,0.19999999999999998,normal-suppression
BRCA1_Hsapiens-JASPAR_2014-BRCA1-MA0133.1,BRCA1,7,0.15979625059076824,0.152743851058429,-0.17476011389847368,-0.5663108865342099,0.39155077263573623,0,False,0.28571428571428575,neutral
BRCA1_Hsapiens-JASPAR_CORE-BRCA1-MA0133.1,BRCA1,7,0.3452611886116216,0.25239809682110953,0.8090467480374011,-0.21229304255943984,1.0213397905968409,0,False,-0.14285714285714288,tumor-gain
BRCA1_Hsapiens-SwissRegulon-BRCA1.SwissRegulon,BRCA1,10,0.4420044147208694,0.4248013605097874,0.4498077973584581,-0.5147341272692527,0.9645419246277108,0,False,0.07878787878787878,normal-suppression
BRCA1_disc1 BRCA1_GM12878_encode-Snyder_seq_hsa_IgG-mus-C-1863_r1:MEME#1#Intergenic,BRCA1,10,1.0,0.047608477181044426,-1.0858770589611442,-1.9467953832472467,0.8609183242861025,0,False,-0.18787878787878787,divergent
BRCA1_known1	BRCA1_1	BRCA1:USF2_transfac_M01082,USF2,7,0.9335233265778062,0.7144256616202883,0.8889406775258517,-1.273618504427489,2.1625591819533407,0,False,-0.21428571428571433,tumor-gain
BRCA1_known2	BRCA1_2	BRCA1_jaspar_MA0133.1,BRCA1,9,1.0,0.7374362100889672,-0.022887734799419784,-0.9348312835117599,0.9119435487123402,0,False,0.7,normal-suppression
BSH_Hsapiens-HOCOMOCOv10-BSH_HUMAN.H10MO.D,BSH,7,1.0,0.30140214165026025,-0.3450057108376039,-0.5774098393316173,0.23240412849401337,0,False,-0.3214285714285715,neutral
BSX_1	Bsx_bulyk_cell08-3483.2,BSX,6,0.4455296757893801,0.14797060727292122,0.6059664587152567,-0.3228690018109255,0.9288354605261822,0,False,-0.6,tumor-gain
BSX_2	BSX_jolma_DBD_M466,BSX,8,0.8556949070660327,0.5271536524807889,0.10191912473288942,-0.8596633879199631,0.9615825126528526,0,False,0.0,normal-suppression
BSX_Hsapiens-SwissRegulon-BSX.SwissRegulon,BSX,8,0.022490613248425332,0.019322070293459365,0.3236209576799939,-0.4529675574497971,0.776588515129791,0,False,-0.3333333333333334,other
BSX_Hsapiens-jaspar2016-BSX-MA0876.1,BSX,7,0.06487465102234026,0.044259469980058926,0.5122135069826155,-0.08292812308260093,0.5951416300652164,0,False,-0.21428571428571433,tumor-gain
BSX_Hsapiens-jaspar2018-BSX-MA0876.1,BSX,7,0.0377634526287699,0.019336089640787785,-0.10811462313442925,-0.2053013056723481,0.09718668253791886,0,False,-0.25,neutral
BSX_Hsapiens-jolma2013-BSX,BSX,8,0.0378725968398318,0.019515308368354495,0.4027162500100253,-0.2103325409305881,0.6130487909406134,0,False,0.5476190476190477,other
C19orf25_Hsapiens-hPDI-C19orf25,C19orf25,10,1.0,1.0,0.0,0.0,0.0,0,True,0.3282504680479317,neutral
C19orf40_Hsapiens-hPDI-C19orf40,C19orf40,2,0.4293865905848788,0.4293865905848788,0.0,0.0,0.0,0,True,,neutral
C9orf156_Hsapiens-hPDI-C9orf156,C9orf156,6,0.500998003992016,0.500998003992016,0.0,0.0,0.0,0,True,0.5863527298559493,neutral
CACBP_1	CAC-binding-protein_transfac_M00720,CACBP,4,0.7504354251793672,0.40083826609216455,0.5908377604853807,-0.31153996089374003,0.9023777213791208,0,False,-0.316227766016838,tumor-gain
CACD_1	CACCC-binding-factor_transfac_M00721,CACD,10,1.0,0.5008725973002767,0.26260041282539304,-0.2554057185988547,0.5180061314242477,0,False,-0.2496751135729437,other
CACD_2	CACD_transfac_M01113,CACD,5,1.0,0.1343143680952009,-0.19100928496702588,-0.6028368284237664,0.41182754345674055,0,False,0.0,neutral
CANX_Hsapiens-hPDI-CANX,CANX,2,1.0,0.6672212978369385,2.003305835700957,1.2731879536680206,0.7301178820329364,0,False,,tumor-gain
CAT_Hsapiens-hPDI-CAT,CAT,2,0.6672212978369385,0.250936329588015,1.9560661937611499,1.2410605301846969,0.715005663576453,0,False,,tumor-gain
CBFA2T2_Hsapiens-hPDI-CBFA2T2,CBFA2T2,4,1.0,1.0,0.0,0.0,0.0,0,True,,neutral
CBFB_Hsapiens-SwissRegulon-CBFB.SwissRegulon,CBFB,10,0.9192141324826066,0.8716955624713055,0.04855218926705514,-0.1281804337589843,0.17673262302603943,0,False,0.07878787878787878,neutral
CBFB_Hsapiens-hPDI-CBFB,CBFB,3,1.0,0.3009088185359037,0.8218581553095345,-0.6246147764486202,1.4464729317581546,0,False,,tumor-gain
CBX3_Hsapiens-hPDI-LOC653972,CBX3,2,1.0,1.0,0.0,0.0,0.0,0,True,,neutral
CBX7_Hsapiens-hPDI-CBX7,CBX7,2,0.3344425956738769,0.3344425956738769,0.0,0.0,0.0,0,True,,neutral
CCDC25_Hsapiens-hPDI-CCDC25,CCDC25,2,0.5008734714250072,0.5008734714250072,0.0,0.0,0.0,0,True,,neutral
CCDC6_1	Tst-1_transfac_M00133,CCDC6,6,1.0,0.25112368890479836,3.966687429496852,3.5709635140469236,0.3957239154499286,0,False,0.23190841426097936,neutral
CCNT2_disc1 CCNT2_K562_encode-Snyder_seq_hsa_r1:MEME#3#Intergenic,CCNT2,10,0.48675484434915267,0.018920007528927293,0.2197969450878483,-0.29927008431716345,0.5190670294050117,0,False,0.6484848484848483,other
CD59_Hsapiens-hPDI-CD59,CD59,4,1.0,1.0,0.0,0.0,0.0,0,True,,neutral
CDC5L_Hsapiens-HOCOMOCOv10-CDC5L_HUMAN.H10MO.D,CDC5L,6,1.0,1.0,0.0,0.0,0.0,0,True,0.23539595453459985,neutral
CDX1_1	Cdx1_bulyk_cell08-2245.1,CDX1,4,0.8732180288018818,0.35890470738948865,-0.24136434785908734,-0.7753949153693777,0.5340305675102903,0,False,0.0,normal-suppression
CDX1_Hsapiens-HOCOMOCOv10-CDX1_HUMAN.H10MO.C,CDX1,4,1.0,1.0,0.0,0.0,0.0,0,True,0.19999999999999998,neutral
CDX1_Hsapiens-SwissRegulon-CDX1.SwissRegulon,CDX1,5,0.20714977171124588,0.17252792718245735,0.13632735458085915,-0.2637600272332447,0.40008738181410386,0,False,0.39999999999999997,neutral
CDX1_Hsapiens-jaspar2016-CDX1-MA0878.1,CDX1,2,0.21353716808631643,0.20652401699231507,0.019428281417548463,-0.5028745353897798,0.5223028168073283,0,False,,normal-suppression
CDX1_Hsapiens-jaspar2018-CDX1-MA0878.1,CDX1,3,0.11131516296902741,0.11131516296902741,0.0,0.0,0.0,0,True,,neutral
CDX1_Hsapiens-jolma2013-CDX1,CDX1,3,0.10503926706648142,0.09424332988943349,0.8022249903516796,0.6037794508360856,0.19844553951559396,0,False,,neutral
CDX2_1	Cdx-2_transfac_M00729,CDX2,5,1.0,0.6676636766337753,0.0340711813617917,-0.5958683388968328,0.6299395202586244,0,False,0.15389675281277312,normal-suppression
CDX2_2	Cdx2_bulyk_cell08-4272.1,CDX2,4,0.8005014891614547,0.7607087098589113,1.1388501375776219,-0.9072633099417083,2.04611344751933,0,False,-0.39999999999999997,tumor-gain
CDX2_Hsapiens-HOCOMOCOv10-CDX2_HUMAN.H10MO.C,CDX2,2,0.4790762285118951,0.4790762285118951,0.0,0.0,0.0,0,True,,neutral
CDX2_Hsapiens-jaspar2018-CDX2-MA0465.1,CDX2,2,0.33335024674306174,0.33335024674306174,0.0,0.0,0.0,0,True,,neutral
CDX_1	Cdx_transfac_M00991,CDX,5,0.20087705112138582,0.05764067650223532,0.2559051823682795,-0.5902920065490965,0.846197188917376,0,False,-0.8999999999999998,normal-suppression
CEBPA_1	C/EBPalpha_transfac_M00116,CEBPA,5,0.345070166541781,0.345070166541781,0.0,0.0,0.0,0,True,0.0,neutral
CEBPA_2	CEBPA_jaspar_MA0102.2,CEBPA,8,1.0,0.3343313358305862,0.9206430779559714,-1.009990481105397,1.9306335590613686,0,False,-0.19047619047619052,tumor-gain
CEBPA_Hsapiens-HOCOMOCOv10-CEBPA_HUMAN.H10MO.A,CEBPA,5,1.0,1.0,0.0,0.0,0.0,0,True,0.19999999999999998,neutral
CEBPA_Hsapiens-JASPAR_2014-CEBPA-MA0102.3,CEBPA,5,1.0,0.6317437885332954,-0.4187746394881958,-0.5052719516203525,0.08649731213215672,0,False,0.7,neutral
CEBPA_Hsapiens-SwissRegulon-CEBPA.SwissRegulon,CEBPA,5,0.3113239819500213,0.2633563361065086,2.2629048246600973,1.5210172343420048,0.7418875903180926,0,False,0.6,tumor-gain
CEBPA_Hsapiens-cisbp_1.02-M1925_1.02,CEBPA,7,1.0,0.45949363621398315,0.04876177646505714,-0.2233060696384758,0.27206784610353296,0,False,-0.03571428571428572,neutral
CEBPA_Hsapiens-cisbp_1.02-M3031_1.02,CEBPA,4,0.3441657064228,0.3182957609055612,0.6035241506586133,-0.10889542999448888,0.7124195806531022,0,False,0.7999999999999999,tumor-gain
CEBPA_Hsapiens-cisbp_1.02-M3032_1.02,CEBPA,5,0.48600399910993314,0.15317813537942887,0.11016908146451666,-0.1853610685606164,0.29553015002513305,0,False,0.49999999999999994,neutral
CEBPA_Hsapiens-cisbp_1.02-M3040_1.02,CEBPA,8,0.5860232351670832,0.053109488832749144,-0.5941591883876,-0.6822214080121123,0.08806221962451233,0,False,0.023809523809523815,neutral
CEBPA_Hsapiens-cisbp_1.02-M3047_1.02,CEBPA,7,0.2558074776056746,0.2558074776056746,0.0,0.0,0.0,0,True,0.25,neutral
CEBPA_Hsapiens-cisbp_1.02-M6169_1.02,CEBPA,7,0.41779828359120025,0.3853355942935358,1.5776097821809998,0.09190620859175232,1.4857035735892474,0,False,-0.14285714285714288,tumor-gain
CEBPA_Hsapiens-jaspar2016-CEBPA-MA0102.3,CEBPA,7,0.4134556643984987,0.40722743667013916,1.133199497788155,-0.15016995686647386,1.2833694546546288,0,False,-0.21428571428571433,tumor-gain
CEBPA_Hsapiens-jaspar2018-CEBPA-MA0102.3,CEBPA,5,0.25612070770557066,0.1846273521522425,-0.4882761316890316,-0.6792655771870398,0.19098944549800823,0,False,-0.19999999999999998,neutral
CEBPB_Hsapiens-HOCOMOCOv10-CEBPB_HUMAN.H10MO.A,CEBPB,5,1.0,0.8306583132965972,1.036027486105306,0.3059523863572618,0.7300750997480443,0,False,0.09999999999999999,tumor-gain
CEBPB_Hsapiens-JASPAR_2014-CEBPB-MA0466.1,CEBPB,5,0.30194884401630145,0.22614475882645774,0.02423930743049853,-1.3532472766430075,1.377486584073506,0,False,0.3,normal-suppression
CEBPB_Hsapiens-SwissRegulon-CEBPB.SwissRegulon,CEBPB,8,0.8632709461650528,0.5121492007955103,1.8700365921349045,1.1674602125793403,0.7025763795555642,0,False,-0.523809523809524,tumor-gain
CEBPB_Hsapiens-cisbp_1.02-M2268_1.02,CEBPB,7,0.7851179711187244,0.49029437604552856,0.080385972501963,-0.5952162418860625,0.6756022143880255,0,False,0.39285714285714296,normal-suppression
CEBPB_Hsapiens-cisbp_1.02-M3035_1.02,CEBPB,6,0.5010188378552529,0.5010188378552529,0.0,0.0,0.0,0,True,0.5428571428571429,neutral
CEBPB_Hsapiens-cisbp_1.02-M3036_1.02,CEBPB,7,0.833804221372779,0.7149779107880871,-0.29764931927538973,-1.9236368490945015,1.6259875298191118,0,False,0.198206241793023,normal-suppression
CEBPB_Hsapiens-cisbp_1.02-M4529_1.02,CEBPB,4,0.8614710212996101,0.8614710212996101,0.0,0.0,0.0,0,True,0.19999999999999998,neutral
CEBPB_Hsapiens-cisbp_1.02-M4556_1.02,CEBPB,10,0.9259229880350823,0.5752470678352144,-0.12875761936509625,-0.3340929921678973,0.20533537280280104,0,False,-0.13939393939393938,neutral
CEBPB_Hsapiens-cisbp_1.02-M4606_1.02,CEBPB,7,0.7601591776933865,0.48791980503427956,0.6698695809738525,0.03390301258548351,0.635966568388369,0,False,-0.28571428571428575,tumor-gain
CEBPB_Hsapiens-cisbp_1.02-M5314_1.02,CEBPB,10,0.060013247699065866,0.038921945904274696,2.762514588641494,1.5660528200116017,1.1964617686298924,0,False,0.33333333333333326,tumor-gain
CEBPB_Hsapiens-cisbp_1.02-M5315_1.02,CEBPB,6,0.02479895767283117,0.015020814893711027,-2.3460320607970333,-2.692206914087054,0.34617485329002085,0,False,0.48571428571428577,neutral
CEBPB_Hsapiens-cisbp_1.02-M6170_1.02,CEBPB,9,0.32335194785268534,0.21773211137157042,1.6229757966483853,-0.44968201136887925,2.0726578080172646,0,False,-0.26666666666666666,tumor-gain
CEBPB_Hsapiens-jaspar2016-CEBPB-MA0466.1,CEBPB,6,0.18428471459267817,0.1516597568397789,-0.3710650365553554,-0.739329638593646,0.3682646020382906,0,False,-0.028571428571428574,neutral
CEBPB_Hsapiens-jaspar2016-CEBPB-MA0466.2,CEBPB,6,0.017720943306094028,0.013817578045366766,0.19634353928038345,-0.8755153519040539,1.0718588911844373,0,False,-0.6571428571428573,normal-suppression
CEBPB_Hsapiens-jaspar2018-CEBPB-MA0466.1,CEBPB,7,0.16107936719551785,0.13851711180451562,0.8760632465611091,0.09763650872629587,0.7784267378348133,0,False,0.42857142857142866,tumor-gain
CEBPB_Hsapiens-jaspar2018-CEBPB-MA0466.2,CEBPB,8,0.015532799123504703,0.0073145947803668855,1.130977075913694,0.25545301293364153,0.8755240629800524,0,False,-0.5476190476190477,tumor-gain
CEBPB_Hsapiens-jolma2013-CEBPB,CEBPB,8,0.012725451160592713,0.011154139665098007,0.7281250768129967,0.4424996716314363,0.2856254051815604,0,False,0.07142857142857144,neutral
CEBPB_Hsapiens-jolma2013-CEBPB-2,CEBPB,8,0.012350496330622757,0.005525243606241897,0.8433636813001324,0.33577142956053296,0.5075922517395994,0,False,-0.04761904761904763,tumor-gain
CEBPB_disc1 CEBPB_HepG2_encode-Snyder_seq_hsa_IgG-rab_r1:MDscan#2#Intergenic,CEBPB,8,1.0,0.3556141627009693,0.1930280141960315,-0.4930825462276322,0.6861105604236637,0,False,0.4047619047619048,other
CEBPB_disc2 CEBPB_K562_encode-Snyder_seq_hsa_IgG-rab_r1:Trawler#1#Intergenic,CEBPB,10,1.0,1.0,0.0,0.0,0.0,0,True,0.5272727272727272,neutral
CEBPB_known1	CEBPB_1	C/EBPbeta_transfac_M00109,CEBPB,9,0.857570147128761,0.6539027178124084,0.5965689096780011,-0.5132517672276509,1.109820676905652,0,False,0.3,tumor-gain
CEBPB_known10	CEBPB_5	Cebpb_jolma_DBD_M367,CEBPB,8,0.04276239120347399,0.02708758749754534,-0.31056500140977206,-1.252109143809246,0.9415441423994739,0,False,-0.4285714285714286,normal-suppression
CEBPB_known2	CEBPB_2	C/EBPbeta_transfac_M00117,CEBPB,6,1.0,1.0,0.0,0.0,0.0,0,True,0.3142857142857143,neutral
CEBPB_known3	CEBP_1	C/EBP_transfac_M00159,CEBPB,7,0.37884345654255064,0.3575045929179231,0.8007985870257889,-0.2644250776632526,1.0652236646890414,0,False,0.3571428571428572,tumor-gain
CEBPB_known4	CEBP_2	C/EBP_transfac_M00190,CEBPB,7,0.28463301623389264,0.185099714357365,1.003841354241938,-0.7964255913424085,1.8002669455843465,0,False,0.03571428571428572,tumor-gain
CEBPB_known5	CEBP_3	C/EBP_transfac_M00201,CEBPB,5,0.7411522175469939,0.7411522175469939,0.0,0.0,0.0,0,True,0.6,neutral
CEBPB_known6	CEBP_4	C/EBP_transfac_M00770,CEBPB,4,0.4681923295706285,0.39707159548878834,0.7421121418013712,0.6668280020773371,0.07528413972403414,0,False,0.39999999999999997,neutral
CEBPB_known7	CEBP_5	C/EBP_transfac_M00912,CEBPB,4,0.5342546060345269,0.5175088827492045,-0.2975801011617707,-1.3360857040970238,1.038505602935253,0,False,-0.19999999999999998,normal-suppression
CEBPB_known8	CEBPB_3	CEBPB_jolma_DBD_M356,CEBPB,9,0.8118272358262443,0.4741557960066264,0.8967725676116751,-0.5384986706944828,1.4352712383061579,0,False,0.5,tumor-gain
CEBPB_known9	CEBPB_4	CEBPB_jolma_full_M357,CEBPB,9,0.1543989419151234,0.12483307842952017,0.49519121580385533,-0.49873612248640314,0.9939273382902585,0,False,0.26666666666666666,other
CEBPD_1	C/EBPdelta_transfac_M00621,CEBPD,8,1.0,1.0,0.0,0.0,0.0,0,True,0.8982196964349441,neutral
CEBPD_2	CEBPD_jolma_DBD_M358,CEBPD,9,0.10056093043031222,0.07090014566273314,-0.21075450132376092,-0.964233171410216,0.7534786700864551,0,False,-0.21666666666666667,normal-suppression
CEBPD_Hsapiens-HOCOMOCOv10-CEBPD_HUMAN.H10MO.B,CEBPD,5,0.6869583580738305,0.4869164042698579,0.9993911742779188,0.6332978949591228,0.366093279318796,0,False,0.49999999999999994,neutral
CEBPD_Hsapiens-SwissRegulon-CEBPD.SwissRegulon,CEBPD,8,0.008753463555808465,0.005274468794556201,1.8044835775995915,0.6124998120333199,1.1919837655662717,0,False,0.1666666666666667,tumor-gain
CEBPD_Hsapiens-cisbp_1.02-M5316_1.02,CEBPD,9,0.020776884721636083,0.010787375028925916,1.0443471768140236,0.7198152025497645,0.32453197426425906,0,False,-0.11666666666666665,neutral
CEBPD_Hsapiens-cisbp_1.02-M6171_1.02,CEBPD,7,0.9362631058988502,0.9362631058988502,0.0,0.0,0.0,0,True,0.3214285714285715,neutral
CEBPD_Hsapiens-jaspar2016-CEBPD-MA0836.1,CEBPD,7,0.014152173073735142,0.007999197010511556,1.6336374572502061,0.058795759627259095,1.5748416976229471,0,False,-0.3214285714285715,tumor-gain
CEBPD_Hsapiens-jaspar2018-CEBPD-MA0836.1,CEBPD,5,0.011147360285264507,0.011147360285264507,0.0,0.0,0.0,0,True,0.9999999999999999,neutral
CEBPD_Hsapiens-jolma2013-CEBPD,CEBPD,9,0.007882182620410079,0.0057877183028540976,2.4952603955963175,-0.2181082445186786,2.713368640114996,0,False,-0.21666666666666667,tumor-gain
CEBPE_1	CEBPE_jolma_DBD_M359,CEBPE,10,0.1173712153186574,0.07060222017953677,0.7121699226251454,-1.669263155369615,2.3814330779947603,0,False,-0.41818181818181815,tumor-gain
CEBPE_Hsapiens-HOCOMOCOv10-CEBPE_HUMAN.H10MO.A,CEBPE,7,1.0,0.8437562331289971,0.2545932335435608,0.053247973566783374,0.2013452599767774,0,False,0.5714285714285715,neutral
CEBPE_Hsapiens-SwissRegulon-CEBPE.SwissRegulon,CEBPE,10,0.014874623052397812,0.008481113146137725,1.7963903759298916,1.0616654617602947,0.7347249141695968,0,False,0.04242424242424241,tumor-gain
CEBPE_Hsapiens-cisbp_1.02-M5317_1.02,CEBPE,8,0.04499889797899145,0.044716724883650055,0.6867674692229736,0.23395775836639357,0.45280971085658006,0,False,0.28571428571428575,neutral
CEBPE_Hsapiens-cisbp_1.02-M6172_1.02,CEBPE,4,0.8414132277481303,0.45915006221942056,0.1251165981570244,-0.3793351109932542,0.5044517091502786,0,False,0.39999999999999997,other
CEBPE_Hsapiens-jaspar2016-CEBPE-MA0837.1,CEBPE,7,0.022846632500641915,0.019051641527182278,0.4956877761849198,-1.30684075070772,1.8025285268926399,0,False,-0.10714285714285716,normal-suppression
CEBPE_Hsapiens-jaspar2018-CEBPE-MA0837.1,CEBPE,8,0.022857831611105994,0.011667872026600466,-1.5820168579931204,-1.632085234906324,0.05006837691320354,0,False,-0.11904761904761905,neutral
CEBPE_Hsapiens-jolma2013-CEBPE,CEBPE,9,0.016802254375916863,0.010070739322481646,1.3155118344776717,0.699259258269131,0.6162525762085407,0,False,-0.25,tumor-gain
CEBPG_1	C/EBPgamma_transfac_M00622,CEBPG,2,1.0,0.6674426346285015,-0.38573575302308466,-1.0189745075333767,0.633238754510292,0,False,,normal-suppression
CEBPG_2	CEBPG_jolma_DBD_M360,CEBPG,10,0.019441119728047306,0.012776965354860045,0.616943660450037,-0.6565687026267376,1.2735123630767746,0,False,0.17575757575757575,tumor-gain
CEBPG_3	CEBPG_jolma_full_M361,CEBPG,10,0.01819299082926464,0.013060590712218583,1.3575803085281202,0.778625043950172,0.5789552645779482,0,False,0.2121212121212121,tumor-gain
CEBPG_Hsapiens-HOCOMOCOv10-CEBPG_HUMAN.H10MO.C,CEBPG,9,1.0,0.8753428072799787,-0.11640000508821767,-0.7867500305740922,0.6703500254858745,0,False,-0.09283444198266944,normal-suppression
CEBPG_Hsapiens-SwissRegulon-CEBPG.SwissRegulon,CEBPG,7,0.5030173943911959,0.5030173943911959,0.0,0.0,0.0,0,True,0.39285714285714296,neutral
CEBPG_Hsapiens-cisbp_1.02-M5318_1.02,CEBPG,9,0.011281333445261894,0.010755242489909911,-0.27616621941781966,-1.7657288691632067,1.489562649745387,0,False,-0.25,normal-suppression
CEBPG_Hsapiens-cisbp_1.02-M5319_1.02,CEBPG,9,0.01032587429782639,0.0033408777368651604,1.56600762126386,0.768740634406905,0.7972669868569551,0,False,-0.2333333333333333,tumor-gain
CEBPG_Hsapiens-cisbp_1.02-M6173_1.02,CEBPG,7,0.9716009939652124,0.9716009939652124,0.0,0.0,0.0,0,True,0.3571428571428572,neutral
CEBPG_Hsapiens-hPDI-CEBPG,CEBPG,10,1.0,0.6672212978369385,1.6549933326917585,0.6634455422249907,0.9915477904667678,0,False,-0.09203146787097731,tumor-gain
CEBPG_Hsapiens-jaspar2016-CEBPG-MA0838.1,CEBPG,9,0.007377405166684132,0.0030777881805162583,-0.5600794828760385,-1.0007770177124435,0.44069753483640506,0,False,0.11666666666666665,neutral
CEBPG_Hsapiens-jaspar2018-CEBPG-MA0838.1,CEBPG,9,0.005995923634485097,0.002376971555318027,1.2640177211551247,0.5904285850264223,0.6735891361287024,0,False,0.31666666666666665,tumor-gain
CEBPG_Hsapiens-jolma2013-CEBPG,CEBPG,9,0.0034864724466599803,0.0034864724466599803,0.0,0.0,0.0,0,True,0.3,neutral
CEBPG_Hsapiens-jolma2013-CEBPG-2,CEBPG,8,0.0026408725926271126,0.0005892337079761107,0.8114362013511127,-1.04419990089125,1.8556361022423626,0,False,-0.14285714285714288,tumor-gain
CEBPZ_Hsapiens-HOCOMOCOv10-CEBPZ_HUMAN.H10MO.D,CEBPZ,10,1.0,0.2972580242011517,0.11209522335627665,-1.028642664877777,1.1407378882340535,0,False,-0.45122790065613705,normal-suppression
CEBPZ_Hsapiens-SwissRegulon-CEBPZ.SwissRegulon,CEBPZ,10,0.22319703378766473,0.1879081660696618,-0.4332576467277993,-0.979789536614261,0.5465318898864617,0,False,-0.6,normal-suppression
CELF4_Hsapiens-hPDI-BRUNOL4,ELF4,3,1.0,1.0,0.0,0.0,0.0,0,True,,neutral
CELF6_Hsapiens-hPDI-BRUNOL6,CELF6,2,1.0,1.0,0.0,0.0,0.0,0,True,,neutral
CENPB_1	CENPB_jolma_full_M58,CENPB,9,1.0,0.8444972145919442,0.685951180284374,-0.7382674977155964,1.4242186779999704,0,False,-0.08333333333333334,tumor-gain
CENPB_Hsapiens-HOCOMOCOv10-CENPB_HUMAN.H10MO.D,CENPB,10,1.0,0.5931765760563351,0.043941962705190976,-1.0176317416398069,1.0615737043449978,0,False,-0.4424242424242424,normal-suppression
CENPB_Hsapiens-SwissRegulon-CENPB.SwissRegulon,CENPB,8,0.7072866297571637,0.41376263700601873,0.8282431675438906,-0.3251363903385877,1.1533795578824784,0,False,-0.30952380952380953,tumor-gain
CENPB_Hsapiens-jaspar2016-CENPB-MA0637.1,CENPB,7,0.9602706271398337,0.618672130616106,0.8267028093810378,-0.5644105204162209,1.3911133297972587,0,False,-0.21428571428571433,tumor-gain
CENPB_Hsapiens-jaspar2018-CENPB-MA0637.1,CENPB,10,0.7227465253005081,0.4409288768513108,0.1359253729268229,0.10968435342534845,0.026241019501474463,0,False,-0.1515151515151515,neutral
CENPB_Hsapiens-jolma2013-CENPB,CENPB,9,0.6336718120099544,0.4908797374911058,0.5574504921652604,-1.0185629925658923,1.5760134847311527,0,False,-0.08333333333333334,tumor-gain
CERS4_Hsapiens-hPDI-LASS4,CERS4,4,1.0,0.5007488766849718,-0.4735498568092107,-0.6235193056356954,0.14996944882648466,0,False,-0.316227766016838,neutral
CFL2_Hsapiens-hPDI-CFL2,CFL2,2,1.0,1.0,0.0,0.0,0.0,0,True,,neutral
CHD2_Hsapiens-SwissRegulon-CHD2.SwissRegulon,CHD2,9,1.0,0.23517642114378387,-0.9322554838623798,-1.6197883832406166,0.6875328993782368,0,False,0.09999999999999999,divergent
CHD2_disc1 CHD2_K562_encode-Snyder_seq_hsa_IgG-rab-N-1250_r1:MDscan#3#Intergenic,CHD2,7,0.0033541713803573433,0.0033541713803573433,0.0,0.0,0.0,0,True,-0.10811249552346709,neutral
CHD2_disc2 CHD2_K562_encode-Snyder_seq_hsa_IgG-rab-N-1250_r1:Trawler#1#Intergenic,CHD2,10,1.0,0.14416127805249143,0.6328575892474871,0.03785662207085195,0.5950009671766352,0,False,-0.19999999999999998,tumor-gain
CLK1_Hsapiens-hPDI-CLK1,CLK1,4,0.250936329588015,0.16743006350215311,1.4247512873665482,-1.654195291279915,3.0789465786464634,0,False,0.39999999999999997,tumor-gain
CLOCK_1	CLOCK_jolma_DBD_M316,CLOCK,10,1.0,0.3553520296581645,0.8934105229043372,-1.0943245456969795,1.9877350686013167,0,False,-0.41818181818181815,tumor-gain
CLOCK_Hsapiens-HOCOMOCOv10-CLOCK_HUMAN.H10MO.D,CLOCK,6,0.0473675812707929,0.0473675812707929,0.0,0.0,0.0,0,True,0.2571428571428572,neutral
CLOCK_Hsapiens-SwissRegulon-CLOCK.SwissRegulon,CLOCK,10,0.019620795510435343,0.012783441635395066,-0.15452089463031057,-1.0147841580011712,0.8602632633708606,0,False,-0.04242424242424241,normal-suppression
CLOCK_Hsapiens-cisbp_1.02-M5321_1.02,CLOCK,9,0.22605056469643975,0.08581540726129384,-0.0007577331939466518,-1.8043128796838732,1.8035551464899267,0,False,-0.45,normal-suppression
CLOCK_Hsapiens-jaspar2016-CLOCK-MA0819.1,CLOCK,9,0.07530293400795732,0.07530293400795732,0.0,0.0,0.0,0,True,-0.03333333333333333,neutral
CLOCK_Hsapiens-jaspar2018-CLOCK-MA0819.1,CLOCK,9,0.027355648462835516,0.019656027908262735,0.6553423181377296,-0.6340620431670997,1.2894043613048294,0,False,-0.326362689414732,tumor-gain
CLOCK_Hsapiens-jolma2013-CLOCK,CLOCK,9,0.018443817970531264,0.014472416810515275,1.0728797438040572,0.24754475206050627,0.8253349917435508,0,False,-0.08333333333333334,tumor-gain
CNOT6_Hsapiens-hPDI-CNOT6,CNOT6,9,1.0,0.7781721384205857,0.1708568617118408,-1.1532036309037736,1.3240604926156145,0,False,-0.2025478734167333,normal-suppression
COE1_Hsapiens-HOCOMOCOv10-COE1_HUMAN.H10MO.A,COE1,10,0.9393939393939394,0.9393939393939394,0.0,0.0,0.0,0,True,0.01818181818181818,neutral
COMP1_1	COMP1_transfac_M00057,COMP1,7,0.01876298692898916,0.01876298692898916,0.0,0.0,0.0,0,True,-0.10714285714285716,neutral
COT1_Hsapiens-HOCOMOCOv10-COT1_HUMAN.H10MO.B,NR2F1,4,0.2397477751442237,0.15911917733826184,0.8109375071482409,-0.9470023977086431,1.757939904856884,0,False,-0.316227766016838,tumor-gain
COT1_Hsapiens-HOCOMOCOv10-COT1_HUMAN.H10MO.S,NR2F1,6,1.0,0.3922631131267466,0.9870584078315653,-0.3147940157521072,1.3018524235836724,0,False,-0.7714285714285715,tumor-gain
COT2_Hsapiens-HOCOMOCOv10-COT2_HUMAN.H10MO.A,NR2F2,7,0.9413202933985331,0.6778094031122099,0.14835948513725322,-0.3000331577297622,0.4483926428670154,0,False,0.28571428571428575,neutral
COT2_Hsapiens-HOCOMOCOv10-COT2_HUMAN.H10MO.S,NR2F2,9,0.5324043766950359,0.5324043766950359,0.0,0.0,0.0,0,True,0.13333333333333333,neutral
CPEB1_Hsapiens-HOCOMOCOv10-CPEB1_HUMAN.H10MO.D,CPEB1,2,0.3526763739073689,0.3526763739073689,0.0,0.0,0.0,0,True,,neutral
CPHX_1	Cphx_bulyk_cell08-3484.1,CPHX,4,0.9255974584440513,0.8051763603162855,1.7198989685293755,1.308605935904449,0.41129303262492645,0,False,0.0,neutral
CPSF4_Hsapiens-hPDI-CPSF4,CPSF4,2,0.7781721384205857,0.7781721384205857,0.0,0.0,0.0,0,True,,neutral
CR3L1_Hsapiens-HOCOMOCOv10-CR3L1_HUMAN.H10MO.D,CR3L1,10,1.0,1.0,0.0,0.0,0.0,0,True,0.4787878787878787,neutral
CR3L2_Hsapiens-HOCOMOCOv10-CR3L2_HUMAN.H10MO.D,CR3L2,10,1.0,0.2578865220775275,0.8251949693449216,0.04122608482647936,0.7839688845184423,0,False,0.06666666666666665,tumor-gain
CREB1_Hsapiens-HOCOMOCOv10-CREB1_HUMAN.H10MO.A,CREB1,9,1.0,0.5952753306561254,0.7978937675586327,0.19874191759002544,0.5991518499686073,0,False,0.11666666666666665,tumor-gain
CREB1_Hsapiens-SwissRegulon-CREB1.SwissRegulon,CREB1,6,0.7046117490676799,0.427089003662387,0.7048668302757677,-0.11042908550473955,0.8152959157805072,0,False,-0.6667366910003157,tumor-gain
CREB1_Hsapiens-cisbp_1.02-M3083_1.02,CREB1,8,0.41276645722003724,0.011792690220475757,0.7707217803354053,-0.3669089547092601,1.1376307350446653,0,False,-0.19278507708475198,tumor-gain
CREB1_Hsapiens-cisbp_1.02-M3084_1.02,CREB1,9,0.8337765957446809,0.6675531914893618,0.8045687586463427,0.014299088871842997,0.7902696697744998,0,False,-0.15191090506254998,tumor-gain
CREB1_Hsapiens-cisbp_1.02-M3089_1.02,CREB1,10,0.5723449750534572,0.5009357454772312,0.902554835122372,0.279680975365072,0.6228738597573,0,False,0.006079055436800647,tumor-gain
CREB1_Hsapiens-cisbp_1.02-M3090_1.02,CREB1,10,0.7150997150997151,0.7150997150997151,0.0,0.0,0.0,0,True,0.516719712128055,neutral
CREB1_Hsapiens-cisbp_1.02-M4012_1.02,CREB1,7,0.6013553916683263,0.6013553916683263,0.0,0.0,0.0,0,True,0.5637295497763137,neutral
CREB1_Hsapiens-cisbp_1.02-M4013_1.02,CREB1,9,0.16743006350215311,0.16743006350215311,0.0,0.0,0.0,0,True,,neutral
CREB1_Hsapiens-cisbp_1.02-M6180_1.02,CREB1,10,0.26650885323573764,0.201255032810254,1.423128871342812,0.42766322223547426,0.9954656491073378,0,False,0.5878787878787878,tumor-gain
CREB1_Hsapiens-jaspar2016-CREB1-MA0018.1,CREB1,10,1.0,1.0,0.0,0.0,0.0,0,True,-0.2735574946560291,neutral
CREB1_Hsapiens-jaspar2018-CREB1-MA0018.1,CREB1,10,0.6865219439185711,0.5111353232032598,-0.1455737332844511,-0.32299053368364344,0.17741680039919233,0,False,-0.36586045999146244,neutral
CREB1_Hsapiens-jaspar2018-CREB1-MA0018.3,CREB1,9,0.7286730454966288,0.7286730454966288,0.0,0.0,0.0,0,True,0.08368274087557231,neutral
CREB1_Mmusculus;Rnorvegicus;Hsapiens-jaspar2018-CREB1-MA0018.2,CREB1,9,0.04216986295934984,0.027063344514977588,2.6013692173744443,0.7279087972173964,1.873460420157048,0,False,-0.4641722099133472,tumor-gain
CREB3L1_1	CREB3L1_jolma_DBD_M362,CREB3L1,10,1.0,0.7335190066836987,0.39092117824640643,0.18909625189824777,0.20182492634815866,0,False,0.6,neutral
CREB3L1_2	CREB3L1_jolma_DBD_M363,CREB3L1,4,0.20044396878392493,0.18224012261344172,0.6756095037857945,-0.2388959080153462,0.9145054118011408,0,False,0.39999999999999997,tumor-gain
CREB3L1_3	CREB3L1_jolma_full_M364,CREB3L1,9,0.06187470987422357,0.04011205240766274,2.399390400440414,0.2531448174532898,2.1462455829871243,0,False,-0.6666666666666667,tumor-gain
CREB3L1_4	CREB3L1_jolma_full_M817,CREB3L1,10,0.5092838065293879,0.11327973547334617,-0.15524720870214836,-1.463664801357595,1.3084175926554467,0,False,0.01818181818181818,normal-suppression
CREB3L1_Hsapiens-SwissRegulon-CREB3L1.SwissRegulon,CREB3L1,9,0.0397103793555621,0.0397103793555621,0.0,0.0,0.0,0,True,0.1680731613632036,neutral
CREB3L1_Hsapiens-cisbp_1.02-M5325_1.02,CREB3L1,10,0.41796847717272273,0.1698919314956338,0.004866969833228013,-0.26372004245568353,0.2685870122889116,0,False,-0.07878787878787878,neutral
CREB3L1_Hsapiens-cisbp_1.02-M5326_1.02,CREB3L1,7,0.07952303947767744,0.023303986428997454,1.9943912055700777,-0.41205390188297064,2.4064451074530484,0,False,-0.8571428571428573,tumor-gain
CREB3L1_Hsapiens-cisbp_1.02-M5327_1.02,CREB3L1,8,0.01331931477675591,0.00742685808853871,-0.06702034621268486,-0.11350953954231348,0.046489193329628614,0,False,-0.023809523809523815,neutral
CREB3L1_Hsapiens-cisbp_1.02-M5328_1.02,CREB3L1,10,0.1328597831994308,0.11813358244578087,1.8400710927133006,1.0593599931116133,0.7807110996016873,0,False,0.5030303030303029,tumor-gain
CREB3L1_Hsapiens-cisbp_1.02-M5329_1.02,CREB3L1,9,0.02758331050951861,0.01879688461854699,0.10862008354638093,-1.4137775148030518,1.5223975983494327,0,False,-0.33333333333333337,normal-suppression
CREB3L1_Hsapiens-cisbp_1.02-M5330_1.02,CREB3L1,10,0.17532840292798774,0.08268676011588266,0.7004502271266514,-0.35262284878118866,1.05307307590784,0,False,-0.406060606060606,tumor-gain
CREB3L1_Hsapiens-hPDI-CREB3L1,CREB3L1,3,1.0,0.33422103861517977,-0.5861900737055767,-0.9768851543047821,0.3906950805992053,0,False,,neutral
CREB3L1_Hsapiens-jaspar2016-CREB3L1-MA0839.1,CREB3L1,10,0.19051232831867554,0.09190244948149127,-0.34118921376746253,-1.0038592072183776,0.662669993450915,0,False,-0.5393939393939393,normal-suppression
CREB3L1_Hsapiens-jaspar2018-CREB3L1-MA0839.1,CREB3L1,9,0.10838549303007525,0.10520195875095918,0.6661090246675057,-0.770860734048812,1.4369697587163177,0,False,0.2833333333333333,tumor-gain
CREB3L1_Hsapiens-jolma2013-CREB3L1,CREB3L1,10,0.09673125859757985,0.06638433979729222,-0.008700916811783024,-0.9778639519246958,0.9691630351129128,0,False,0.05454545454545454,normal-suppression
CREB3L1_Hsapiens-jolma2013-CREB3L1-2,CREB3L1,9,0.034365640091443904,0.018181836023017085,0.33353802551115047,0.28141259887646086,0.05212542663468961,0,False,-0.016666666666666666,neutral
CREB3L1_Hsapiens-jolma2013-CREB3L1-3,CREB3L1,8,0.008811432228457252,0.005743267252235401,1.6243912532597657,-0.30806558512094784,1.9324568383807135,0,False,-0.4523809523809524,tumor-gain
CREB3L1_Hsapiens-jolma2013-CREB3L1-4,CREB3L1,9,0.07103557289897307,0.0399839429612984,0.9025176683170509,0.40290119734413044,0.4996164709729205,0,False,0.15,neutral
CREB3L1_Hsapiens-jolma2013-CREB3L1-5,CREB3L1,8,0.012752688624227798,0.012752688624227798,0.0,0.0,0.0,0,True,0.3333333333333334,neutral
CREB3L1_Hsapiens-jolma2013-CREB3L1-6,CREB3L1,10,0.08859453385904745,0.053673344339699995,-0.6343481352505198,-0.9165554059170355,0.28220727066651574,0,False,0.4424242424242424,neutral
CREB3L2_1	Creb3l2_jolma_DBD_M368,CREB3L2,10,1.0,0.0318101155340087,0.6403055551620824,-0.2922091886643642,0.9325147438264466,0,False,-0.11515151515151514,tumor-gain
CREB3L2_2	Creb3l2_jolma_DBD_M369,CREB3L2,7,0.13191645163944019,0.0706671459209866,0.06841393846029235,-0.6523560228070187,0.720769961267311,0,False,-0.42857142857142866,normal-suppression
CREB3L2_Hsapiens-SwissRegulon-CREB3L2.SwissRegulon,CREB3L2,7,0.028850849189513843,0.028850849189513843,0.0,0.0,0.0,0,True,-0.10714285714285716,neutral
CREB3_1	CREB3_jolma_full_M365,CREB3,7,0.8691134198585715,0.6410788254960205,0.06649854628825615,-0.4671282828421865,0.5336268291304427,0,False,-0.8108437164260032,other
CREB3_2	CREB3_jolma_full_M366,CREB3,10,0.8239877777229252,0.6013188740368187,-0.660982893007621,-1.1293458928947182,0.4683629998870972,0,False,0.5272727272727272,neutral
CREB3_Hsapiens-HOCOMOCOv10-CREB3_HUMAN.H10MO.D,CREB3,10,0.5759858329384182,0.3970016426506969,-0.35979299019178107,-0.42293811574089585,0.06314512554911478,0,False,0.44377104688644714,neutral
CREB3_Hsapiens-SwissRegulon-CREB3.SwissRegulon,CREB3,8,0.21860218559675546,0.18302807166332313,-0.11030592360496683,-0.341543978855099,0.2312380552501322,0,False,0.523809523809524,neutral
CREB3_Hsapiens-cisbp_1.02-M5323_1.02,CREB3,10,1.0,0.6410764873361553,0.20170065298683645,0.057358088722019376,0.14434256426481706,0,False,0.054879068998719374,neutral
CREB3_Hsapiens-cisbp_1.02-M5324_1.02,CREB3,10,1.0,1.0,0.0,0.0,0.0,0,True,0.41818181818181815,neutral
CREB3_Hsapiens-jaspar2016-CREB3-MA0638.1,CREB3,9,0.42984376259231427,0.28221363413810924,0.5193842328242164,0.28977148150468635,0.22961275131953007,0,False,-0.15,neutral
CREB3_Hsapiens-jaspar2018-CREB3-MA0638.1,CREB3,10,0.31073494668891277,0.2711886601780359,-0.4659080228112358,-0.5695402064533621,0.10363218364212634,0,False,0.8060606060606059,neutral
CREB3_Hsapiens-jolma2013-CREB3,CREB3,10,0.6410764873361553,0.5155619720459813,-0.011336906409514218,-0.48659906439184114,0.4752621579823269,0,False,-0.042815257532691796,neutral
CREB3_Hsapiens-jolma2013-CREB3-2,CREB3,10,0.27331091783949174,0.25604184568759536,0.23175207052171523,-0.8424133104427665,1.0741653809644818,0,False,-0.5151515151515151,normal-suppression
CREB5_1	Creb5_jolma_DBD_M370,CREB5,9,1.0,0.6819593825628104,0.12141045539447834,0.04740052528950373,0.07400993010497461,0,False,0.39999999999999997,neutral
CREB5_Hsapiens-HOCOMOCOv10-CREB5_HUMAN.H10MO.D,CREB5,9,0.07048861122434187,0.057443661411921414,0.10596609906387143,-0.9492609078963529,1.0552270069602243,0,False,-0.26666666666666666,normal-suppression
CREB5_Hsapiens-SwissRegulon-CREB5.SwissRegulon,CREB5,7,0.1910188014035668,0.03880646460382993,-0.20078482645546,-0.2991728604920856,0.09838803403662558,0,False,-0.28571428571428575,neutral
CREM_Hsapiens-HOCOMOCOv10-CREM_HUMAN.H10MO.C,CREM,10,0.23664122137404509,0.16917401642064633,0.02266660997152092,-0.35167287522840684,0.37433948519992777,0,False,0.02439069733276417,neutral
CREM_Hsapiens-SwissRegulon-CREM.SwissRegulon,CREM,10,1.0,0.29006293009074,-0.17670011465367788,-0.7751208776815898,0.5984207630279119,0,False,-0.22424242424242422,normal-suppression
CREM_Hsapiens-cisbp_1.02-M6181_1.02,CREM,9,1.0,0.2946493403445311,0.19863383692374253,0.014931625259801103,0.18370221166394143,0,False,0.48333333333333334,neutral
CRX_1	Crx_transfac_M00623,CRX,9,1.0,0.6928982725527831,0.5374882153037485,-0.11899850679044058,0.656486722094189,0,False,-0.3291402943021916,tumor-gain
CRX_2	Crx_bulyk_cell08-3485.1,CRX,10,1.0,0.31707957828305167,-0.26205294524673123,-0.5299842805227115,0.2679313352759803,0,False,-0.35757575757575755,neutral
CRX_Hsapiens-HOCOMOCOv10-CRX_HUMAN.H10MO.C,CRX,4,1.0,1.0,0.0,0.0,0.0,0,True,0.632455532033676,neutral
CRX_Hsapiens-SwissRegulon-CRX.SwissRegulon,CRX,8,0.293769724790889,0.12917121741095644,0.6740430369832647,0.20402936156715307,0.47001367541611166,0,False,-0.38095238095238104,neutral
CSNK2B_Hsapiens-hPDI-CSNK2B,CSNK2B,3,1.0,0.20095884938074357,0.0064005485118490595,-0.13543369022694798,0.14183423873879705,0,False,,neutral
CTCFL_Hsapiens-HOCOMOCOv10-CTCFL_HUMAN.H10MO.A,CTCF,9,0.6181405895691608,0.2668633743260608,0.5611386099859845,-0.4480107604998903,1.0091493704858747,0,False,-0.6,tumor-gain
CTCFL_Hsapiens-SwissRegulon-CTCFL.SwissRegulon,CTCF,8,0.3680120779446205,0.3680120779446205,0.0,0.0,0.0,0,True,0.04761904761904763,neutral
CTCFL_Hsapiens-jaspar2018-CTCFL-MA1102.1,CTCF,4,1.0,1.0,0.0,0.0,0.0,0,True,0.7999999999999999,neutral
CTCFL_disc1 CTCFL_K562_encode-Myers_seq_hsa_v041610.1-SC-98982_r1:MDscan#2#Intergenic,CTCF,4,0.27564823172493863,0.27564823172493863,0.0,0.0,0.0,0,True,0.39999999999999997,neutral
CTCF_Hsapiens-HOCOMOCOv10-CTCF_HUMAN.H10MO.A,CTCF,8,0.5973681626239802,0.0632339905200958,0.46797503613078756,0.23238104725801104,0.23559398887277652,0,False,-0.4523809523809524,neutral
CTCF_Hsapiens-JASPAR_2014-CTCF-MA0139.1,CTCF,6,0.6332099986198109,0.41508999105280125,0.2788347985934083,0.14552041745945357,0.13331438113395475,0,False,0.7142857142857143,neutral
CTCF_Hsapiens-JASPAR_CORE-CTCF-MA0139.1,CTCF,7,1.0,1.0,0.0,0.0,0.0,0,True,-0.07142857142857144,neutral
CTCF_Hsapiens-SwissRegulon-CTCF.SwissRegulon,CTCF,10,0.5490044727829902,0.45026312064102936,-0.010646026394061498,-0.056684009761971244,0.04603798336790975,0,False,0.41818181818181815,neutral
CTCF_Hsapiens-jaspar2016-CTCF-MA0139.1,CTCF,8,0.5097714551263376,0.08304699710090921,0.4269493798633892,0.04813336987014554,0.37881600999324366,0,False,0.04761904761904763,neutral
CTCF_Hsapiens-jaspar2018-CTCF-MA0139.1,CTCF,9,0.5070634785581463,0.17746157202480867,0.36171120174140003,0.22943777195935922,0.13227342978204082,0,False,0.5666666666666667,neutral
CTCF_Hsapiens-jolma2013-CTCF,CTCF,9,0.6491026317679264,0.42627190969890355,0.828738951899481,0.15080092138540227,0.6779380305140787,0,False,-0.016666666666666666,tumor-gain
CTCF_disc1 CTCF_HUVEC_encode-Crawford_seq_hsa_r1:MEME#3#Intergenic,CTCF,9,0.6529518100206525,0.07874128269878818,0.5935497224507401,0.4303849115561022,0.1631648108946379,0,False,0.2333333333333333,neutral
CTCF_disc10 CTCF_HepG2_encode-Myers_seq_hsa_v041610.1_r1:Trawler#1#Intergenic,CTCF,7,1.0,0.16798376171197588,0.2162589459898924,-0.5064258872218463,0.7226848332117387,0,False,0.490990253030983,normal-suppression
CTCF_disc2 CTCF_A549_encode-Myers_seq_hsa_DEX-100nM_r1:Trawler#1#Intergenic,CTCF,8,1.0,0.4553376906318083,-0.981535283732397,-1.3336497044517108,0.35211442071931387,0,False,0.07142857142857144,neutral
CTCF_disc3 CTCF_K562_encode-Crawford_seq_hsa_r1:Trawler#3#Intergenic,CTCF,8,1.0,1.0,0.0,0.0,0.0,0,True,0.5868368683374969,neutral
CTCF_disc4 CTCF_HUVEC_encode-Crawford_seq_hsa_r1:AlignACE#3#Intergenic,CTCF,10,1.0,0.8950397598533719,-0.017452174404869243,-0.33237451655552186,0.3149223421506526,0,False,0.29696969696969694,neutral
CTCF_disc5 CTCF_A549_encode-Myers_seq_hsa_EtOH-0.02pct_r1:AlignACE#1#Intergenic,CTCF,2,0.4904735480081132,0.4904735480081132,0.0,0.0,0.0,0,True,,neutral
CTCF_disc6 CTCF_AoAF_encode-Stam_seq_hsa_r1:Trawler#2#Intergenic,CTCF,7,1.0,0.2950304177054698,1.7070861809589586,0.3301962958537844,1.3768898851051743,0,False,-0.07142857142857144,tumor-gain
CTCF_disc7 CTCF_GM12875_encode-Stam_seq_hsa_r1:Weeder#3#Intergenic,CTCF,9,0.21342860170092243,0.14569762739383413,0.6307768496227263,-1.0579273617764018,1.688704211399128,0,False,-0.15,tumor-gain
CTCF_disc8 CTCF_HMEC_encode-Bernstein_seq_hsa_r1:AlignACE#3#Intergenic,CTCF,9,0.9766403728327909,0.5899069120076542,0.30291161093836066,0.11237009542367316,0.1905415155146875,0,False,0.8666666666666667,neutral
CTCF_disc9 CTCF_HMF_encode-Stam_seq_hsa_r1:AlignACE#2#Intergenic,CTCF,7,0.3506141772761037,0.0049756071331098755,0.3843165103771359,0.2533741381823177,0.1309423721948182,0,False,-0.14285714285714288,neutral
CTCF_known1	CTCF_1	CTCF_jaspar_MA0139.1,CTCF,9,0.7487961898436466,0.3314840173790033,0.7077710957254018,0.35779862586000577,0.349972469865396,0,False,-0.21666666666666667,neutral
CTCF_known2	CTCF_2	CTCF_jolma_full_M2,CTCF,10,1.0,0.8933939986196944,-0.2754162101265408,-0.5223475811872225,0.2469313710606817,0,False,0.3696969696969697,neutral
CUX1_1	CDP_transfac_M00095,CUX1,5,1.0,0.38546670316998105,0.9447246897392232,-0.4031986733399478,1.347923363079171,0,False,0.49999999999999994,tumor-gain
CUX1_10	CUX1_jolma_DBD_M66,CUX1,3,0.9347037068352704,0.6068228479472072,0.3201392285363942,-1.2518734440600823,1.5720126725964765,0,False,,normal-suppression
CUX1_2	CDP_transfac_M00102,CUX1,6,1.0,0.2598967297762479,0.1761191448687112,-0.9283730412506378,1.104492186119349,0,False,-0.4285714285714286,normal-suppression
CUX1_3	CDP-CR1_transfac_M00104,CUX1,9,1.0,0.8892825509300266,0.11840164788556515,-0.014909911562717466,0.1333115594482826,0,False,0.37816461306720806,neutral
CUX1_4	CDP-CR3_transfac_M00105,CUX1,8,0.8753757481313541,0.5841656686626746,0.45455632165649656,-0.4785567973201028,0.9331131189765993,0,False,-0.29940656547831473,other
CUX1_5	CDP-CR3+HD_transfac_M00106,CUX1,10,1.0,0.9287227877955896,0.048266840639679454,-0.717284490169331,0.7655513308090105,0,False,-0.34545454545454546,normal-suppression
CUX1_6	Cutl1_bulyk_cell08-3494.1,CUX1,8,0.2807460042860208,0.12458065312245954,-0.7740629921610577,-1.8163733857916902,1.0423103936306326,0,False,0.0,divergent
CUX1_7	Cutl1_bulyk_cell08-3494.2,CUX1,4,1.0,0.07229984177893299,0.5469595702581256,-1.3457463480957017,1.8927059183538273,0,False,-0.7999999999999999,tumor-gain
CUX1_8	CUX1_jolma_DBD_M64,CUX1,5,0.8029986063585273,0.4668174859128653,0.24314326196975988,-0.6482894485093721,0.891432710479132,0,False,-0.6,normal-suppression
CUX1_9	CUX1_jolma_DBD_M65,CUX1,9,0.8033629940867761,0.40565941605997824,0.652761310607314,-0.07420975140814921,0.7269710620154632,0,False,0.25,tumor-gain
CUX1_Hsapiens-HOCOMOCOv10-CUX1_HUMAN.H10MO.C,CUX1,10,0.5845637119780008,0.48234854378361264,-0.26210020101298787,-0.2791992975516498,0.01709909653866193,0,False,0.4545454545454545,neutral
CUX1_Hsapiens-SwissRegulon-CUX1.SwissRegulon,CUX1,7,0.7324978078275626,0.5449182203404858,0.5559086569707717,-0.7597019810612092,1.315610638031981,0,False,-0.5,tumor-gain
CUX1_Hsapiens-jaspar2016-CUX1-MA0754.1,CUX1,7,0.344295600455005,0.29503040757133103,0.9686019703157833,-0.40566877887896235,1.3742707491947457,0,False,-0.03571428571428572,tumor-gain
CUX1_Hsapiens-jaspar2018-CUX1-MA0754.1,CUX1,9,0.20892671809249125,0.20892671809249125,0.0,0.0,0.0,0,True,0.31666666666666665,neutral
CUX1_Hsapiens-jolma2013-CUX1,CUX1,6,0.6947535437819875,0.5872534453619613,0.8505229849967768,-0.3083553101455688,1.1588782951423455,0,False,-0.14285714285714288,tumor-gain
CUX1_Hsapiens-jolma2013-CUX1-2,CUX1,9,0.9546484400529117,0.3655349708547046,0.696342918726702,-0.8012192537761634,1.4975621725028654,0,False,-0.3,tumor-gain
CUX1_Hsapiens-jolma2013-CUX1-3,CUX1,7,0.1299000809476817,0.07748046916006547,0.4053037379099933,-0.19637068770776117,0.6016744256177544,0,False,-0.39285714285714296,other
CUX2_2	CUX2_jolma_DBD_M68,CUX2,4,0.22438232575076553,0.22438232575076553,0.0,0.0,0.0,0,True,0.7999999999999999,neutral
CUX2_Hsapiens-HOCOMOCOv10-CUX2_HUMAN.H10MO.D,CUX2,4,0.1099918189436255,0.019577327424214728,0.28251844772678336,0.24197437127376084,0.04054407645302252,0,False,0.19999999999999998,neutral
CUX2_Hsapiens-SwissRegulon-CUX2.SwissRegulon,CUX2,2,1.0,0.4171737951086657,0.5141405222389119,-0.7871866592530267,1.3013271814919385,0,False,,tumor-gain
CUX2_Hsapiens-jaspar2016-CUX2-MA0755.1,CUX2,5,0.10119123749682399,0.07172051039895566,-0.6046058619449949,-0.8751432752097439,0.270537413264749,0,False,0.0,neutral
CUX2_Hsapiens-jaspar2018-CUX2-MA0755.1,CUX2,6,0.06955840557948796,0.06909658906939117,0.40739195470600137,0.02088379322297461,0.38650816148302675,0,False,0.2571428571428572,neutral
CUX2_Hsapiens-jolma2013-CUX2,CUX2,6,0.7951859639095403,0.5164197854271135,0.8168418603769617,-0.6211034185772821,1.4379452789542437,0,False,0.14285714285714288,tumor-gain
CUX2_Hsapiens-jolma2013-CUX2-2,CUX2,4,0.046331855753056275,0.03438543222430136,-0.07288337924858075,-0.28847957786712863,0.2155961986185479,0,False,-0.19999999999999998,neutral
CXXC1_Hsapiens-HOCOMOCOv10-CXXC1_HUMAN.H10MO.D,CXXC1,10,1.0,0.2916478846029999,0.020961720573636423,-0.5724438933577604,0.5934056139313968,0,False,0.1515151515151515,normal-suppression
CXXC1_Hsapiens-SwissRegulon-CXXC1.SwissRegulon,CXXC1,9,0.22205398299711512,0.17392443611150749,1.0554182828035343,-1.091888591827832,2.1473068746313664,0,False,-0.03333333333333333,tumor-gain
CYB5R1_Hsapiens-hPDI-CYB5R1,CYB5R1,7,1.0,0.12556249915814505,0.055787779263944286,-0.718910342275517,0.7746981215394613,0,False,-0.5613608914238398,normal-suppression
CYCS_Hsapiens-hPDI-CYCS,CYCS,7,0.6672212978369385,0.3344425956738769,-0.5164162877483979,-1.4058199521809893,0.8894036644325914,0,False,,divergent
DAB2_Hsapiens-hPDI-DAB2,DAB2,2,1.0,1.0,0.0,0.0,0.0,0,True,,neutral
DBP_1	DBP_transfac_M00624,DBP,7,1.0,0.44536938435940093,0.9204233094070752,-0.15590517692329534,1.0763284863303706,0,False,-0.23424374030084538,tumor-gain
DBP_2	DBP_jolma_DBD_M371,DBP,5,1.0,0.8768354719117489,1.7758867450194278,-0.06566988199828788,1.8415566270177157,0,False,-0.09999999999999999,tumor-gain
DBP_3	DBP_jolma_full_M372,DBP,2,0.804862406502754,0.7448643092190473,0.3905713738180896,-0.435465336808468,0.8260367106265576,0,False,,other
DBP_4	Dbp_jolma_DBD_M373,DBP,6,0.6071100172440229,0.5093757651261004,2.1108394381542936,1.1733854763306892,0.9374539618236044,0,False,0.14285714285714288,tumor-gain
DBP_Hsapiens-SwissRegulon-DBP.SwissRegulon,DBP,6,0.09018053537363734,0.018267306844879126,-0.12548863186440257,-0.6845649792237647,0.5590763473593621,0,False,-0.14285714285714288,normal-suppression
DBP_Hsapiens-cisbp_1.02-M5337_1.02,DBP,7,0.30572300390695933,0.30572300390695933,0.0,0.0,0.0,0,True,0.5714285714285715,neutral
DBP_Hsapiens-cisbp_1.02-M5338_1.02,DBP,5,0.5008868052052723,0.2951712859353791,0.85903439509887,0.511356330701991,0.347678064396879,0,False,-0.3,neutral
DBP_Hsapiens-cisbp_1.02-M6186_1.02,DBP,2,0.6581590399039479,0.6581590399039479,0.0,0.0,0.0,0,True,,neutral
DBP_Hsapiens-jaspar2016-DBP-MA0639.1,DBP,6,0.4118012308972867,0.27526657805157717,0.48004904036882867,-0.7874319045823729,1.2674809449512017,0,False,-0.2571428571428572,normal-suppression
DBP_Hsapiens-jaspar2018-DBP-MA0639.1,DBP,4,0.2838135316354874,0.21542635958002054,0.2599252389526203,-0.5719091627647832,0.8318344017174035,0,False,0.19999999999999998,normal-suppression
DBP_Hsapiens-jolma2013-DBP,DBP,8,0.0921919287287756,0.0706400561736179,-0.013739914338843365,-1.3219265771306836,1.3081866627918401,0,False,0.0,normal-suppression
DBP_Hsapiens-jolma2013-DBP-2,DBP,5,0.3078035707496345,0.2091814511068666,0.9178121816818606,0.21620480864751465,0.701607373034346,0,False,-0.6,tumor-gain
DBX1_1	Dbx1_bulyk_cell08-3486.1,DBX1,4,0.006365803627505735,7.887329875335019e-05,1.5689382642090053,0.3161548917484122,1.252783372460593,0,False,-0.6000000000000001,tumor-gain
DBX2_1	Dbx2_bulyk_cell08-3487.1,DBX2,4,0.3265960559164291,0.1900339229442994,0.19255888167941,-0.8267369375594058,1.0192958192388157,0,False,-0.6000000000000001,normal-suppression
DBX2_Hsapiens-SwissRegulon-DBX2.SwissRegulon,DBX2,3,0.1635339079419982,0.018418379532651335,1.4719972222941302,0.07872657611612326,1.3932706461780069,0,False,,tumor-gain
DDIT3::CEBPA_1	CHOP:C/EBPalpha_transfac_M00249,DDIT3,8,1.0,0.5013889892047759,-0.22235405694402183,-0.8721828357616551,0.6498287788176333,0,False,-0.30952380952380953,normal-suppression
DDIT3::CEBPA_2	Ddit3::Cebpa_jaspar_MA0019.1,DDIT3,9,1.0,0.7149254239325509,0.11884774072355926,-0.5670275271302726,0.6858752678538319,0,False,0.13333333333333333,normal-suppression
DDIT3_Hsapiens-HOCOMOCOv10-DDIT3_HUMAN.H10MO.C,DDIT3,9,0.5892259843905874,0.3732967910389397,0.7160505240417262,0.11482539674057757,0.6012251273011486,0,False,-0.03333333333333333,tumor-gain
DDIT3_Hsapiens-SwissRegulon-DDIT3.SwissRegulon,DDIT3,10,1.0,0.6028208007716485,-0.037401513668306595,-0.7349424339540237,0.6975409202857171,0,False,-0.04242424242424241,normal-suppression
DDIT3_Hsapiens-cisbp_1.02-M6187_1.02,DDIT3,10,1.0,0.8105248581486248,0.5746093765444167,-2.5814119707500613,3.156021347294478,0,False,0.29696969696969694,tumor-gain
DDX20_Hsapiens-hPDI-DDX20,DDX20,10,1.0,0.500998003992016,0.16671640789123515,-0.830466031739615,0.9971824396308502,0,False,0.06356417261637282,normal-suppression
DDX43_Hsapiens-hPDI-DDX43,DDX43,5,0.36450295052201603,0.36450295052201603,0.0,0.0,0.0,0,True,0.0,neutral
DDX4_Hsapiens-hPDI-DDX4,DDX4,3,0.33422103861517977,0.11170370265300948,0.7190072699387693,0.6813373139610512,0.03766995597771805,0,False,,neutral
DDX53_Hsapiens-hPDI-DDX53,DDX53,2,1.0,0.250936329588015,2.7960159878094393,2.507000900069474,0.2890150877399651,0,False,,neutral
DHX36_Hsapiens-hPDI-DHX36,DHX36,3,0.3341657507086003,0.3341657507086003,0.0,0.0,0.0,0,True,,neutral
DIABLO_Hsapiens-hPDI-DIABLO,DIABLO,8,1.0,1.0,0.0,0.0,0.0,0,True,0.1666666666666667,neutral
DIS3_Hsapiens-hPDI-DIS3,DIS3,4,1.0,0.33422103861517977,0.317454485353148,-0.04860019202074432,0.36605467737389236,0,False,-0.10540925533894598,neutral
DLX1_1	Dlx1_bulyk_cell08-1741.2,DLX1,6,0.9398702338664969,0.5138418675231842,0.5090049836658842,-0.6304050388831048,1.1394100225489892,0,False,0.028571428571428574,tumor-gain
DLX1_2	DLX1_jolma_DBD_M473,DLX1,6,1.0,0.9247309286543626,0.4646684054684407,-0.5590147416299326,1.0236831470983732,0,False,-0.2571428571428572,normal-suppression
DLX1_3	Dlx1_jolma_DBD_M484,DLX1,7,0.07820029825420208,0.05613526625662726,-1.0663952784814423,-2.0519716987816174,0.9855764203001751,0,False,-0.14285714285714288,divergent
DLX1_Hsapiens-HOCOMOCOv10-DLX1_HUMAN.H10MO.D,DLX1,5,1.0,0.44271282875301493,-0.30630259666285287,-0.45584934140456984,0.14954674474171697,0,False,0.3,neutral
DLX1_Hsapiens-jolma2013-DLX1,DLX1,4,0.46142431923360633,0.3112485243769864,0.6450064756367984,-0.581499142836697,1.2265056184734955,0,False,-0.19999999999999998,tumor-gain
DLX2_1	Dlx2_bulyk_cell08-2273.2,DLX2,8,0.6208490852541076,0.11191440174609592,0.26445732651475573,-0.1122025347083449,0.37665986122310063,0,False,-0.6428571428571429,neutral
DLX2_3	Dlx2_jolma_DBD_M485,DLX2,6,0.03606911038182067,0.027079762678956468,-0.47600693968437474,-1.3304197418037391,0.8544128021193644,0,False,0.028571428571428574,normal-suppression
DLX2_Hsapiens-HOCOMOCOv10-DLX2_HUMAN.H10MO.D,DLX2,7,0.16743006350215311,0.042014285597918574,0.011687669780829212,-0.45045592895579717,0.46214359873662636,0,False,-0.0181848241863327,neutral
DLX2_Hsapiens-SwissRegulon-DLX2.SwissRegulon,DLX2,4,0.0016055215442592626,0.0005227964586048734,-0.36145947369807263,-0.4222728321178809,0.06081335841980828,0,False,-0.39999999999999997,neutral
DLX2_Hsapiens-jolma2013-DLX2,DLX2,6,0.025099969154560167,0.013399229509441942,0.8649892581393528,0.42532184596533684,0.43966741217401595,0,False,-0.4285714285714286,neutral
DLX3_1	Dlx3_bulyk_cell08-1030.1,DLX3,3,0.43028595393761593,0.43028595393761593,0.0,0.0,0.0,0,True,,neutral
DLX3_2	DLX3_jolma_DBD_M475,DLX3,4,0.0995549049751925,0.0995549049751925,0.0,0.0,0.0,0,True,0.7999999999999999,neutral
DLX3_Hsapiens-HOCOMOCOv10-DLX3_HUMAN.H10MO.C,DLX3,8,1.0,1.0,0.0,0.0,0.0,0,True,0.4047619047619048,neutral
DLX3_Hsapiens-SwissRegulon-DLX3.SwissRegulon,DLX3,7,0.17386819702878284,0.07746876166202887,0.31736512733972383,-0.34344511844066944,0.6608102457803933,0,False,-0.5357142857142858,other
DLX3_Hsapiens-jolma2013-DLX3,DLX3,5,0.01188588978910307,0.01188588978910307,0.0,0.0,0.0,0,True,0.19999999999999998,neutral
DLX4_1	Dlx4_bulyk_cell08-3488.2,DLX4,6,0.5401117857210869,0.2548030157896449,-0.5511570052018318,-0.7048540424161618,0.15369703721433003,0,False,0.4285714285714286,neutral
DLX4_2	DLX4_jolma_DBD_M476,DLX4,8,0.09532067987968619,0.09451964739954909,0.44424990804614256,-0.2870849149776569,0.7313348230237995,0,False,0.19047619047619052,other
DLX4_Hsapiens-HOCOMOCOv10-DLX4_HUMAN.H10MO.D,DLX4,4,0.6678482055451908,0.37608424414087804,0.3317171699853726,-0.2090785880496261,0.5407957580349987,0,False,0.0,other
DLX4_Hsapiens-SwissRegulon-DLX4.SwissRegulon,DLX4,9,0.8124795687700015,0.030881771815778142,0.18054251676596436,-0.5901645686521552,0.7707070854181195,0,False,-0.18333333333333335,normal-suppression
DLX4_Hsapiens-jolma2013-DLX4,DLX4,8,0.01765794551405253,0.01111621257312061,0.9063716481686679,0.256051050046087,0.6503205981225808,0,False,0.2142857142857143,tumor-gain
DLX5_1	Dlx5_bulyk_cell08-3419.2,DLX5,8,0.416902420273978,0.24244975340837194,0.7123491563729673,-0.03967159824531988,0.7520207546182871,0,False,0.261904761904762,tumor-gain
DLX5_2	DLX5_jolma_FL_M477,DLX5,2,0.0750133522885507,0.0750133522885507,0.0,0.0,0.0,0,True,,neutral
DLX5_Hsapiens-HOCOMOCOv10-DLX5_HUMAN.H10MO.D,DLX5,3,0.9036379098099019,0.7869440400326668,0.5201909916708859,-0.014214602301635144,0.5344055939725211,0,False,,tumor-gain
DLX5_Hsapiens-SwissRegulon-DLX5.SwissRegulon,DLX5,10,0.18134070098701655,0.18134070098701655,0.0,0.0,0.0,0,True,0.4666666666666666,neutral
DLX6_1	DLX6_jolma_DBD_M478,DLX6,4,0.09043851717519057,0.09043851717519057,0.0,0.0,0.0,0,True,0.39999999999999997,neutral
DLX6_Hsapiens-SwissRegulon-DLX6.SwissRegulon,DLX6,3,0.0034659220534705,0.0034659220534705,0.0,0.0,0.0,0,True,,neutral
DLX6_Hsapiens-hPDI-DLX6,DLX6,4,1.0,0.08637237298057537,-0.07849266124570253,-0.48723337916571174,0.4087407179200092,0,False,-0.7999999999999999,neutral
DLX6_Hsapiens-jaspar2016-DLX6-MA0882.1,DLX6,6,0.016479596886782587,0.012550855908085495,1.4210004507087914,-0.10503829099856327,1.5260387417073547,0,False,-0.3714285714285715,tumor-gain
DLX6_Hsapiens-jaspar2018-DLX6-MA0882.1,DLX6,4,0.0053174802555719216,0.001974652533842307,0.41820078799167765,0.05807911928138511,0.36012166871029255,0,False,-0.7999999999999999,neutral
DLX6_Hsapiens-jolma2013-DLX6,DLX6,3,0.005954304936877433,0.005954304936877433,0.0,0.0,0.0,0,True,,neutral
DMBX1_1	Dmbx1_bulyk_cell08-2277.1,DMBX1,3,0.22300907813202717,0.03624969720340378,0.44946536111548835,-0.41568128867987375,0.8651466497953622,0,False,,other
DMBX1_2	DMBX1_jolma_DBD_M479,DMBX1,7,1.0,0.6469271952768838,0.6162001344767168,0.11042102551628043,0.5057791089604364,0,False,-0.642857142857143,tumor-gain
DMBX1_Hsapiens-SwissRegulon-DMBX1.SwissRegulon,DMBX1,4,0.43684654336245826,0.43684654336245826,0.0,0.0,0.0,0,True,0.39999999999999997,neutral
DMBX1_Hsapiens-jolma2013-DMBX1,DMBX1,3,0.9111608876324991,0.5961475416136178,-0.600182730360968,-0.9197121735329656,0.3195294431719976,0,False,,neutral
DMC1_Hsapiens-SwissRegulon-DMC1.SwissRegulon,DMC1,9,0.5666226064657557,0.0434711383729693,-0.3811665347902826,-0.6713372497815451,0.29017071499126246,0,False,-0.11666666666666665,neutral
DMRT1_1	DMRT1_transfac_M01146,DMRT1,10,1.0,0.7504570367184854,0.05392654841283733,-0.31357545918395674,0.3675020075967941,0,False,0.4787878787878787,neutral
DMRT2_1	DMRT2_transfac_M01147,DMRT2,7,1.0,0.500748127434784,0.5749004008233861,0.38208616543409507,0.19281423538929104,0,False,-0.30631873731649006,neutral
DMRT3_1	DMRT3_transfac_M01148,DMRT3,5,0.7504990019960079,0.5391705069124424,0.5260531960152734,0.02569928904804845,0.500353906967225,0,False,0.3,tumor-gain
DMRT3_Hsapiens-jaspar2016-DMRT3-MA0610.1,DMRT3,7,1.0,0.38468912818884454,0.01962976150235976,-0.859974734079709,0.8796044955820688,0,False,0.0,normal-suppression
DMRT3_Hsapiens-jaspar2018-DMRT3-MA0610.1,DMRT3,8,0.38468912818884454,0.3367635403781806,-0.7973329246230383,-0.8304671625010416,0.03313423787800329,0,False,0.13253974049576697,neutral
DMRTA2_1	DMRT5_transfac_M01150,DMRTA2,9,1.0,0.4636477939908672,0.9416899654865364,0.04747282799337631,0.8942171374931601,0,False,-0.705907277725455,tumor-gain
DMRTC2_1	DMRT7_transfac_M01151,DMRTC2,9,1.0,0.500936681807038,0.33820518819720363,-0.18008829300563012,0.5182934812028337,0,False,0.049999999999999996,other
DNMT3A_Hsapiens-hPDI-DNMT3A,DNMT3A,4,1.0,0.6672212978369385,0.5024936772497148,-0.028810132998139008,0.5313038102478539,0,False,0.0,tumor-gain
DOBOX4_1	Dobox4_bulyk_cell08-3956.2,DOBOX4,2,0.20789357282919002,0.20789357282919002,0.0,0.0,0.0,0,True,,neutral
DOBOX5_1	Dobox5_bulyk_cell08-3493.1,DOBOX5,2,0.4823102358087437,0.4823102358087437,0.0,0.0,0.0,0,True,,neutral
DPRX_1	DPRX_jolma_DBD_M480,DPRX,8,0.9133435906718558,0.5854256038172221,0.10457454186589052,-0.44177909530734566,0.5463536371732362,0,False,-0.04761904761904763,other
DPRX_2	DPRX_jolma_DBD_M481,DPRX,8,0.9538879588057734,0.6872859751921467,-0.7452841554772709,-1.51384028144669,0.7685561259694191,0,False,-0.11904761904761905,divergent
DPRX_Hsapiens-HOCOMOCOv10-DPRX_HUMAN.H10MO.D,DPRX,9,1.0,0.712232485073401,0.5244531611164271,-0.7250075756739208,1.2494607367903479,0,False,0.13333333333333333,tumor-gain
DPRX_Hsapiens-SwissRegulon-DPRX.SwissRegulon,DPRX,6,0.4658695505928523,0.3474578752754998,0.2998510256183269,-0.310452706042835,0.6103037316611619,0,False,0.2571428571428572,other
DPRX_Hsapiens-jolma2013-DPRX,DPRX,8,0.6308571166415047,0.51769186805819,-0.3399531042237168,-0.6417012528680393,0.3017481486443225,0,False,-0.19047619047619052,neutral
DPRX_Hsapiens-jolma2013-DPRX-2,DPRX,5,0.48950662661883,0.4443879845710584,-0.159064896982591,-1.361623957537732,1.202559060555141,0,False,0.0,normal-suppression
DRGX_1	DRGX_jolma_DBD_M482,DRGX,3,0.46529433329476827,0.46529433329476827,0.0,0.0,0.0,0,True,,neutral
DRGX_Hsapiens-HOCOMOCOv10-DRGX_HUMAN.H10MO.D,DRGX,5,0.0304543624117632,0.014376398135625136,0.16226605627302526,-0.6140103454794881,0.7762764017525133,0,False,0.09999999999999999,normal-suppression
DRGX_Hsapiens-SwissRegulon-DRGX.SwissRegulon,DRGX,3,0.2580210789304824,0.2580210789304824,0.0,0.0,0.0,0,True,,neutral
DRGX_Hsapiens-jolma2013-DRGX,DRGX,4,0.36964034856969286,0.19683465030362138,-0.07577983413094969,-1.6586685042941314,1.5828886701631817,0,False,-0.39999999999999997,normal-suppression
DTL_Hsapiens-hPDI-DTL,DTL,3,0.5007488766849718,0.33466400532268864,2.2420875128523443,0.5380313198668926,1.7040561929854516,0,False,,tumor-gain
DUSP26_Hsapiens-hPDI-DUSP26,SP2,8,1.0,0.5012468827930174,0.39141633085597716,-0.12741229082413064,0.5188286216801078,0,False,0.3132757502627219,other
DUX4_1	Duxl_bulyk_cell08-1286.2,DUX4,9,0.9194305477452382,0.5464740793202022,0.05584862891644445,-2.5220274079376295,2.577876036854074,0,False,-0.2333333333333333,normal-suppression
DUX4_Hsapiens-jaspar2016-DUX4-MA0468.1,DUX4,2,0.22998023346699076,0.20188796395430425,0.9580112730387488,0.6593547362533727,0.29865653678537607,0,False,,neutral
DUX4_Hsapiens-jaspar2018-DUX4-MA0468.1,DUX4,3,0.1808901191498148,0.10135506833832497,1.2471158557619102,0.05241039820393898,1.1947054575579712,0,False,,tumor-gain
DUXA_1	DUXA_jolma_DBD_M483,DUXA,4,0.7780923066665926,0.5159806244553283,1.0259795441369424,-1.6751272824027028,2.701106826539645,0,False,-0.6000000000000001,tumor-gain
DUXA_Hsapiens-HOCOMOCOv10-DUXA_HUMAN.H10MO.D,DUXA,2,0.3987314061985249,0.3987314061985249,0.0,0.0,0.0,0,True,,neutral
DUXA_Hsapiens-SwissRegulon-DUXA.SwissRegulon,DUXA,4,0.4559067248018249,0.4559067248018249,0.0,0.0,0.0,0,True,0.39999999999999997,neutral
DUXA_Hsapiens-jaspar2018-DUXA-MA0884.1,DUXA,3,0.4950461595504201,0.41704738845479983,0.09767407389146814,-0.23611033419086255,0.3337844080823307,0,False,,neutral
DUXA_Hsapiens-jolma2013-DUXA,DUXA,6,0.5838939470361424,0.5838939470361424,0.0,0.0,0.0,0,True,0.08571428571428573,neutral
E2F1_Hsapiens-HOCOMOCOv10-E2F1_HUMAN.H10MO.A,E2F1,8,0.9955955867779525,0.6352616542884345,-0.9520693892713771,-1.2259113155895913,0.27384192631821425,0,False,0.8571428571428572,neutral
E2F1_Hsapiens-SwissRegulon-E2F1.SwissRegulon,E2F1,8,1.0,0.3311264284418649,0.243774185596112,-1.0255234773352817,1.2692976629313937,0,False,-0.5476190476190477,normal-suppression
E2F1_Hsapiens-jaspar2016-E2F1-MA0024.3,E2F1,10,0.15934507349964067,0.12124936472808326,0.3903875162043986,-0.10604234594345911,0.4964298621478577,0,False,-0.006060606060606061,neutral
E2F1_Hsapiens-jaspar2018-E2F1-MA0024.2,E2F1,3,0.3822812217608312,0.3490787039830336,1.2617409346378996,-0.9633681499584991,2.2251090845963986,0,False,,tumor-gain
E2F1_Hsapiens-jaspar2018-E2F1-MA0024.3,E2F1,7,0.11516551494626406,0.07044720391060523,-0.05652645340119167,-1.4641221125000234,1.4075956590988317,0,False,-0.5714285714285715,normal-suppression
E2F1_Hsapiens-jolma2013-E2F1,E2F1,9,0.2786462780879852,0.23509329920218922,0.3509720281413178,0.23364562613921908,0.1173264020020987,0,False,0.16666666666666669,neutral
E2F1_Hsapiens-jolma2013-E2F1-2,E2F1,9,0.08172015070659501,0.0589411734732872,0.7839375632727124,0.7829680174020783,0.0009695458706340254,0,False,0.41666666666666663,neutral
E2F1_Hsapiens-jolma2013-E2F1-4,E2F1,7,0.584026622296173,0.4250357087854181,0.09410628406796792,-0.5660773302029909,0.6601836142709588,0,False,0.25,normal-suppression
E2F2_1	E2F2_bulyk_sc09-primary,E2F2,10,1.0,0.5879027336666703,0.3010934165402611,-0.06642597738613801,0.3675193939263991,0,False,-0.01818181818181818,neutral
E2F2_2	E2F2_jolma_DBD_M73,E2F2,6,1.0,0.620976803725445,-0.038222339062374926,-1.405524958398717,1.3673026193363422,0,False,-0.08571428571428573,normal-suppression
E2F2_3	E2F2_jolma_DBD_M74,E2F2,5,0.7633447109914587,0.46330128155510536,0.1341458901845564,-0.577931180215854,0.7120770704004104,0,False,-0.3,normal-suppression
E2F2_4	E2F2_jolma_DBD_M751,E2F2,3,0.37055020480114514,0.22323676555530492,-0.7508153525033873,-0.8507621039015352,0.0999467513981479,0,False,,neutral
E2F2_Hsapiens-HOCOMOCOv10-E2F2_HUMAN.H10MO.B,E2F2,7,1.0,1.0,0.0,0.0,0.0,0,True,0.5929994533288809,neutral
E2F2_Hsapiens-SwissRegulon-E2F2.SwissRegulon,E2F2,10,0.027610747752854777,0.008265008663807657,2.0114468301063573,-0.2630515317714887,2.274498361877846,0,False,-0.49090909090909085,tumor-gain
E2F2_Hsapiens-jaspar2016-E2F2-MA0864.1,E2F2,8,0.11069778043093127,0.07940038968265271,0.9543804028720401,0.004749006537355624,0.9496313963346844,0,False,-0.7380952380952381,tumor-gain
E2F2_Hsapiens-jaspar2018-E2F2-MA0864.1,E2F2,5,0.085561579611526,0.04430536990407192,-0.39312425388138145,-0.49674913738518006,0.10362488350379861,0,False,-0.09999999999999999,neutral
E2F2_Hsapiens-jolma2013-E2F2,E2F2,9,0.19491768745052895,0.1153409861094266,0.3389780066308623,-0.889878815299434,1.2288568219302962,0,False,-0.35,normal-suppression
E2F2_Hsapiens-jolma2013-E2F2-2,E2F2,8,0.41797713100844064,0.29486582494046226,-0.1860572951483928,-1.0219830222368638,0.835925727088471,0,False,-0.4523809523809524,normal-suppression
E2F2_Hsapiens-jolma2013-E2F2-3,E2F2,6,0.042796125714395464,0.031551902122207674,0.0578207282721972,-0.7138558252220525,0.7716765534942497,0,False,-0.2571428571428572,normal-suppression
E2F3_Hsapiens-HOCOMOCOv10-E2F3_HUMAN.H10MO.B,E2F3,5,1.0,0.5007488766849718,2.0781085276718874,0.1807246565043863,1.897383871167501,0,False,0.05129891760425771,tumor-gain
E2F3_Hsapiens-SwissRegulon-E2F3.SwissRegulon,E2F3,9,0.5410300444081162,0.2028257131337135,2.0700670072819713,0.4918671157352544,1.578199891546717,0,False,-0.2833333333333333,tumor-gain
E2F3_Hsapiens-jaspar2016-E2F3-MA0469.2,E2F3,5,0.3475252880847777,0.3475252880847777,0.0,0.0,0.0,0,True,0.9999999999999999,neutral
E2F3_Hsapiens-jaspar2018-E2F3-MA0469.2,E2F3,5,0.3154435649637946,0.21211701578345485,-0.17940066269551497,-0.6915940282835543,0.5121933655880393,0,False,0.09999999999999999,normal-suppression
E2F3_Hsapiens-jolma2013-E2F3,E2F3,5,0.3764693814410822,0.29081046773769453,0.7479989098709898,0.16484510460972673,0.583153805261263,0,False,0.19999999999999998,tumor-gain
E2F3_Hsapiens-jolma2013-E2F3-2,E2F3,4,0.20080710025101475,0.20080710025101475,0.0,0.0,0.0,0,True,1.0,neutral
E2F3_Hsapiens-jolma2013-E2F3-3,E2F3,3,0.28640445566108774,0.26102966833105984,-0.2211522256458185,-0.7456690184438838,0.5245167927980653,0,False,,normal-suppression
E2F4_Hsapiens-HOCOMOCOv10-E2F4_HUMAN.H10MO.A,E2F4,4,0.8241743145175029,0.6702502964342871,-0.08466263443183446,-0.6374290563213535,0.5527664218895191,0,False,-0.39999999999999997,normal-suppression
E2F4_Hsapiens-JASPAR_2014-E2F4-MA0470.1,E2F4,2,0.4587458435210689,0.4587458435210689,0.0,0.0,0.0,0,True,,neutral
E2F4_Hsapiens-SwissRegulon-E2F4.SwissRegulon,E2F4,7,0.11834906680673492,0.11834906680673492,0.0,0.0,0.0,0,True,0.642857142857143,neutral
E2F4_Hsapiens-jaspar2016-E2F4-MA0470.1,E2F4,8,0.4375663330501547,0.3706944200942849,1.0197983969774662,-0.9568017195406079,1.9766001165180742,0,False,-0.4285714285714286,tumor-gain
E2F4_Hsapiens-jaspar2018-E2F4-MA0470.1,E2F4,6,0.35754245190425377,0.2662895936421158,0.6202833932452174,-0.28265988023575817,0.9029432734809756,0,False,-0.028571428571428574,tumor-gain
E2F4_Hsapiens-jolma2013-E2F4,E2F4,10,0.009986275265196833,0.005282096188128708,1.884631617525323,0.47486357866427603,1.409768038861047,0,False,-0.2127669402880226,tumor-gain
E2F4_Hsapiens-jolma2013-E2F4-2,E2F4,8,0.0010331579584484183,0.0010331579584484183,0.0,0.0,0.0,0,True,0.21821789023599236,neutral
E2F5_Hsapiens-HOCOMOCOv10-E2F5_HUMAN.H10MO.B,E2F5,10,1.0,0.6009577015163603,0.674744926944615,-0.6081519326778156,1.2828968596224306,0,False,-0.019069251784911846,tumor-gain
E2F5_Hsapiens-SwissRegulon-E2F5.SwissRegulon,E2F5,10,0.5038349424241806,0.3684483245270194,0.2504751215083374,-0.952777090830464,1.2032522123388014,0,False,0.1768325556625402,normal-suppression
E2F6_Hsapiens-HOCOMOCOv10-E2F6_HUMAN.H10MO.C,E2F6,3,0.5952848357414658,0.5952848357414658,0.0,0.0,0.0,0,True,,neutral
E2F6_Hsapiens-JASPAR_2014-E2F6-MA0471.1,E2F6,5,0.5783516958567013,0.4274006037961401,0.6275234711833854,-0.6567001323402201,1.2842236035236054,0,False,-0.7,tumor-gain
E2F6_Hsapiens-SwissRegulon-E2F6.SwissRegulon,E2F6,2,0.4619416501387913,0.4193512763429921,-1.7579866127686723,-1.9521433657682903,0.194156752999618,0,False,,neutral
E2F6_Hsapiens-jaspar2016-E2F6-MA0471.1,E2F6,5,0.39149651601826,0.39149651601826,0.0,0.0,0.0,0,True,0.39999999999999997,neutral
E2F6_Hsapiens-jaspar2018-E2F6-MA0471.1,E2F6,6,0.27816525707474615,0.2218775128621707,-0.009989848560345136,-0.5955510678530909,0.5855612192927457,0,False,-0.2571428571428572,normal-suppression
E2F7_1	E2F7_jolma_DBD_M78,E2F7,4,0.3166726780555161,0.3166726780555161,0.0,0.0,0.0,0,True,0.7999999999999999,neutral
E2F7_Hsapiens-HOCOMOCOv10-E2F7_HUMAN.H10MO.D,E2F7,8,1.0,0.6672212978369385,-0.00803963038635066,-0.2320358045583319,0.22399617417198123,0,False,0.5400617248673217,neutral
E2F7_Hsapiens-SwissRegulon-E2F7.SwissRegulon,E2F7,8,1.0,0.6108854787324591,-0.31105746544578,-1.7232948235668897,1.4122373581211096,0,False,-0.28571428571428575,normal-suppression
E2F7_Hsapiens-jaspar2016-E2F7-MA0758.1,E2F7,6,0.024560126316316294,0.021249974774483912,-0.09030068304898275,-1.5184984527886525,1.4281977697396697,0,False,0.2,normal-suppression
E2F7_Hsapiens-jaspar2018-E2F7-MA0758.1,E2F7,8,0.009477002723337315,0.007777495839621342,0.01863535394774001,-0.13306764601028928,0.1517029999580293,0,False,0.07142857142857144,neutral
E2F7_Hsapiens-jolma2013-E2F7,E2F7,7,0.008917500229832481,0.003944348717948685,-0.7673272581162704,-0.9766576061893552,0.2093303480730847,0,False,-0.14285714285714288,neutral
E2F8_1	E2F8_jolma_DBD_M754,E2F8,5,1.0,1.0,0.0,0.0,0.0,0,True,0.8999999999999998,neutral
E2F8_Hsapiens-HOCOMOCOv10-E2F8_HUMAN.H10MO.D,E2F8,4,0.6674426338543398,0.6674426338543398,0.0,0.0,0.0,0,True,0.7999999999999999,neutral
E2F8_Hsapiens-SwissRegulon-E2F8.SwissRegulon,E2F8,6,0.00199022758029782,0.0010160584269459769,0.3122137021064781,-0.34799190905420113,0.6602056111606792,0,False,-0.2,other
E2F8_Hsapiens-jaspar2016-E2F8-MA0865.1,E2F8,8,0.02637634979642417,0.013548105138290528,0.48259667564156805,-0.8627058890288626,1.3453025646704306,0,False,0.28571428571428575,normal-suppression
E2F8_Hsapiens-jaspar2018-E2F8-MA0865.1,E2F8,4,0.0022747394215270745,0.0017737304560216298,1.5882075523284598,-0.3516677574281741,1.939875309756634,0,False,-0.39999999999999997,tumor-gain
E2F8_Hsapiens-jolma2013-E2F8,E2F8,6,0.0018354004093293764,0.0018354004093293764,0.0,0.0,0.0,0,True,0.7714285714285715,neutral
E2F_disc1 E2F1_HeLa-S3_encode-Snyder_seq_hsa_r1:MDscan#2#Intergenic,E2F1,10,1.0,0.5609140480188638,0.3233257987683237,-0.22423183705623112,0.5475576358245549,0,False,0.3939393939393939,other
E2F_disc2 E2F6_HeLa-S3_encode-Snyder_seq_hsa_r1:MDscan#1#Intergenic,E2F6,2,0.2137201248605494,0.16423768574645414,-0.0865868429792842,-0.3780563884194177,0.2914695454401335,0,False,,neutral
E2F_disc4 E2F4_K562b_encode-Snyder_seq_hsa_r1:MDscan#1#Intergenic,E2F4,10,0.8218008806751843,0.27159315208887874,-0.34003585251543794,-2.2619523562472317,1.9219165037317938,0,False,-0.5393939393939393,normal-suppression
E2F_disc5 E2F1_HeLa-S3_encode-Snyder_seq_hsa_HA_r1:Trawler#2#Intergenic,E2F1,4,0.04454941823917821,0.03294800723939222,1.0785587722262375,-0.3701548951758212,1.4487136674020586,0,False,0.0,tumor-gain
E2F_disc6 E2F4_K562b_encode-Snyder_seq_hsa_r1:MDscan#3#Intergenic,E2F4,6,1.0,1.0,0.0,0.0,0.0,0,True,0.3714285714285715,neutral
E2F_known1	E2F1_1	E2F_transfac_M00024,E2F1,10,1.0,1.0,0.0,0.0,0.0,0,True,,neutral
E2F_known10	E2F1_10	E2F-1:DP-1_transfac_M00736,E2F1,10,0.1373439273552781,0.1079655471723309,0.6923430035612687,-0.08412313214963747,0.7764661357109062,0,False,-0.34545454545454546,tumor-gain
E2F_known11	E2F1_11	E2F-1:DP-2_transfac_M00737,E2F1,10,0.02671383477769028,0.00531397358017685,1.1670410169723864,0.5720699144400541,0.5949711025323323,0,False,0.018293022999573125,tumor-gain
E2F_known12	E2F4_1	E2F-4:DP-1_transfac_M00738,E2F4,4,0.0031413737562885485,0.0031413737562885485,0.0,0.0,0.0,0,True,0.39999999999999997,neutral
E2F_known13	E2F4_2	E2F-4:DP-2_transfac_M00739,E2F4,9,0.0068264751696817845,0.0017127939546237219,0.6718525294244228,-0.19039501226748523,0.862247541691908,0,False,0.5166666666666667,tumor-gain
E2F_known15	E2F1_13	E2F_transfac_M00803,E2F1,3,0.18300653594771243,0.09222948438634714,1.0117252234586402,-0.1019676778643092,1.1136929013229495,0,False,,tumor-gain
E2F_known16	E2F1_14	E2F_transfac_M00918,E2F1,8,0.6672212978369385,0.22314722273747864,0.40713254297367507,-0.5913599958032303,0.9984925387769054,0,False,0.084343471224579,normal-suppression
E2F_known17	E2F1_15	E2F_transfac_M00919,E2F1,9,1.0,0.562178845874813,0.7846805048892888,-0.36679473600086054,1.1514752408901492,0,False,0.07531446678801507,tumor-gain
E2F_known18	E2F1_16	E2F_transfac_M00920,E2F1,9,1.0,0.5635638142665397,0.11000895440698402,-0.12088416112889808,0.2308931155358821,0,False,0.35983578576496095,neutral
E2F_known19	E2F1_17	E2F-1_transfac_M00938,E2F1,9,0.7506856152436951,0.4230330336996119,-0.03927988509626543,-0.325242091607282,0.28596220651101656,0,False,0.21281413268968716,neutral
E2F_known2	E2F1_2	E2F_transfac_M00050,E2F1,8,1.0,1.0,0.0,0.0,0.0,0,True,0.6831300510639734,neutral
E2F_known20	E2F1_18	E2F-1_transfac_M00939,E2F1,8,0.1932691048099939,0.12895694069311045,0.14863909461926644,-0.052705688272578,0.20134478289184443,0,False,0.27545404024004955,neutral
E2F_known21	E2F1_19	E2F-1_transfac_M00940,E2F1,10,1.0,0.4623232843605838,0.3491824942206687,-0.8469251691581293,1.1961076633787981,0,False,0.12884405501936824,normal-suppression
E2F_known23	E2F3_1	E2F3_bulyk_sc09-primary,E2F3,9,1.0,0.5846593300407443,0.9258259809372209,0.0711821135184219,0.854643867418799,0,False,0.016666666666666666,tumor-gain
E2F_known24	E2F3_2	E2F3_jolma_DBD_M75,E2F3,7,0.5911336360918527,0.5911336360918527,0.0,0.0,0.0,0,True,0.3214285714285715,neutral
E2F_known25	E2F3_3	E2F3_jolma_DBD_M76,E2F3,8,0.5778191330606226,0.4306077630923029,0.5856423741163719,-0.7172623758097383,1.3029047499261102,0,False,0.6428571428571429,tumor-gain
E2F_known26	E2F3_4	E2F3_jolma_DBD_M77,E2F3,4,0.8748323555910328,0.8748323555910328,0.0,0.0,0.0,0,True,0.7999999999999999,neutral
E2F_known27	E2F1_21	E2F1_jolma_DBD_M749,E2F1,7,1.0,0.22984543634080626,-0.42902233326886646,-1.1991841526817182,0.7701618194128517,0,False,0.3571428571428572,normal-suppression
E2F_known28	E2F1_22	E2F1_jolma_DBD_M750,E2F1,9,0.3579080260684337,0.22832780070459577,-0.31640879669065336,-1.019564393177048,0.7031555964863946,0,False,0.3,normal-suppression
E2F_known29	E2F4_3	E2F4_jolma_DBD_M752,E2F4,8,0.24886174699126837,0.008715510246815722,0.6749877338402115,0.19630205839698198,0.4786856754432295,0,False,0.0,neutral
E2F_known3	E2F1_3	E2F_transfac_M00425,E2F1,5,0.14395758483162083,0.14395758483162083,0.0,0.0,0.0,0,True,0.6668859288553503,neutral
E2F_known30	E2F4_4	E2F4_jolma_DBD_M753,E2F4,9,0.016330069953336718,0.006100867134439978,-0.003898611851653897,-0.6834803801691859,0.679581768317532,0,False,0.4686233489032049,normal-suppression
E2F_known4	E2F1_4	E2F_transfac_M00426,E2F1,9,0.18846407031152704,0.16965326057194718,0.5135265153787448,-0.5686178046054989,1.0821443199842438,0,False,0.049999999999999996,tumor-gain
E2F_known5	E2F1_5	E2F_transfac_M00427,E2F1,9,0.06004055694062634,0.040528282553713775,0.25357162757422463,-0.4673893351344919,0.7209609627087166,0,False,0.15126584522688322,other
E2F_known6	E2F1_6	E2F-1_transfac_M00428,E2F1,4,0.7148140184109353,0.7148140184109353,0.0,0.0,0.0,0,True,0.19999999999999998,neutral
E2F_known7	E2F1_7	E2F-1_transfac_M00430,E2F1,10,0.5012468827930174,0.02105952968873225,0.12538931189080543,-0.03208381545321474,0.15747312734402016,0,False,0.11657319263657127,neutral
E2F_known8	E2F1_8	E2F-1_transfac_M00431,E2F1,9,0.09155908172781348,0.06308581555097442,0.5895689845429405,0.5640138825584027,0.02555510198453781,0,False,0.16736548175114463,neutral
E2F_known9	E2F1_9	E2F_transfac_M00516,E2F1,9,1.0,0.6929927260748403,-0.014776686228964145,-0.1339190654660198,0.11914237923705566,0,False,0.47699162299076214,neutral
E4F1_1	E4F1_transfac_M00694,E4F1,10,1.0,0.250936329588015,0.4330031498721225,-0.3093010092240486,0.7423041590961711,0,False,-0.18251993707859557,other
E4F1_Hsapiens-HOCOMOCOv10-E4F1_HUMAN.H10MO.D,E4F1,10,1.0,0.6676636756397474,0.40271011401262585,0.36657827400640314,0.036131840006222715,0,False,0.7269324623814277,neutral
E4F1_Hsapiens-SwissRegulon-E4F1.SwissRegulon,E4F1,10,0.2060526807397716,0.12855540655289255,0.22933849385078556,-0.48195199346887224,0.7112904873196578,0,False,-0.1341488353302029,other
EBF1_Hsapiens-JASPAR_2014-EBF1-MA0154.2,EBF1,10,1.0,0.32714606174650107,0.7367105671962715,0.2665166727102337,0.47019389448603777,0,False,-0.0303030303030303,neutral
EBF1_Hsapiens-SwissRegulon-EBF1.SwissRegulon,EBF1,8,0.3135725429017161,0.18876755070202808,0.11418657551445617,-0.0266450106022693,0.14083158611672547,0,False,0.0,neutral
EBF1_Hsapiens-cisbp_1.02-M1968_1.02,EBF1,8,1.0,0.5851841052194119,-0.15132815768053007,-0.17711352901067517,0.025785371330145107,0,False,-0.07142857142857144,neutral
EBF1_Hsapiens-cisbp_1.02-M5364_1.02,EBF1,7,1.0,0.6026255307614173,0.2598076259464079,0.12995565301026524,0.12985197293614265,0,False,0.21428571428571433,neutral
EBF1_Hsapiens-cisbp_1.02-M6175_1.02,EBF1,10,1.0,0.871777537137939,2.0393944785484868,0.8036272639753136,1.235767214573173,0,False,0.2121212121212121,tumor-gain
EBF1_Hsapiens-hPDI-EBF1,EBF1,2,1.0,1.0,0.0,0.0,0.0,0,True,,neutral
EBF1_Hsapiens-jaspar2016-EBF1-MA0154.2,EBF1,7,0.3340533574596037,0.2514983383192764,1.2665686375119982,0.1469910364904852,1.119577601021513,0,False,-0.28571428571428575,tumor-gain
EBF1_Hsapiens-jaspar2016-EBF1-MA0154.3,EBF1,5,0.4791011802039954,0.34394848388588434,1.1998868869047576,-0.3031046240084638,1.5029915109132215,0,False,-0.7,tumor-gain
EBF1_Hsapiens-jaspar2018-EBF1-MA0154.2,EBF1,10,0.2333053779887199,0.18883182203105772,0.01125425765694594,-0.6317469711657654,0.6430012288227114,0,False,-0.38181818181818183,normal-suppression
EBF1_Hsapiens-jaspar2018-EBF1-MA0154.3,EBF1,9,0.392582729270413,0.2801390828385788,-1.7075687670459252,-2.371619246678285,0.6640504796323596,0,False,0.0,divergent
EBF1_Hsapiens-jolma2013-EBF1,EBF1,6,0.4084276979449478,0.24585575755706848,1.00604369998241,0.21597531554748395,0.7900683844349261,0,False,-0.6,tumor-gain
EBF1_disc1 EBF1_GM12878_encode-Snyder_seq_hsa_r1:MDscan#1#Intergenic,EBF1,8,0.9093459092788573,0.6522662766341635,0.17352830037374797,-0.5558099546682607,0.7293382550420087,0,False,-0.1666666666666667,normal-suppression
EBF1_disc2 EBF1_GM12878_encode-Snyder_seq_hsa_r1:AlignACE#2#Intergenic,EBF1,8,0.6183761831049471,0.24067874396684372,0.05884947217175732,0.04655268013916108,0.012296792032596239,0,False,0.09523809523809526,neutral
EBF1_known1	EBF1_1	Olf-1_transfac_M00261,EBF1,9,0.37599850199799995,0.0007704408998602773,-0.10396447565879653,-0.38740459498010144,0.2834401193213049,0,False,-0.2333333333333333,neutral
EBF1_known2	EBF1_2	EBF_transfac_M00977,EBF1,8,1.0,0.6672212978369385,0.08478115140224327,-0.44680964706965676,0.5315907984719,0,False,0.39587731928506764,other
EBF1_known3	EBF1_3	EBF1_jaspar_MA0154.1,EBF1,8,1.0,0.8185941043083901,0.35524156672129836,-1.3310481062797308,1.686289673001029,0,False,0.09639253854237599,normal-suppression
EBF1_known4	EBF1_4	EBF1_jolma_full_M79,EBF1,6,0.970274763381201,0.41700056910830796,0.9385149477284099,0.7457307625742532,0.19278418515415674,0,False,0.028571428571428574,neutral
EBF3_Hsapiens-SwissRegulon-EBF3.SwissRegulon,EBF3,10,1.0,0.24759610739908106,0.38152132695303,-0.1253511280927214,0.5068724550457514,0,False,0.09090909090909088,other
ECSIT_Hsapiens-hPDI-ECSIT,ECSIT,3,0.20095884938074354,0.0503903184431221,0.26307054437945027,-0.04525182542475067,0.3083223698042009,0,False,,neutral
EEF1D_Hsapiens-hPDI-EEF1D,EEF1D,4,1.0,1.0,0.0,0.0,0.0,0,True,,neutral
EGR1_Hsapiens-SwissRegulon-EGR1.SwissRegulon,EGR1,10,0.250936329588015,0.1723035546466473,-2.431965956233191,-2.4837247892677214,0.05175883303453066,0,False,0.5521888072258639,neutral
EGR1_Hsapiens-jaspar2018-EGR1-MA0162.3,EGR1,9,0.35945534725022116,0.32100335806721414,0.7858263454062426,0.4892764612776334,0.2965498841286092,0,False,0.25,neutral
EGR1_Hsapiens-jolma2013-EGR1,EGR1,7,0.4352875186453811,0.38205541220768513,0.03545589176379858,-0.4727272199866323,0.5081831117504308,0,False,-0.42857142857142866,other
EGR1_Hsapiens-jolma2013-EGR1-2,EGR1,6,0.19666369636555198,0.15125242854805984,0.7983721042400794,-0.9166720749979322,1.7150441792380118,0,False,-0.2571428571428572,tumor-gain
EGR1_disc1 EGR1_H1-hESC_encode-Myers_seq_hsa_v041610.1_r1:MDscan#2#Intergenic,EGR1,4,0.12518363196869822,0.057780219687986224,0.81683108000824,-1.7259644998170218,2.542795579825262,0,False,-0.39999999999999997,tumor-gain
EGR1_disc2 EGR1_GM12878_encode-Myers_seq_hsa_PCR2x_r1:MEME#1#Intergenic,EGR1,10,0.5397548465130865,0.5397548465130865,0.0,0.0,0.0,0,True,0.1515151515151515,neutral
EGR1_disc3 EGR1_GM12878_encode-Myers_seq_hsa_v041610.1_r1:MDscan#3#Intergenic,EGR1,2,0.08147368421052631,0.057196331366557336,-0.05571765577096566,-0.10592046431718743,0.05020280854622178,0,False,,neutral
EGR1_disc4 EGR1_GM12878_encode-Myers_seq_hsa_PCR2x_r1:MEME#3#Intergenic,EGR1,3,0.5151665512079356,0.5151665512079356,0.0,0.0,0.0,0,True,,neutral
EGR1_disc5 EGR1_K562_encode-Myers_seq_hsa_v041610.1_r1:Trawler#3#Intergenic,EGR1,9,1.0,0.1947436188071648,-0.2055710412322718,-0.9191588499205536,0.7135878086882819,0,False,-0.33333333333333337,normal-suppression
EGR1_disc7 EGR1_GM12878_encode-Myers_seq_hsa_PCR2x_r1:MDscan#2#Intergenic,EGR1,5,1.0,0.21746717953954905,-0.1399143790325959,-0.514213621361083,0.37429924232848705,0,False,0.19999999999999998,neutral
EGR1_known1	EGR1_1	Egr-1_transfac_M00243,EGR1,10,1.0,0.4479768786127168,1.6671202489988246,0.7360220431714599,0.9310982058273647,0,False,0.1515151515151515,tumor-gain
EGR1_known10	EGR2_2	EGR2_jolma_DBD_M5,EGR1,6,1.0,0.31424589068775827,0.7687943286446668,-0.28735816118709884,1.0561524898317656,0,False,0.14285714285714288,tumor-gain
EGR1_known11	EGR2_3	EGR2_jolma_full_M6,EGR1,8,0.9415544196841874,0.5032642499345044,0.2535955433478856,-0.09806432300321102,0.3516598663510966,0,False,0.09523809523809526,neutral
EGR1_known12	EGR1_7	Egr1_jolma_mouse_M740,EGR1,10,1.0,0.771910121931178,0.11945179010045977,-0.2786878409137757,0.39813963101423544,0,False,-0.17575757575757575,neutral
EGR1_known2	EGR2_1	Egr-2_transfac_M00246,EGR1,7,0.11519702252001385,0.06724370356225758,-0.39924113306576753,-0.9509969147527625,0.5517557816869949,0,False,0.1785714285714286,normal-suppression
EGR1_known5	EGR1_2	Egr1_jaspar_MA0162.1,EGR1,4,1.0,0.3010482770602711,-0.668796844577096,-1.2059749733422647,0.5371781287651687,0,False,-0.7378647873726218,divergent
EGR1_known6	EGR1_3	Zif268_bulyk_nbt06-Zif268,EGR1,10,0.011215559583416556,1.1249167758331886e-06,-0.0908934933824586,-0.7568708212979344,0.6659773279154758,0,False,-0.5878787878787878,normal-suppression
EGR1_known8	EGR1_5	EGR1_jolma_DBD_M3,EGR1,10,1.0,0.6194098809219933,0.7415745174498902,0.022697501046842553,0.7188770164030477,0,False,-0.23636363636363633,tumor-gain
EGR1_known9	EGR1_6	EGR1_jolma_full_M4,EGR1,10,0.6562686518923927,0.5763232534155995,0.1977435234808608,-0.0744460983750621,0.2721896218559229,0,False,0.6,neutral
EGR2_Hsapiens-HOCOMOCOv10-EGR2_HUMAN.H10MO.C,EGR2,4,0.5565901784724524,0.3348852677086797,0.9768298797630648,-0.8956780205482869,1.8725079003113518,0,False,-0.9486832980505139,tumor-gain
EGR2_Hsapiens-SwissRegulon-EGR2.SwissRegulon,EGR2,3,0.6939980415874657,0.6397982870407417,-0.13229895027584376,-0.879731088348608,0.7474321380727642,0,False,,normal-suppression
EGR2_Hsapiens-jaspar2016-EGR2-MA0472.2,EGR2,7,0.08011462692704735,0.04735289057476284,1.7725516260342167,1.071722654326965,0.7008289717072518,0,False,0.03571428571428572,tumor-gain
EGR2_Hsapiens-jaspar2018-EGR2-MA0472.2,EGR2,7,0.048080316774138744,0.023116904012084227,1.1643029376721878,0.03685433346218558,1.1274486042100023,0,False,-0.5,tumor-gain
EGR2_Hsapiens-jolma2013-EGR2,EGR2,9,0.031031487781206884,0.018365053537919337,0.44417504026543225,0.09650782934563504,0.34766721091979724,0,False,-0.6666666666666667,neutral
EGR2_Hsapiens-jolma2013-EGR2-2,EGR2,8,0.7357331442478331,0.7357331442478331,0.0,0.0,0.0,0,True,-0.2380952380952381,neutral
EGR3_1	Egr-3_transfac_M00245,EGR3,9,0.9013157894736843,0.9013157894736843,0.0,0.0,0.0,0,True,0.6950150912113306,neutral
EGR3_2	EGR3_jolma_DBD_M7,EGR3,10,1.0,1.0,0.0,0.0,0.0,0,True,0.3696969696969697,neutral
EGR3_3	Egr3_jolma_DBD_M9,EGR3,10,1.0,0.6850196264882594,0.3637820698744962,-0.042926725288994924,0.4067087951634911,0,False,-0.5151515151515151,neutral
EGR3_Hsapiens-HOCOMOCOv10-EGR3_HUMAN.H10MO.D,EGR3,10,1.0,0.4009584664536741,0.6802549987930995,0.4948700804619972,0.18538491833110227,0,False,0.4521185691980946,neutral
EGR3_Hsapiens-SwissRegulon-EGR3.SwissRegulon,EGR3,8,0.5492626970963664,0.3556843776538776,0.04513291965722621,-0.7872865671312114,0.8324194867884376,0,False,-0.5714285714285715,normal-suppression
EGR3_Hsapiens-jaspar2016-EGR3-MA0732.1,EGR3,9,0.6087620413519386,0.5077812913072998,-0.43176728547175913,-0.879873857514411,0.4481065720426519,0,False,0.4666666666666666,neutral
EGR3_Hsapiens-jaspar2018-EGR3-MA0732.1,EGR3,10,0.6001328224028851,0.4776021521138012,0.8111354254614169,0.6233631397298388,0.18777228573157811,0,False,-0.11515151515151514,neutral
EGR3_Hsapiens-jolma2013-EGR3,EGR3,10,0.4459409922892407,0.3389845543621959,-0.9827054039550007,-1.2869594800008262,0.30425407604582544,0,False,-0.18787878787878787,neutral
EGR4_1	NGFI-C_transfac_M00244,EGR4,9,0.6014109347442682,0.12096576522346836,0.38233406235690387,-0.47477490809328177,0.8571089704501856,0,False,-0.16666666666666669,other
EGR4_2	EGR4_jolma_DBD_M8,EGR4,10,1.0,0.968038472869901,0.048845857063464435,-0.49317136324030125,0.5420172203037656,0,False,-0.04242424242424241,other
EGR4_Hsapiens-HOCOMOCOv10-EGR4_HUMAN.H10MO.D,EGR4,2,1.0,1.0,0.0,0.0,0.0,0,True,,neutral
EGR4_Hsapiens-SwissRegulon-EGR4.SwissRegulon,EGR4,9,0.4989901418113362,0.14675849114044143,-0.27619393848279417,-0.4948618222199797,0.21866788373718554,0,False,-0.016666666666666666,neutral
EGR4_Hsapiens-jaspar2016-EGR4-MA0733.1,EGR4,10,0.7814146264975094,0.5206940958976102,-0.7074337010929822,-0.9770700787401965,0.26963637764721426,0,False,0.006060606060606061,neutral
EGR4_Hsapiens-jaspar2018-EGR4-MA0733.1,EGR4,10,0.6790315794858383,0.32815664587127436,0.23979005117664293,-0.7385615994724104,0.9783516506490533,0,False,-0.6848484848484848,normal-suppression
EGR4_Hsapiens-jolma2013-EGR4,EGR4,9,0.5245296750562477,0.3568189750344196,-1.2739741956783146,-1.6799076699382083,0.4059334742598937,0,False,-0.45,neutral
EGR4_Hsapiens-jolma2013-EGR4-2,EGR4,8,0.6903847256464646,0.40523109113719386,0.014559122259262015,-0.2606054826222173,0.2751646048814793,0,False,0.28571428571428575,neutral
EHF_1	Ehf_bulyk_sc09-primary,EHF,8,0.7001228561529734,0.18878826116570976,0.124681248742705,-0.49207684186473233,0.6167580906074374,0,False,0.3333333333333334,other
EHF_2	EHF_jolma_full_M80,EHF,7,1.0,0.3118131385218987,0.6030668853891037,0.03401115715056093,0.5690557282385428,0,False,0.5357142857142858,tumor-gain
EHF_Hsapiens-HOCOMOCOv10-EHF_HUMAN.H10MO.C,EHF,4,0.16662668982407794,0.16662668982407794,0.0,0.0,0.0,0,True,0.19999999999999998,neutral
EHF_Hsapiens-HOCOMOCOv10-EHF_HUMAN.H10MO.S,EHF,5,0.7320656871218668,0.3801652892561984,-0.42031077680341594,-1.3244111478869092,0.9041003710834932,0,False,-0.9999999999999999,normal-suppression
EHF_Hsapiens-SwissRegulon-EHF.SwissRegulon,EHF,2,0.30926614722365636,0.30926614722365636,0.0,0.0,0.0,0,True,,neutral
EHF_Hsapiens-jaspar2016-EHF-MA0598.2,EHF,7,0.0870238625323912,0.0870238625323912,0.0,0.0,0.0,0,True,0.9642857142857145,neutral
EHF_Hsapiens-jaspar2018-EHF-MA0598.2,EHF,6,0.05605069783550848,0.05605069783550848,0.0,0.0,0.0,0,True,0.8285714285714287,neutral
EHF_Hsapiens-jolma2013-EHF,EHF,4,0.057739458168918144,0.028578716556494712,-1.6391891367013713,-1.8374866442844817,0.19829750758311038,0,False,-0.39999999999999997,neutral
EIF5A2_Hsapiens-hPDI-EIF5A2,EIF5A2,9,0.5007488766849718,0.2507494375012611,0.08145164253454147,-0.23764880282056255,0.319100445355104,0,False,,neutral
ELF1_Hsapiens-HOCOMOCOv10-ELF1_HUMAN.H10MO.A,ELF1,9,1.0,0.4323787900144375,-0.13904843654895768,-0.23448176184334424,0.09543332529438656,0,False,0.39999999999999997,neutral
ELF1_Hsapiens-JASPAR_2014-ELF1-MA0473.1,ELF1,9,1.0,0.5146780806032475,0.23266103102178293,-1.5398832512238807,1.7725442822456636,0,False,-0.25,normal-suppression
ELF1_Hsapiens-SwissRegulon-ELF1.SwissRegulon,ELF1,10,0.8093781673986877,0.38391857637325155,0.6311876074661309,0.18770888744811082,0.4434787200180201,0,False,0.28484848484848485,neutral
ELF1_Hsapiens-jaspar2016-ELF1-MA0473.1,ELF1,9,0.4548638970952827,0.3893422001322019,-0.5639411453431294,-1.2739456660970216,0.7100045207538922,0,False,0.43333333333333335,divergent
ELF1_Hsapiens-jaspar2016-ELF1-MA0473.2,ELF1,10,0.0886237242720813,0.0886237242720813,0.0,0.0,0.0,0,True,0.34545454545454546,neutral
ELF1_Hsapiens-jaspar2018-ELF1-MA0473.1,ELF1,7,0.2934582122582222,0.23410847749271319,-0.24632982353809144,-2.7129605504028773,2.466630726864786,0,False,-0.42857142857142866,normal-suppression
ELF1_Hsapiens-jaspar2018-ELF1-MA0473.2,ELF1,10,0.04877181864317201,0.02870380223385326,0.2581741941628932,-1.1838449670517754,1.4420191612146687,0,False,-0.006060606060606061,normal-suppression
ELF1_Hsapiens-jolma2013-ELF1,ELF1,7,0.02600778767426997,0.024369420352315978,-0.143074022299591,-1.3476722310719347,1.2045982087723437,0,False,0.6071428571428572,normal-suppression
ELF1_Hsapiens-jolma2013-ELF1-2,ELF1,5,0.03102743793752878,0.0185616523020624,1.7787640490208296,1.6075211999754189,0.17124284904541076,0,False,0.0,neutral
ELF1_disc1 ELF1_HepG2_encode-Myers_seq_hsa_v041610.1-SC-631_r1:MDscan#3#Intergenic,ELF1,10,1.0,0.5009223678354916,0.2680973384979449,-0.9288097793688601,1.1969071178668051,0,False,0.01818181818181818,normal-suppression
ELF1_disc2 ELF1_HepG2_encode-Myers_seq_hsa_v041610.1-SC-631_r1:AlignACE#3#Intergenic,ELF1,2,0.8805646512773314,0.8805646512773314,0.0,0.0,0.0,0,True,,neutral
ELF1_known1	ELF1_1	Elf-1_transfac_M00746,ELF1,4,1.0,0.6675531914893617,-0.7594002630340064,-1.9311926111000146,1.1717923480660082,0,False,,divergent
ELF1_known2	ELF1_2	ELF1_jolma_DBD_M81,ELF1,8,0.25656283708827304,0.25656283708827304,0.0,0.0,0.0,0,True,0.11904761904761905,neutral
ELF1_known3	ELF1_3	ELF1_jolma_full_M82,ELF1,9,0.16605749743006729,0.09668059754478231,-0.5914818125695276,-1.8685130697329237,1.2770312571633962,0,False,-0.00836827408755723,divergent
ELF2_1	NERF1a_transfac_M00531,ELF2,9,1.0,0.33466467065868266,-1.5731996924259057,-1.84399808869253,0.2707983962666243,0,False,-0.00874371770978336,neutral
ELF2_Hsapiens-HOCOMOCOv10-ELF2_HUMAN.H10MO.C,ELF2,6,0.3105636539052769,0.3105636539052769,0.0,0.0,0.0,0,True,0.3714285714285715,neutral
ELF2_Hsapiens-SwissRegulon-ELF2.SwissRegulon,ELF2,10,0.3749191810284129,0.0035149292560860417,-0.32648532857820256,-0.9673079154394474,0.6408225868612448,0,False,-0.10303030303030303,normal-suppression
ELF2_Hsapiens-hPDI-ELF2,ELF2,4,0.5008319467554077,0.1680532445923461,0.4437168632963451,0.42233968176153425,0.02137718153481083,0,False,0.0,neutral
ELF3_2	ELF3_jolma_DBD_M83,ELF3,8,0.11836586918048345,0.0676451067245864,-0.03261564788259494,-1.0210840796172564,0.9884684317346615,0,False,-0.38095238095238104,normal-suppression
ELF3_3	ELF3_jolma_full_M84,ELF3,3,0.46246616520665457,0.24572314516127625,-0.3852493135179148,-0.6945467287022012,0.30929741518428644,0,False,,neutral
ELF3_Hsapiens-HOCOMOCOv10-ELF3_HUMAN.H10MO.D,ELF3,7,0.7504367357125045,0.7148560022811516,0.6824789317622811,0.19736895402253832,0.48510997773974285,0,False,0.2727723627949905,neutral
ELF3_Hsapiens-SwissRegulon-ELF3.SwissRegulon,ELF3,7,0.012316964861787206,0.010308765370054282,-0.48771688734700686,-0.5594090493348112,0.07169216198780431,0,False,0.1785714285714286,neutral
ELF3_Hsapiens-jaspar2016-ELF3-MA0640.1,ELF3,7,0.1953190062622347,0.16347344744709383,-0.8614574066251787,-1.0776304492857143,0.2161730426605356,0,False,0.642857142857143,neutral
ELF3_Hsapiens-jaspar2018-ELF3-MA0640.1,ELF3,8,0.12994118842496757,0.09492655087181083,-0.35999472612658756,-1.473609163515909,1.1136144373893213,0,False,0.14285714285714288,normal-suppression
ELF3_Hsapiens-jolma2013-ELF3,ELF3,4,0.017724768633629814,0.017724768633629814,0.0,0.0,0.0,0,True,0.7999999999999999,neutral
ELF3_Hsapiens-jolma2013-ELF3-2,ELF3,7,0.0697704924791729,0.06376589167184467,0.20437179357538487,-0.12783743033614234,0.3322092239115272,0,False,-0.1785714285714286,neutral
ELF4_1	ELF4_jolma_full_M85,ELF4,8,0.09120034254224207,0.06845013437765837,-1.6224059217877145,-3.6760303202176297,2.053624398429915,0,False,-0.261904761904762,divergent
ELF4_Hsapiens-SwissRegulon-ELF4.SwissRegulon,ELF4,9,0.9469947070960797,0.35891321537937276,-0.4155024309354809,-0.7928184778838612,0.3773160469483803,0,False,0.33333333333333337,neutral
ELF4_Hsapiens-jaspar2016-ELF4-MA0641.1,ELF4,9,0.04972120911138711,0.028784641270413067,-0.7831962461943077,-1.3060737833043095,0.5228775371100017,0,False,-0.26666666666666666,divergent
ELF4_Hsapiens-jaspar2018-ELF4-MA0641.1,ELF4,7,0.029391018027325147,0.018765050229730882,-0.5639438246760531,-1.7155464302797627,1.1516026056037096,0,False,-1.0,divergent
ELF4_Hsapiens-jolma2013-ELF4,ELF4,9,0.022740483733565128,0.01951763914722357,1.2165132151318974,0.693645778234675,0.5228674368972224,0,False,0.6333333333333333,tumor-gain
ELF5_1	ELF5_jaspar_MA0136.1,ELF5,9,1.0,0.42405167010469513,1.1828707692550484,0.6840957463119544,0.49877502294309406,0,False,-0.03333333333333333,neutral
ELF5_2	ELF5_jolma_DBD_M86,ELF5,8,1.0,0.5694908000855899,-0.49266335145257123,-1.313896378006282,0.8212330265537108,0,False,0.14285714285714288,normal-suppression
ELF5_3	ELF5_jolma_full_M87,ELF5,8,0.4233619490212493,0.2985783120104247,-2.04684631607285,-2.399665155004551,0.3528188389317011,0,False,0.0,neutral
ELF5_4	Elf5_jolma_DBD_M109,ELF5,10,0.39157805616382835,0.30638201493746453,-0.3151387580425753,-1.0467978666255675,0.7316591085829922,0,False,0.35757575757575755,normal-suppression
ELF5_Hsapiens-HOCOMOCOv10-ELF5_HUMAN.H10MO.D,ELF5,7,1.0,0.6010373030121684,0.19895196789545636,-0.19834916278660072,0.3973011306820571,0,False,0.6071428571428572,neutral
ELF5_Hsapiens-SwissRegulon-ELF5.SwissRegulon,ELF5,9,0.16613362074265944,0.14473917844158712,0.2330874359490133,-0.25694688132633453,0.49003431727534785,0,False,0.5166666666666667,neutral
ELF5_Hsapiens-jaspar2016-ELF5-MA0136.2,ELF5,9,0.35791602654253807,0.2009341341790991,0.42774759312043265,0.40300313372087715,0.024744459399555496,0,False,-0.11666666666666665,neutral
ELF5_Hsapiens-jaspar2018-ELF5-MA0136.2,ELF5,10,0.22793233775134344,0.17025000064225065,-0.49462914098122196,-0.7578509580082244,0.2632218170270025,0,False,0.38181818181818183,neutral
ELF5_Hsapiens-jolma2013-ELF5,ELF5,9,0.217119493601401,0.12358880682519179,-1.7634685832671626,-2.402795815863203,0.6393272325960404,0,False,-0.8499999999999999,divergent
ELF5_Hsapiens-jolma2013-ELF5-2,ELF5,8,0.1901444640717777,0.1901444640717777,0.0,0.0,0.0,0,True,0.4523809523809524,neutral
ELK1_Hsapiens-HOCOMOCOv10-ELK1_HUMAN.H10MO.A,ELK1,10,0.3097663456779013,0.24215406562054212,0.5011925176715806,-1.9237391866778413,2.424931704349422,0,False,0.10303030303030303,tumor-gain
ELK1_Hsapiens-JASPAR_2014-ELK1-MA0028.1,ELK1,9,0.541173028245284,0.541173028245284,0.0,0.0,0.0,0,True,0.5232486729932277,neutral
ELK1_Hsapiens-JASPAR_CORE-ELK1-MA0028.1,ELK1,10,0.7008376545672121,0.558265655707787,0.15307073541237423,-1.2996402004474659,1.45271093585984,0,False,-0.1533857797849622,normal-suppression
ELK1_Hsapiens-SwissRegulon-ELK1.SwissRegulon,ELK1,9,0.4212853392232899,0.3522374786141457,0.41444166307204117,-0.6961397641132038,1.110581427185245,0,False,-0.07531446678801507,normal-suppression
ELK1_Hsapiens-jaspar2016-ELK1-MA0028.1,ELK1,10,0.4212853392232899,0.3522374786141457,-0.08033538283345466,-0.6489833370906268,0.5686479542571722,0,False,-0.19694638556693236,normal-suppression
ELK1_Hsapiens-jaspar2016-ELK1-MA0028.2,ELK1,10,0.008316693150299865,0.003667710691525355,-0.23750532518305675,-1.8306244640289033,1.5931191388458465,0,False,-0.32121212121212117,normal-suppression
ELK1_Hsapiens-jaspar2018-ELK1-MA0028.1,ELK1,10,0.4212853392232899,0.3792744358304605,0.3761966677841163,-0.6164107192125943,0.9926073869967106,0,False,-0.29389353775593957,normal-suppression
ELK1_Hsapiens-jaspar2018-ELK1-MA0028.2,ELK1,9,0.0025737717082874477,0.0005088884400171126,-0.5376482057553135,-0.8285276707855755,0.2908794650302621,0,False,-0.18333333333333335,neutral
ELK1_Hsapiens-jolma2013-ELK1,ELK1,7,0.010954001813007154,0.008619634973099194,-0.254771696091996,-2.059321412125134,1.8045497160331383,0,False,-0.3214285714285715,normal-suppression
ELK1_Hsapiens-jolma2013-ELK1-2,ELK1,10,0.003747100457978947,0.002149849354359847,1.5914555932214685,-1.5189480264626904,3.110403619684159,0,False,-0.2727272727272727,tumor-gain
ELK1_Hsapiens-jolma2013-ELK1-3,ELK1,10,0.5347977311971386,0.4090762218661182,-0.3974642917725985,-1.4518303126925574,1.0543660209199588,0,False,-0.7575757575757575,normal-suppression
ELK1_Hsapiens-jolma2013-ELK1-4,ELK1,10,0.0018248034001303213,0.000394657287913202,-2.2492351073170873,-2.455027585119499,0.2057924778024116,0,False,-0.19999999999999998,neutral
ELK3_1	ELK3_jolma_DBD_M91,ELK3,10,0.076357436865771,0.076357436865771,0.0,0.0,0.0,0,True,0.2121212121212121,neutral
ELK3_2	Elk3_jolma_DBD_M110,ELK3,8,0.0073252635788596445,0.004953781887035983,-0.02509413155461674,-0.8317357825223536,0.8066416509677369,0,False,-0.30952380952380953,normal-suppression
ELK3_Hsapiens-HOCOMOCOv10-ELK3_HUMAN.H10MO.D,ELK3,10,1.0,0.7504367357125045,-0.4071569016232035,-2.059111064019719,1.6519541623965155,0,False,-0.03178208630818641,normal-suppression
ELK3_Hsapiens-SwissRegulon-ELK3.SwissRegulon,ELK3,9,0.7817230741631342,0.16474965237855055,0.19314339275450831,-0.6798827917943506,0.8730261845488589,0,False,-0.08333333333333334,normal-suppression
ELK3_Hsapiens-jaspar2016-ELK3-MA0759.1,ELK3,8,0.022434956864408395,0.015770597172349823,-0.4719780095470275,-1.342587742465944,0.8706097329189165,0,False,0.4523809523809524,normal-suppression
ELK3_Hsapiens-jaspar2018-ELK3-MA0759.1,ELK3,8,0.012906571049788474,0.012279211539614409,-0.6687612106582497,-1.5813906780186886,0.9126294673604389,0,False,0.4047619047619048,divergent
ELK3_Hsapiens-jolma2013-ELK3,ELK3,7,0.008511775964888299,0.004677607721301953,-0.7385997649688246,-2.323934883952089,1.5853351189832643,0,False,0.07142857142857144,divergent
ELK4_1	ELK4_jaspar_MA0076.1,ELK4,10,1.0,0.12374897985481724,0.06385686839584957,-0.7704383945418831,0.8342952629377327,0,False,0.06666666666666665,normal-suppression
ELK4_2	ELK4_jolma_DBD_M92,ELK4,9,0.2525720799500576,0.2525720799500576,0.0,0.0,0.0,0,True,0.8333333333333333,neutral
ELK4_Hsapiens-HOCOMOCOv10-ELK4_HUMAN.H10MO.A,ELK4,7,1.0,0.9935042245546278,0.018211766700934544,-0.6000461620937286,0.6182579287946631,0,False,-0.07142857142857144,normal-suppression
ELK4_Hsapiens-JASPAR_2014-ELK4-MA0076.2,ELK4,9,1.0,1.0,0.0,0.0,0.0,0,True,0.31666666666666665,neutral
ELK4_Hsapiens-JASPAR_CORE-ELK4-MA0076.1,ELK4,10,0.031641160160286536,0.015603803951731011,-0.6775976502361065,-1.9477723387664012,1.2701746885302947,0,False,-0.2857156055296304,divergent
ELK4_Hsapiens-SwissRegulon-ELK4.SwissRegulon,ELK4,10,0.03547205639585519,0.006662189270337169,-0.7474674608905166,-1.874697424340429,1.1272299634499126,0,False,0.13939393939393938,divergent
ELK4_Hsapiens-jaspar2016-ELK4-MA0076.1,ELK4,10,0.017040949146456413,0.0052614912111178785,-1.0636448865498365,-1.738723186983667,0.6750783004338305,0,False,-0.3902511573242267,divergent
ELK4_Hsapiens-jaspar2016-ELK4-MA0076.2,ELK4,10,0.3252330883954015,0.29575509044883563,-0.07691907843397129,-0.280390021098945,0.20347094266497373,0,False,0.41818181818181815,neutral
ELK4_Hsapiens-jaspar2018-ELK4-MA0076.1,ELK4,10,0.007387316536943295,0.004988004625554463,0.3359661539688449,-0.552646295789075,0.8886124497579199,0,False,0.0060976743331910424,normal-suppression
ELK4_Hsapiens-jaspar2018-ELK4-MA0076.2,ELK4,10,0.26990403232188676,0.2066764932585847,-0.06775356185717574,-0.6175095861726194,0.5497560243154437,0,False,0.24848484848484845,normal-suppression
ELK4_Hsapiens-jolma2013-ELK4,ELK4,9,0.009050290752626628,0.004925498512046759,-0.009852295908425212,-1.0131217419953116,1.0032694460868863,0,False,0.08333333333333334,normal-suppression
EMX1_1	EMX1_jolma_DBD_M486,EMX1,9,0.6767187426927128,0.4430579401007462,0.5358695206870117,-0.1335803129341429,0.6694498336211545,0,False,-0.8166666666666667,tumor-gain
EMX1_2	EMX1_jolma_DBD_M487,EMX1,2,0.4316661010328687,0.4316661010328687,0.0,0.0,0.0,0,True,,neutral
EMX1_Hsapiens-SwissRegulon-EMX1.SwissRegulon,EMX1,7,0.09740553584291883,0.05637807862500837,0.5533310765483871,0.35140318396493636,0.20192789258345073,0,False,0.4642857142857144,neutral
EMX1_Hsapiens-jaspar2016-EMX1-MA0612.1,EMX1,8,0.6480536725138027,0.5119863013698631,0.34741095095316177,-0.2044299515592986,0.5518409025124604,0,False,0.523809523809524,other
EMX1_Hsapiens-jaspar2018-EMX1-MA0612.1,EMX1,8,0.4184977274620496,0.3271811501611252,0.539517920462532,-0.7780070840323938,1.3175250044949258,0,False,-0.7380952380952381,tumor-gain
EMX1_Hsapiens-jolma2013-EMX1,EMX1,7,0.11696391047752548,0.08060676028992186,0.5480350805959907,-0.46078824324226,1.0088233238382507,0,False,0.07142857142857144,tumor-gain
EMX1_Hsapiens-jolma2013-EMX1-2,EMX1,6,0.31051347325953577,0.23843662414857303,0.039622513400306016,-0.9828539439594629,1.0224764573597689,0,False,0.14285714285714288,normal-suppression
EMX2_1	Emx2_bulyk_cell08-3420.1,EMX2,8,0.5180510393423211,0.16392860343420645,0.4217440135611576,-0.4867012000384874,0.908445213599645,0,False,-0.4047619047619048,other
EMX2_2	EMX2_jolma_DBD_M488,EMX2,2,0.5083188678997509,0.4900818052010922,0.09799275879321706,-0.5700378512604911,0.6680306100537081,0,False,,normal-suppression
EMX2_3	EMX2_jolma_DBD_M489,EMX2,2,0.2520729379760534,0.2520729379760534,0.0,0.0,0.0,0,True,,neutral
EMX2_Hsapiens-HOCOMOCOv10-EMX2_HUMAN.H10MO.D,EMX2,2,0.5817521328246356,0.290761936300721,0.3693795904076244,0.11624379060200866,0.25313579980561574,0,False,,neutral
EMX2_Hsapiens-SwissRegulon-EMX2.SwissRegulon,EMX2,3,0.2057907586796161,0.18258887220537248,-0.19086662648838976,-0.4450763217608318,0.254209695272442,0,False,,neutral
EMX2_Hsapiens-jaspar2016-EMX2-MA0886.1,EMX2,5,0.10900613128274733,0.08655166675349177,0.19342105135491786,-0.07427890105630697,0.2676999524112248,0,False,-0.39999999999999997,neutral
EMX2_Hsapiens-jaspar2018-EMX2-MA0886.1,EMX2,7,0.06764965293326311,0.05540984166031222,0.4799918341131885,-0.659489954344749,1.1394817884579376,0,False,0.10714285714285716,normal-suppression
EMX2_Hsapiens-jolma2013-EMX2,EMX2,4,0.04097012808629407,0.02799659551899494,0.5384523489278698,0.2354929280151104,0.30295942091275935,0,False,-0.7999999999999999,neutral
EMX2_Hsapiens-jolma2013-EMX2-2,EMX2,3,0.24151403024979587,0.15340946597135127,0.8236025796763831,0.06833872350535036,0.7552638561710328,0,False,,tumor-gain
EN1_1	En-1_transfac_M00396,EN1,8,1.0,0.5012468827930174,0.9784676314797321,0.22606414990334328,0.7524034815763889,0,False,-0.07229440390678199,tumor-gain
EN1_2	En1_jaspar_MA0027.1,EN1,9,1.0,0.4229279321270706,-0.08467269396165361,-0.3491183040864097,0.2644456101247561,0,False,-0.22689876784032487,neutral
EN1_3	En1_bulyk_cell08-3123.2,EN1,8,1.0,0.27925463760306735,0.26144122872278824,-1.393893375162807,1.6553346038855954,0,False,-0.5000000000000001,normal-suppression
EN1_4	EN1_jolma_DBD_M490,EN1,9,1.0,0.5439743071014527,-0.17502032616556487,-0.3240711070262303,0.14905078086066545,0,False,-0.06666666666666667,neutral
EN1_5	EN1_jolma_DBD_M491,EN1,6,0.6390095769619434,0.46846449981804605,0.43512674189417627,-0.388703196789457,0.8238299386836332,0,False,-0.2,other
EN1_6	EN1_jolma_full_M492,EN1,4,0.10968339563194897,0.046665499220413145,0.04769146976422282,-0.04240934512280338,0.0901008148870262,0,False,-0.39999999999999997,neutral
EN1_7	EN1_jolma_full_M493,EN1,5,0.8350367595016636,0.8326633884899574,0.7019206560452141,-0.21605556009627291,0.9179762161414871,0,False,-0.19999999999999998,tumor-gain
EN1_Hsapiens-SwissRegulon-EN1.SwissRegulon,EN1,8,0.07923551662353172,0.041567770557582755,-0.4372305271608605,-0.5084700690739317,0.07123954191307114,0,False,0.6428571428571429,neutral
EN1_Hsapiens-jaspar2016-EN1-MA0027.2,EN1,6,0.0037543065131945574,0.0019296042923878588,-0.2780633113513855,-1.6466562372466103,1.3685929258952247,0,False,-0.7142857142857143,normal-suppression
EN1_Hsapiens-jaspar2018-EN1-MA0027.2,EN1,7,0.003868065536970158,0.0009887536455238622,-0.24580322822861955,-1.2829084239249453,1.0371051956963258,0,False,-0.07142857142857144,normal-suppression
EN1_Hsapiens-jolma2013-EN1,EN1,9,0.12214785505878217,0.0520421986723002,1.1606778524650698,-0.27357089455536254,1.4342487470204324,0,False,-0.45,tumor-gain
EN1_Hsapiens-jolma2013-EN1-2,EN1,6,0.3520316087080875,0.3520316087080875,0.0,0.0,0.0,0,True,0.2,neutral
EN1_Hsapiens-jolma2013-EN1-3,EN1,5,0.004353144721640166,0.0008310150658039534,0.20133703123212485,0.05309597461530831,0.14824105661681652,0,False,-0.49999999999999994,neutral
EN1_Hsapiens-jolma2013-EN1-4,EN1,4,0.2848299751900995,0.25710994879516713,0.8350734344656104,-0.8397560409980377,1.6748294754636481,0,False,-0.39999999999999997,tumor-gain
EN2_1	En2_bulyk_cell08-0952.1,EN2,4,0.1793018712038354,0.007831385412220278,0.5624452406693474,-0.8774938426702831,1.4399390833396306,0,False,-0.39999999999999997,tumor-gain
EN2_2	EN2_jolma_DBD_M494,EN2,7,0.778384255676306,0.7105587670639981,0.16904372076885937,-1.7247982068478385,1.8938419276166978,0,False,-0.3214285714285715,normal-suppression
EN2_3	EN2_jolma_full_M495,EN2,9,0.7799400963259429,0.5048692990333826,0.3087414579462199,0.2642664662850215,0.04447499166119839,0,False,0.6,neutral
EN2_4	En2_jolma_DBD_M500,EN2,8,0.4854126294797717,0.2442353660396832,0.8893660174803261,0.03667436230858101,0.852691655171745,0,False,-0.38095238095238104,tumor-gain
EN2_Hsapiens-SwissRegulon-EN2.SwissRegulon,EN2,10,0.12092934320045791,0.03666409360678187,0.9086815480816011,-0.19151795921014067,1.1001995072917417,0,False,-0.01818181818181818,tumor-gain
EN2_Hsapiens-jaspar2016-EN2-MA0642.1,EN2,9,0.38236738153743416,0.25736282643873093,0.7084759409099053,-0.040073896295261306,0.7485498372051665,0,False,0.26666666666666666,tumor-gain
EN2_Hsapiens-jaspar2018-EN2-MA0642.1,EN2,10,0.25587979186448717,0.16146660694639756,0.16339443050715724,-0.4776602798766574,0.6410547103838147,0,False,0.09090909090909088,other
EN2_Hsapiens-jolma2013-EN2,EN2,4,0.12457307187198456,0.05394105141313053,0.29558460506893164,-1.5236986577369571,1.8192832628058888,0,False,-1.0,normal-suppression
EN2_Hsapiens-jolma2013-EN2-2,EN2,10,0.1550494019540984,0.11525350635643847,0.9960650106355945,0.8535849352071577,0.14248007542843677,0,False,0.5636363636363636,neutral
ENO1_Hsapiens-hPDI-ENO1,ENO1,4,0.500998003992016,0.16744407323834357,0.21346295441377802,-1.2301475809656268,1.4436105353794049,0,False,,normal-suppression
EOMES_1	Eomes_bulyk_sc09-primary,EOMES,7,0.6292827466740064,0.5763574642164634,-0.5420781983792331,-0.5979061663888099,0.05582796800957679,0,False,0.5714285714285715,neutral
EOMES_2	EOMES_jolma_DBD_M255,EOMES,6,1.0,0.662251702045766,-0.1421471356744495,-1.9469473010435372,1.8048001653690877,0,False,-0.5428571428571429,normal-suppression
EOMES_3	EOMES_jolma_DBD_M256,EOMES,4,0.7288183450971122,0.24530475452911113,0.08961118958660703,-0.3314918949224456,0.4211030845090526,0,False,-0.39999999999999997,neutral
EOMES_Hsapiens-HOCOMOCOv10-EOMES_HUMAN.H10MO.D,EOMES,2,0.625090122566691,0.4237025561580166,0.2961503009196682,-1.501581934890153,1.797732235809821,0,False,,normal-suppression
EOMES_Hsapiens-SwissRegulon-EOMES.SwissRegulon,EOMES,10,0.655863758721626,0.6200693965998547,0.19268300867293744,-0.37708126214256366,0.5697642708155011,0,False,0.49090909090909085,other
EOMES_Hsapiens-jaspar2016-EOMES-MA0800.1,EOMES,7,0.503509057762928,0.3858655292137097,-0.002911185711556565,-0.48661149061165027,0.4837003049000937,0,False,0.3571428571428572,neutral
EOMES_Hsapiens-jaspar2018-EOMES-MA0800.1,EOMES,4,0.4635484765320459,0.35190972268971454,-0.518527419014069,-1.122396108343894,0.6038686893298251,0,False,-0.7999999999999999,divergent
EOMES_Hsapiens-jolma2013-EOMES,EOMES,6,0.3435429833437473,0.3435429833437473,0.0,0.0,0.0,0,True,0.2571428571428572,neutral
EOMES_Hsapiens-jolma2013-EOMES-2,EOMES,9,0.8336082709959821,0.13431874288480744,3.4095779662031394,2.4100908140570505,0.9994871521460889,0,False,0.08333333333333334,tumor-gain
EP300_Hsapiens-SwissRegulon-EP300.SwissRegulon,EP300,9,1.0,0.7557279289519013,1.1331828221148605,-0.09911346023131878,1.2322962823461794,0,False,0.016666666666666666,tumor-gain
EP300_disc1 EP300_HeLa-S3_encode-Snyder_seq_hsa_IgG-rab-N-15_r1:MDscan#3#Intergenic,EP300,9,0.7248912824038457,0.7248912824038457,0.0,0.0,0.0,0,True,0.15,neutral
EP300_disc10 EP300_HeLa-S3_encode-Snyder_seq_hsa_IgG-rab-N-15_r1:AlignACE#3#Intergenic,EP300,7,0.8239945297773367,0.8239945297773367,0.0,0.0,0.0,0,True,-0.17732484140379767,neutral
EP300_disc2 EP300_HeLa-S3_encode-Snyder_seq_hsa_IgG-rab-N-15_r1:MEME#2#Intergenic,EP300,7,0.8183062177201089,0.6980015469901458,0.6709706670223399,0.16560688315668895,0.505363783865651,0,False,0.39285714285714296,tumor-gain
EP300_disc3 EP300_HepG2_encode-Myers_seq_hsa_r1:MEME#2#Intergenic,EP300,7,1.0,0.3484302680892086,0.8500930711357882,-0.05040171193832183,0.9004947830741101,0,False,-0.1785714285714286,tumor-gain
EP300_disc4 EP300_HepG2_encode-Myers_seq_hsa_r1:Trawler#2#Intergenic,EP300,9,1.0,1.0,0.0,0.0,0.0,0,True,0.0,neutral
EP300_disc5 EP300_GM12878_encode-Myers_seq_hsa_r1:MEME#2#Intergenic,EP300,2,1.0,0.5258545875969131,-0.03561196205786747,-0.6047912796907843,0.5691793176329168,0,False,,normal-suppression
EP300_disc6 EP300_HeLa-S3_encode-Snyder_seq_hsa_IgG-rab-N-15_r1:Trawler#2#Intergenic,EP300,5,0.3342944261424936,0.2390378537193394,-1.6535270261908679,-2.3210101965882735,0.6674831703974056,0,False,0.7,divergent
EP300_disc7 EP300_HeLa-S3_encode-Snyder_seq_hsa_IgG-rab-N-15_r1:Trawler#3#Intergenic,EP300,6,1.0,0.31668856767411296,0.8009382591012038,0.4420446957068868,0.35889356339431694,0,False,-0.08827348295047496,neutral
EP300_disc9 EP300_H1-hESC_encode-Myers_seq_hsa_v041610.2_r1:AlignACE#3#Intergenic,EP300,3,0.06573463817131348,0.009743198973561537,0.22338579023039612,0.12817860942364165,0.09520718080675447,0,False,,neutral
EP300_known1	EP300_1	p300_transfac_M00033,EP300,10,1.0,0.14491882996215485,0.030858710051985837,-0.655944379426923,0.6868030894789088,0,False,-0.17575757575757575,normal-suppression
EPAS1_Hsapiens-HOCOMOCOv10-EPAS1_HUMAN.H10MO.D,EPAS1,10,1.0,0.8004788507581789,0.6343273769716957,0.22656903463756187,0.4077583423341339,0,False,0.6606071096975005,neutral
EPAS1_Hsapiens-SwissRegulon-EPAS1.SwissRegulon,EPAS1,10,0.7347390542496358,0.44293520417200866,0.7154464883399937,0.21341093291330188,0.5020355554266918,0,False,0.28484848484848485,tumor-gain
EPAS1_Hsapiens-cisbp_1.02-M6212_1.02,EPAS1,9,1.0,0.6028469585359981,-0.40816679707394116,-1.0500161831744081,0.641849386100467,0,False,-0.31666666666666665,normal-suppression
ERF_1	ERF_jolma_DBD_M93,ERF,3,0.04018832264090848,0.03354426369989604,0.03205457877801748,-0.25223055654460674,0.2842851353226242,0,False,,neutral
ERF_Hsapiens-HOCOMOCOv10-ERF_HUMAN.H10MO.D,ERF,8,0.500873471425007,0.0944609358301676,2.2091728210357418,1.052332838277465,1.1568399827582767,0,False,0.11904761904761905,tumor-gain
ERF_Hsapiens-SwissRegulon-ERF.SwissRegulon,ERF,9,0.006267056406450155,0.003320281202256019,0.951986820091012,-0.04833860324085197,1.000325423331864,0,False,-0.5333333333333333,tumor-gain
ERF_Hsapiens-jaspar2016-ERF-MA0760.1,ERF,6,0.030384532927946347,0.027031703502849738,-0.10675207253841612,-0.7538956067715161,0.6471435342331,0,False,0.028571428571428574,normal-suppression
ERF_Hsapiens-jaspar2018-ERF-MA0760.1,ERF,9,0.020520438687843687,0.01083669741017488,-0.12936916185299072,-1.6951985822872786,1.565829420434288,0,False,0.7666666666666667,normal-suppression
ERF_Hsapiens-jolma2013-ERF,ERF,5,0.01384379601902985,0.009294231993186807,0.8342075850892438,-0.10667278183540255,0.9408803669246463,0,False,0.7,tumor-gain
ERG_1	ERG_jolma_DBD_M94,ERG,8,0.13966343140323814,0.06825390370400725,0.24310212958044516,-0.42711963741627873,0.6702217669967239,0,False,0.4047619047619048,other
ERG_2	ERG_jolma_DBD_M95,ERG,8,1.0,0.4906427788236754,0.6886508325751387,0.39912330042689337,0.28952753214824534,0,False,0.30952380952380953,neutral
ERG_3	ERG_jolma_full_M96,ERG,8,0.04364281587986925,0.04303064466121668,-0.05329873952495764,-1.8804034451103515,1.827104705585394,0,False,-0.09523809523809526,normal-suppression
ERG_4	ERG_jolma_full_M97,ERG,9,0.1735925954397166,0.10007668415506751,0.22236717903043085,0.030432578890290336,0.19193460014014052,0,False,0.049999999999999996,neutral
ERG_Hsapiens-HOCOMOCOv10-ERG_HUMAN.H10MO.B,ERG,7,1.0,0.8392648745077476,0.43172335416651353,-0.7915080273316409,1.2232313814981546,0,False,-0.03571428571428572,normal-suppression
ERG_Hsapiens-SwissRegulon-ERG.SwissRegulon,ERG,10,0.11074649635301514,0.030195759509526174,1.5199006649718219,0.2338316013661385,1.2860690636056833,0,False,-0.17575757575757575,tumor-gain
ERG_Hsapiens-jaspar2016-ERG-MA0474.2,ERG,6,0.02854628770880687,0.017594876073643975,0.8190593324850247,-0.19150163089467673,1.0105609633797015,0,False,0.2571428571428572,tumor-gain
ERG_Hsapiens-jaspar2018-ERG-MA0474.2,ERG,6,0.01956076073297521,0.011919624099069881,0.809303106058771,-0.028235234556672276,0.8375383406154433,0,False,-0.08571428571428573,tumor-gain
ERG_Hsapiens-jolma2013-ERG,ERG,8,0.021121784403065995,0.013599595199911794,-1.8552999164301727,-2.4774665687089596,0.622166652278787,0,False,0.04761904761904763,divergent
ERG_Hsapiens-jolma2013-ERG-2,ERG,10,0.12485864986981834,0.12485864986981834,0.0,0.0,0.0,0,True,0.06666666666666665,neutral
ERG_Hsapiens-jolma2013-ERG-3,ERG,8,0.007956113089791121,0.004455504374202973,-1.1235102042141523,-1.620568129355756,0.49705792514160363,0,False,-0.2142857142857143,neutral
ERG_Hsapiens-jolma2013-ERG-4,ERG,8,0.04733837523373609,0.03438398049807264,-0.012101872083598962,-0.6583757818232389,0.6462739097396399,0,False,-0.07142857142857144,normal-suppression
ERR1_Hsapiens-HOCOMOCOv10-ERR1_HUMAN.H10MO.D,ESRRA,10,1.0,0.38229755178907726,1.2940744501985406,-1.9517584383311195,3.24583288852966,0,False,-0.4787878787878787,tumor-gain
ERR2_Hsapiens-HOCOMOCOv10-ERR2_HUMAN.H10MO.A,ESRRB,7,0.3624546831393976,0.07331481158337115,0.2044204644141708,-0.2344946349820365,0.4389150993962073,0,False,-0.03571428571428572,neutral
ERR3_Hsapiens-HOCOMOCOv10-ERR3_HUMAN.H10MO.B,ESRRG,5,0.2736517159978205,0.08440153154652903,0.18156590796832595,-0.32878654914246586,0.5103524571107918,0,False,-0.11180339887498948,other
ESR1_Hsapiens-HOCOMOCOv10-ESR1_HUMAN.H10MO.A,ESR1,10,0.7153049171717053,0.09281009973010926,0.5480932227744297,0.22215450852340943,0.3259387142510203,0,False,0.0303030303030303,neutral
ESR1_Hsapiens-HOCOMOCOv10-ESR1_HUMAN.H10MO.S,ESR1,10,1.0,0.12354484448412982,0.10295363145917659,-0.1776401635997034,0.28059379505888,0,False,0.19999999999999998,neutral
ESR1_Hsapiens-JASPAR_2014-ESR1-MA0112.2,ESR1,10,0.6831439388510121,0.18131878396373416,0.021549264397876612,-0.6270173337202313,0.6485665981181079,0,False,0.04242424242424241,normal-suppression
ESR1_Hsapiens-JASPAR_CORE-ESR1-MA0112.2,ESR1,10,0.7142301237930792,0.1326656200238491,0.04447690538169178,-0.24501993213638523,0.28949683751807703,0,False,-0.18787878787878787,neutral
ESR1_Hsapiens-SwissRegulon-ESR1.SwissRegulon,ESR1,10,0.5890412096885138,0.21252598595011038,0.3620340488616063,-0.5783832666001285,0.9404173154617348,0,False,-0.11515151515151514,normal-suppression
ESR1_Hsapiens-jaspar2016-ESR1-MA0112.2,ESR1,10,0.5570196891438367,0.06490012364412273,-0.034023588068384486,-0.850029327448857,0.8160057393804725,0,False,0.2121212121212121,normal-suppression
ESR1_Hsapiens-jaspar2016-ESR1-MA0112.3,ESR1,9,0.5435972475200695,0.41469395669413106,0.6783170519192815,-0.04337293375403256,0.7216899856733141,0,False,-0.2333333333333333,tumor-gain
ESR1_Hsapiens-jaspar2018-ESR1-MA0112.2,ESR1,10,0.32220259646049626,0.2506763384040551,0.573973212933912,-0.37879614734760797,0.9527693602815199,0,False,0.3696969696969697,tumor-gain
ESR1_Hsapiens-jaspar2018-ESR1-MA0112.3,ESR1,10,0.3715248383334377,0.27980143512163635,0.5012252543651601,-0.5518751220478259,1.0531003764129858,0,False,-0.12727272727272726,tumor-gain
ESR1_Hsapiens-jolma2013-ESR1,ESR1,10,0.33697787314961125,0.18102436658147383,0.47614729560333235,-0.12118978959515198,0.5973370851984843,0,False,-0.35757575757575755,other
ESR1_Mmusculus;Rnorvegicus;Xlaevis;Stropicalis;Ggallus;Hsapiens;Btaurus;Ocuniculus-jaspar2018-ESR1-MA0112.1,ESR1,10,1.0,0.7505612372162634,-0.03619102193417225,-0.1936262257027378,0.15743520376856554,0,False,0.1773774954925803,neutral
ESR2_1	ESR2_jaspar_MA0258.1,ESR2,10,0.761142990657239,0.23403825598215353,0.43055963690780913,-0.03818589928363606,0.4687455361914452,0,False,0.309090909090909,neutral
ESR2_Hsapiens-HOCOMOCOv10-ESR2_HUMAN.H10MO.A,ESR2,10,0.6117936117936118,0.3684210526315789,0.24383622499659546,-0.1553689615284763,0.39920518652507175,0,False,-0.5030303030303029,neutral
ESR2_Hsapiens-HOCOMOCOv10-ESR2_HUMAN.H10MO.S,ESR2,9,1.0,0.16762574784548206,0.661278304429591,-0.0033920396985311126,0.6646703441281221,0,False,-0.43333333333333335,tumor-gain
ESR2_Hsapiens-JASPAR_2014-ESR2-MA0258.2,ESR2,10,0.6522766025618959,0.3317108172505094,0.1360039835183987,-0.4105606267966404,0.5465646103150391,0,False,0.05454545454545454,other
ESR2_Hsapiens-JASPAR_CORE-ESR2-MA0258.1,ESR2,10,0.6919850099371514,0.15515868375627292,0.631369847082688,-0.1284326285187451,0.759802475601433,0,False,0.04242424242424241,tumor-gain
ESR2_Hsapiens-SwissRegulon-ESR2.SwissRegulon,ESR2,9,0.06781064627431811,0.06781064627431811,0.0,0.0,0.0,0,True,0.7833333333333333,neutral
ESR2_Hsapiens-jaspar2016-ESR2-MA0258.1,ESR2,10,0.44263954179103304,0.44263954179103304,0.0,0.0,0.0,0,True,0.01818181818181818,neutral
ESR2_Hsapiens-jaspar2016-ESR2-MA0258.2,ESR2,10,0.5440860132357561,0.27210244349954643,0.09260368828528924,-0.18958582183645198,0.2821895101217412,0,False,-0.05454545454545454,neutral
ESR2_Hsapiens-jaspar2018-ESR2-MA0258.1,ESR2,10,0.8282865682534056,0.8282865682534056,0.0,0.0,0.0,0,True,0.49090909090909085,neutral
ESR2_Hsapiens-jaspar2018-ESR2-MA0258.2,ESR2,10,0.5649866884974634,0.1434779501769364,0.059818404534478335,-0.2530845358952602,0.31290294042973854,0,False,-0.6121212121212121,neutral
ESRP1_Hsapiens-hPDI-RBM35A,ESRP1,8,1.0,0.1674300635021531,0.1678844648728917,-0.15514048320887444,0.32302494808176613,0,False,-0.38310708317909775,neutral
ESRP2_Hsapiens-hPDI-RBM35B,ESRP2,5,0.5007488766849718,0.5007488766849718,0.0,0.0,0.0,0,True,,neutral
ESRRA_Hsapiens-JASPAR_2014-ESRRA-MA0592.1,ESRRA,10,1.0,0.40854650303120027,-0.023588703642097482,-0.8105287711680795,0.786940067525982,0,False,-0.07878787878787878,normal-suppression
ESRRA_Hsapiens-SwissRegulon-ESRRA.SwissRegulon,ESRRA,10,0.42313568561240705,0.1132964351473006,0.9074805432089895,0.3702781259031833,0.5372024173058062,0,False,-0.3939393939393939,tumor-gain
ESRRA_Hsapiens-hPDI-ESRRA,ESRRA,7,1.0,0.5007488766849718,-0.35524684272882096,-0.5906052245670236,0.23535838183820262,0,False,0.8468812149338255,neutral
ESRRA_Hsapiens-jaspar2016-ESRRA-MA0592.1,ESRRA,10,0.23397387468491415,0.23397387468491415,0.0,0.0,0.0,0,True,0.07878787878787878,neutral
ESRRA_Hsapiens-jaspar2018-ESRRA-MA0592.1,ESRRA,9,0.12313081006699333,0.07759784277639373,0.038906453036116465,-0.249877252452821,0.28878370548893745,0,False,0.3,neutral
ESRRA_Hsapiens-jolma2013-ESRRA,ESRRA,8,0.3740009296840301,0.32252475730697666,-0.23994377557762098,-0.8479897953859202,0.6080460198082993,0,False,0.04761904761904763,normal-suppression
ESRRA_Hsapiens-jolma2013-ESRRA-2,ESRRA,9,0.15009001296732138,0.15009001296732138,0.0,0.0,0.0,0,True,0.5166666666666667,neutral
ESRRA_Hsapiens-jolma2013-ESRRA-3,ESRRA,9,0.8074187523007496,0.5020985939775023,0.926358542480913,-1.792201860845662,2.718560403326575,0,False,-0.8499999999999999,tumor-gain
ESRRA_Hsapiens-jolma2013-ESRRA-4,ESRRA,10,0.31637751039242495,0.2586874040989011,-0.45338991047161176,-1.0055189341711617,0.55212902369955,0,False,-0.12727272727272726,normal-suppression
ESRRA_Hsapiens-jolma2013-ESRRA-5,ESRRA,9,0.23547601725433043,0.23547601725433043,0.0,0.0,0.0,0,True,0.03333333333333333,neutral
ESRRA_Hsapiens-jolma2013-ESRRA-6,ESRRA,5,0.6641909228916548,0.6641909228916548,0.0,0.0,0.0,0,True,0.49999999999999994,neutral
ESRRA_disc1 ESR1_T-47D_encode-Myers_seq_hsa_Genistein-100nM-v041610.2_r1:MEME#2#Intergenic,ESRRA,10,1.0,0.3246528622313026,-0.0094494085846243,-0.20005919946722353,0.19060979088259922,0,False,-0.08510677611520903,neutral
ESRRA_disc2 ESRRA_HepG2_encode-Snyder_seq_hsa_forskolin_r1:MEME#2#Intergenic,ESRRA,10,1.0,0.7852706735760527,0.2646806748271168,-0.7521096383602488,1.0167903131873657,0,False,-0.12727272727272726,normal-suppression
ESRRA_disc3 ESR1_T-47D_encode-Myers_seq_hsa_Genistein-100nM-v041610.2_r1:Trawler#3#Intergenic,ESRRA,10,1.0,0.1943883906301998,0.3278087525326743,0.05113389075480591,0.2766748617778684,0,False,-0.2606060606060606,neutral
ESRRA_disc4 ESRRA_HepG2_encode-Snyder_seq_hsa_forskolin_r1:AlignACE#1#Intergenic,ESRRA,9,0.738266842670716,0.0438691288879194,2.1519702132449283,1.4601480245429956,0.6918221887019327,0,False,-0.08333333333333334,tumor-gain
ESRRA_known1	ESR1_1	ER_transfac_M00191,ESRRA,10,0.2603587711661452,0.0005637728458799039,0.4135125492936473,-0.36838085191254666,0.781893401206194,0,False,-0.41818181818181815,other
ESRRA_known10	ESRRA_6	Esrra_jolma_DBD_M666,ESRRA,7,0.9507954371408214,0.9507954371408214,0.0,0.0,0.0,0,True,0.7142857142857144,neutral
ESRRA_known11	ESRRA_7	Esrra_jolma_DBD_M667,ESRRA,9,0.08560622924059305,0.019417508224473523,-0.28291716393753097,-1.85801416847057,1.575097004533039,0,False,-0.6,normal-suppression
ESRRA_known2	ESRRA_1	ERR-alpha_transfac_M00511,ESRRA,5,0.889196675900277,0.3904091266040162,0.9114152516710006,-0.013306282595036517,0.9247215342660371,0,False,-0.6,tumor-gain
ESRRA_known3	ESR1_2	ER_transfac_M00959,ESRRA,10,1.0,0.4459006212185977,0.2707990599103279,-0.43340770266219436,0.7042067625725222,0,False,-0.11515151515151514,other
ESRRA_known4	ESR1_3	ESR1_jaspar_MA0112.2,ESRRA,10,0.39515805484763,0.04339888698210421,0.5904463094568642,-0.01899537319471855,0.6094416826515827,0,False,0.24848484848484845,tumor-gain
ESRRA_known5	ESRRA_2	Esrra_bulyk_sc09-primary,ESRRA,9,0.48017228056045597,0.03054003145324991,0.6933349248254921,0.6181741790942398,0.07516074573125231,0,False,-0.2333333333333333,neutral
ESRRA_known6	ESR1_4	ESR1_jolma_DBD_M658,ESRRA,9,1.0,0.6409738335353145,0.9083249957345702,-0.3590647300233129,1.267389725757883,0,False,0.08333333333333334,tumor-gain
ESRRA_known7	ESRRA_3	ESRRA_jolma_DBD_M659,ESRRA,10,1.0,0.8096194092747091,0.13749322276389764,-0.39154258035018114,0.5290358031140787,0,False,0.06666666666666665,other
ESRRA_known8	ESRRA_4	ESRRA_jolma_DBD_M660,ESRRA,7,1.0,0.242492747751984,1.024388740019489,0.3780106325854517,0.6463781074340373,0,False,-0.14285714285714288,tumor-gain
ESRRA_known9	ESRRA_5	ESRRA_jolma_DBD_M661,ESRRA,8,1.0,0.8219265502709211,0.9400108527699146,-1.4642513240528927,2.404262176822807,0,False,0.261904761904762,tumor-gain
ESRRB_1	Esrrb_jaspar_MA0141.1,ESRRB,9,1.0,0.5556373434664493,0.13101149446008858,-0.8552857820728128,0.9862972765329014,0,False,-0.13333333333333333,normal-suppression
ESRRB_2	ESRRB_jolma_DBD_M662,ESRRB,9,1.0,0.7765758782283921,0.4845895219744605,-0.42184392203323495,0.9064334440076954,0,False,0.25,other
ESRRB_Hsapiens-SwissRegulon-ESRRB.SwissRegulon,ESRRB,9,0.027183552787247912,0.015002362892309048,0.4343204965305235,-0.6478437547548895,1.082164251285413,0,False,-0.6166666666666666,normal-suppression
ESRRB_Hsapiens-jaspar2016-ESRRB-MA0141.3,ESRRB,9,0.16670475631375078,0.11209417948504095,0.49837885446985897,-0.3643415185574169,0.8627203730272759,0,False,0.6,other
ESRRB_Hsapiens-jaspar2018-ESRRB-MA0141.3,ESRRB,7,0.04899485755716565,0.04899485755716565,0.0,0.0,0.0,0,True,0.5714285714285715,neutral
ESRRB_Hsapiens-jolma2013-ESRRB,ESRRB,5,0.03307291145179234,0.025683605747647296,0.41062477256493757,-0.13645274059195223,0.5470775131568898,0,False,0.7999999999999999,other
ESRRG_1	ESRRG_jolma_full_M663,ESRRG,6,1.0,0.4111239140286764,0.38072464530461414,-0.3948672160227969,0.7755918613274111,0,False,0.14285714285714288,other
ESRRG_2	ESRRG_jolma_full_M664,ESRRG,5,0.78891355817779,0.1509796734191398,0.06439133150048948,-0.12571268538989028,0.19010401689037976,0,False,0.09999999999999999,neutral
ESRRG_3	ESRRG_jolma_full_M665,ESRRG,7,1.0,1.0,0.0,0.0,0.0,0,True,0.5714285714285715,neutral
ESRRG_Hsapiens-SwissRegulon-ESRRG.SwissRegulon,ESRRG,8,0.09413850086644224,0.04246713905356608,0.2503029942765447,0.09037755011750974,0.15992544415903492,0,False,0.04761904761904763,neutral
ESRRG_Hsapiens-jolma2013-ESRRG,ESRRG,9,0.2866642382493612,0.2852144356692979,0.21056786631639923,-1.0060813923193668,1.216649258635766,0,False,0.7833333333333333,normal-suppression
ESRRG_Hsapiens-jolma2013-ESRRG-2,ESRRG,9,0.11410577112255071,0.10597951892503137,1.067851883372729,-0.6131712049814947,1.6810230883542236,0,False,-0.3,tumor-gain
ESRRG_Hsapiens-jolma2013-ESRRG-3,ESRRG,8,0.16321271711980734,0.10569543636675968,0.06550291906175362,-0.7087227498555122,0.7742256689172659,0,False,0.023809523809523815,normal-suppression
ESX1_1	Esx1_bulyk_cell08-3124.2,ESX1,6,0.45939155371455337,0.2451155724700067,0.1208867717291938,-1.0493023380028161,1.1701891097320098,0,False,-0.14285714285714288,normal-suppression
ESX1_2	ESX1_jolma_DBD_M496,ESX1,5,0.59770681841707,0.36517600580621046,0.5579833483158616,0.24399922026112988,0.31398412805473175,0,False,-0.49999999999999994,neutral
ESX1_3	ESX1_jolma_full_M497,ESX1,5,0.5014409793849832,0.293254906442467,0.7848870410589407,-0.11763776648559589,0.9025248075445366,0,False,-0.3,tumor-gain
ESX1_Hsapiens-HOCOMOCOv10-ESX1_HUMAN.H10MO.D,ESX1,6,0.7015794771739298,0.48050356145607226,0.23345198176429996,-0.6696802121844705,0.9031321939487704,0,False,-0.3714285714285715,normal-suppression
ESX1_Hsapiens-SwissRegulon-ESX1.SwissRegulon,ESX1,6,0.05520119309462008,0.05520119309462008,0.0,0.0,0.0,0,True,0.48571428571428577,neutral
ESX1_Hsapiens-hPDI-ESX1,ESX1,4,1.0,0.33422103861517977,0.6727001351713516,0.08656142935322589,0.5861387058181258,0,False,,tumor-gain
ESX1_Hsapiens-jaspar2016-ESX1-MA0644.1,ESX1,4,0.20403516996427043,0.15955428069396282,-0.10620831563390731,-0.21213932039958736,0.10593100476568004,0,False,-0.39999999999999997,neutral
ESX1_Hsapiens-jaspar2018-ESX1-MA0644.1,ESX1,5,0.18647594076120655,0.16207772630184666,0.10049023689341537,-0.4547415962694446,0.55523183316286,0,False,0.7999999999999999,other
ESX1_Hsapiens-jolma2013-ESX1,ESX1,7,0.12445751642280048,0.0813675427168511,0.6584963192758038,0.4650522201179515,0.19344409915785227,0,False,-0.03571428571428572,neutral
ESX1_Hsapiens-jolma2013-ESX1-2,ESX1,3,0.08772048788485844,0.044391189754309425,-0.1122907746377305,-0.15050761919995612,0.03821684456222561,0,False,,neutral
ETFB_Hsapiens-hPDI-ETFB,ETFB,3,1.0,1.0,0.0,0.0,0.0,0,True,,neutral
ETS1_Hsapiens-HOCOMOCOv10-ETS1_HUMAN.H10MO.C,ETS1,8,0.384800470285862,0.384800470285862,0.0,0.0,0.0,0,True,0.30952380952380953,neutral
ETS1_Hsapiens-JASPAR_CORE-ETS1-MA0098.1,ETS1,9,0.2518703241895262,0.2518703241895262,0.0,0.0,0.0,0,True,0.2616243364966139,neutral
ETS1_Hsapiens-SwissRegulon-ETS1.SwissRegulon,ETS1,9,0.08020688570426558,0.013105931712947959,0.3671958851061892,-0.5023822764842072,0.8695781615903964,0,False,-0.3,normal-suppression
ETS1_Hsapiens-hPDI-ETS1,ETS1,3,1.0,0.250936329588015,2.0006517082799826,1.6022766741600887,0.39837503411989394,0,False,,neutral
ETS1_Hsapiens-jaspar2016-ETS1-MA0098.1,ETS1,8,0.13194444444444448,0.044934611827239415,1.182235154637786,0.35671721832686815,0.825517936310918,0,False,0.5091750772173156,tumor-gain
ETS1_Hsapiens-jaspar2016-ETS1-MA0098.3,ETS1,9,0.04017764844594582,0.01868955843800819,0.13531617023161507,-2.493308914768357,2.628625084999972,0,False,-0.7333333333333334,normal-suppression
ETS1_Hsapiens-jaspar2018-ETS1-MA0098.1,ETS1,9,0.033232889997229155,0.01970201502732241,2.9230269272778213,0.33529039934783905,2.5877365279299824,0,False,0.3514675116774037,tumor-gain
ETS1_Hsapiens-jaspar2018-ETS1-MA0098.3,ETS1,10,0.018865085963167164,0.013838098765749655,-0.6743019640298183,-1.3193603859246024,0.645058421894784,0,False,0.34545454545454546,divergent
ETS1_Hsapiens-jolma2013-ETS1,ETS1,6,0.012972558797679433,0.00671945953512931,-1.0867948141820558,-3.430058682116408,2.3432638679343523,0,False,-0.48571428571428577,divergent
ETS1_Hsapiens-jolma2013-ETS1-2,ETS1,9,0.5112766222273376,0.38125689877533164,-0.19308758953504515,-1.1215273868946305,0.9284397973595854,0,False,-0.2333333333333333,normal-suppression
ETS1_Hsapiens-jolma2013-ETS1-3,ETS1,8,0.03439450316265859,0.015995881331331997,1.6287906762593896,0.680681003599692,0.9481096726596976,0,False,-0.5000000000000001,tumor-gain
ETS1_Hsapiens-jolma2013-ETS1-4,ETS1,10,0.3196976378707576,0.15655898305471244,-0.5453620250856948,-1.667955128297304,1.1225931032116092,0,False,-0.23636363636363633,divergent
ETS2_Hsapiens-HOCOMOCOv10-ETS2_HUMAN.H10MO.C,ETS2,8,1.0,0.5722840034217286,0.6166447069794619,-0.22925637395125054,0.8459010809307125,0,False,-0.4047619047619048,tumor-gain
ETS2_Hsapiens-SwissRegulon-ETS2.SwissRegulon,ETS2,10,0.9055966947492046,0.4705622137886492,-0.0911816957274503,-0.5749541320281184,0.48377243630066813,0,False,0.06666666666666665,neutral
ETS_1	Ets_transfac_M00771,ETS,10,1.0,0.45941516966067864,0.2231774122786811,-0.07633152763116002,0.2995089399098411,0,False,0.0303030303030303,neutral
ETS_2	Ets_transfac_M00971,ETS,10,1.0,0.9395431518068985,0.38798176191131556,-0.18802306279491546,0.576004824706231,0,False,0.13939393939393938,other
ETS_disc1 ETS1_K562_encode-Myers_seq_hsa_v041610.1_r1:Trawler#1#Intergenic,ETS1,2,0.15552527200166247,0.15552527200166247,0.0,0.0,0.0,0,True,,neutral
ETS_disc2 GABPA_H1-hESC_encode-Myers_seq_hsa_r1:MDscan#1#Intergenic,GABPA,10,1.0,0.2381589842671819,-0.39229686594212493,-0.40502074330614274,0.01272387736401781,0,False,0.4666666666666666,neutral
ETS_disc3 ETS1_GM12878_encode-Myers_seq_hsa_r1:MDscan#3#Intergenic,ETS1,8,0.027778752051696717,0.0018293616888552333,-0.3266244323763631,-0.5028168538803393,0.17619242150397613,0,False,0.14285714285714288,neutral
ETS_disc4 GABPA_HepG2_encode-Myers_seq_hsa_PCR2x_r1:Trawler#3#Intergenic,GABPA,9,1.0,0.2528358033728746,-0.26546610821445826,-0.8985718852160806,0.6331057770016223,0,False,0.3,normal-suppression
ETS_disc5 ETS1_K562_encode-Myers_seq_hsa_v041610.1_r1:Weeder#2#Intergenic,ETS1,8,1.0,0.14919640551225424,0.22413831819956054,-0.09453552107442119,0.31867383927398174,0,False,0.2142857142857143,neutral
ETS_disc6 ETS1_GM12878_encode-Myers_seq_hsa_r1:Trawler#3#Intergenic,ETS1,10,1.0,0.1828830282571749,-0.9601431524149908,-1.855923624204118,0.8957804717891271,0,False,0.19999999999999998,divergent
ETS_disc7 ETS1_GM12878_encode-Myers_seq_hsa_r1:AlignACE#2#Intergenic,ETS1,7,0.3578049293805648,0.23157718532188806,-0.06775082434715027,-0.1876666148025456,0.11991579045539533,0,False,0.3571428571428572,neutral
ETS_disc8 GABPA_H1-hESC_encode-Myers_seq_hsa_r1:Trawler#1#Intergenic,GABPA,7,0.7698689076001558,0.7698689076001558,0.0,0.0,0.0,0,True,0.39285714285714296,neutral
ETS_known1	ELK1_1	Elk-1_transfac_M00007,ELK1,8,1.0,0.500998003992016,0.17985148586413122,-0.32282429024135606,0.5026757761054873,0,False,-0.37115374447904514,other
ETS_known10	GABPA_2	Gabpa_bulyk_sc09-primary,GABPA,3,0.7654643274038015,0.41654410490942045,0.13785679902638792,-1.7468303025168153,1.8846871015432032,0,False,,normal-suppression
ETS_known11	ELK1_4	ELK1_jolma_DBD_M88,ELK1,8,0.29693610000719506,0.23741914552981572,0.1540561405320889,-0.000712515982444722,0.15476865651453364,0,False,0.19047619047619052,neutral
ETS_known12	ELK1_5	ELK1_jolma_full_M89,ELK1,6,0.05318372393992582,0.04839476605837679,0.15285392802302455,0.11369496827685631,0.039158959746168245,0,False,0.7142857142857143,neutral
ETS_known13	ELK1_6	ELK1_jolma_full_M90,ELK1,9,1.0,0.6024231296909047,0.337129957421513,-1.001587426036222,1.338717383457735,0,False,-0.2833333333333333,normal-suppression
ETS_known14	ETS1_4	ETS1_jolma_DBD_M98,ETS1,7,0.06060190174424072,0.06060190174424072,0.0,0.0,0.0,0,True,0.14285714285714288,neutral
ETS_known15	ETS1_5	ETS1_jolma_DBD_M99,ETS1,9,1.0,0.45643275548637763,0.33716442016682874,-0.15086940991613418,0.4880338300829629,0,False,-0.25,neutral
ETS_known16	ETS1_6	ETS1_jolma_full_M100,ETS1,8,0.15263531802404023,0.0820270921778836,1.3085825792720445,-0.4177078619596959,1.7262904412317404,0,False,-0.261904761904762,tumor-gain
ETS_known17	ETS1_7	ETS1_jolma_full_M101,ETS1,9,1.0,0.4054631151471972,-0.7614319514198801,-1.6367772803252736,0.8753453289053935,0,False,0.049999999999999996,divergent
ETS_known18	GABPA_3	GABPA_jolma_full_M116,GABPA,7,0.050640131400530204,0.015297613554197046,-0.017243987688976004,-0.9576400125311648,0.9403960248421888,0,False,-0.42857142857142866,normal-suppression
ETS_known2	ELK1_2	Elk-1_transfac_M00025,ELK1,6,0.9168816043411828,0.9168816043411828,0.0,0.0,0.0,0,True,0.4285714285714286,neutral
ETS_known3	ETS1_1	c-Ets-1(p54)_transfac_M00032,ETS1,10,1.0,1.0,0.0,0.0,0.0,0,True,0.6363636363636362,neutral
ETS_known4	ETS1_2	c-Ets-1_transfac_M00339,ETS1,10,1.0,0.41389915919072107,0.21829303104316145,-0.8902583365030313,1.1085513675461929,0,False,-0.10303030303030303,normal-suppression
ETS_known5	ETS2_1	c-Ets-2_transfac_M00340,ETS2,6,1.0,0.5072982027011119,0.11309171875008556,-0.5277954160104154,0.640887134760501,0,False,-0.48571428571428577,normal-suppression
ETS_known6	GABP_1	GABP_transfac_M00341,ETS,7,1.0,0.6833520382178816,0.3986876838125521,0.18687092565997754,0.21181675815257456,0,False,0.8214285714285715,neutral
ETS_known7	ELK1_3	ELK1_jaspar_MA0028.1,ELK1,6,1.0,0.9287145708582835,-0.5344398441353441,-0.897881764221274,0.3634419200859299,0,False,0.8285714285714287,neutral
ETS_known8	ETS1_3	ETS1_jaspar_MA0098.1,ETS1,9,1.0,0.7395833333333335,-1.6955128070134906,-2.141997037192376,0.4464842301788856,0,False,0.4322654835582666,neutral
ETS_known9	GABPA_1	GABPA_jaspar_MA0062.2,GABPA,8,1.0,0.4132214238539206,-0.576123635009337,-0.7956522120191364,0.21952857700979933,0,False,0.07142857142857144,neutral
ETV1_1	ETV1_jolma_DBD_M102,ETV1,10,0.09388860121540844,0.0452557517275163,-1.30715437581493,-2.4445845250236182,1.1374301492086882,0,False,-0.6121212121212121,divergent
ETV1_Hsapiens-HOCOMOCOv10-ETV1_HUMAN.H10MO.B,ETV1,9,0.026659094321150233,0.026659094321150233,0.0,0.0,0.0,0,True,0.45,neutral
ETV1_Hsapiens-SwissRegulon-ETV1.SwissRegulon,ETV1,10,0.9468938851297314,0.3132878548666376,-0.26275735413450696,-1.0388849587006028,0.7761276045660959,0,False,-0.29696969696969694,normal-suppression
ETV1_Hsapiens-jaspar2016-ETV1-MA0761.1,ETV1,9,0.0442700506262507,0.025252214908686572,0.23105774082958233,-1.4362873991856568,1.6673451400152393,0,False,0.03333333333333333,normal-suppression
ETV1_Hsapiens-jaspar2018-ETV1-MA0761.1,ETV1,10,0.02219970374253156,0.01166310179460705,0.13370304273148118,-0.9002493972043546,1.0339524399358357,0,False,-0.5272727272727272,normal-suppression
ETV1_Hsapiens-jolma2013-ETV1,ETV1,8,0.020018842886550342,0.011672147613339812,0.3563859219186989,0.09451896440745529,0.2618669575112436,0,False,0.6190476190476191,neutral
ETV2_1	ETV2_jolma_DBD_M103,ETV2,7,1.0,0.20080907705418582,-0.1977721044657353,-0.3210379537995378,0.12326584933380252,0,False,0.14285714285714288,neutral
ETV2_Hsapiens-HOCOMOCOv10-ETV2_HUMAN.H10MO.D,ETV2,9,1.0,0.3181811503647416,-0.033193976223447684,-0.8459891077764418,0.8127951315529941,0,False,-0.38333333333333336,normal-suppression
ETV2_Hsapiens-SwissRegulon-ETV2.SwissRegulon,ETV2,4,0.029861821773931856,0.029118163702524215,1.126715265316046,-0.18265334014355278,1.3093686054595988,0,False,0.0,tumor-gain
ETV2_Hsapiens-jaspar2016-ETV2-MA0762.1,ETV2,6,0.1862574932949249,0.12568345699938988,-0.47223827484231473,-1.097315388604323,0.6250771137620083,0,False,-0.2571428571428572,normal-suppression
ETV2_Hsapiens-jaspar2018-ETV2-MA0762.1,ETV2,8,0.10552584843400181,0.09309486649512798,-0.47524884891843666,-1.0343733694879025,0.5591245205694658,0,False,0.4761904761904762,normal-suppression
ETV2_Hsapiens-jolma2013-ETV2,ETV2,9,0.05890359940490478,0.05071619479159113,-0.5777194281619703,-1.4251450647289297,0.8474256365669594,0,False,0.0,divergent
ETV3_1	ETV3_jolma_DBD_M104,ETV3,6,0.06149929583900864,0.06149929583900864,0.0,0.0,0.0,0,True,0.48571428571428577,neutral
ETV3_Hsapiens-HOCOMOCOv10-ETV3_HUMAN.H10MO.D,ETV3,4,0.7507477567298113,0.40143655227454156,-0.1712563667282314,-0.3677830773551503,0.1965267106269189,0,False,,neutral
ETV3_Hsapiens-SwissRegulon-ETV3.SwissRegulon,ETV3,8,0.4348780828307663,0.4348780828307663,0.0,0.0,0.0,0,True,-0.07142857142857144,neutral
ETV3_Hsapiens-jaspar2016-ETV3-MA0763.1,ETV3,4,0.021890820965520016,0.02018884070571364,0.43326144132379807,-0.15247065891458164,0.5857321002383797,0,False,-1.0,other
ETV3_Hsapiens-jaspar2018-ETV3-MA0763.1,ETV3,6,0.027743240711989473,0.020417113887138814,1.149897921759944,0.6192389509928934,0.5306589707670507,0,False,0.14285714285714288,tumor-gain
ETV3_Hsapiens-jolma2013-ETV3,ETV3,5,0.009605343861481366,0.004442433568884455,1.2529636397273287,-0.24611902728082305,1.4990826670081518,0,False,-0.49999999999999994,tumor-gain
ETV4_1	PEA3_transfac_M00655,ETV4,10,1.0,1.0,0.0,0.0,0.0,0,True,0.4041254562261773,neutral
ETV4_2	ETV4_jolma_DBD_M105,ETV4,7,0.0828903529652009,0.05374915590212575,0.190483410493016,-1.363342829350232,1.553826239843248,0,False,-0.28571428571428575,normal-suppression
ETV4_Hsapiens-HOCOMOCOv10-ETV4_HUMAN.H10MO.B,ETV4,8,0.4809757655607456,0.23747510791664847,-0.25968565789078935,-1.2581730566945193,0.9984873988037299,0,False,-0.11904761904761905,normal-suppression
ETV4_Hsapiens-SwissRegulon-ETV4.SwissRegulon,ETV4,9,0.10838616722118989,0.10608165625810087,0.2744507559882918,-0.07331660557365212,0.3477673615619439,0,False,0.2333333333333333,neutral
ETV4_Hsapiens-hPDI-ETV4,ETV4,6,0.429630685869101,0.14444602880365046,0.4228610577118781,0.38359257982930206,0.039268477882576036,0,False,0.5428571428571429,neutral
ETV4_Hsapiens-jaspar2016-ETV4-MA0764.1,ETV4,7,0.03610776935977479,0.021253953239953827,1.821280493313915,0.8982250164038291,0.9230554769100859,0,False,-0.21428571428571433,tumor-gain
ETV4_Hsapiens-jaspar2018-ETV4-MA0764.1,ETV4,8,0.02873682636004825,0.012645400354417783,-0.6915335056977822,-1.215810584736973,0.5242770790391907,0,False,-0.023809523809523815,divergent
ETV4_Hsapiens-jolma2013-ETV4,ETV4,9,0.020375188561218577,0.00870516762831126,-1.372025486576577,-1.5382047497319022,0.16617926315532516,0,False,-0.21666666666666667,neutral
ETV5_1	ETV5_jolma_DBD_M106,ETV5,9,0.22130278982369453,0.1919302717305517,-0.4659488753083041,-1.1353232613673172,0.6693743860590131,0,False,0.5,normal-suppression
ETV5_Hsapiens-HOCOMOCOv10-ETV5_HUMAN.H10MO.D,ETV5,5,1.0,0.4907562401919519,-0.4893209690809074,-1.53684555803572,1.0475245889548126,0,False,0.05129891760425771,normal-suppression
ETV5_Hsapiens-SwissRegulon-ETV5.SwissRegulon,ETV5,9,0.05710064363391439,0.04898421150795535,0.501652246437334,0.05280561916955942,0.4488466272677746,0,False,-0.2333333333333333,neutral
ETV5_Hsapiens-jaspar2016-ETV5-MA0765.1,ETV5,9,0.14008933354480035,0.05848411561089347,1.1746680018300462,-1.744049574036154,2.9187175758662,0,False,-0.5499999999999999,tumor-gain
ETV5_Hsapiens-jaspar2018-ETV5-MA0765.1,ETV5,9,0.08584898646213034,0.06869078273430017,-0.8093145161718085,-2.925796583783179,2.1164820676113707,0,False,-0.21666666666666667,divergent
ETV5_Hsapiens-jolma2013-ETV5,ETV5,9,0.0792533225465856,0.04906970535066046,-1.7170521051453773,-2.244947841578514,0.5278957364331365,0,False,0.5166666666666667,divergent
ETV6_1	ETV6_jolma_full_M107,ETV6,10,1.0,0.7620223295243507,0.33603723672385843,-0.3846963343316472,0.7207335710555056,0,False,0.18787878787878787,other
ETV6_2	ETV6_jolma_full_M108,ETV6,9,0.6977755043719036,0.14876010562770228,0.027983323177855606,-0.46991451152533986,0.4978978347031955,0,False,-0.31666666666666665,neutral
ETV6_Hsapiens-HOCOMOCOv10-ETV6_HUMAN.H10MO.D,ETV6,10,0.5581827437278498,0.3660882844790876,-0.14114382080650276,-1.0096564494301556,0.8685126286236529,0,False,-0.06666666666666665,normal-suppression
ETV6_Hsapiens-SwissRegulon-ETV6.SwissRegulon,ETV6,9,0.1410802261255175,0.0889713974786459,-0.3911596866416078,-1.8496282410934142,1.4584685544518063,0,False,-0.43333333333333335,normal-suppression
ETV6_Hsapiens-jaspar2016-ETV6-MA0645.1,ETV6,8,0.10380102088099658,0.07278345932340155,1.0193312882094197,-0.09539400618807291,1.1147252943974926,0,False,-0.023809523809523815,tumor-gain
ETV6_Hsapiens-jaspar2018-ETV6-MA0645.1,ETV6,7,0.05671643468397992,0.049865122940619934,-0.702340865705906,-1.2246239159938415,0.5222830502879354,0,False,-0.5,divergent
ETV6_Hsapiens-jolma2013-ETV6,ETV6,10,0.21256392593476056,0.17519599687591367,0.4906506460000229,0.17070279634750476,0.3199478496525181,0,False,-0.34545454545454546,neutral
ETV6_Hsapiens-jolma2013-ETV6-2,ETV6,6,0.034580887235961554,0.0187864608345056,0.48700000498906637,0.030616336362231888,0.4563836686268345,0,False,-0.2571428571428572,neutral
ETV7_1	Tel-2_transfac_M00678,ETV7,10,1.0,0.250936329588015,0.500075474407275,0.30146033354586504,0.1986151408614099,0,False,-0.15434745553679918,neutral
ETV7_Hsapiens-HOCOMOCOv10-ETV7_HUMAN.H10MO.D,ETV7,7,1.0,0.33444281649467017,0.5981062002890639,-0.10767301971869218,0.7057792200077561,0,False,-0.23640271442232513,tumor-gain
ETV7_Hsapiens-SwissRegulon-ETV7.SwissRegulon,ETV7,7,0.9245654342818862,0.49724551995789984,0.4011014369428083,0.31190781575854015,0.08919362118426816,0,False,-0.14285714285714288,neutral
EVX1_1	Evx1_bulyk_cell08-3952.2,EVX1,6,0.7356181832027162,0.7356181832027162,0.0,0.0,0.0,0,True,0.6,neutral
EVX1_2	EVX1_jolma_DBD_M498,EVX1,8,0.6418503031267634,0.33707504647431824,-0.3638978944180587,-0.753794713893367,0.38989681947530835,0,False,-0.6428571428571429,neutral
EVX1_Hsapiens-HOCOMOCOv10-EVX1_HUMAN.H10MO.D,EVX1,6,1.0,0.013495103106960043,1.2290719955724738,0.9565076204087871,0.2725643751636867,0,False,-0.08696565534786727,neutral
EVX1_Hsapiens-SwissRegulon-EVX1.SwissRegulon,EVX1,9,0.18541099160969965,0.1819667719846829,1.4522198596544384,0.13018681039674437,1.3220330492576942,0,False,0.21666666666666667,tumor-gain
EVX1_Hsapiens-hPDI-EVX1,EVX1,2,0.6672212978369385,0.16743006350215311,0.9995070775891334,0.3069765496592602,0.6925305279298732,0,False,,tumor-gain
EVX1_Hsapiens-jaspar2016-EVX1-MA0887.1,EVX1,10,0.2964703865421894,0.17089877109071555,-0.09926564428791415,-0.7552852934849422,0.656019649197028,0,False,-0.6727272727272726,normal-suppression
EVX1_Hsapiens-jaspar2018-EVX1-MA0887.1,EVX1,10,0.35658081425653293,0.15276341051054046,-0.11179181123321022,-0.8351600540983836,0.7233682428651733,0,False,-0.309090909090909,normal-suppression
EVX1_Hsapiens-jolma2013-EVX1,EVX1,10,0.3074176358208606,0.13540225141103707,-0.040869657748312534,-0.8822069705884281,0.8413373128401156,0,False,-0.28484848484848485,normal-suppression
EVX2_1	Evx2_bulyk_cell08-2645.3,EVX2,8,0.9854736935308718,0.4212114008615585,0.24051150741788538,-0.05761197385773004,0.2981234812756154,0,False,-0.09523809523809526,neutral
EVX2_2	EVX2_jolma_DBD_M499,EVX2,9,0.4791210173376903,0.32595227474928584,2.7353298493962015,1.958669622989703,0.7766602264064986,0,False,-0.2833333333333333,tumor-gain
EVX2_Hsapiens-HOCOMOCOv10-EVX2_HUMAN.H10MO.A,EVX2,5,1.0,0.7615571776155718,-0.9665040735961313,-1.4605372555902343,0.49403318199410295,0,False,-0.3,neutral
EVX2_Hsapiens-SwissRegulon-EVX2.SwissRegulon,EVX2,8,1.0,0.26601557728271447,0.008796369269287344,-1.1894424181208838,1.1982387873901712,0,False,-0.4523809523809524,normal-suppression
EVX2_Hsapiens-jaspar2016-EVX2-MA0888.1,EVX2,9,0.3637458176447165,0.18058244268946308,1.9154559075538766,-0.023266819337699,1.9387227268915757,0,False,-0.21666666666666667,tumor-gain
EVX2_Hsapiens-jaspar2018-EVX2-MA0888.1,EVX2,8,0.2383405606558926,0.16005588787077793,2.069865287508807,1.7600918273329131,0.3097734601758939,0,False,0.523809523809524,neutral
EVX2_Hsapiens-jolma2013-EVX2,EVX2,7,0.2272261877571836,0.13814582575349718,-0.41078282318365134,-0.8638308056591866,0.45304798247553524,0,False,-0.5714285714285715,neutral
EWSR1-FLI1_Hsapiens-JASPAR_2014-EWSR1-FLI1-MA0149.1,FLI1,9,0.010822192840703198,0.010822192840703198,0.0,0.0,0.0,0,True,0.18488047749952394,neutral
EWSR1-FLI1_Hsapiens-JASPAR_CORE-EWSR1-FLI1-MA0149.1,FLI1,9,0.02124009888502089,0.021027920683282512,0.9830032904741905,0.7516681775590639,0.23133511291512665,0,False,0.16537377315791293,neutral
EWSR1-FLI1_Hsapiens-jaspar2016-EWSR1-FLI1-MA0149.1,FLI1,7,0.0013244562208523413,0.0013244562208523413,0.0,0.0,0.0,0,True,0.07142857142857144,neutral
EWSR1-FLI1_Hsapiens-jaspar2018-EWSR1-FLI1-MA0149.1,FLI1,10,0.0013244562208523413,0.0013244562208523413,0.0,0.0,0.0,0,True,0.11550205329921227,neutral
EWSR1::FLI1_1	EWSR1-FLI1_jaspar_MA0149.1,FLI1,6,1.0,0.02167796628496664,0.8219055053219749,-0.09837581486417113,0.9202813201861461,0,False,-0.028571428571428574,tumor-gain
EWSR1_Hsapiens-hPDI-EWSR1,EWSR1,8,1.0,0.4451842602872086,0.44223948868823765,-0.22139725790078388,0.6636367465890215,0,False,-0.554257096618662,other
EXO5_Hsapiens-hPDI-C1orf176,EXO5,10,1.0,1.0,0.0,0.0,0.0,0,True,-0.09816689906237581,neutral
EZH2_Hsapiens-SwissRegulon-EZH2.SwissRegulon,EZH2,10,1.0,0.48328000280531114,0.31129171928520066,-0.3579571434400954,0.669248862725296,0,False,-0.2121212121212121,other
EZR_Hsapiens-hPDI-VIL2,EZR,6,0.250936329588015,0.06296904150710489,0.42340671094886634,0.35001384975797206,0.07339286119089428,0,False,-0.09258200997725516,neutral
FAM127B_Hsapiens-hPDI-FAM127B,FAM127B,8,0.6672212978369385,0.3344425956738769,0.33800969264315067,0.003336896140027077,0.3346727965031236,0,False,0.2470831055537004,neutral
FEV_1	FEV_jaspar_MA0156.1,FEV,5,0.8574060823561251,0.3342944261424936,-0.6240501588096128,-1.0507610699065746,0.4267109110969618,0,False,0.3,neutral
FEV_2	FEV_jolma_DBD_M111,FEV,10,0.049353802187940915,0.017698080237035306,-0.25378694650897043,-2.4583053368060686,2.204518390297098,0,False,-0.16363636363636364,normal-suppression
FEV_Hsapiens-HOCOMOCOv10-FEV_HUMAN.H10MO.C,FEV,5,0.6863708329539557,0.6863708329539557,0.0,0.0,0.0,0,True,0.11180339887498948,neutral
FEV_Hsapiens-SwissRegulon-FEV.SwissRegulon,FEV,6,0.007054579297134109,0.007054579297134109,0.0,0.0,0.0,0,True,0.5428571428571429,neutral
FEV_Hsapiens-jaspar2016-FEV-MA0156.1,FEV,6,0.09636680031025756,0.03757247766023193,-0.06196748301739382,-0.2463893661859337,0.18442188316853989,0,False,0.5217939320872036,neutral
FEV_Hsapiens-jaspar2016-FEV-MA0156.2,FEV,9,0.03270502308051549,0.02203756538747055,0.3406710363561665,0.16755865411039322,0.1731123822457733,0,False,0.38333333333333336,neutral
FEV_Hsapiens-jaspar2018-FEV-MA0156.2,FEV,8,0.014132254593174574,0.009219600023054102,-0.3795710115142545,-1.1329501344677497,0.7533791229534952,0,False,0.30952380952380953,normal-suppression
FEV_Hsapiens-jolma2013-FEV,FEV,8,0.008097011029527312,0.003907310723319629,1.022560158436906,-1.0367646372668136,2.0593247957037195,0,False,-0.2380952380952381,tumor-gain
FEV_Rnorvegicus;Hsapiens-jaspar2018-FEV-MA0156.1,FEV,6,0.021522952293858737,0.010830974005801724,0.5502275355726103,-0.4623207150500369,1.0125482506226473,0,False,0.02898855178262242,tumor-gain
FEZ1_Hsapiens-hPDI-FEZ1,FEZ1,4,1.0,0.5007488766849718,-0.0032640532838483023,-0.5351085864182997,0.5318445331344515,0,False,0.316227766016838,normal-suppression
FEZF2_Hsapiens-hPDI-FEZF2,FEZF2,10,1.0,0.3344425956738769,0.2802670717542443,-0.6964612812511886,0.9767283530054329,0,False,0.18961042621620652,normal-suppression
FGF19_Hsapiens-hPDI-FGF19,FGF19,7,1.0,0.5007488766849718,1.0219255328533645,0.93686548660335,0.08506004625001451,0,False,,neutral
FHL2_Hsapiens-hPDI-FHL2,FHL2,7,1.0,0.5007488766849718,0.2921519375721574,-0.9696130546325004,1.2617649922046579,0,False,-0.2988071523335984,normal-suppression
FIGLA_1	FIGLA_jolma_DBD_M317,FIGLA,7,0.9956805337077211,0.9956805337077211,0.0,0.0,0.0,0,True,0.3214285714285715,neutral
FIGLA_Hsapiens-HOCOMOCOv10-FIGLA_HUMAN.H10MO.D,FIGLA,10,1.0,0.8313635660984547,0.5405271569308898,0.2902104555948165,0.2503167013360733,0,False,-0.04242424242424241,neutral
FIGLA_Hsapiens-SwissRegulon-FIGLA.SwissRegulon,FIGLA,7,0.0720244665873811,0.03766528276160266,0.15350234875839253,0.08190079001995568,0.07160155873843685,0,False,-0.25,neutral
FIGLA_Hsapiens-cisbp_1.02-M5430_1.02,FIGLA,10,0.41428954164300935,0.20330234984889145,-0.18272119552207802,-1.2391127501183692,1.0563915545962912,0,False,-0.35757575757575755,normal-suppression
FIGLA_Hsapiens-jaspar2016-FIGLA-MA0820.1,FIGLA,9,0.2103600436840611,0.20798754845177667,-0.62640273064064,-1.6446901674296854,1.0182874367890453,0,False,-0.15,divergent
FIGLA_Hsapiens-jaspar2018-FIGLA-MA0820.1,FIGLA,9,0.13391237248227011,0.09125803293831497,-0.23222038565483819,-1.211882982003794,0.9796625963489558,0,False,-0.13333333333333333,normal-suppression
FIGLA_Hsapiens-jolma2013-FIGLA,FIGLA,8,0.0948679483196317,0.06722860043604117,-0.4826496729931044,-1.2782562987583659,0.7956066257652614,0,False,-0.1666666666666667,normal-suppression
FIP1L1_Hsapiens-hPDI-FIP1L1,FIP1L1,3,0.6672212978369385,0.6672212978369385,0.0,0.0,0.0,0,True,,neutral
FLI1_1	FLI1_jolma_DBD_M112,FLI1,7,0.08169139523578567,0.045042652374933254,0.14049059300435207,-1.4416985668423479,1.5821891598467,0,False,-0.5357142857142858,normal-suppression
FLI1_2	FLI1_jolma_DBD_M113,FLI1,9,0.38768821907722095,0.25708767210064964,0.6549894727048007,0.0990807298042477,0.5559087429005529,0,False,0.6,tumor-gain
FLI1_3	FLI1_jolma_full_M114,FLI1,9,0.017632958615183405,0.007671737933131342,2.0991366567627208,1.7891332651693983,0.31000339159332246,0,False,0.4666666666666666,neutral
FLI1_4	FLI1_jolma_full_M115,FLI1,8,0.12517145392232662,0.12517145392232662,0.0,0.0,0.0,0,True,0.4285714285714286,neutral
FLI1_Hsapiens-HOCOMOCOv10-FLI1_HUMAN.H10MO.A,FLI1,10,1.0,1.0,0.0,0.0,0.0,0,True,0.33333333333333326,neutral
FLI1_Hsapiens-JASPAR_2014-FLI1-MA0475.1,FLI1,7,1.0,0.44167651792548074,-0.519036388728705,-0.8756315797694152,0.35659519104071025,0,False,0.5714285714285715,neutral
FLI1_Hsapiens-SwissRegulon-FLI1.SwissRegulon,FLI1,7,0.6476980951812263,0.2894910188527755,0.8756683207533164,-0.8725442774608319,1.748212598214148,0,False,-0.642857142857143,tumor-gain
FLI1_Hsapiens-jaspar2016-FLI1-MA0475.1,FLI1,8,0.19407022268745283,0.18732400912752448,0.06729858771655987,-1.4010336213110373,1.4683322090275972,0,False,0.04761904761904763,normal-suppression
FLI1_Hsapiens-jaspar2016-FLI1-MA0475.2,FLI1,8,0.006849286264047017,0.005808929885902682,0.6112316922084124,-0.13183062318965358,0.743062315398066,0,False,0.023809523809523815,tumor-gain
FLI1_Hsapiens-jaspar2018-FLI1-MA0475.1,FLI1,7,0.1559177551629365,0.15573795680750388,-0.7005189248747611,-2.148742787589458,1.448223862714697,0,False,-0.39285714285714296,divergent
FLI1_Hsapiens-jaspar2018-FLI1-MA0475.2,FLI1,7,0.006771606860617103,0.006771606860617103,0.0,0.0,0.0,0,True,0.5,neutral
FLI1_Hsapiens-jolma2013-FLI1,FLI1,10,0.022945956344921963,0.011012812921747559,1.4397130473494248,0.793179140772847,0.6465339065765778,0,False,0.5636363636363636,tumor-gain
FLI1_Hsapiens-jolma2013-FLI1-2,FLI1,10,0.22960404780437604,0.16422222113847404,0.4680052995784505,-0.04776538580485595,0.5157706853833064,0,False,-0.4666666666666666,other
FLI1_Hsapiens-jolma2013-FLI1-3,FLI1,9,0.0031953069605276598,0.0007599211510764749,0.22643436199309477,-1.6764472345499786,1.9028815965430734,0,False,0.049999999999999996,normal-suppression
FLI1_Hsapiens-jolma2013-FLI1-4,FLI1,10,0.03189750857853788,0.018180477091721107,0.4104497998898933,-0.1334222194813787,0.5438720193712719,0,False,0.10303030303030303,other
FOS::JUN(var.2)_Hsapiens-jaspar2018-FOS::JUN(var.2)-MA1126.1,FOS,10,0.9721362229102167,0.6023809523809525,0.16583896932401704,-0.6096668606741033,0.7755058299981203,0,False,0.29696969696969694,normal-suppression
FOS::JUNB_Hsapiens-jaspar2018-FOS::JUNB-MA1134.1,FOS,4,1.0,0.9311473152370991,-0.47683193781411876,-1.4114633072580722,0.9346313694439534,0,False,0.7999999999999999,normal-suppression
FOS::JUND_Hsapiens-jaspar2018-FOS::JUND-MA1141.1,FOS,10,0.9044368600682594,0.6769239053233197,0.6797946235065432,-0.7074333417358073,1.3872279652423505,0,False,0.09726488698881035,tumor-gain
FOS::JUN_Hsapiens-jaspar2018-FOS::JUN-MA0099.3,FOS,9,0.2048484848484849,0.0887254387786338,1.6119470865988477,1.2951489810963048,0.31679810550254284,0,False,0.08333333333333334,neutral
FOS::JUN_Mmusculus;Rnorvegicus;Hsapiens-jaspar2018-FOS::JUN-MA0099.2,FOS,9,0.03032216311477049,0.024976852893574635,1.0224945306213529,0.33731163026480726,0.6851829003565456,0,False,0.47060485181697,tumor-gain
FOSB::JUNB(var.2)_Hsapiens-jaspar2018-FOSB::JUNB(var.2)-MA1136.1,FOSB,10,0.07944428262053418,0.041943244343100865,0.4993208141963901,-0.7896000840386038,1.288920898234994,0,False,-0.7212121212121211,normal-suppression
FOSB::JUNB_Hsapiens-jaspar2018-FOSB::JUNB-MA1135.1,FOSB,7,0.14957371053354573,0.10657349698009937,0.7952247033360358,-2.0060210669096317,2.8012457702456675,0,False,-0.42857142857142866,tumor-gain
FOSB::JUN_Hsapiens-jaspar2018-FOSB::JUN-MA1127.1,FOSB,8,0.15656423664012895,0.05971497232512814,0.15661919795305806,-0.23113299086008707,0.3877521888131451,0,False,0.0,neutral
FOSB_Hsapiens-HOCOMOCOv10-FOSB_HUMAN.H10MO.C,FOSB,10,0.2107324348441431,0.16614233977917484,0.8306144357526319,-0.09898712249031334,0.9296015582429453,0,False,0.11515151515151514,tumor-gain
FOSB_Hsapiens-SwissRegulon-FOSB.SwissRegulon,FOSB,7,0.35928702243106175,0.11714354242186617,-0.02790054754138455,-0.7039614696710862,0.6760609221297016,0,False,0.10714285714285716,normal-suppression
FOSB_Hsapiens-cisbp_1.02-M6228_1.02,FOSB,9,0.3216278827181477,0.18806125265909907,-0.35658471295489547,-0.4574996693488729,0.1009149563939774,0,False,0.5333333333333333,neutral
FOSL1::JUN(var.2)_Hsapiens-jaspar2018-FOSL1::JUN(var.2)-MA1129.1,FOSL1,10,0.14859624603763655,0.14859624603763655,0.0,0.0,0.0,0,True,0.22424242424242422,neutral
FOSL1::JUNB_Hsapiens-jaspar2018-FOSL1::JUNB-MA1137.1,FOSL1,6,0.695613116494549,0.6675425554871447,1.564484071555793,0.14964888389558345,1.4148351876602097,0,False,-0.14285714285714288,tumor-gain
FOSL1::JUND(var.2)_Hsapiens-jaspar2018-FOSL1::JUND(var.2)-MA1143.1,FOSL1,6,0.28747408685898224,0.15634544325919986,0.5232718492269729,0.4695407358579709,0.05373111336900199,0,False,0.2,neutral
FOSL1::JUND_Hsapiens-jaspar2018-FOSL1::JUND-MA1142.1,FOSL1,8,0.1838509316770186,0.0990426225530791,-0.3847017469148127,-1.1858361023439896,0.801134355429177,0,False,-0.2380952380952381,normal-suppression
FOSL1::JUN_Hsapiens-jaspar2018-FOSL1::JUN-MA1128.1,FOSL1,10,1.0,0.9213925645609023,0.32019048884852447,-1.0735900823307523,1.3937805711792768,0,False,0.7333333333333332,normal-suppression
FOSL1_Hsapiens-HOCOMOCOv10-FOSL1_HUMAN.H10MO.A,FOSL1,8,0.3733454008585953,0.31792170207047965,0.4023219683888222,-0.8499437663346051,1.2522657347234274,0,False,-0.14285714285714288,normal-suppression
FOSL1_Hsapiens-JASPAR_2014-FOSL1-MA0477.1,FOSL1,9,0.3771824434735086,0.19703344867693748,-0.3302393322358958,-0.810694136485911,0.48045480425001524,0,False,-0.03333333333333333,neutral
FOSL1_Hsapiens-SwissRegulon-FOSL1.SwissRegulon,FOSL1,5,1.0,0.5563715146122911,0.2145063585801362,-0.19386346462971416,0.4083698232098504,0,False,0.6,neutral
FOSL1_Hsapiens-cisbp_1.02-M2279_1.02,FOSL1,8,1.0,0.4394334072981428,-0.2256856244152748,-1.868544431373212,1.6428588069579373,0,False,0.2142857142857143,normal-suppression
FOSL1_Hsapiens-cisbp_1.02-M4619_1.02,FOSL1,7,0.3176877632219265,0.19884315982026798,-0.5292466584835415,-0.7929694322648224,0.26372277378128095,0,False,0.42857142857142866,neutral
FOSL1_Hsapiens-cisbp_1.02-M6229_1.02,FOSL1,10,0.9278191541717268,0.748945221242024,-0.7094008102935286,-2.613837335053321,1.904436524759792,0,False,0.07878787878787878,divergent
FOSL1_Hsapiens-hPDI-FOSL1,FOSL1,3,1.0,0.6672212978369385,1.0571247341004812,-1.8426977460639964,2.8998224801644774,0,False,,tumor-gain
FOSL1_Hsapiens-jaspar2016-FOSL1-MA0477.1,FOSL1,10,0.19963633426189645,0.124623652096568,-0.01146620187244931,-1.9473132802391093,1.93584707836666,0,False,-0.5757575757575757,normal-suppression
FOSL1_Hsapiens-jaspar2018-FOSL1-MA0477.1,FOSL1,7,0.11929281870502713,0.04710142824894435,-0.6548599828591706,-0.944712742893232,0.28985276003406146,0,False,-0.25,neutral
FOSL2::JUN(var.2)_Hsapiens-jaspar2018-FOSL2::JUN(var.2)-MA1131.1,FOSL2,8,0.1410787515378732,0.07811378774454882,0.4640055340900545,0.009677616362557784,0.45432791772749676,0,False,-0.2142857142857143,neutral
FOSL2::JUNB(var.2)_Hsapiens-jaspar2018-FOSL2::JUNB(var.2)-MA1139.1,FOSL2,7,0.12981272932514,0.08179444978130333,0.653962128855035,-0.4524782191336519,1.1064403479886868,0,False,0.14285714285714288,tumor-gain
FOSL2::JUNB_Hsapiens-jaspar2018-FOSL2::JUNB-MA1138.1,FOSL2,9,0.10298311716204245,0.06586086420534165,0.02065591145856525,-0.3617484674993907,0.382404378957956,0,False,0.5166666666666667,neutral
FOSL2::JUND(var.2)_Hsapiens-jaspar2018-FOSL2::JUND(var.2)-MA1145.1,FOSL2,10,0.8615916955017302,0.3256384344329093,0.03591385636458764,-0.4650366472186364,0.500950503583224,0,False,-0.32121212121212117,other
FOSL2::JUND_Hsapiens-jaspar2018-FOSL2::JUND-MA1144.1,FOSL2,8,0.043918559617190225,0.02872526742792175,-0.056275766866459645,-0.1538139813531602,0.09753821448670057,0,False,0.1666666666666667,neutral
FOSL2::JUN_Hsapiens-jaspar2018-FOSL2::JUN-MA1130.1,FOSL2,7,1.0,0.6699952164553935,0.4923822320197675,-0.5417202999015501,1.0341025319213175,0,False,0.0,normal-suppression
FOSL2_Hsapiens-HOCOMOCOv10-FOSL2_HUMAN.H10MO.A,FOSL2,8,0.4663890010858335,0.40228279962663815,0.007507289767141187,-0.28809028471255366,0.29559757447969487,0,False,0.261904761904762,neutral
FOSL2_Hsapiens-JASPAR_2014-FOSL2-MA0478.1,FOSL2,9,0.47557806604084407,0.26960299666171933,0.6079589776791634,-0.4941294926710414,1.1020884703502047,0,False,-0.03333333333333333,tumor-gain
FOSL2_Hsapiens-SwissRegulon-FOSL2.SwissRegulon,FOSL2,10,1.0,0.6626442194235309,-0.5618170248675715,-1.85699872121438,1.2951816963468086,0,False,-0.12727272727272726,divergent
FOSL2_Hsapiens-cisbp_1.02-M2280_1.02,FOSL2,7,0.9733844619493242,0.5740826257462247,-0.2038152398761465,-0.8743444518192233,0.6705292119430768,0,False,-0.3571428571428572,normal-suppression
FOSL2_Hsapiens-cisbp_1.02-M4565_1.02,FOSL2,10,1.0,0.7450057324252018,0.3232402110553577,-0.7457965954021072,1.069036806457465,0,False,-0.01818181818181818,normal-suppression
FOSL2_Hsapiens-cisbp_1.02-M6230_1.02,FOSL2,8,0.7299351564960551,0.4469796780269547,0.17708297014102511,-0.567969241368755,0.7450522115097802,0,False,-0.09523809523809526,normal-suppression
FOSL2_Hsapiens-jaspar2016-FOSL2-MA0478.1,FOSL2,7,0.26832608671530833,0.17927286393934763,0.5664345290671625,-0.8395344840415797,1.4059690131087423,0,False,-0.5,tumor-gain
FOSL2_Hsapiens-jaspar2018-FOSL2-MA0478.1,FOSL2,7,0.2202241772535519,0.1583229881042272,0.8616837204867819,0.5039052979512292,0.3577784225355527,0,False,0.3214285714285715,neutral
FOS_Hsapiens-HOCOMOCOv10-FOS_HUMAN.H10MO.A,FOS,9,1.0,0.5411332347396682,-0.14476652296169804,-1.0735530612519513,0.9287865382902533,0,False,-0.15,normal-suppression
FOS_Hsapiens-JASPAR_2014-FOS-MA0476.1,FOS,10,0.6655094987902284,0.3460586448474168,0.09857588074203545,-0.12381976696711987,0.22239564770915532,0,False,-0.4787878787878787,neutral
FOS_Hsapiens-SwissRegulon-FOS.SwissRegulon,FOS,9,0.5742598647282128,0.4248516745309421,0.5773495973492888,-0.7217194255494745,1.2990690228987634,0,False,-0.5833333333333334,tumor-gain
FOS_Hsapiens-cisbp_1.02-M2278_1.02,FOS,10,1.0,0.6313824228330108,-0.27187118232975416,-0.8136485474039146,0.5417773650741604,0,False,0.13939393939393938,normal-suppression
FOS_Hsapiens-cisbp_1.02-M4530_1.02,FOS,7,1.0,0.5504272811450698,0.3078526140349761,0.0688464527577858,0.23900616127719032,0,False,-0.0727392967453308,neutral
FOS_Hsapiens-cisbp_1.02-M4590_1.02,FOS,10,1.0,0.5119432579355242,0.7191911293333112,-0.2562163611283211,0.9754074904616323,0,False,-0.23636363636363633,tumor-gain
FOS_Hsapiens-cisbp_1.02-M4607_1.02,FOS,9,0.8441503449125399,0.4960651842919715,-0.5816212162290108,-0.7903198396138625,0.2086986233848518,0,False,0.08333333333333334,neutral
FOS_Hsapiens-cisbp_1.02-M6231_1.02,FOS,9,1.0,0.8227159500103977,0.6056404288135968,-0.1374326363450609,0.7430730651586577,0,False,0.41666666666666663,tumor-gain
FOS_Hsapiens-jaspar2016-FOS-MA0476.1,FOS,9,0.3249202300023011,0.23049036357062283,0.395356423411304,-0.23011383359898074,0.6254702570102848,0,False,0.6833333333333333,other
FOS_Hsapiens-jaspar2018-FOS-MA0476.1,FOS,8,0.2519862592771922,0.20067238044196725,0.5816288336833955,-0.30490271086071696,0.8865315445441124,0,False,0.4285714285714286,tumor-gain
FOXA1_Hsapiens-HOCOMOCOv10-FOXA1_HUMAN.H10MO.A,FOXA1,9,1.0,0.8896374049123541,0.48165811443262824,-0.6670433064480243,1.1487014208806525,0,False,-0.13333333333333333,normal-suppression
FOXA1_Hsapiens-JASPAR_2014-FOXA1-MA0148.3,FOXA1,7,1.0,0.21332533829778724,-0.3198795999554102,-0.5428733080203315,0.2229937080649213,0,False,-0.5714285714285715,neutral
FOXA1_Hsapiens-JASPAR_CORE-FOXA1-MA0148.1,FOXA1,8,0.26963837461340096,0.23752043309854,-0.20331873107311355,-0.7811707412835605,0.577852010210447,0,False,-0.19047619047619052,normal-suppression
FOXA1_Hsapiens-SwissRegulon-FOXA1.SwissRegulon,FOXA1,6,0.08793042564016679,0.08573374578964145,0.41849897686041854,-0.2860557991499558,0.7045547760103743,0,False,-0.14285714285714288,other
FOXA1_Hsapiens-jaspar2016-FOXA1-MA0148.1,FOXA1,8,0.19166319984882685,0.16213703112459507,0.22123941066730715,-0.7421494943020108,0.963388904969318,0,False,0.3571428571428572,normal-suppression
FOXA1_Hsapiens-jaspar2016-FOXA1-MA0148.2,FOXA1,4,0.1399488609509592,0.1399488609509592,0.0,0.0,0.0,0,True,0.39999999999999997,neutral
FOXA1_Hsapiens-jaspar2016-FOXA1-MA0148.3,FOXA1,7,0.9520596931394225,0.2739979958150443,0.27951750977299855,0.02548357943820471,0.2540339303347938,0,False,-0.3214285714285715,neutral
FOXA1_Hsapiens-jaspar2018-FOXA1-MA0148.1,FOXA1,8,0.14416071071723688,0.10224898677636518,0.3904699543616102,-0.6446570652151604,1.0351270195767706,0,False,-0.6666666666666669,normal-suppression
FOXA1_Hsapiens-jaspar2018-FOXA1-MA0148.2,FOXA1,8,0.10780331222095207,0.09512662958870163,0.11894918483863567,-0.690415856775882,0.8093650416145177,0,False,-0.14285714285714288,normal-suppression
FOXA1_Hsapiens-jaspar2018-FOXA1-MA0148.3,FOXA1,8,0.9050285562533454,0.26577830983888423,-0.10840916998908931,-0.4287294677695058,0.3203202977804165,0,False,0.261904761904762,neutral
FOXA2_Hsapiens-HOCOMOCOv10-FOXA2_HUMAN.H10MO.A,FOXA2,8,0.33579226253645744,0.24647486512701686,0.9232562750066352,0.30682665606349846,0.6164296189431367,0,False,0.3333333333333334,tumor-gain
FOXA2_Hsapiens-SwissRegulon-FOXA2.SwissRegulon,FOXA2,2,0.5485736051768187,0.5485736051768187,0.0,0.0,0.0,0,True,,neutral
FOXA3_Hsapiens-HOCOMOCOv10-FOXA3_HUMAN.H10MO.C,FOXA3,10,1.0,0.889172115704312,0.49242997811703737,-0.4721948040046244,0.9646247821216618,0,False,0.024695592885887872,other
FOXA3_Hsapiens-SwissRegulon-FOXA3.SwissRegulon,FOXA3,9,0.9002607469045201,0.7474959794551838,-0.12129486623579025,-0.7629389968016909,0.6416441305659006,0,False,0.016666666666666666,normal-suppression
FOXA_disc2 FOXA1_HepG2_encode-Myers_seq_hsa_v041610.1-C-20_r1:Trawler#3#Intergenic,FOXA1,3,0.7150188899917671,0.07880444199783354,0.04709541330098144,-0.22998556660438796,0.2770809799053694,0,False,,neutral
FOXA_disc3 FOXA1_ECC-1_encode-Myers_seq_hsa_DMSO-0.02pct-v041610.2-C-20_r1:Trawler#2#Intergenic,FOXA1,5,0.0460184269794573,0.0460184269794573,0.0,0.0,0.0,0,True,0.7,neutral
FOXA_disc4 FOXA1_T-47D_encode-Myers_seq_hsa_DMSO-0.02pct-v041610.2-C-20_r1:Trawler#3#Intergenic,FOXA1,2,0.03179014238692523,0.010624934406282599,1.2465509872206935,0.050222453936762494,1.196328533283931,0,False,,tumor-gain
FOXA_known1	FOXA2_1	HNF3beta_transfac_M00131,FOXA2,3,0.7443251822436009,0.7443251822436009,0.0,0.0,0.0,0,True,,neutral
FOXA_known2	FOXA1_1	HNF3alpha_transfac_M00724,FOXA1,6,0.9233070023001021,0.6006790236875283,0.7767503705746156,-0.6733439321194937,1.4500943026941093,0,False,-0.48571428571428577,tumor-gain
FOXA_known4	FOXA_2	HNF3_transfac_M01012,FOXA2,6,0.25494892130048014,0.06424114594468121,0.37213851616184046,-0.14969678890438196,0.5218353050662224,0,False,0.08571428571428573,other
FOXA_known5	FOXA1_2	FOXA1_jaspar_MA0148.1,FOXA1,6,0.69763634414938,0.5233628479861564,0.3477608228661219,-0.2814649233531839,0.6292257462193058,0,False,-0.08571428571428573,other
FOXA_known6	FOXA2_2	Foxa2_jaspar_MA0047.2,FOXA2,7,0.8647300402838659,0.8635734138902786,0.6700192855683016,0.0012312125256738065,0.6687880730426278,0,False,0.21428571428571433,tumor-gain
FOXA_known7	FOXA2_3	Foxa2_bulyk_sc09-primary,FOXA2,2,0.34854873371995754,0.34854873371995754,0.0,0.0,0.0,0,True,,neutral
FOXB1_1	FOXB1_jolma_DBD_M398,FOXB1,9,1.0,0.25934338430015347,1.3741608568799302,-0.2182847916953109,1.5924456485752412,0,False,-0.48333333333333334,tumor-gain
FOXB1_2	FOXB1_jolma_DBD_M399,FOXB1,3,0.46273771504391437,0.3738044046719739,-0.1682432023374929,-0.9057324119028162,0.7374892095653233,0,False,,normal-suppression
FOXB1_4	FOXB1_jolma_full_M401,FOXB1,3,0.8077452013891492,0.8077452013891492,0.0,0.0,0.0,0,True,,neutral
FOXB1_Hsapiens-HOCOMOCOv10-FOXB1_HUMAN.H10MO.D,FOXB1,2,0.4639451090526175,0.4639451090526175,0.0,0.0,0.0,0,True,,neutral
FOXB1_Hsapiens-SwissRegulon-FOXB1.SwissRegulon,FOXB1,4,0.07705189894929701,0.07705189894929701,0.0,0.0,0.0,0,True,0.19999999999999998,neutral
FOXB1_Hsapiens-jaspar2016-FOXB1-MA0845.1,FOXB1,5,0.14019010964568715,0.14019010964568715,0.0,0.0,0.0,0,True,0.9999999999999999,neutral
FOXB1_Hsapiens-jaspar2018-FOXB1-MA0845.1,FOXB1,2,0.07451487687461136,0.07451487687461136,0.0,0.0,0.0,0,True,,neutral
FOXB1_Hsapiens-jolma2013-FOXB1,FOXB1,9,0.18381850049116777,0.1271469289353789,1.4372319083336476,-0.5688574317099215,2.006089340043569,0,False,-0.8333333333333333,tumor-gain
FOXB1_Hsapiens-jolma2013-FOXB1-2,FOXB1,3,0.2568627493842454,0.15999191266843185,0.06433555421455547,-0.3098811724510206,0.37421672666557604,0,False,,neutral
FOXC1_2	FOXC1_jaspar_MA0032.1,FOXC1,3,0.8006379585326954,0.6675531914893618,-0.479885776256555,-0.9317482990785634,0.4518625228220084,0,False,,neutral
FOXC1_5	FOXC1_jolma_DBD_M404,FOXC1,2,0.3059193771047882,0.3059193771047882,0.0,0.0,0.0,0,True,,neutral
FOXC1_Hsapiens-HOCOMOCOv10-FOXC1_HUMAN.H10MO.C,FOXC1,8,1.0,1.0,0.0,0.0,0.0,0,True,0.08383383833392813,neutral
FOXC1_Hsapiens-JASPAR_2014-FOXC1-MA0032.1,FOXC1,5,0.5565902274784972,0.534468424446028,1.63507297338547,0.6597622654806398,0.9753107079048303,0,False,-0.3,tumor-gain
FOXC1_Hsapiens-JASPAR_CORE-FOXC1-MA0032.1,FOXC1,4,0.8006379585326954,0.6675531914893618,-0.0007707885853199913,-0.7334286618206776,0.7326578732353576,0,False,0.7999999999999999,normal-suppression
FOXC1_Hsapiens-SwissRegulon-FOXC1.SwissRegulon,FOXC1,2,0.03114551246610323,0.02221667554933925,-0.5472139530162534,-1.2603212528960954,0.713107299879842,0,False,,divergent
FOXC1_Hsapiens-jaspar2016-FOXC1-MA0032.1,FOXC1,5,0.6675531914893618,0.5565902274784972,0.3203443188429236,-0.08741121741695615,0.4077555362598797,0,False,-0.3,neutral
FOXC1_Hsapiens-jaspar2018-FOXC1-MA0032.1,FOXC1,3,0.641021140643402,0.41799704334540516,0.7487181836122605,-1.0121492760292092,1.7608674596414697,0,False,,tumor-gain
FOXC2_1	FOXC2_jolma_DBD_M405,FOXC2,4,0.5840019650987401,0.29428782254679836,0.7914871917211533,0.42631871243880365,0.3651684792823497,0,False,-0.7999999999999999,neutral
FOXC2_Hsapiens-HOCOMOCOv10-FOXC2_HUMAN.H10MO.D,FOXC2,8,1.0,1.0,0.0,0.0,0.0,0,True,0.13858697343671667,neutral
FOXC2_Hsapiens-jaspar2016-FOXC2-MA0846.1,FOXC2,3,0.4371734097348797,0.4371734097348797,0.0,0.0,0.0,0,True,,neutral
FOXC2_Hsapiens-jolma2013-FOXC2,FOXC2,4,0.40669840193054774,0.31988050921058886,-0.3662766667111421,-0.9236258806552835,0.5573492139441414,0,False,0.0,normal-suppression
FOXC2_Hsapiens-jolma2013-FOXC2-2,FOXC2,4,0.12175736217043642,0.05781435650686021,0.23277766522656648,-0.5890438548452034,0.8218215200717699,0,False,-0.7999999999999999,normal-suppression
FOXC2_Hsapiens-jolma2013-FOXC2-3,FOXC2,2,0.28519868055955794,0.28519868055955794,0.0,0.0,0.0,0,True,,neutral
FOXD1_1	Freac-4_transfac_M00292,FOXD1,7,1.0,1.0,0.0,0.0,0.0,0,True,0.6666937223947136,neutral
FOXD1_2	FOXD1_jaspar_MA0031.1,FOXD1,3,1.0,1.0,0.0,0.0,0.0,0,True,,neutral
FOXD1_Hsapiens-HOCOMOCOv10-FOXD1_HUMAN.H10MO.D,FOXD1,8,0.6674794945688325,0.5566393260917751,0.5818132900369117,-0.12233216207035866,0.7041454521072704,0,False,-0.4431217169079058,tumor-gain
FOXD1_Hsapiens-JASPAR_2014-FOXD1-MA0031.1,FOXD1,2,0.01425681080318073,0.01425681080318073,0.0,0.0,0.0,0,True,,neutral
FOXD1_Hsapiens-JASPAR_CORE-FOXD1-MA0031.1,FOXD1,3,0.021314637933468217,0.01425681080318073,-0.3313688390155863,-1.1621088708970628,0.8307400318814766,0,False,,normal-suppression
FOXD1_Hsapiens-SwissRegulon-FOXD1.SwissRegulon,FOXD1,6,0.0032138845744661138,0.0007645608317163169,0.44761642336159624,0.05882111096398573,0.3887953123976105,0,False,0.05797710356524484,neutral
FOXD1_Hsapiens-jaspar2016-FOXD1-MA0031.1,FOXD1,4,0.003203987184051265,0.003203987184051265,0.0,0.0,0.0,0,True,,neutral
FOXD1_Hsapiens-jaspar2018-FOXD1-MA0031.1,FOXD1,5,0.0030355335991905253,0.0030355335991905253,0.0,0.0,0.0,0,True,0.4472135954999579,neutral
FOXD2_Hsapiens-SwissRegulon-FOXD2.SwissRegulon,FOXD2,5,0.003935951795587102,0.003935951795587102,0.0,0.0,0.0,0,True,0.9999999999999999,neutral
FOXD2_Hsapiens-jaspar2016-FOXD2-MA0847.1,FOXD2,6,0.024941435242937845,0.00878574651464804,0.3885767872125616,-1.0160419007081034,1.404618687920665,0,False,-0.3714285714285715,normal-suppression
FOXD2_Hsapiens-jaspar2018-FOXD2-MA0847.1,FOXD2,4,0.007890882113328036,0.006752439918499657,0.037069257695488446,-0.20231016639116506,0.2393794240866535,0,False,0.7999999999999999,neutral
FOXD2_Hsapiens-jolma2013-FOXD2-2,FOXD2,5,0.005246011297983963,0.0018915427355972387,0.5635844952865998,0.19323548268533816,0.37034901260126163,0,False,-0.7,neutral
FOXD3_1	FOXD3_transfac_M00130,FOXD3,2,1.0,0.4298745724059293,0.46480078349429527,-1.0558565822066444,1.5206573657009397,0,False,,normal-suppression
FOXD3_2	Foxd3_jaspar_MA0041.1,FOXD3,5,0.4591319938557045,0.2874338434075876,-0.12044200451966428,-0.9732069692674848,0.8527649647478206,0,False,-0.6,normal-suppression
FOXD3_4	FOXD3_jolma_DBD_M411,FOXD3,3,0.06313877473656777,0.06313877473656777,0.0,0.0,0.0,0,True,,neutral
FOXD3_Hsapiens-HOCOMOCOv10-FOXD3_HUMAN.H10MO.D,FOXD3,5,0.37881308929561897,0.09631391200951249,-1.3337105443327397,-1.8647390368500125,0.5310284925172728,0,False,-0.7,divergent
FOXD3_Hsapiens-SwissRegulon-FOXD3.SwissRegulon,FOXD3,5,0.07602361869345779,0.05245458831071886,0.38141252985758217,-0.6253656714967598,1.006778201354342,0,False,-0.35909242322980395,normal-suppression
FOXD3_Hsapiens-jolma2013-FOXD3-2,FOXD3,5,0.006831885337609696,0.006831885337609696,0.0,0.0,0.0,0,True,0.9999999999999999,neutral
FOXF1_1	HFH8-(FOXF1A)_transfac_M00294,FOXF1,6,0.8130606311671298,0.5014970104656137,0.45317706831774396,-0.617772270732324,1.070949339050068,0,False,-0.3142857142857143,normal-suppression
FOXF1_Hsapiens-HOCOMOCOv10-FOXF1_HUMAN.H10MO.D,FOXF1,6,1.0,0.5009980039920159,-0.19336211704757802,-0.8920037464202905,0.6986416293727125,0,False,0.23190841426097936,normal-suppression
FOXF1_Hsapiens-SwissRegulon-FOXF1.SwissRegulon,FOXF1,6,0.31958217470272304,0.2458844418815084,1.489135643677133,0.3833297012150655,1.1058059424620676,0,False,0.3714285714285715,tumor-gain
FOXF2_1	Freac-2_transfac_M00290,FOXF2,9,1.0,0.5101464019077512,0.5717942026447024,-0.07189265194259266,0.643686854587295,0,False,-0.03333333333333333,tumor-gain
FOXF2_2	FOXF2_jaspar_MA0030.1,FOXF2,2,1.0,0.630915746511483,-0.26036957701672625,-0.33860754329190296,0.0782379662751767,0,False,,neutral
FOXF2_Hsapiens-HOCOMOCOv10-FOXF2_HUMAN.H10MO.D,FOXF2,4,0.7007779772591249,0.17526415981670912,0.552218731424927,0.41410444951312925,0.1381142819117977,0,False,-0.7999999999999999,neutral
FOXF2_Hsapiens-JASPAR_2014-FOXF2-MA0030.1,FOXF2,3,0.4513467273546425,0.4513467273546425,0.0,0.0,0.0,0,True,,neutral
FOXF2_Hsapiens-JASPAR_CORE-FOXF2-MA0030.1,FOXF2,3,0.7008078188889997,0.5100599095561206,-0.39745988008383615,-1.7875961399972542,1.390136259913418,0,False,,normal-suppression
FOXF2_Hsapiens-SwissRegulon-FOXF2.SwissRegulon,FOXF2,2,0.36488845386916435,0.30134781497357155,0.6193806431814664,-1.051189675424388,1.6705703186058543,0,False,,tumor-gain
FOXF2_Hsapiens-jaspar2016-FOXF2-MA0030.1,FOXF2,4,0.5100599095561206,0.5100599095561206,0.0,0.0,0.0,0,True,0.39999999999999997,neutral
FOXG1_2	FOXG1_jolma_DBD_M413,FOXG1,8,1.0,0.8204660482987998,0.1214831967300431,-0.9132258965648797,1.0347090932949228,0,False,-0.11904761904761905,normal-suppression
FOXG1_4	Foxg1_jolma_DBD_M441,FOXG1,10,1.0,0.1655391118776679,-1.7593645052265954,-1.7747451152813332,0.015380610054737787,0,False,0.10303030303030303,neutral
FOXG1_5	Foxg1_jolma_DBD_M442,FOXG1,2,0.001465420839584629,0.0011808414049564613,0.16509390778256258,-0.08061286963251602,0.2457067774150786,0,False,,neutral
FOXG1_Hsapiens-HOCOMOCOv10-FOXG1_HUMAN.H10MO.D,FOXG1,2,0.8918747060237957,0.8918747060237957,0.0,0.0,0.0,0,True,,neutral
FOXG1_Hsapiens-jaspar2016-FOXG1-MA0613.1,FOXG1,3,0.002004008016032064,0.002004008016032064,0.0,0.0,0.0,0,True,,neutral
FOXG1_Hsapiens-jaspar2018-FOXG1-MA0613.1,FOXG1,2,0.0006746960855578894,0.0004054659661123215,-0.12158298368981715,-0.9078605290971228,0.7862775454073057,0,False,,normal-suppression
FOXG1_Hsapiens-jolma2013-FOXG1,FOXG1,2,0.07998308465070443,0.047311921393196135,-0.4104001221174402,-2.0734461858305937,1.6630460637131534,0,False,,normal-suppression
FOXG1_Hsapiens-jolma2013-FOXG1-2,FOXG1,9,0.12033863301691627,0.052047439144213295,0.1822901689292768,0.09871336483995821,0.08357680408931858,0,False,-0.2333333333333333,neutral
FOXH1_Hsapiens-HOCOMOCOv10-FOXH1_HUMAN.H10MO.A,FOXH1,9,1.0,0.762403249477806,0.9719948063531719,0.3204551511311881,0.6515396552219839,0,False,0.03333333333333333,tumor-gain
FOXH1_Hsapiens-JASPAR_2014-FOXH1-MA0479.1,FOXH1,9,1.0,0.965426201719132,-0.9635238973568612,-1.7764714091514557,0.8129475117945946,0,False,0.16666666666666669,divergent
FOXH1_Hsapiens-jaspar2016-FOXH1-MA0479.1,FOXH1,7,0.9273880056090631,0.47095713197176814,0.24229776962029537,-0.4503996638375568,0.6926974334578522,0,False,-0.6071428571428572,other
FOXH1_Hsapiens-jaspar2018-FOXH1-MA0479.1,FOXH1,2,0.45583100555868605,0.45583100555868605,0.0,0.0,0.0,0,True,,neutral
FOXI1_1	HFH3-(FOXI1)_transfac_M00289,FOXI1,9,1.0,0.46951571652503926,0.841608366635642,0.3337215732310018,0.5078867934046402,0,False,-0.33333333333333337,tumor-gain
FOXI1_2	FOXI1_jaspar_MA0042.1,FOXI1,9,1.0,0.67032174169884,0.3182644947131169,-0.6023890025674954,0.9206534972806123,0,False,-0.03347309635022892,normal-suppression
FOXI1_3	FOXI1_jolma_full_M414,FOXI1,4,0.013762035011499866,0.006619958782352635,-0.3519642112184959,-1.3938802216625692,1.0419160104440732,0,False,-0.6000000000000001,normal-suppression
FOXI1_4	FOXI1_jolma_full_M415,FOXI1,3,1.0,0.1481671307532045,0.5233963818642033,-0.8929460011978635,1.4163423830620667,0,False,,tumor-gain
FOXI1_Hsapiens-HOCOMOCOv10-FOXI1_HUMAN.H10MO.B,FOXI1,10,1.0,0.5525774610971904,1.0631959868382344,0.21688991604795324,0.8463060707902811,0,False,-0.2606060606060606,tumor-gain
FOXI1_Hsapiens-JASPAR_2014-FOXI1-MA0042.1,FOXI1,7,0.5204875516812328,0.4859847488087556,0.12699856152603162,-0.512021306056329,0.6390198675823606,0,False,0.1785714285714286,normal-suppression
FOXI1_Hsapiens-JASPAR_CORE-FOXI1-MA0042.1,FOXI1,7,0.6826247052237827,0.4880199856104171,0.4215748879139801,-0.18817787175262513,0.6097527596666052,0,False,-0.03571428571428572,other
FOXI1_Hsapiens-SwissRegulon-FOXI1.SwissRegulon,FOXI1,4,0.35122107823897086,0.3129359410018459,0.14384908632048074,-0.7875867131329901,0.9314357994534709,0,False,0.19999999999999998,normal-suppression
FOXI1_Hsapiens-jaspar2016-FOXI1-MA0042.1,FOXI1,6,0.44745644262891787,0.42547114542078956,0.005766854016239563,-0.4698274199906909,0.47559427400693044,0,False,0.3714285714285715,neutral
FOXI1_Hsapiens-jaspar2016-FOXI1-MA0042.2,FOXI1,4,0.00022837935876786567,9.678236398048557e-05,-0.09174297760362403,-0.5915355946722953,0.4997926170686713,0,False,0.7999999999999999,neutral
FOXI1_Hsapiens-jaspar2018-FOXI1-MA0042.1,FOXI1,5,0.47722534972950537,0.27432950204897777,0.6284300394308714,0.2431718267971955,0.3852582126336759,0,False,-0.7999999999999999,neutral
FOXI1_Hsapiens-jaspar2018-FOXI1-MA0042.2,FOXI1,4,7.491426313767474e-05,7.491426313767474e-05,0.0,0.0,0.0,0,True,1.0,neutral
FOXI1_Hsapiens-jolma2013-FOXI1,FOXI1,8,0.00017456743768509494,1.9350781041149073e-05,1.0540322978684884,0.4542334872628218,0.5997988106056666,0,False,0.11904761904761905,tumor-gain
FOXI1_Hsapiens-jolma2013-FOXI1-2,FOXI1,3,0.11978269027327036,0.11049785727717501,0.50704878716348,0.4043702377945719,0.10267854936890813,0,False,,neutral
FOXJ1_1	HFH4-(FOXJ1)_transfac_M00742,FOXJ1,7,1.0,0.44315545243619486,0.4861039657871165,0.07931525565212906,0.40678871013498746,0,False,0.21428571428571433,neutral
FOXJ1_2	Foxj1_bulyk_sc09-primary,FOXJ1,5,0.4056165150116095,0.07923839004933178,0.5884377050326702,-1.4950973176628959,2.0835350226955662,0,False,-0.19999999999999998,tumor-gain
FOXJ2_1	FOXJ2_transfac_M00422,FOXJ2,2,0.15356165997254898,0.15356165997254898,0.0,0.0,0.0,0,True,,neutral
FOXJ2_Hsapiens-HOCOMOCOv10-FOXJ2_HUMAN.H10MO.C,FOXJ2,5,0.8638900231386945,0.3343441440775114,0.7437206673494056,-1.0812935187659314,1.8250141861153368,0,False,-0.3,tumor-gain
FOXJ3_4	FOXJ3_jolma_DBD_M421,FOXJ3,2,0.0809028030420679,0.07312905474354464,0.7236787222201494,-0.25608286819797227,0.9797615904181216,0,False,,tumor-gain
FOXJ3_5	Foxj3_jolma_DBD_M443,FOXJ3,8,1.0,0.0434227330779055,0.09159178955910754,-0.37505239152153197,0.46664418108063954,0,False,0.28571428571428575,neutral
FOXJ3_8	Foxj3_jolma_DBD_M446,FOXJ3,2,0.08927014551866434,0.05937795448952896,0.5149136553573784,-0.09314674129618317,0.6080603966535616,0,False,,tumor-gain
FOXJ3_Hsapiens-HOCOMOCOv10-FOXJ3_HUMAN.H10MO.A,FOXJ3,8,0.9406892605695223,0.3725557972088854,-0.07683926262901511,-0.7151259386353724,0.6382866760063574,0,False,-0.11904761904761905,normal-suppression
FOXJ3_Hsapiens-HOCOMOCOv10-FOXJ3_HUMAN.H10MO.S,FOXJ3,5,1.0,0.5548308170268651,-0.49629952914537806,-1.5249055477955085,1.0286060186501305,0,False,0.6,normal-suppression
FOXJ3_Hsapiens-jolma2013-FOXJ3-3,FOXJ3,4,0.03457098298880532,0.02288481166346607,-0.25231554372876863,-1.7102471416988787,1.4579315979701102,0,False,0.19999999999999998,normal-suppression
FOXK1_2	FOXK1_jolma_DBD_M422,FOXK1,7,1.0,0.013415812550032576,-1.0803661437364587,-1.6977020121310653,0.6173358683946066,0,False,0.0,divergent
FOXK1_3	Foxk1_jolma_DBD_M447,FOXK1,9,1.0,0.011236041519802675,0.2893051158693868,-0.6512692696761645,0.9405743855455513,0,False,0.03333333333333333,normal-suppression
FOXK1_4	Foxk1_jolma_DBD_M448,FOXK1,4,0.02703667146443761,0.013327765880664588,1.106836798815593,0.8087030409903393,0.29813375782525364,0,False,-0.39999999999999997,neutral
FOXK1_Hsapiens-HOCOMOCOv10-FOXK1_HUMAN.H10MO.D,FOXK1,10,1.0,0.5014692626799615,-0.12656056764746715,-0.5824153911743489,0.4558548235268818,0,False,0.13939393939393938,neutral
FOXK1_Hsapiens-SwissRegulon-FOXK1.SwissRegulon,FOXK1,4,0.014781088061382324,0.006492996629803191,-0.16593195336533142,-0.5704591259181107,0.40452717255277926,0,False,0.0,neutral
FOXK1_Hsapiens-jaspar2018-FOXK1-MA0852.2,FOXK1,5,1.0,0.48089734103763637,0.8731020063893151,-0.8275010188946751,1.70060302528399,0,False,-0.7,tumor-gain
FOXK1_Hsapiens-jolma2013-FOXK1,FOXK1,8,0.009494882089469555,0.005636469551192349,-0.1413409357499454,-0.5092473997506107,0.3679064640006653,0,False,-0.14285714285714288,neutral
FOXK2_Hsapiens-jaspar2018-FOXK2-MA1103.1,FOXK2,3,0.7720355706511396,0.509026995726238,0.5366737772381798,-1.7527157869992491,2.289389564237429,0,False,,tumor-gain
FOXL1_1	Freac-7_transfac_M00293,FOXL1,2,0.3414467850469465,0.3414467850469465,0.0,0.0,0.0,0,True,,neutral
FOXL1_4	FOXL1_jolma_full_M423,FOXL1,4,0.012299718967845543,0.009150270182830012,0.7439849927739001,0.3515971037031374,0.39238788907076266,0,False,0.19999999999999998,neutral
FOXL1_Hsapiens-HOCOMOCOv10-FOXL1_HUMAN.H10MO.D,FOXL1,8,1.0,0.678375381870822,0.012746606961502566,-0.5250585023107615,0.537805109272264,0,False,-0.04761904761904763,normal-suppression
FOXL1_Hsapiens-JASPAR_2014-FOXL1-MA0033.1,FOXL1,2,0.30891499654457516,0.3013202875316223,-0.013927966344928882,-0.4996628768359832,0.48573491049105433,0,False,,neutral
FOXL1_Hsapiens-jaspar2016-FOXL1-MA0033.1,FOXL1,3,0.23190764354829524,0.23190764354829524,0.0,0.0,0.0,0,True,,neutral
FOXL1_Hsapiens-jaspar2016-FOXL1-MA0033.2,FOXL1,3,0.0016281106176613482,0.0016281106176613482,0.0,0.0,0.0,0,True,,neutral
FOXL1_Hsapiens-jaspar2018-FOXL1-MA0033.2,FOXL1,7,0.001278570872996483,0.0011489642358185647,1.2815644215271287,-0.9159774428608477,2.1975418643879765,0,False,-0.07142857142857144,tumor-gain
FOXL1_Hsapiens-jolma2013-FOXL1,FOXL1,6,0.0009022926268624349,4.120503687485999e-06,-0.07941008743068972,-1.884731099001296,1.8053210115706062,0,False,-0.8285714285714287,normal-suppression
FOXM1_1	FOXM1_transfac_M00630,FOXM1,5,1.0,0.6672212978369385,-0.5557915557497072,-0.9873459740469377,0.4315544182972305,0,False,,neutral
FOXM1_Hsapiens-HOCOMOCOv10-FOXM1_HUMAN.H10MO.D,FOXM1,10,1.0,0.49062840233825566,-0.09206810375968101,-1.068458136330171,0.9763900325704901,0,False,-0.5609860386535759,normal-suppression
FOXM1_Hsapiens-SwissRegulon-FOXM1.SwissRegulon,FOXM1,9,0.19146193991557686,0.005244527196137211,1.3151130443473227,-0.13462516454001436,1.449738208887337,0,False,-0.09999999999999999,tumor-gain
FOXN1_1	Whn_transfac_M00332,FOXN1,9,1.0,0.8004987531172069,1.5615624071691243,0.9165300744027178,0.6450323327664065,0,False,-0.20920685218893076,tumor-gain
FOXN1_Hsapiens-SwissRegulon-FOXN1.SwissRegulon,FOXN1,10,0.9475555808185817,0.7119463741680271,0.8881526310083108,0.7609229102211912,0.12722972078711958,0,False,0.1515151515151515,neutral
FOXN3_Hsapiens-hPDI-CHES1,FOXN3,7,1.0,0.14383561643835616,-0.0436641502828755,-0.19757049186902714,0.15390634158615163,0,False,-0.38188130791298674,neutral
FOXO1_1	FOXO1_transfac_M00473,FOXO1,2,0.8489927823612036,0.8489927823612036,0.0,0.0,0.0,0,True,,neutral
FOXO1_2	FOXO1_transfac_M00474,FOXO1,8,1.0,0.27404718693284935,-0.06571367809387724,-0.994277064555075,0.9285633864611977,0,False,-0.6024533658898499,normal-suppression
FOXO1_3	FOXO1_jolma_DBD_M425,FOXO1,2,0.09292420031606072,0.09292420031606072,0.0,0.0,0.0,0,True,,neutral
FOXO1_4	FOXO1_jolma_DBD_M426,FOXO1,5,1.0,0.09134467778570304,0.342769595814502,-0.5916845978112024,0.9344541936257045,0,False,-0.49999999999999994,normal-suppression
FOXO1_5	FOXO1_jolma_DBD_M427,FOXO1,9,1.0,0.15873984658739848,-0.04155477880577396,-0.2058604580484475,0.16430567924267353,0,False,-0.25,neutral
FOXO1_Hsapiens-HOCOMOCOv10-FOXO1_HUMAN.H10MO.C,FOXO1,9,0.8124471802898785,0.3128951058832389,-0.09709235521909203,-0.4756205139200127,0.37852815870092066,0,False,0.2833333333333333,neutral
FOXO1_Hsapiens-SwissRegulon-FOXO1.SwissRegulon,FOXO1,6,0.22849484895427744,0.07147686120602635,0.19005327245633322,-0.7227386186836565,0.9127918911399897,0,False,-0.6957252427829381,normal-suppression
FOXO1_Hsapiens-jolma2013-FOXO1,FOXO1,2,0.00879726187370324,0.00879726187370324,0.0,0.0,0.0,0,True,,neutral
FOXO1_Hsapiens-jolma2013-FOXO1-2,FOXO1,7,0.033987681127309835,0.007453495864781751,-0.16236715664592438,-0.4918292391728577,0.3294620825269333,0,False,0.23424374030084538,neutral
FOXO1_Hsapiens-jolma2013-FOXO1-3,FOXO1,8,0.07458635942624262,0.058420429798044404,-1.3125114805312006,-1.6674470386483047,0.3549355581171041,0,False,0.6428571428571429,neutral
FOXO3_1	FOXO3_transfac_M00477,FOXO3,2,0.42971211916765334,0.42971211916765334,0.0,0.0,0.0,0,True,,neutral
FOXO3_4	FOXO3_jolma_full_M428,FOXO3,9,0.019785466014929278,0.005590962498029023,0.5651131264859957,-0.566296925351599,1.1314100518375947,0,False,-0.06666666666666667,tumor-gain
FOXO3_5	FOXO3_jolma_full_M429,FOXO3,2,0.014713768845419924,0.014713768845419924,0.0,0.0,0.0,0,True,,neutral
FOXO3_6	FOXO3_jolma_full_M430,FOXO3,8,1.0,0.14255811259402476,0.02930778536530528,-0.9253604684316183,0.9546682537969237,0,False,0.4761904761904762,normal-suppression
FOXO3_Hsapiens-HOCOMOCOv10-FOXO3_HUMAN.H10MO.B,FOXO3,4,1.0,1.0,0.0,0.0,0.0,0,True,0.39999999999999997,neutral
FOXO3_Hsapiens-SwissRegulon-FOXO3.SwissRegulon,FOXO3,3,0.00020644832865864915,6.563799904215047e-06,0.17769101173051144,-0.2954787766206062,0.4731697883511176,0,False,,neutral
FOXO3_Hsapiens-jaspar2016-FOXO3-MA0157.1,FOXO3,2,0.05275462377382704,0.05275462377382703,-0.713705373613076,-0.9289430230538077,0.21523764944073176,0,False,,neutral
FOXO3_Hsapiens-jaspar2018-FOXO3-MA0157.2,FOXO3,2,0.0006737570383305376,0.00042907495151349125,-0.6060794491659548,-0.7333735156814977,0.12729406651554287,0,False,,neutral
FOXO3_Hsapiens-jolma2013-FOXO3,FOXO3,6,0.004993654839216025,0.004993654839216025,0.0,0.0,0.0,0,True,0.8285714285714287,neutral
FOXO3_Hsapiens-jolma2013-FOXO3-2,FOXO3,2,0.0002912651238972181,0.0002912651238972181,0.0,0.0,0.0,0,True,,neutral
FOXO3_Hsapiens-jolma2013-FOXO3-3,FOXO3,8,0.0748528174936921,0.02803401880934164,0.08910128195152767,-0.2386467605782729,0.32774804252980055,0,False,-0.07142857142857144,neutral
FOXO3_Mmusculus;Hsapiens-jaspar2018-FOXO3-MA0157.1,FOXO3,2,0.014135858684166648,0.007110758622164425,0.28836424342673234,-1.4187829694070566,1.707147212833789,0,False,,normal-suppression
FOXO4_1	FOXO4_transfac_M00472,FOXO4,6,1.0,0.727990323683311,-0.17012400235414288,-0.7923938804365345,0.6222698780823916,0,False,-0.14494275891311212,normal-suppression
FOXO4_2	FOXO4_transfac_M00476,FOXO4,7,0.7506856152436951,0.5566398677366732,1.1750283693902999,-0.010026327530970712,1.1850546969212705,0,False,0.03603749850782236,tumor-gain
FOXO4_3	FOXO4_jolma_DBD_M431,FOXO4,6,0.034368506401762304,0.022991152998716635,-1.1467158532892847,-1.441462473451834,0.29474662016254927,0,False,0.3142857142857143,neutral
FOXO4_4	FOXO4_jolma_DBD_M432,FOXO4,6,0.01532027787401653,0.004748151630853169,0.5147298263202349,-0.46985783806161113,0.9845876643818461,0,False,-0.08571428571428573,tumor-gain
FOXO4_5	FOXO4_jolma_DBD_M433,FOXO4,8,0.11242351911622636,0.08410548520209948,0.2188011142783837,0.05906040185008508,0.15974071242829863,0,False,0.4523809523809524,neutral
FOXO4_Hsapiens-HOCOMOCOv10-FOXO4_HUMAN.H10MO.C,FOXO4,10,1.0,0.556332004667663,0.18136783230630618,-0.3066040063507089,0.4879718386570151,0,False,0.16363636363636364,neutral
FOXO4_Hsapiens-SwissRegulon-FOXO4.SwissRegulon,FOXO4,7,0.763135830052865,0.763135830052865,0.0,0.0,0.0,0,True,0.07142857142857144,neutral
FOXO4_Hsapiens-jaspar2016-FOXO4-MA0848.1,FOXO4,5,0.0011852764100726467,0.0010724523104384065,0.29123649956370057,-0.04333792640343558,0.33457442596713616,0,False,0.49999999999999994,neutral
FOXO4_Hsapiens-jaspar2018-FOXO4-MA0848.1,FOXO4,7,0.00020227875542311422,2.1371528987348763e-05,-0.48674436563446083,-0.9114184574669333,0.42467409183247246,0,False,0.14285714285714288,neutral
FOXO4_Hsapiens-jolma2013-FOXO4,FOXO4,7,0.02116718529527236,0.011386358212514837,0.4253418462205577,-0.43832947368779074,0.8636713199083484,0,False,0.03571428571428572,other
FOXO4_Hsapiens-jolma2013-FOXO4-2,FOXO4,8,0.0002717130447740303,4.659066153987348e-05,-0.3445120490695563,-0.6505042973291777,0.3059922482596214,0,False,-0.30952380952380953,neutral
FOXO4_Hsapiens-jolma2013-FOXO4-3,FOXO4,9,0.07455228517422273,0.033207674885620986,0.32870580120233045,-1.031091899522977,1.3597977007253075,0,False,-0.049999999999999996,normal-suppression
FOXO6_1	FOXO6_jolma_DBD_M434,FOXO6,8,0.052318859268552294,0.027318704307815505,0.15335004008856318,-0.7417880121954817,0.8951380522840449,0,False,0.2142857142857143,normal-suppression
FOXO6_2	FOXO6_jolma_DBD_M435,FOXO6,3,0.0009761407879038569,0.0006592909978956561,0.2643206155014059,-0.4430455698017635,0.7073661853031694,0,False,,other
FOXO6_3	FOXO6_jolma_DBD_M436,FOXO6,10,1.0,0.11632302282955218,-0.11386419144355926,-0.8725111620521433,0.758646970608584,0,False,-0.0303030303030303,normal-suppression
FOXO6_Hsapiens-HOCOMOCOv10-FOXO6_HUMAN.H10MO.D,FOXO6,9,1.0,0.6798073641668386,0.5389085648694286,-0.23655894248460946,0.775467507354038,0,False,-0.13333333333333333,tumor-gain
FOXO6_Hsapiens-SwissRegulon-FOXO6.SwissRegulon,FOXO6,2,2.5820941894521596e-05,5.335910214365083e-06,0.6070076775762171,-0.9212920595204462,1.5282997370966633,0,False,,tumor-gain
FOXO6_Hsapiens-jaspar2016-FOXO6-MA0849.1,FOXO6,2,0.00010828948281966834,0.00010828948281966834,0.0,0.0,0.0,0,True,,neutral
FOXO6_Hsapiens-jaspar2018-FOXO6-MA0849.1,FOXO6,2,0.00015720793599327,1.072935356026408e-05,0.21142150255828604,0.010376260127498732,0.2010452424307873,0,False,,neutral
FOXO6_Hsapiens-jolma2013-FOXO6,FOXO6,8,0.01630359716858597,0.015266104258603705,0.5600588257089978,0.04521737120289869,0.5148414545060991,0,False,0.4285714285714286,tumor-gain
FOXO6_Hsapiens-jolma2013-FOXO6-3,FOXO6,10,0.10595554878676486,0.10595554878676486,0.0,0.0,0.0,0,True,0.4545454545454545,neutral
FOXP1_1	FOXP1_transfac_M00987,FOXP1,5,0.5313386099913742,0.500758087403911,-0.7134655854484906,-0.7452044837624845,0.0317388983139939,0,False,0.7,neutral
FOXP1_Hsapiens-SwissRegulon-FOXP1.SwissRegulon,FOXP1,8,1.0,0.7935748703945091,-0.15931189918454006,-0.7388564324456967,0.5795445332611566,0,False,-0.04761904761904763,normal-suppression
FOXP1_Hsapiens-jaspar2018-FOXP1-MA0481.1,FOXP1,4,0.5202229820807086,0.4017763799998407,0.0326376861553909,-0.6326364604750027,0.6652741466303935,0,False,-0.19999999999999998,normal-suppression
FOXP1_Hsapiens-jaspar2018-FOXP1-MA0481.2,FOXP1,3,0.8380245952459952,0.5734877329781937,-0.12367153310091995,-0.24932462714385592,0.12565309404293595,0,False,,neutral
FOXP2_Hsapiens-HOCOMOCOv10-FOXP2_HUMAN.H10MO.A,FOXP2,10,0.9805096574647277,0.5129111903169743,-0.05851572898059326,-1.156537767687636,1.0980220387070427,0,False,-0.2727272727272727,normal-suppression
FOXP2_Hsapiens-JASPAR_2014-FOXP2-MA0593.1,FOXP2,6,1.0,1.0,0.0,0.0,0.0,0,True,0.08571428571428573,neutral
FOXP2_Hsapiens-SwissRegulon-FOXP2.SwissRegulon,FOXP2,8,0.31333799217156644,0.3038088916901969,1.177545804921874,0.21945644327598274,0.9580893616458914,0,False,0.2380952380952381,tumor-gain
FOXP2_Hsapiens-jaspar2016-FOXP2-MA0593.1,FOXP2,4,0.4465112049729924,0.37582897826415496,1.3655720647762806,-0.39331520363877437,1.758887268415055,0,False,-1.0,tumor-gain
FOXP2_Hsapiens-jaspar2018-FOXP2-MA0593.1,FOXP2,3,0.3698994864719691,0.3698994864719691,0.0,0.0,0.0,0,True,,neutral
FOXP3_1	FOXP3_transfac_M00992,FOXP3,10,1.0,0.4451842602872086,-1.049827671129796,-1.4331736374468895,0.3833459663170935,0,False,0.04541243840942216,neutral
FOXP3_2	FOXP3_jolma_DBD_M437,FOXP3,5,0.05771327992425376,0.027497255462913227,-0.05785665436201997,-0.42835970130721623,0.37050304694519626,0,False,-0.7,neutral
FOXP3_Hsapiens-HOCOMOCOv10-FOXP3_HUMAN.H10MO.D,FOXP3,4,0.7505612372162634,0.2509365161536813,0.855453913651012,-0.12818930774540102,0.983643221396413,0,False,-1.0,tumor-gain
FOXP3_Hsapiens-SwissRegulon-FOXP3.SwissRegulon,FOXP3,7,0.005510791447632709,0.003468546541508694,0.24930782939265284,-0.0015389321310612849,0.2508467615237141,0,False,0.07142857142857144,neutral
FOXP3_Hsapiens-jaspar2016-FOXP3-MA0850.1,FOXP3,8,0.02259729687873084,0.012221818940664356,0.48637139175511795,-0.3740028314153041,0.8603742231704221,0,False,-0.261904761904762,other
FOXP3_Hsapiens-jaspar2018-FOXP3-MA0850.1,FOXP3,9,0.01104666140375577,0.006461221897980678,-0.4472332725751382,-1.4429920963330747,0.9957588237579365,0,False,0.25,normal-suppression
FOXP3_Hsapiens-jolma2013-FOXP3,FOXP3,9,0.008818046835392768,0.005974621491237005,0.5483214110644739,-0.3231699051309424,0.8714913161954163,0,False,0.5,tumor-gain
FOXP4_Hsapiens-hPDI-FOXP4,FOXP4,6,0.6673320026613432,0.6673320026613432,0.0,0.0,0.0,0,True,0.11952286093343938,neutral
FOXQ1_1	HFH1-(FOXQ1)_transfac_M00129,FOXQ1,4,1.0,0.5008725973002767,1.437260410255808,1.010432870275427,0.4268275399803809,0,False,0.0,neutral
FOXQ1_2	Foxq1_jaspar_MA0040.1,FOXQ1,4,1.0,0.33466467065868266,-0.2123887321508976,-1.3045435885405268,1.0921548563896293,0,False,-0.19999999999999998,normal-suppression
FOXQ1_Hsapiens-HOCOMOCOv10-FOXQ1_HUMAN.H10MO.C,FOXQ1,5,0.44524575613003503,0.3342949073560418,-0.32527963739016724,-0.6057634962188958,0.28048385882872856,0,False,,neutral
FOXQ1_Hsapiens-SwissRegulon-FOXQ1.SwissRegulon,FOXQ1,4,0.28697748418807884,0.26075008428137036,0.7925451402897725,-0.26908140328762314,1.0616265435773957,0,False,0.39999999999999997,tumor-gain
FOX_1	FOX-factors_transfac_M00809,FOXA1,8,1.0,0.5008103701420379,0.761105128903132,-0.12002274707651486,0.8811278759796468,0,False,-0.523809523809524,tumor-gain
FUBP1_Hsapiens-HOCOMOCOv10-FUBP1_HUMAN.H10MO.D,UBP1,5,1.0,0.4172978484291736,0.3577591144542384,-0.16710331693605068,0.5248624313902891,0,False,-0.39999999999999997,other
FUBP1_Hsapiens-SwissRegulon-FUBP1.SwissRegulon,UBP1,8,0.43565885935225723,0.2278879958616333,0.4726192844954796,0.11224918605988791,0.36037009843559165,0,False,-0.6666666666666669,neutral
GABP1_Hsapiens-HOCOMOCOv10-GABP1_HUMAN.H10MO.C,GABP1,5,1.0,0.3527074176264173,0.3194279982233576,-0.10643172817830679,0.42585972640166436,0,False,0.09999999999999999,neutral
GABPA_Hsapiens-HOCOMOCOv10-GABPA_HUMAN.H10MO.A,GABPA,10,1.0,0.9306150033791396,-0.004203867920871237,-0.02085752243276858,0.016653654511897344,0,False,0.5515151515151515,neutral
GABPA_Hsapiens-SwissRegulon-GABPA.SwissRegulon,GABPA,9,0.7523346040132363,0.7523346040132363,0.0,0.0,0.0,0,True,0.75,neutral
GABPA_Hsapiens-jaspar2016-GABPA-MA0062.1,GABPA,7,0.10073488830137464,0.05054311535599614,0.00965318598448237,-0.30895123060982216,0.31860441659430455,0,False,-0.11227217828476797,neutral
GABPA_Hsapiens-jaspar2018-GABPA-MA0062.1,GABPA,8,0.05054311535599614,0.04044862457189464,1.0439282786720987,-0.12972941470164887,1.1736576933737475,0,False,0.03779644730092272,tumor-gain
GABPA_Hsapiens-jolma2013-GABPA,GABPA,9,0.01687724986678183,0.01344678679653221,-0.17444499285861154,-1.3240127326643054,1.1495677398056938,0,False,-0.11666666666666665,normal-suppression
GADD45A_Hsapiens-hPDI-GADD45A,GADD45A,4,0.20095884938074354,0.20095884938074354,0.0,0.0,0.0,0,True,0.316227766016838,neutral
GATA1::TAL1_Hsapiens-jaspar2016-GATA1::TAL1-MA0140.2,GATA1,10,0.29910709377863065,0.08379521598101246,1.0021195610829816,-0.25439523059393154,1.256514791676913,0,False,0.23636363636363633,tumor-gain
GATA1::TAL1_Hsapiens-jaspar2018-GATA1::TAL1-MA0140.2,GATA1,9,0.3347299742396732,0.04271501345359272,2.821275607662426,1.9113980756749689,0.9098775319874572,0,False,0.19999999999999998,tumor-gain
GATA1_Hsapiens-HOCOMOCOv10-GATA1_HUMAN.H10MO.A,GATA1,7,0.328312350089616,0.010533516907328443,0.5538852642740918,-0.16433714146496203,0.7182224057390538,0,False,-0.39285714285714296,tumor-gain
GATA1_Hsapiens-HOCOMOCOv10-GATA1_HUMAN.H10MO.S,GATA1,7,1.0,0.45631864934237576,0.5327430568254786,-0.14535723812168116,0.6781002949471597,0,False,0.1785714285714286,tumor-gain
GATA1_Hsapiens-SwissRegulon-GATA1.SwissRegulon,GATA1,5,0.7358522096210294,0.40265402581753296,0.5813339399692493,-1.2818813461512062,1.8632152861204556,0,False,-0.7999999999999999,tumor-gain
GATA2_Hsapiens-HOCOMOCOv10-GATA2_HUMAN.H10MO.A,GATA2,6,0.8740157480314962,0.5687745343375201,0.28650869096537224,-0.398977496901574,0.6854861878669463,0,False,0.2571428571428572,other
GATA2_Hsapiens-JASPAR_2014-GATA2-MA0036.2,GATA2,8,0.9497896248840058,0.745747297589734,0.0006677024985790094,-2.0059939885709457,2.0066616910695245,0,False,0.2142857142857143,normal-suppression
GATA2_Hsapiens-JASPAR_CORE-GATA2-MA0036.1,GATA2,8,0.20355187223548063,0.12115855183554344,-0.09360242040996906,-0.25161526835994047,0.1580128479499714,0,False,0.261904761904762,neutral
GATA2_Hsapiens-SwissRegulon-GATA2.SwissRegulon,GATA2,10,0.0035339019698652583,0.0006409407143215352,0.83396090233149,0.14857839942229104,0.685382502909199,0,False,-0.47416632407045034,tumor-gain
GATA2_Hsapiens-jaspar2016-GATA2-MA0036.1,GATA2,10,0.045682837455849834,0.031683653373769084,1.0845151682358352,0.13471329720095698,0.9498018710348781,0,False,-0.06707441766510144,tumor-gain
GATA2_Hsapiens-jaspar2016-GATA2-MA0036.2,GATA2,10,1.0,0.3017308960310911,0.5159954210050909,-0.7858267113463426,1.3018221323514334,0,False,-0.5636363636363636,tumor-gain
GATA2_Hsapiens-jaspar2018-GATA2-MA0036.1,GATA2,9,0.01274039419859323,0.010144385506614933,0.3099967987353633,-0.7589192747019398,1.068916073437303,0,False,-0.049999999999999996,normal-suppression
GATA2_Hsapiens-jaspar2018-GATA2-MA0036.2,GATA2,6,0.6917493515104272,0.5896943267654015,0.3372260966737739,-0.11230188583289813,0.44952798250667203,0,False,0.4285714285714286,neutral
GATA2_Hsapiens-jaspar2018-GATA2-MA0036.3,GATA2,7,1.0,0.800173402565393,0.1808903879500176,-0.5642854115042323,0.7451757994542498,0,False,0.07142857142857144,normal-suppression
GATA3_Hsapiens-HOCOMOCOv10-GATA3_HUMAN.H10MO.C,GATA3,2,0.8745792122158598,0.8745792122158598,0.0,0.0,0.0,0,True,,neutral
GATA3_Hsapiens-JASPAR_CORE-GATA3-MA0037.1,GATA3,7,0.16211147907273665,0.15876668603537017,0.2723380350959833,0.2706740539871719,0.0016639811088113854,0,False,0.5,neutral
GATA3_Hsapiens-SwissRegulon-GATA3.SwissRegulon,GATA3,7,0.03440480363876899,0.015270911125154591,-0.16479339927843129,-0.5042077876551868,0.3394143883767555,0,False,0.07142857142857144,neutral
GATA3_Hsapiens-jaspar2016-GATA3-MA0037.1,GATA3,7,0.0849854470891051,0.04892753979380184,0.7423180560397549,-0.2523037121643697,0.9946217682041245,0,False,-0.21428571428571433,tumor-gain
GATA3_Hsapiens-jaspar2018-GATA3-MA0037.1,GATA3,6,0.034064100819179745,0.017210580248369366,0.48610135480945654,-0.6131657441752659,1.0992670989847224,0,False,0.08571428571428573,normal-suppression
GATA3_Hsapiens-jaspar2018-GATA3-MA0037.3,GATA3,10,0.0734414269102367,0.048499055506760085,0.3082439543674319,-0.22969326453151803,0.53793721889895,0,False,0.32121212121212117,other
GATA3_Hsapiens-jolma2013-GATA3,GATA3,8,0.156891910173944,0.12809013839194971,0.9196039993408766,-0.700825132721951,1.6204291320628275,0,False,-0.023809523809523815,tumor-gain
GATA3_Hsapiens-jolma2013-GATA3-2,GATA3,4,0.09585694403169982,0.09585694403169982,0.0,0.0,0.0,0,True,0.39999999999999997,neutral
GATA4_Hsapiens-HOCOMOCOv10-GATA4_HUMAN.H10MO.B,GATA4,2,0.8575058778825377,0.691262735412166,-0.010800030035196728,-0.6665752892193005,0.6557752591841038,0,False,,normal-suppression
GATA4_Hsapiens-SwissRegulon-GATA4.SwissRegulon,GATA4,4,0.058457018950264644,0.05579535092664025,-0.025556102049541923,-1.1458152388803393,1.1202591368307975,0,False,-0.7999999999999999,normal-suppression
GATA4_Hsapiens-jolma2013-GATA4,GATA4,9,0.08527376883840815,0.05104347691691255,1.2525831873413071,0.1092247938519173,1.1433583934893898,0,False,-0.3666666666666667,tumor-gain
GATA5_Hsapiens-HOCOMOCOv10-GATA5_HUMAN.H10MO.D,GATA5,5,0.2012120557065516,0.2012120557065516,0.0,0.0,0.0,0,True,0.09999999999999999,neutral
GATA5_Hsapiens-jaspar2016-GATA5-MA0766.1,GATA5,6,0.1305357136539531,0.08714828941171114,0.06537636389784894,-0.23502178091276846,0.3003981448106174,0,False,-0.5428571428571429,neutral
GATA5_Hsapiens-jaspar2018-GATA5-MA0766.1,GATA5,5,0.13650824531575617,0.13650824531575617,0.0,0.0,0.0,0,True,0.7999999999999999,neutral
GATA5_Hsapiens-jolma2013-GATA5,GATA5,4,0.05485411076497104,0.05302675627372952,0.03516464709370219,-0.8979285311716275,0.9330931782653297,0,False,-0.39999999999999997,normal-suppression
GATA6_Hsapiens-SwissRegulon-GATA6.SwissRegulon,GATA6,7,0.576638624604294,0.4757971445465564,-0.6355624545938172,-1.1614286317309248,0.5258661771371076,0,False,0.5357142857142858,divergent
GATA_disc1 GATA1_K562b_encode-Snyder_seq_hsa_r1:MDscan#1#Intergenic,GATA1,10,1.0,0.3693997583068173,-0.2654784468975718,-0.4340826747395622,0.16860422784199042,0,False,-0.28484848484848485,neutral
GATA_disc2 GATA2_HUVEC_encode-Snyder_seq_hsa_r1:MDscan#3#Intergenic,GATA2,10,1.0,0.7772471541891357,0.22768734175973213,-0.7074253264820553,0.9351126682417874,0,False,-0.5393939393939393,normal-suppression
GATA_disc3 GATA2_HUVEC_encode-Snyder_seq_hsa_r1:MEME#2#Intergenic,GATA2,10,1.0,0.49734513274336295,-2.6279993331008513,-3.6347878527931243,1.006788519692273,0,False,-0.22424242424242422,divergent
GATA_disc4 GATA3_T-47D_encode-Myers_seq_hsa_DMSO-0.02pct-v041610.2-SC-268_r1:Trawler#3#Intergenic,GATA3,5,0.5270386423072,0.5270386423072,0.0,0.0,0.0,0,True,0.6,neutral
GATA_disc5 GATA3_T-47D_encode-Myers_seq_hsa_DMSO-0.02pct-v041610.2-SC-268_r1:Trawler#2#Intergenic,GATA3,4,1.0,0.2012779552715655,0.2975652508241898,-0.032680666508251244,0.330245917332441,0,False,,neutral
GATA_disc6 GATA2_K562_encode-Myers_seq_hsa_CG2-96_r1:Trawler#3#Intergenic,GATA2,8,1.0,0.01567809333637646,-0.6854665238450207,-3.2016581682235894,2.516191644378569,0,False,-0.7142857142857144,divergent
GATA_known1	GATA1_1	GATA-1_transfac_M00075,GATA1,10,0.9093089542266891,0.9093089542266891,0.0,0.0,0.0,0,True,0.40854418032379974,neutral
GATA_known10	GATA4_1	GATA-4_transfac_M00632,GATA4,6,1.0,0.6674426346285015,-0.20638786569084422,-0.6963180882258778,0.4899302225350336,0,False,0.46291004988627577,neutral
GATA_known11	GATA_2	GATA_transfac_M00789,GATA2,6,0.7804627087742827,0.7804627087742827,0.0,0.0,0.0,0,True,1.0,neutral
GATA_known12	GATA2_2	GATA2_jaspar_MA0036.1,GATA2,6,1.0,1.0,0.0,0.0,0.0,0,True,0.14285714285714288,neutral
GATA_known13	GATA3_2	GATA3_jaspar_MA0037.1,GATA3,4,1.0,1.0,0.0,0.0,0.0,0,True,0.7999999999999999,neutral
GATA_known14	GATA_3	Tal1::Gata1_jaspar_MA0140.1,GATA3,8,0.21966928583853337,0.0033365649056107645,-0.29189709517449214,-1.0087372187005028,0.7168401235260107,0,False,-0.4285714285714286,normal-suppression
GATA_known15	GATA1_6	Gata1_jaspar_MA0035.2,GATA1,6,1.0,0.9498607242339835,-0.4620900683436802,-0.6595540030139225,0.1974639346702423,0,False,0.8285714285714287,neutral
GATA_known16	GATA3_3	Gata3_bulyk_sc09-primary,GATA3,8,0.0074631951014612835,0.0074631951014612835,0.0,0.0,0.0,0,True,0.19047619047619052,neutral
GATA_known17	GATA5_1	Gata5_bulyk_sc09-primary,GATA5,7,0.26543183242415835,0.14468349030358504,0.13208957403811417,-0.9110434825701011,1.0431330566082153,0,False,-0.21428571428571433,normal-suppression
GATA_known18	GATA6_2	Gata6_bulyk_sc09-primary,GATA6,8,0.3674267400190092,0.3674267400190092,0.0,0.0,0.0,0,True,0.2142857142857143,neutral
GATA_known19	GATA3_4	GATA3_jolma_DBD_M127,GATA3,6,1.0,0.5668805554659874,-0.5336511410702669,-1.3113812876215127,0.7777301465512458,0,False,0.14285714285714288,divergent
GATA_known2	GATA2_1	GATA-2_transfac_M00076,GATA2,10,0.8892147623619074,0.40032267094783597,0.18334477311889116,-0.7499151177515249,0.933259890870416,0,False,-0.7963562622208846,normal-suppression
GATA_known20	GATA3_5	GATA3_jolma_full_M128,GATA3,5,0.44275619952361733,0.3739496898341215,0.0841593041237688,-0.4869943978920014,0.5711537020157702,0,False,0.6,other
GATA_known21	GATA4_2	GATA4_jolma_DBD_M129,GATA4,5,0.26284963199116496,0.15567307512965517,0.09661458974688186,-0.5339408007340203,0.6305553904809021,0,False,-0.6,normal-suppression
GATA_known22	GATA5_2	GATA5_jolma_DBD_M130,GATA5,5,0.1684544040460496,0.1684544040460496,0.0,0.0,0.0,0,True,0.3,neutral
GATA_known3	GATA3_1	GATA-3_transfac_M00077,GATA3,9,1.0,0.5779457478643841,0.2914192532878492,0.19562940413069044,0.09578984915715874,0,False,0.31666666666666665,neutral
GATA_known4	GATA1_2	GATA-1_transfac_M00126,GATA1,6,1.0,0.14557348819205912,1.5910303701945914,-0.4984989307329555,2.0895293009275466,0,False,-0.6,tumor-gain
GATA_known5	GATA1_3	GATA-1_transfac_M00127,GATA1,9,1.0,0.16744357550639963,-0.013701277344525777,-0.21948879097719803,0.20578751363267225,0,False,-0.07531446678801507,neutral
GATA_known6	GATA1_4	GATA-1_transfac_M00128,GATA1,7,1.0,0.5726585147501762,0.15461812173546455,-0.5349047484145136,0.6895228701499782,0,False,-0.42857142857142866,normal-suppression
GATA_known7	GATA_1	GATA-X_transfac_M00203,GATA1,9,1.0,0.566466237616267,-0.23504568205185375,-0.7915361894706741,0.5564905074188203,0,False,0.6666666666666667,normal-suppression
GATA_known8	GATA1_5	GATA-1_transfac_M00346,GATA1,7,1.0,0.3762476601513672,0.5571175386078409,0.0784283045969464,0.47868923401089447,0,False,-0.3091420111676559,neutral
GATA_known9	GATA6_1	GATA-6_transfac_M00462,GATA6,8,0.947561531614332,0.7153561865190021,-0.04058527802183034,-0.5604025008069331,0.5198172227851028,0,False,0.04761904761904763,normal-suppression
GBX1_1	Gbx1_bulyk_cell08-2883.2,GBX1,10,0.7079956809559618,0.16765440614355845,-0.3890516430213869,-0.8412325556929668,0.45218091267157995,0,False,-0.12727272727272726,neutral
GBX1_2	GBX1_jolma_DBD_M501,GBX1,8,0.558570527273393,0.2294048691981078,0.4238608598998772,0.2599723873020648,0.16388847259781242,0,False,-0.2142857142857143,neutral
GBX1_3	Gbx1_jolma_DBD_M509,GBX1,6,0.43983966032962596,0.2568725267455751,0.43236601215673975,-0.1437320172473317,0.5760980294040714,0,False,-0.08571428571428573,other
GBX1_Hsapiens-HOCOMOCOv10-GBX1_HUMAN.H10MO.D,GBX1,7,0.7123119033214103,0.061697637425248954,0.7088076108943829,-0.2155518687598783,0.9243594796542612,0,False,-0.4642857142857144,tumor-gain
GBX1_Hsapiens-SwissRegulon-GBX1.SwissRegulon,GBX1,8,0.008222537516294204,0.006142855949532062,0.48493614587984213,-0.6710423563944177,1.1559785022742597,0,False,-0.3333333333333334,normal-suppression
GBX1_Hsapiens-jaspar2016-GBX1-MA0889.1,GBX1,9,0.1362787625779207,0.07723745926238988,0.14242320712493067,-0.32732222420145635,0.469745431326387,0,False,0.2833333333333333,neutral
GBX1_Hsapiens-jaspar2018-GBX1-MA0889.1,GBX1,9,0.049237071612493494,0.019009875546446772,-0.03142861747437307,-0.321543853161277,0.2901152356869039,0,False,-0.75,neutral
GBX1_Hsapiens-jolma2013-GBX1,GBX1,8,0.012208210110263,0.001785766144879893,0.5035703714213987,-0.34424606222164394,0.8478164336430427,0,False,-0.7142857142857144,tumor-gain
GBX2_1	Gbx2_bulyk_cell08-3110.1,GBX2,8,0.5452021519154543,0.5452021519154543,0.0,0.0,0.0,0,True,0.0,neutral
GBX2_2	GBX2_jolma_DBD_M502,GBX2,6,0.620043328313346,0.620043328313346,0.0,0.0,0.0,0,True,0.3714285714285715,neutral
GBX2_3	GBX2_jolma_DBD_M503,GBX2,6,0.5107169518475249,0.27883860869431654,0.3256449113721536,-1.3369349043514265,1.66257981572358,0,False,-0.4285714285714286,normal-suppression
GBX2_4	GBX2_jolma_full_M504,GBX2,10,0.4725667287475489,0.3705413731129539,-0.3550450674507862,-0.8552869221297663,0.5002418546789802,0,False,-0.0303030303030303,normal-suppression
GBX2_5	Gbx2_jolma_DBD_M510,GBX2,5,0.4068084843159074,0.37102010818584397,0.9957851506163696,0.3702486517919516,0.6255364988244181,0,False,0.09999999999999999,tumor-gain
GBX2_Hsapiens-HOCOMOCOv10-GBX2_HUMAN.H10MO.D,GBX2,5,0.4092998658815543,0.23603844346069155,0.06504655589922385,-0.17688655856937072,0.24193311446859456,0,False,0.09999999999999999,neutral
GBX2_Hsapiens-SwissRegulon-GBX2.SwissRegulon,GBX2,7,0.07541454779092435,0.02388527025368765,0.20162255145326857,-0.11172007464903184,0.3133426261023004,0,False,0.3571428571428572,neutral
GBX2_Hsapiens-jaspar2016-GBX2-MA0890.1,GBX2,3,0.23361266710185138,0.1583871881216049,-0.30464286732366824,-0.5017906325601177,0.19714776523644945,0,False,,neutral
GBX2_Hsapiens-jaspar2018-GBX2-MA0890.1,GBX2,7,0.10465608468949816,0.06901086936928669,0.7295317335223452,-0.2788052533969493,1.0083369869192946,0,False,0.1785714285714286,tumor-gain
GBX2_Hsapiens-jolma2013-GBX2,GBX2,8,0.029015582801006436,0.012264193223097863,0.01716633621214354,-0.8225986929909382,0.8397650292030818,0,False,-0.1666666666666667,normal-suppression
GBX2_Hsapiens-jolma2013-GBX2-2,GBX2,4,0.14792507252162934,0.1420036837143735,-0.7279823564761357,-0.7330150429608353,0.005032686484699567,0,False,0.7999999999999999,neutral
GBX2_Hsapiens-jolma2013-GBX2-3,GBX2,5,0.061341358071630984,0.02834402349563844,1.0695572050059694,0.6196814829817603,0.4498757220242091,0,False,-0.09999999999999999,neutral
GCM1_1	Gcm1_bulyk_sc09-primary,GCM1,8,0.3765086665306541,0.281333362369813,0.05906691826548913,-0.4333498965478945,0.4924168148133836,0,False,-0.07142857142857144,neutral
GCM1_2	GCM1_jolma_DBD_M131,GCM1,9,1.0,0.36818633182718236,1.5555864828167278,0.17547743433628227,1.3801090484804455,0,False,-0.38333333333333336,tumor-gain
GCM1_3	GCM1_jolma_full_M132,GCM1,8,0.8819118384909581,0.8819118384909581,0.0,0.0,0.0,0,True,0.5476190476190477,neutral
GCM1_4	GCM1_jolma_full_M133,GCM1,10,1.0,0.6101198661819346,0.6214877291254715,-0.6026584176173116,1.224146146742783,0,False,0.2121212121212121,tumor-gain
GCM1_Hsapiens-HOCOMOCOv10-GCM1_HUMAN.H10MO.D,GCM1,10,1.0,0.7507477567298113,0.4899822286744357,-0.3116128310186662,0.8015950596931019,0,False,-0.03647433262080388,other
GCM1_Hsapiens-SwissRegulon-GCM1.SwissRegulon,GCM1,6,0.438149324979838,0.39325121213715264,-0.24244539601511725,-1.622290593373923,1.3798451973588057,0,False,-0.3714285714285715,normal-suppression
GCM1_Hsapiens-jaspar2016-GCM1-MA0646.1,GCM1,10,0.20484876403318678,0.20484876403318678,0.0,0.0,0.0,0,True,0.22424242424242422,neutral
GCM1_Hsapiens-jaspar2018-GCM1-MA0646.1,GCM1,5,0.11058479525925438,0.11058479525925438,0.0,0.0,0.0,0,True,0.09999999999999999,neutral
GCM1_Hsapiens-jolma2013-GCM1,GCM1,9,0.16176802651638586,0.06831767747037239,-0.1596409381749659,-0.38646409122183123,0.22682315304686532,0,False,0.4666666666666666,neutral
GCM1_Hsapiens-jolma2013-GCM1-2,GCM1,6,0.62533805741083,0.6144255759206001,1.1655376153796073,0.16453330319121137,1.001004312188396,0,False,-0.2571428571428572,tumor-gain
GCM1_Hsapiens-jolma2013-GCM1-3,GCM1,10,0.0953894479984915,0.08262097210344128,0.09265048610856531,-0.3332687651144378,0.4259192512230031,0,False,0.2121212121212121,neutral
GCM2_1	GCM2_jolma_DBD_M134,GCM2,9,0.40470638966319133,0.3531825424417878,0.45219481548830126,0.11023969781744121,0.34195511767086006,0,False,0.2833333333333333,neutral
GCM2_Hsapiens-HOCOMOCOv10-GCM2_HUMAN.H10MO.D,GCM2,7,1.0,1.0,0.0,0.0,0.0,0,True,-0.10714285714285716,neutral
GCM2_Hsapiens-SwissRegulon-GCM2.SwissRegulon,GCM2,7,0.10031088160438931,0.07037327273992548,0.13687089493097296,-0.21529953999062668,0.3521704349215996,0,False,-0.14285714285714288,neutral
GCM2_Hsapiens-jaspar2016-GCM2-MA0767.1,GCM2,7,0.20682827160984502,0.18759206234609221,-0.009484223257841427,-0.5299130988355086,0.5204288755776673,0,False,0.07142857142857144,normal-suppression
GCM2_Hsapiens-jaspar2018-GCM2-MA0767.1,GCM2,9,0.16268601731608387,0.15955232658891477,1.3700972987960724,0.2553499689728297,1.1147473298232429,0,False,0.16666666666666669,tumor-gain
GCM2_Hsapiens-jolma2013-GCM2,GCM2,7,0.1141718296870852,0.08370465791328303,1.0842744076646014,0.24798365660362212,0.8362907510609793,0,False,-0.28571428571428575,tumor-gain
GCM_1	GCM_transfac_M00634,GCM,10,1.0,0.6674426346285015,0.2758455251602608,0.09706732510876716,0.17877820005149364,0,False,,neutral
GCR_Hsapiens-HOCOMOCOv10-GCR_HUMAN.H10MO.A,GCR,10,0.7548161120840632,0.49722654649753406,0.27119500197782276,-0.2953770156597218,0.5665720176375446,0,False,-0.5515151515151515,other
GCR_Hsapiens-HOCOMOCOv10-GCR_HUMAN.H10MO.S,GCR,5,1.0,1.0,0.0,0.0,0.0,0,True,0.19999999999999998,neutral
GFI1B_1	Gfi1b_transfac_M01058,GFI1,8,1.0,0.3024670062260698,0.11169364201719666,-1.1696928548150787,1.2813864968322752,0,False,-0.6904761904761906,normal-suppression
GFI1B_Hsapiens-HOCOMOCOv10-GFI1B_HUMAN.H10MO.C,GFI1,10,1.0,0.30088440259302657,0.03398859405968103,-0.2439433028849924,0.27793189694467346,0,False,-0.0303030303030303,neutral
GFI1B_Hsapiens-SwissRegulon-GFI1B.SwissRegulon,GFI1,10,1.0,0.32036195842320514,0.04930942567800361,-0.8684929341010367,0.9178023597790402,0,False,0.29696969696969694,normal-suppression
GFI1_1	Gfi-1_transfac_M00250,GFI1,10,0.02467915759992048,0.0006267664997382484,1.4336857546963793,1.389592488359746,0.04409326633663335,0,False,0.19999999999999998,neutral
GFI1_2	Gfi1_transfac_M01067,GFI1,9,1.0,1.0,0.0,0.0,0.0,0,True,0.6666666666666667,neutral
GFI1_3	Gfi_jaspar_MA0038.1,GFI1,6,1.0,0.7506620713715582,0.17776457413528568,-0.5836550968398975,0.7614196709751831,0,False,0.8857142857142858,normal-suppression
GFI1_Hsapiens-HOCOMOCOv10-GFI1_HUMAN.H10MO.C,GFI1,8,0.9683293745051473,0.9683293745051473,0.0,0.0,0.0,0,True,0.2142857142857143,neutral
GFI1_Hsapiens-SwissRegulon-GFI1.SwissRegulon,GFI1,5,0.5839920126466429,0.1848474148017031,0.5311971531247581,-0.5499767695299006,1.0811739226546586,0,False,-0.9999999999999999,tumor-gain
GLI1_Hsapiens-HOCOMOCOv10-GLI1_HUMAN.H10MO.C,GLI1,10,1.0,0.29719606724485215,-0.30620127117838697,-0.44252423661232276,0.1363229654339358,0,False,-0.17021355223041806,neutral
GLI1_Hsapiens-SwissRegulon-GLI1.SwissRegulon,GLI1,9,0.15272682047136404,0.08863650995665677,0.6679873372736278,-0.7902730919184703,1.458260429192098,0,False,-0.5,tumor-gain
GLI2_1	GLI2_jolma_DBD_M10,GLI2,10,1.0,0.8001197835833145,0.25794900619422423,-0.8817018853718398,1.1396508915660641,0,False,0.28484848484848485,normal-suppression
GLI2_2	GLI2_jolma_DBD_M11,GLI2,10,1.0,0.2551413836588526,0.43923950554856817,-0.18815722568698606,0.6273967312355542,0,False,-0.41818181818181815,other
GLI2_Hsapiens-HOCOMOCOv10-GLI2_HUMAN.H10MO.B,GLI2,10,0.1842499360792859,0.1842499360792859,0.0,0.0,0.0,0,True,0.32121212121212117,neutral
GLI2_Hsapiens-SwissRegulon-GLI2.SwissRegulon,GLI2,9,0.5075555917043574,0.45316224145639983,-0.020534042193791215,-0.5697623725065103,0.5492283303127191,0,False,0.08333333333333334,normal-suppression
GLI2_Hsapiens-jaspar2016-GLI2-MA0734.1,GLI2,10,0.21586821585362995,0.1293604933948132,0.01492845865894546,-0.23291725647647357,0.24784571513541903,0,False,0.34545454545454546,neutral
GLI2_Hsapiens-jaspar2018-GLI2-MA0734.1,GLI2,10,0.15544353452437096,0.1009936442536463,0.7119502368807281,-0.8905641909327835,1.6025144278135115,0,False,-0.6969696969696969,tumor-gain
GLI2_Hsapiens-jolma2013-GLI2,GLI2,10,0.6055367367040243,0.5077100658638553,0.9002761620538788,-0.32218334430792434,1.2224595063618031,0,False,0.33333333333333326,tumor-gain
GLI2_Hsapiens-jolma2013-GLI2-2,GLI2,9,0.10400805211072492,0.08185081083485544,-0.15976321499248908,-0.5012862781167211,0.34152306312423203,0,False,-0.2833333333333333,neutral
GLI3_Hsapiens-HOCOMOCOv10-GLI3_HUMAN.H10MO.B,GLI3,10,0.3216760486238197,0.3010484273589614,0.5540592455331296,0.30907912150906297,0.2449801240240666,0,False,0.5269591544068886,neutral
GLI3_Hsapiens-SwissRegulon-GLI3.SwissRegulon,GLI3,10,0.3883505974375488,0.08857746686058657,0.03779879687548289,-0.14194920211321357,0.17974799898869648,0,False,0.01818181818181818,neutral
GLIS3_Hsapiens-HOCOMOCOv10-GLIS3_HUMAN.H10MO.D,GLIS3,2,0.26759438045142875,0.26759438045142875,0.0,0.0,0.0,0,True,,neutral
GLIS3_Hsapiens-jolma2013-GLIS3,GLIS3,2,0.030130609077977502,0.020998581446924142,0.616378649784132,-0.42632180967616085,1.0427004594602929,0,False,,tumor-gain
GLI_1	GLI_transfac_M01037,GLI,10,1.0,0.8006000005982059,-0.10312982313018837,-0.25875230265068017,0.1556224795204918,0,False,0.048547938750294596,neutral
GMEB1_1	Gmeb1_bulyk_sc09-primary,GMEB1,9,0.05748962276498442,0.015419440758091606,0.1482760861153582,-0.4383449850230999,0.5866210711384581,0,False,0.2833333333333333,other
GMEB1_Hsapiens-SwissRegulon-GMEB1.SwissRegulon,GMEB1,8,0.10132234770612099,0.0014388753464039913,-0.33918230906597296,-1.029272294800733,0.69008998573476,0,False,0.09523809523809526,normal-suppression
GMEB2_1	GMEB2_jolma_DBD_M252,GMEB2,8,0.729461639269286,0.29710979376351887,1.3862622665726092,0.3277549656033058,1.0585073009693033,0,False,0.04761904761904763,tumor-gain
GMEB2_2	GMEB2_jolma_DBD_M253,GMEB2,9,1.0,0.8895181810719855,0.3221681168544841,-0.37110215051375944,0.6932702673682436,0,False,-0.25,other
GMEB2_3	GMEB2_jolma_DBD_M254,GMEB2,10,1.0,0.4006696079962518,0.29533836563908195,-0.47400806845892635,0.7693464340980083,0,False,-0.5030303030303029,other
GMEB2_4	GMEB2_jolma_DBD_M738,GMEB2,5,0.457104905568194,0.457104905568194,0.0,0.0,0.0,0,True,0.3,neutral
GMEB2_Hsapiens-HOCOMOCOv10-GMEB2_HUMAN.H10MO.D,GMEB2,8,1.0,1.0,0.0,0.0,0.0,0,True,0.9523809523809524,neutral
GMEB2_Hsapiens-SwissRegulon-GMEB2.SwissRegulon,GMEB2,9,0.12307357765879973,0.07629908107780733,2.239311340240703,1.6496878322145443,0.5896235080261587,0,False,-0.26666666666666666,tumor-gain
GMEB2_Hsapiens-jaspar2016-GMEB2-MA0862.1,GMEB2,9,0.05812130869458991,0.030776855483292745,-0.22082719659543362,-0.9705261263334791,0.7496989297380455,0,False,-0.18333333333333335,normal-suppression
GMEB2_Hsapiens-jaspar2018-GMEB2-MA0862.1,GMEB2,8,0.04650649159020816,0.01978445916930731,-0.17513078724042452,-0.9649901499095607,0.7898593626691361,0,False,-0.04761904761904763,normal-suppression
GMEB2_Hsapiens-jolma2013-GMEB2,GMEB2,9,0.2238250218134392,0.15815157265446253,1.9695762273562079,0.5630774144156157,1.4064988129405922,0,False,-0.13333333333333333,tumor-gain
GMEB2_Hsapiens-jolma2013-GMEB2-2,GMEB2,9,0.22118597709625742,0.22118597709625742,0.0,0.0,0.0,0,True,0.7666666666666667,neutral
GMEB2_Hsapiens-jolma2013-GMEB2-3,GMEB2,10,0.31392164256010685,0.31392164256010685,0.0,0.0,0.0,0,True,0.4787878787878787,neutral
GMEB2_Hsapiens-jolma2013-GMEB2-4,GMEB2,9,0.02462561504251857,0.01288865213646717,1.447845433518065,1.4329756576666237,0.014869775851441336,0,False,0.09999999999999999,neutral
GPD1_Hsapiens-hPDI-GPD1,GPD1,4,0.500998003992016,0.500998003992016,0.0,0.0,0.0,0,True,,neutral
GRHL1_1	GRHL1_jolma_DBD_M59,GRHL1,8,0.14073426284742796,0.05107311009011199,-0.09171809885125637,-0.44646290324592786,0.3547448043946715,0,False,-0.1666666666666667,neutral
GRHL1_2	GRHL1_jolma_DBD_M60,GRHL1,4,0.07942289496416248,0.052102557079188996,-0.1772335746177606,-1.06992888944441,0.8926953148266493,0,False,0.19999999999999998,normal-suppression
GRHL1_3	GRHL1_jolma_full_M61,GRHL1,3,0.11408716057882949,0.0898645566709515,1.4862493087993953,-1.0456253710819032,2.5318746798812986,0,False,,tumor-gain
GRHL1_Hsapiens-HOCOMOCOv10-GRHL1_HUMAN.H10MO.D,GRHL1,8,0.10968128802347427,0.10968128802347427,0.0,0.0,0.0,0,True,-0.023809523809523815,neutral
GRHL1_Hsapiens-SwissRegulon-GRHL1.SwissRegulon,GRHL1,7,0.06391683616841479,0.0637689482795421,-0.5071026842583647,-2.2173543349666063,1.7102516507082415,0,False,-0.03571428571428572,divergent
GRHL1_Hsapiens-jaspar2016-GRHL1-MA0647.1,GRHL1,3,0.05057921308803769,0.036363436987449836,0.7674037178247334,-0.2502923694096116,1.017696087234345,0,False,,tumor-gain
GRHL1_Hsapiens-jaspar2018-GRHL1-MA0647.1,GRHL1,5,0.03498167539246632,0.03498167539246632,0.0,0.0,0.0,0,True,0.09999999999999999,neutral
GRHL1_Hsapiens-jolma2013-GRHL1,GRHL1,8,0.09529152924146263,0.041815945375752867,0.2459307700764415,-1.2193045189492548,1.4652352890256963,0,False,0.07142857142857144,normal-suppression
GRHL1_Hsapiens-jolma2013-GRHL1-2,GRHL1,7,0.03328224713805517,0.02534742326276995,0.25855346417243036,-1.0270982825249197,1.28565174669735,0,False,-0.03571428571428572,normal-suppression
GRHL1_Hsapiens-jolma2013-GRHL1-3,GRHL1,5,0.04200645589177122,0.03151020643871261,0.3457728832559528,0.007369409525891766,0.338403473730061,0,False,0.7999999999999999,neutral
GRHL2_Hsapiens-jaspar2018-GRHL2-MA1105.1,GRHL2,8,1.0,0.17506009622863578,-0.72142161941766,-0.7580497999774014,0.036628180559741375,0,False,0.09523809523809526,neutral
GRHPR_Hsapiens-hPDI-GRHPR,GRHPR,2,0.5007488766849718,0.2507494375012611,0.7351844198875684,-1.1829771501719013,1.9181615700594699,0,False,,tumor-gain
GSC2_1	GSC2_jolma_DBD_M505,GSC,5,1.0,0.626232181238728,0.2168247923606176,0.054001687257211765,0.16282310510340584,0,False,0.7999999999999999,neutral
GSC2_Hsapiens-HOCOMOCOv10-GSC2_HUMAN.H10MO.D,GSC,10,1.0,0.5097561939680916,0.4803919383345121,-0.19890942766055306,0.6793013659950652,0,False,-0.22424242424242422,other
GSC2_Hsapiens-SwissRegulon-GSC2.SwissRegulon,GSC,8,0.29984829694555803,0.20178972445196683,0.6945168394232856,-0.840454803585545,1.5349716430088307,0,False,0.261904761904762,tumor-gain
GSC2_Hsapiens-jaspar2016-GSC2-MA0891.1,GSC,7,0.7514907581909946,0.4706081759275921,-0.08916591424600939,-0.9687702983708604,0.879604384124851,0,False,-0.03571428571428572,normal-suppression
GSC2_Hsapiens-jaspar2018-GSC2-MA0891.1,GSC,8,0.42569395313995684,0.3222279611370209,-0.8152551073398241,-2.3534250202036575,1.5381699128638333,0,False,0.04761904761904763,divergent
GSC2_Hsapiens-jolma2013-GSC2,GSC,7,0.39049077210530514,0.3737558119070817,0.06282894111648946,-0.6206981473426458,0.6835270884591353,0,False,0.28571428571428575,normal-suppression
GSC_1	Gsc_bulyk_cell08-2327.3,GSC,9,0.7515297715887391,0.44341179748471904,0.7182315469225702,-0.3113418307735056,1.0295733776960758,0,False,-0.049999999999999996,tumor-gain
GSC_2	GSC_jolma_full_M506,GSC,8,0.9868364758521512,0.5782542218959033,-0.44936478596188156,-0.8969013822428886,0.44753659628100706,0,False,-0.04761904761904763,neutral
GSC_Hsapiens-HOCOMOCOv10-GSC_HUMAN.H10MO.D,GSC,9,1.0,0.8357800750545877,0.47315512066443627,-0.09737988794873029,0.5705350086131665,0,False,-0.19999999999999998,other
GSC_Hsapiens-SwissRegulon-GSC.SwissRegulon,GSC,8,0.2696541222380655,0.23348814522293207,-0.7933388167329362,-1.3204152679840153,0.5270764512510792,0,False,0.3571428571428572,divergent
GSC_Hsapiens-jaspar2016-GSC-MA0648.1,GSC,6,0.4696057248643607,0.3456607181252449,0.2946799600805958,-0.08693806774931792,0.3816180278299137,0,False,-0.8857142857142858,neutral
GSC_Hsapiens-jaspar2018-GSC-MA0648.1,GSC,9,0.4601857345511515,0.2861865840907927,-0.29113835903830815,-0.9349910717631221,0.6438527127248139,0,False,-0.21666666666666667,normal-suppression
GSC_Hsapiens-jolma2013-GSC,GSC,8,0.33242963445161205,0.21496420411884462,0.061464055126396244,-1.5489084283639298,1.6103724834903261,0,False,-0.1666666666666667,normal-suppression
GSX1_1	GSX1_jolma_DBD_M507,GSX1,3,0.4717621230552659,0.44953781864646714,0.06084882285989917,-1.0511328292777362,1.1119816521376353,0,False,,normal-suppression
GSX1_Hsapiens-HOCOMOCOv10-GSX1_HUMAN.H10MO.D,GSX1,5,0.7423719700703446,0.07962592090921723,0.1319709838326316,-0.17010023649940068,0.30207122033203226,0,False,-0.7999999999999999,neutral
GSX1_Hsapiens-SwissRegulon-GSX1.SwissRegulon,GSX1,8,0.19881601423781128,0.13792034148814625,0.5614242225504471,-0.07547249997203906,0.6368967225224862,0,False,-0.07142857142857144,tumor-gain
GSX1_Hsapiens-jaspar2016-GSX1-MA0892.1,GSX1,9,0.33286126478903355,0.285321731981414,0.7657560272400794,-0.14407543725546948,0.9098314644955489,0,False,0.3,tumor-gain
GSX1_Hsapiens-jaspar2018-GSX1-MA0892.1,GSX1,8,0.2996873608878984,0.09664811961703962,1.9429787449198688,0.832989303135655,1.1099894417842138,0,False,-0.4523809523809524,tumor-gain
GSX1_Hsapiens-jolma2013-GSX1,GSX1,7,0.2053093651064985,0.2053093651064985,0.0,0.0,0.0,0,True,-0.03571428571428572,neutral
GSX2_1	Gsh2_bulyk_cell08-3990.2,GSX2,6,0.6346845272479348,0.6346845272479348,0.0,0.0,0.0,0,True,0.3142857142857143,neutral
GSX2_2	GSX2_jolma_DBD_M508,GSX2,5,0.565319922269433,0.43841457579923904,0.12147629084365895,-1.4432177789238518,1.5646940697675107,0,False,0.49999999999999994,normal-suppression
GSX2_Hsapiens-SwissRegulon-GSX2.SwissRegulon,GSX2,9,0.7824846199788652,0.20431249697312945,0.7568753615170375,0.27129650435713304,0.48557885715990445,0,False,-0.31666666666666665,neutral
GSX2_Hsapiens-jaspar2016-GSX2-MA0893.1,GSX2,3,0.25531008469912236,0.15045582822316309,0.40370703098518973,0.07099235345956839,0.33271467752562134,0,False,,neutral
GSX2_Hsapiens-jaspar2018-GSX2-MA0893.1,GSX2,6,0.20606545933950404,0.20606545933950404,0.0,0.0,0.0,0,True,0.2,neutral
GSX2_Hsapiens-jolma2013-GSX2,GSX2,4,0.19512060283253507,0.19512060283253507,0.0,0.0,0.0,0,True,0.39999999999999997,neutral
GTF2A_1	TFIIA_transfac_M00707,GTF2A,4,1.0,1.0,0.0,0.0,0.0,0,True,,neutral
GTF2B_Hsapiens-hPDI-GTF2B,GTF2B,8,1.0,0.8004390341249251,0.9123762375214378,0.04075558484665093,0.8716206526747869,0,False,0.1666666666666667,tumor-gain
GTF2F1_Hsapiens-SwissRegulon-GTF2F1.SwissRegulon,GTF2F1,2,0.000587032545933765,0.00020832906673271692,0.5355472550448367,-0.1937520597860573,0.7292993148308939,0,False,,tumor-gain
GTF2H3_Hsapiens-hPDI-GTF2H3,GTF2H3,2,0.5007488766849718,0.2507494375012611,0.5311357556574758,-0.33447508760360284,0.8656108432610787,0,False,,tumor-gain
GTF2I_1	TFII-I_transfac_M00706,GTF2I,10,1.0,1.0,0.0,0.0,0.0,0,True,-0.12369256915226569,neutral
GTF2I_Hsapiens-SwissRegulon-GTF2I.SwissRegulon,GTF2I,5,0.031340891741966824,0.010843240895440337,2.3552170132365413,1.7106693024060733,0.644547710830468,0,False,-0.6,tumor-gain
GTF3C2_Hsapiens-hPDI-GTF3C2,GTF3C2,3,1.0,1.0,0.0,0.0,0.0,0,True,,neutral
GTPBP6_Hsapiens-hPDI-GTPBP6,GTPBP6,3,0.500998003992016,0.16744407323834357,0.45416807222145955,-0.12212812332979613,0.5762961955512557,0,False,,other
GZF1_1	GZF1_transfac_M01069,GZF1,6,1.0,0.33488526925700296,2.1312211456070735,0.17072292596808222,1.9604982196389913,0,False,-0.2571428571428572,tumor-gain
GZF1_Hsapiens-SwissRegulon-GZF1.SwissRegulon,GZF1,10,0.48387154102449037,0.48387154102449037,0.0,0.0,0.0,0,True,0.4666666666666666,neutral
H1FX_Hsapiens-hPDI-H1FX,H1FX,3,0.7504367357125045,0.37587385290117276,0.687638389670412,0.4216180008681298,0.26602038880228224,0,False,,neutral
H2AFY_Hsapiens-hPDI-H2AFY,H2AFY,7,1.0,0.6672212978369385,1.2196023581050934,-0.6309569569557386,1.8505593150608322,0,False,-0.41833001326703784,tumor-gain
H2AFZ_Hsapiens-hPDI-H2AFZ,H2AFZ,8,1.0,0.5007488766849718,-0.2944069881930138,-0.7425334589533187,0.4481264707603049,0,False,-0.2470831055537004,neutral
HAND1_1	Hand1:E47_transfac_M00222,HAND1,8,0.6162403511427273,0.3646537096192835,0.300214023638173,-1.672287114627538,1.972501138265711,0,False,0.8333333333333335,normal-suppression
HAND1_2	Hand1::Tcfe2a_jaspar_MA0092.1,HAND1,8,1.0,0.5152476700198231,0.7598115481250544,-0.5748003134631348,1.334611861588189,0,False,0.14285714285714288,tumor-gain
HAND1_Hsapiens-HOCOMOCOv10-HAND1_HUMAN.H10MO.D,HAND1,9,1.0,0.7696913864578543,0.3464919627359463,0.1091114277118367,0.2373805350241096,0,False,-0.2869428206737055,neutral
HAND1_Hsapiens-SwissRegulon-HAND1.SwissRegulon,HAND1,9,1.0,0.7339933644115365,0.651255842954834,-0.30308125728677415,0.9543371002416081,0,False,-0.15,tumor-gain
HAND1_Hsapiens-cisbp_1.02-M6268_1.02,HAND1,10,1.0,0.6300774944829123,0.6726456115918525,-1.3257954606229208,1.9984410722147734,0,False,-0.06748974310538336,tumor-gain
HBP1_1	Hbp1_bulyk_sc09-primary,HBP1,8,0.5102166278400146,0.4962598850241068,0.4218356792529899,-0.45039855472073875,0.8722342339737287,0,False,-0.3571428571428572,other
HBP1_Hsapiens-HOCOMOCOv10-HBP1_HUMAN.H10MO.D,HBP1,9,1.0,0.3344425956738769,0.5180917359258923,-0.1288614319921176,0.6469531679180099,0,False,-0.12297746456210362,tumor-gain
HBP1_Hsapiens-SwissRegulon-HBP1.SwissRegulon,HBP1,8,0.5577614693342898,0.531535614968206,0.3020803352661406,-0.19035024461534833,0.4924305798814889,0,False,-0.04761904761904763,neutral
HCFC1_Hsapiens-SwissRegulon-HCFC1.SwissRegulon,HCFC1,4,0.8367100090716664,0.6772408405402351,-0.2634092902860069,-0.710605113792939,0.4471958235069321,0,False,-0.19999999999999998,neutral
HCFC2_Hsapiens-hPDI-HCFC2,HCFC2,5,1.0,1.0,0.0,0.0,0.0,0,True,,neutral
HCLS1_Hsapiens-hPDI-HCLS1,HCLS1,8,1.0,1.0,0.0,0.0,0.0,0,True,0.5165514464459439,neutral
HDAC2_disc1 HDAC2_K562_encode-Myers_seq_hsa_v041610.2-SC-6296_r1:MEME#1#Intergenic,HDAC2,2,1.0,1.0,0.0,0.0,0.0,0,True,,neutral
HDAC2_disc2 HDAC2_HepG2_encode-Myers_seq_hsa_v041610.1-SC-6296_r1:MDscan#1#Intergenic,HDAC2,3,0.3496556576416114,0.2247430897578066,0.6007924681926464,0.2198932224820979,0.38089924571054856,0,False,,neutral
HDAC2_disc3 HDAC2_H1-hESC_encode-Myers_seq_hsa_v041610.2-SC-6296_r1:MEME#3#Intergenic,HDAC2,2,0.5311392203440423,0.3564869496176227,0.8679404337564965,-0.305951663188962,1.1738920969454585,0,False,,tumor-gain
HDAC2_disc5 HDAC2_HepG2_encode-Myers_seq_hsa_v041610.1-SC-6296_r1:Trawler#3#Intergenic,HDAC2,4,0.4553376906318083,0.23171481253841428,0.3931444726777332,-0.4767780952140327,0.8699225678917659,0,False,-0.19999999999999998,other
HDX_1	Hdx_bulyk_cell08-3845.3,HDX,8,0.5436225962744121,0.11667306351966265,-0.9195885945418891,-1.490859113197759,0.57127051865587,0,False,0.07142857142857144,divergent
HDX_Hsapiens-SwissRegulon-HDX.SwissRegulon,HDX,7,0.670992339745735,0.670992339745735,0.0,0.0,0.0,0,True,0.7857142857142859,neutral
HEN1_Hsapiens-HOCOMOCOv10-HEN1_HUMAN.H10MO.C,EN1,6,0.8698763825634365,0.6180901426346129,0.8365035053392555,0.1968670355246131,0.6396364698146424,0,False,-0.4285714285714286,tumor-gain
HERPUD1_1	MIF-1_transfac_M00279,HERPUD1,10,1.0,1.0,0.0,0.0,0.0,0,True,-0.05838742081211422,neutral
HES1_1	HES1_transfac_M01009,HES1,8,0.7504990019960079,0.6675531914893617,0.7998972372134368,0.23942359806930114,0.5604736391441356,0,False,-0.4191691916696406,tumor-gain
HES1_Hsapiens-HOCOMOCOv10-HES1_HUMAN.H10MO.D,HES1,7,0.7697267424009827,0.6929689898679763,0.028443056090372894,-0.9964742062529719,1.0249172623433447,0,False,-0.18018749253911182,normal-suppression
HES1_Hsapiens-cisbp_1.02-M6271_1.02,HES1,8,0.8862044817927164,0.61965379452467,-0.08843843214912753,-0.44469480729349753,0.35625637514437003,0,False,-0.14285714285714288,neutral
HES5_1	HES5_jolma_DBD_M318,HES5,4,0.49083657424032895,0.29554043540759245,0.09678207244529734,-1.3727486877575452,1.4695307602028425,0,False,-1.0,normal-suppression
HES5_Hsapiens-HOCOMOCOv10-HES5_HUMAN.H10MO.D,HES5,10,0.07239573065414524,0.04757153487037297,-0.251931772612309,-0.8343025626172409,0.582370790004932,0,False,0.2727272727272727,normal-suppression
HES5_Hsapiens-SwissRegulon-HES5.SwissRegulon,HES5,9,0.0073778457952595735,0.005267525367774714,-0.22183872836656024,-0.8666205731290336,0.6447818447624734,0,False,0.5499999999999999,normal-suppression
HES5_Hsapiens-cisbp_1.02-M5504_1.02,HES5,9,0.21102835830311015,0.13680754192095299,0.11167540186779064,-0.21377939191903184,0.32545479378682246,0,False,0.43333333333333335,neutral
HES5_Hsapiens-cisbp_1.02-M5505_1.02,HES5,8,0.028037206332915707,0.013721697655342405,0.5469703145363869,-1.107213344050036,1.654183658586423,0,False,-0.4761904761904762,tumor-gain
HES5_Hsapiens-hPDI-HES5,HES5,8,0.16067176414374024,0.028102417220417866,-2.8620046817890867,-3.5101156830867324,0.6481110012976457,0,False,-0.17078251276599335,divergent
HES5_Hsapiens-jaspar2016-HES5-MA0821.1,HES5,9,0.04187689655216584,0.022748556765080516,0.3015268735981018,0.2651253666455926,0.03640150695250921,0,False,0.09999999999999999,neutral
HES5_Hsapiens-jaspar2018-HES5-MA0821.1,HES5,9,0.018004374083043242,0.01167205290290199,-0.15037113168323138,-0.30275011163288945,0.15237897994965807,0,False,0.2833333333333333,neutral
HES5_Hsapiens-jolma2013-HES5,HES5,10,0.013764395865160364,0.003732789498137979,0.061309695165215304,-1.1379468724707746,1.1992565676359899,0,False,-0.35757575757575755,normal-suppression
HES5_Hsapiens-jolma2013-HES5-2,HES5,6,0.00353625562651009,0.0021415020560472385,1.749036642389092,-1.2584965526350167,3.0075331950241084,0,False,-0.5428571428571429,tumor-gain
HES7_1	HES7_jolma_DBD_M319,HES7,8,0.15247789245177482,0.05187474541093101,0.05274704281474319,-0.0433299549106795,0.09607699772542269,0,False,0.4285714285714286,neutral
HES7_Hsapiens-HOCOMOCOv10-HES7_HUMAN.H10MO.D,HES7,10,0.015301785208274302,0.005138467784252212,0.05730544884577017,-0.3139046273378902,0.37121007618366036,0,False,0.18787878787878787,neutral
HES7_Hsapiens-SwissRegulon-HES7.SwissRegulon,HES7,9,0.002608973410766459,0.001145455107977925,0.8581108426021301,-0.6854038856333742,1.5435147282355044,0,False,-0.13333333333333333,tumor-gain
HES7_Hsapiens-cisbp_1.02-M5506_1.02,HES7,9,0.013885985926438029,0.011206328279499009,-0.4526354431290737,-0.7711195713936462,0.31848412826457245,0,False,0.43333333333333335,neutral
HES7_Hsapiens-jaspar2016-HES7-MA0822.1,HES7,6,0.011206328279499009,0.008699912174178218,0.3928642318361303,-0.4707943254674269,0.8636585573035571,0,False,-0.2,other
HES7_Hsapiens-jaspar2018-HES7-MA0822.1,HES7,7,0.003797911219811411,0.002034325124373212,0.23723143113850156,-1.6848150033331393,1.9220464344716408,0,False,-0.28571428571428575,normal-suppression
HES7_Hsapiens-jolma2013-HES7,HES7,8,0.004148031340244007,0.0017087101342576504,0.24299478697455595,-0.90309102545487,1.146085812429426,0,False,-0.1666666666666667,normal-suppression
HESX1_1	HESX1_jolma_DBD_M511,HESX1,7,0.6798333607397706,0.6798333607397706,0.0,0.0,0.0,0,True,0.0,neutral
HESX1_2	HESX1_jolma_DBD_M512,HESX1,3,1.0,0.5456539422702189,0.5228307216000152,-0.40341968869662576,0.9262504102966409,0,False,,tumor-gain
HESX1_Hsapiens-HOCOMOCOv10-HESX1_HUMAN.H10MO.D,HESX1,9,1.0,0.25149700598802394,0.5707657176147575,-0.17170363759113652,0.742469355205894,0,False,0.2677847708018314,tumor-gain
HESX1_Hsapiens-SwissRegulon-HESX1.SwissRegulon,HESX1,10,0.5766555790746898,0.5766555790746898,0.0,0.0,0.0,0,True,0.18787878787878787,neutral
HESX1_Hsapiens-jaspar2016-HESX1-MA0894.1,HESX1,6,0.4383753466234363,0.3927041939235593,-0.13695051518477885,-0.9669648117590842,0.8300142965743054,0,False,0.08571428571428573,normal-suppression
HESX1_Hsapiens-jaspar2018-HESX1-MA0894.1,HESX1,6,0.3003664286292156,0.19698260235525278,0.3364069422812881,-0.16271421601177283,0.4991211582930609,0,False,-0.2,neutral
HESX1_Hsapiens-jolma2013-HESX1,HESX1,5,0.26646843203445086,0.17817443292752388,1.2317209161560174,1.0382984113199907,0.19342250483602674,0,False,-0.09999999999999999,neutral
HESX1_Hsapiens-jolma2013-HESX1-2,HESX1,3,0.5415848068107412,0.5415848068107412,0.0,0.0,0.0,0,True,,neutral
HEY1_Hsapiens-HOCOMOCOv10-HEY1_HUMAN.H10MO.D,HEY1,9,0.5759902683219218,0.3309709545069032,0.5829830299973733,-0.998657606026989,1.5816406360243622,0,False,-0.016666666666666666,tumor-gain
HEY1_Hsapiens-SwissRegulon-HEY1.SwissRegulon,HEY1,7,0.010597618790385259,0.005448244038783149,1.1324720469963003,0.46410354017343164,0.6683685068228686,0,False,-0.14285714285714288,tumor-gain
HEY1_Hsapiens-cisbp_1.02-M5509_1.02,HEY1,5,0.10031142800679464,0.04438588886701088,-0.6673875710880428,-0.7832477311725341,0.11586016008449129,0,False,-0.19999999999999998,neutral
HEY1_Hsapiens-jaspar2016-HEY1-MA0823.1,HEY1,4,0.035147258438571194,0.035147258438571194,0.0,0.0,0.0,0,True,0.7999999999999999,neutral
HEY1_Hsapiens-jaspar2018-HEY1-MA0823.1,HEY1,5,0.02112117952241186,0.02112117952241186,0.0,0.0,0.0,0,True,0.7,neutral
HEY1_Hsapiens-jolma2013-HEY1,HEY1,7,0.01683737794376865,0.01683737794376865,0.0,0.0,0.0,0,True,0.642857142857143,neutral
HEY1_disc1 HEY1_K562_encode-Myers_seq_hsa_r1:MDscan#1#Intergenic,HEY1,9,1.0,0.519550198599408,-0.31842369235342205,-0.7898315608524122,0.4714078684989902,0,False,0.7166666666666667,neutral
HEY1_disc2 HEY1_K562_encode-Myers_seq_hsa_r1:AlignACE#1#Intergenic,HEY1,2,0.027600648920638033,0.023558891834619927,0.7763203128534096,-0.39259035129752307,1.1689106641509328,0,False,,tumor-gain
HEY1_known1	HEY1_1	HEY1_jolma_DBD_M320,HEY1,9,0.42870730993353595,0.20440512007025707,-0.22886832222293166,-0.792239455437313,0.5633711332143814,0,False,-0.15,normal-suppression
HEY2_1	HEY2_jolma_DBD_M321,HEY2,6,0.13872068344070132,0.13872068344070132,0.0,0.0,0.0,0,True,0.3714285714285715,neutral
HEY2_2	HEY2_jolma_full_M322,HEY2,10,0.3172157632008675,0.14345345584111432,0.5179482473535556,-2.342957933064753,2.8609061804183087,0,False,-0.6484848484848483,tumor-gain
HEY2_Hsapiens-HOCOMOCOv10-HEY2_HUMAN.H10MO.D,HEY2,8,1.0,0.3344428164946702,0.886697055978302,0.5295078854906781,0.3571891704876239,0,False,0.12198750911856665,neutral
HEY2_Hsapiens-SwissRegulon-HEY2.SwissRegulon,HEY2,8,0.02368983940103228,0.012639210766841422,2.0385150349233068,1.1073216716830143,0.9311933632402924,0,False,-0.4761904761904762,tumor-gain
HEY2_Hsapiens-cisbp_1.02-M5510_1.02,HEY2,6,0.09142828116317635,0.05019049564209217,2.894154279189188,1.4579876795755022,1.4361665996136859,0,False,-0.48571428571428577,tumor-gain
HEY2_Hsapiens-cisbp_1.02-M5511_1.02,HEY2,7,0.04773796146002415,0.04494241449094164,0.1977553673243951,0.05704908631551878,0.14070628100887633,0,False,0.21428571428571433,neutral
HEY2_Hsapiens-cisbp_1.02-M6273_1.02,HEY2,7,1.0,0.4655014364002107,0.4216486449378245,-1.3912741654171321,1.8129228103549566,0,False,-0.1785714285714286,normal-suppression
HEY2_Hsapiens-jaspar2016-HEY2-MA0649.1,HEY2,9,0.03435830938986917,0.022435671838136273,1.3906690122664396,1.006038525982023,0.38463048628441654,0,False,0.2833333333333333,neutral
HEY2_Hsapiens-jaspar2018-HEY2-MA0649.1,HEY2,8,0.022835464258792154,0.021040226927373958,1.9633014419811452,0.8133405195449699,1.1499609224361753,0,False,0.07142857142857144,tumor-gain
HEY2_Hsapiens-jolma2013-HEY2,HEY2,6,0.03903296369820584,0.03270244527941267,0.9930429359703989,0.5680849352902655,0.42495800068013345,0,False,0.4058397249567139,neutral
HEY2_Hsapiens-jolma2013-HEY2-2,HEY2,8,0.023747945641980874,0.02004107399424188,0.8226876340893287,0.5672911227117603,0.25539651137756836,0,False,0.5714285714285715,neutral
HHEX_Hsapiens-hPDI-HHEX,HHEX,5,0.595686443720541,0.595686443720541,0.0,0.0,0.0,0,True,0.49999999999999994,neutral
HIC1_1	HIC1_transfac_M01072,HIC1,3,0.0700069864492103,0.06905539899973555,0.8960809552291786,0.23648860431580784,0.6595923509133708,0,False,,tumor-gain
HIC1_2	HIC1_transfac_M01073,HIC1,5,0.2338726311011382,4.82136655383471e-05,1.225630668109046,-0.4190772805203499,1.644707948629396,0,False,-0.3,tumor-gain
HIC1_3	Hic1_bulyk_sc09-primary,HIC1,10,1.0,0.6600800949644203,0.091427206255773,-0.39672997216102673,0.48815717841679973,0,False,0.05454545454545454,neutral
HIC1_4	Hic1_jolma_DBD_M19,HIC1,10,1.0,0.6842545627630934,0.13163551512201074,-0.4018961846860478,0.5335316998080586,0,False,-0.32121212121212117,other
HIC1_5	Hic1_jolma_DBD_M20,HIC1,9,1.0,0.24734430420742998,0.027253636298886184,-0.9425211615845132,0.9697747978833994,0,False,-0.65,normal-suppression
HIC1_Hsapiens-HOCOMOCOv10-HIC1_HUMAN.H10MO.C,HIC1,9,1.0,0.20377841524977813,-0.023413667571460114,-0.4271589252500905,0.4037452576786304,0,False,-0.435150252552976,neutral
HIC2_1	HIC2_jolma_DBD_M15,HIC2,9,1.0,1.0,0.0,0.0,0.0,0,True,0.6833333333333333,neutral
HIC2_Hsapiens-HOCOMOCOv10-HIC2_HUMAN.H10MO.D,HIC2,9,1.0,0.4904063455488105,0.22266451709318555,-0.07467901436165085,0.2973435314548364,0,False,-0.5126231421577709,neutral
HIC2_Hsapiens-SwissRegulon-HIC2.SwissRegulon,HIC2,9,0.21185578879571387,0.12173207596502994,-0.5438204725445557,-0.9768169432780428,0.4329964707334871,0,False,-0.26666666666666666,neutral
HIC2_Hsapiens-jaspar2016-HIC2-MA0738.1,HIC2,10,0.49401503122143015,0.44037939053170333,-0.5702177172268882,-1.1228879196689283,0.5526702024420401,0,False,-0.07878787878787878,divergent
HIC2_Hsapiens-jaspar2018-HIC2-MA0738.1,HIC2,7,0.30824589401018826,0.30824589401018826,0.0,0.0,0.0,0,True,0.0,neutral
HIC2_Hsapiens-jolma2013-HIC2,HIC2,7,0.24897094319323826,0.22133931356452985,-0.19984156813070567,-0.6437479838321724,0.4439064157014667,0,False,-0.7500000000000002,neutral
HIF1A::ARNT_1	HIF1A::ARNT_jaspar_MA0259.1,HIF1A,10,1.0,0.33571841007325665,0.5079544240151354,-1.0963535083494762,1.6043079323646117,0,False,0.006060606060606061,tumor-gain
HIF1A::ARNT_Hsapiens-JASPAR_CORE-HIF1A::ARNT-MA0259.1,HIF1A,9,0.35878849196924006,0.29627023223082344,0.648511233995074,-1.2841930420101657,1.9327042760052398,0,False,0.2333333333333333,tumor-gain
HIF1A_1	HIF1_transfac_M00466,HIF1A,9,1.0,1.0,0.0,0.0,0.0,0,True,0.1336306209562122,neutral
HIF1A_2	HIF1_transfac_M00797,HIF1A,4,1.0,0.7783453648191199,-1.231991952477414,-2.0919711065698046,0.8599791540923905,0,False,-0.39999999999999997,divergent
HIF1A_Hsapiens-HOCOMOCOv10-HIF1A_HUMAN.H10MO.A,HIF1A,9,0.7902802571880156,0.5539272109762902,-1.7929796931131128,-2.317868501003689,0.5248888078905762,0,False,-0.16666666666666669,divergent
HIF1A_Hsapiens-SwissRegulon-HIF1A.SwissRegulon,HIF1A,7,0.47505640160392393,0.3676759261460334,-0.5428727353573098,-0.6031831822900872,0.06031044693277732,0,False,0.3214285714285715,neutral
HIF1A_Hsapiens-cisbp_1.02-M6275_1.02,HIF1A,10,1.0,0.9767983148219401,-1.9535097732907136,-2.6674624163413787,0.7139526430506651,0,False,-0.19999999999999998,divergent
HIF1A_Hsapiens-jaspar2018-HIF1A-MA1106.1,HIF1A,8,1.0,0.5619965965560163,0.24876703396233174,-1.1412108618354095,1.3899778957977413,0,False,-0.6428571428571429,normal-suppression
HINFP1_Hsapiens-SwissRegulon-HINFP1.SwissRegulon,HINFP,6,0.24894813416696096,0.23195981628272533,-2.158001997632788,-3.30136697617274,1.1433649785399522,0,False,0.3142857142857143,divergent
HINFP1_Hsapiens-jolma2013-HINFP1,HINFP,7,0.31537736803882793,0.23100472632193297,-0.2718208828594958,-1.0961452041459305,0.8243243212864347,0,False,-0.39285714285714296,normal-suppression
HINFP1_Hsapiens-jolma2013-HINFP1-2,HINFP,3,0.2865177629865616,0.23922564789260745,0.5565393109886563,0.011271062354871384,0.5452682486337849,0,False,,tumor-gain
HINFP1_Hsapiens-jolma2013-HINFP1-3,HINFP,5,0.363130142548838,0.3141164790415138,1.4589211755415117,1.2741268446549994,0.18479433088651231,0,False,0.19999999999999998,neutral
HINFP_1	MIZF_jaspar_MA0131.1,HINFP,10,1.0,0.7150997150997151,0.4564548002725939,-0.04536678527758484,0.5018215855501788,0,False,0.12727272727272726,other
HINFP_2	HINFP1_jolma_full_M16,HINFP,7,1.0,0.5466962170257073,2.410775980549257,0.9208603286772667,1.4899156518719903,0,False,0.28571428571428575,tumor-gain
HINFP_4	HINFP1_jolma_full_M18,HINFP,9,1.0,0.41058600168882875,-0.8433008748856916,-1.840166323546055,0.9968654486603634,0,False,0.45,divergent
HINFP_Hsapiens-HOCOMOCOv10-HINFP_HUMAN.H10MO.C,HINFP,10,1.0,1.0,0.0,0.0,0.0,0,True,0.7212121212121211,neutral
HINFP_Hsapiens-JASPAR_2014-HINFP-MA0131.1,HINFP,10,0.10208623354651801,0.0717341393720166,-1.2768706863318173,-1.5241035392504203,0.24723285291860297,0,False,0.28484848484848485,neutral
HINFP_Hsapiens-SwissRegulon-HINFP.SwissRegulon,HINFP,6,0.2382305991619982,0.13051852292557853,2.066928012406471,1.9176637806325194,0.14926423177395143,0,False,-0.2571428571428572,neutral
HINFP_Hsapiens-jaspar2016-HINFP-MA0131.1,HINFP,10,0.06151560099993447,0.05183010514004751,1.6493069724470149,0.7038314975449556,0.9454754749020593,0,False,-0.3374487155269168,tumor-gain
HINFP_Hsapiens-jaspar2016-HINFP-MA0131.2,HINFP,7,0.5170492238291091,0.394405322714327,-0.9917661662634978,-1.7955256257588361,0.8037594594953383,0,False,-0.39285714285714296,divergent
HINFP_Hsapiens-jaspar2018-HINFP-MA0131.1,HINFP,9,0.047058350471160214,0.04444689927964189,2.233002277760804,2.0044589875731393,0.22854329018766473,0,False,0.0,neutral
HINFP_Hsapiens-jaspar2018-HINFP-MA0131.2,HINFP,10,0.3129145635686161,0.21767564367556308,2.1238843707112123,1.6471199621422656,0.47676440856894664,0,False,-0.33333333333333326,neutral
HIRIP3_Hsapiens-hPDI-HIRIP3,HIRIP3,4,0.6672212978369385,0.16743006350215311,0.23085662904794896,0.15214986602357042,0.07870676302437854,0,False,0.39999999999999997,neutral
HIST1H2BN_Hsapiens-hPDI-HIST1H2BN,HIST1H2BN,3,0.33422103861517977,0.33422103861517977,0.0,0.0,0.0,0,True,,neutral
HIST2H2AB_Hsapiens-hPDI-HIST2H2AB,HIST2H2AB,5,1.0,1.0,0.0,0.0,0.0,0,True,0.47434164902525683,neutral
HIST2H2BE_Hsapiens-hPDI-HIST2H2BE,HIST2H2BE,10,1.0,0.2507494375012611,0.07066255292134795,-0.4373740454500507,0.5080365983713987,0,False,-0.4690176471209656,other
HIVEP1_Hsapiens-SwissRegulon-HIVEP1.SwissRegulon,HIVEP1,8,0.215161238198564,0.2144863874762394,-1.9511751294284247,-3.301151080355723,1.3499759509272982,0,False,-0.5455447255899809,divergent
HLF_1	HLF_transfac_M00260,HLF,6,1.0,0.500748127434784,-0.44782089665059505,-0.8261962803472563,0.3783753836966613,0,False,0.2571428571428572,neutral
HLF_2	HLF_jaspar_MA0043.1,HLF,8,1.0,1.0,0.0,0.0,0.0,0,True,0.8455943246644704,neutral
HLF_3	HLF_jolma_full_M374,HLF,7,0.7083431796318302,0.5400054958564136,0.15622896515345527,-0.5208523194957018,0.6770812846491571,0,False,-0.9285714285714288,normal-suppression
HLF_4	Hlf_jolma_DBD_M375,HLF,8,0.3215506333134702,0.2028170620048211,-0.23344053662031047,-1.7625792325641427,1.5291386959438322,0,False,-0.3333333333333334,normal-suppression
HLF_Hsapiens-HOCOMOCOv10-HLF_HUMAN.H10MO.C,HLF,8,1.0,1.0,0.0,0.0,0.0,0,True,-0.2252817784447915,neutral
HLF_Hsapiens-JASPAR_2014-HLF-MA0043.1,HLF,9,0.5007488766849718,0.30116781782288693,0.8472796082780945,-2.025010042520773,2.8722896507988676,0,False,-0.5042194840896107,tumor-gain
HLF_Hsapiens-JASPAR_CORE-HLF-MA0043.1,HLF,8,0.5011224744325268,0.5011224744325268,0.0,0.0,0.0,0,True,0.07229440390678199,neutral
HLF_Hsapiens-SwissRegulon-HLF.SwissRegulon,HLF,6,1.0,1.0,0.0,0.0,0.0,0,True,0.6,neutral
HLF_Hsapiens-cisbp_1.02-M1875_1.02,HLF,7,0.6258418558244059,0.5007488766849651,0.7832117306815134,-0.46942857141246236,1.2526403020939758,0,False,-0.3742405942825599,tumor-gain
HLF_Hsapiens-cisbp_1.02-M3393_1.02,HLF,3,0.20908286430397652,0.20908286430397652,0.0,0.0,0.0,0,True,,neutral
HLF_Hsapiens-cisbp_1.02-M5516_1.02,HLF,5,0.8225958705920909,0.6206491846995763,1.7707967859289706,0.7060020245586025,1.064794761370368,0,False,0.3,tumor-gain
HLF_Hsapiens-cisbp_1.02-M6277_1.02,HLF,9,1.0,0.7156774861442218,0.5252760528710393,-1.0995639236766155,1.6248399765476549,0,False,-0.2833333333333333,tumor-gain
HLF_Hsapiens-jaspar2016-HLF-MA0043.1,HLF,7,0.3086495621447225,0.2509365161536813,-0.15200825982247668,-0.7524886007924613,0.6004803409699846,0,False,-0.6546536707079773,normal-suppression
HLF_Hsapiens-jaspar2016-HLF-MA0043.2,HLF,5,0.5105434564202194,0.5027731752441674,0.7432190764871349,-0.09879315519182397,0.8420122316789589,0,False,0.0,tumor-gain
HLF_Hsapiens-jaspar2018-HLF-MA0043.1,HLF,6,0.25112331502745916,0.25112331502745916,0.0,0.0,0.0,0,True,0.3946648814672956,neutral
HLF_Hsapiens-jaspar2018-HLF-MA0043.2,HLF,7,0.37072993763284245,0.31897131972428155,2.1019610469100978,0.19998775930264415,1.9019732876074535,0,False,-0.1785714285714286,tumor-gain
HLF_Hsapiens-jolma2013-HLF,HLF,4,0.26397704621534845,0.19168631513977882,0.28877007075769656,-0.8082520520776006,1.0970221228352972,0,False,-0.39999999999999997,normal-suppression
HLTF_1	Hltf_jaspar_MA0109.1,LTF,9,0.7590739816929355,0.5499432949045898,0.10736591452149417,-0.3165721511695257,0.4239380656910199,0,False,-0.15,neutral
HLTF_Hsapiens-HOCOMOCOv10-HLTF_HUMAN.H10MO.D,LTF,9,1.0,0.6672212978369385,-0.08080309818293599,-0.21911509560762263,0.13831199742468664,0,False,0.0,neutral
HLX_1	Hlx1_bulyk_cell08-2350.1,HLX,2,0.4761656526731157,0.2578358699016223,0.03758625807170312,-0.6706922276235362,0.7082784856952393,0,False,,normal-suppression
HLX_Hsapiens-SwissRegulon-HLX.SwissRegulon,HLX,4,0.44488047143524995,0.40294335902016454,-0.42761483993782656,-0.47940723888606324,0.05179239894823667,0,False,0.7999999999999999,neutral
HMBOX1_1	Hmbox1_bulyk_cell08-2674.1,HMBOX1,6,0.43597100315888926,0.041509659586072944,1.1839763094013034,1.0913668431321575,0.0926094662691459,0,False,0.028571428571428574,neutral
HMBOX1_2	HMBOX1_jolma_DBD_M513,HMBOX1,10,1.0,0.922168461447305,0.3408913022318802,0.07061304904926265,0.27027825318261756,0,False,0.6606060606060605,neutral
HMBOX1_Hsapiens-SwissRegulon-HMBOX1.SwissRegulon,HMBOX1,7,0.2541283548809629,0.1935261406250253,0.6916669150224057,0.3526018731246283,0.3390650418977774,0,False,0.03571428571428572,neutral
HMBOX1_Hsapiens-jaspar2016-HMBOX1-MA0895.1,HMBOX1,8,0.504985478990894,0.504985478990894,0.0,0.0,0.0,0,True,0.2380952380952381,neutral
HMBOX1_Hsapiens-jaspar2018-HMBOX1-MA0895.1,HMBOX1,6,0.29906655784891323,0.2732644380321455,0.1779947447214055,-1.0409418006530256,1.218936545374431,0,False,0.08571428571428573,normal-suppression
HMBX1_Hsapiens-HOCOMOCOv10-HMBX1_HUMAN.H10MO.D,HMBX1,9,1.0,0.9200000786242217,0.4393675026413806,-0.15448689652429914,0.5938543991656797,0,False,0.5499999999999999,other
HME1_Hsapiens-HOCOMOCOv10-HME1_HUMAN.H10MO.D,EN1,5,0.5161880534044165,0.3735347253883118,-0.6433174149729104,-2.2318277141309797,1.5885102991580693,0,False,-0.49999999999999994,divergent
HME2_Hsapiens-HOCOMOCOv10-HME2_HUMAN.H10MO.D,EN2,10,1.0,0.3352206315208759,0.5412304429395307,-0.38747791556441896,0.9287083585039497,0,False,0.34545454545454546,tumor-gain
HMG20A_Hsapiens-hPDI-HMG20A,HMG20A,2,1.0,1.0,0.0,0.0,0.0,0,True,,neutral
HMGA1_2	HMGIY_transfac_M01010,HMGA1,8,0.49879310055833526,0.06561505296532168,3.9824810872805196,3.50564185927991,0.4768392280006095,0,False,0.023809523809523815,neutral
HMGA1_Hsapiens-HOCOMOCOv10-HMGA1_HUMAN.H10MO.D,HMGA1,2,0.576962591406297,0.3596263231250231,-0.27485814532212455,-0.9845175102260882,0.7096593649039638,0,False,,normal-suppression
HMGA2_Hsapiens-HOCOMOCOv10-HMGA2_HUMAN.H10MO.D,HMGA2,2,0.6043836308092996,0.6043836308092996,0.0,0.0,0.0,0,True,,neutral
HMGA2_Hsapiens-cisbp_1.02-M6280_1.02,HMGA2,3,0.6783498366061359,0.5581843930173019,-0.5229566626909862,-1.7011548349371206,1.1781981722461343,0,False,,divergent
HMGN3_disc1 HMGN3_K562_encode-Snyder_seq_hsa_r1:MDscan#1#Intergenic,HMGN3,10,1.0,0.5376823777453175,-0.13725265902324757,-0.2661570040923035,0.1289043450690559,0,False,-0.32121212121212117,neutral
HMGN3_disc2 HMGN3_K562_encode-Snyder_seq_hsa_r1:MEME#2#Intergenic,HMGN3,6,0.9349285366609142,0.26250497809637596,0.6685656929445281,-0.9200860107470407,1.5886517036915686,0,False,-0.08571428571428573,tumor-gain
HMX1_1	Hmx1_bulyk_cell08-3423.1,HMX1,6,0.6194168189963983,0.6194168189963983,0.0,0.0,0.0,0,True,0.6,neutral
HMX1_2	HMX1_jolma_DBD_M514,HMX1,3,0.6804670704669864,0.6675990885062658,0.5857548257296664,0.18519532064066513,0.4005595050890013,0,False,,neutral
HMX1_Hsapiens-HOCOMOCOv10-HMX1_HUMAN.H10MO.D,HMX1,2,0.6374841399311202,0.35423271104849097,0.41890107236636576,0.2586376757062003,0.16026339666016548,0,False,,neutral
HMX1_Hsapiens-SwissRegulon-HMX1.SwissRegulon,HMX1,10,0.24494160770370724,0.05265613151332745,3.4654346100477214,1.9654937783812,1.4999408316665213,0,False,0.38181818181818183,tumor-gain
HMX1_Hsapiens-jolma2013-HMX1,HMX1,6,0.4528369447352816,0.20580058811339372,1.115641386929726,-0.7704316621748964,1.8860730491046223,0,False,-0.6,tumor-gain
HMX2_1	Hmx2_bulyk_cell08-3424.3,HMX2,3,0.9514144869548877,0.9514144869548877,0.0,0.0,0.0,0,True,,neutral
HMX2_2	HMX2_jolma_DBD_M515,HMX2,6,0.7199945742684682,0.7199945742684682,0.0,0.0,0.0,0,True,0.3142857142857143,neutral
HMX2_Hsapiens-HOCOMOCOv10-HMX2_HUMAN.H10MO.D,HMX2,5,0.6613897963901814,0.5380938772924598,0.011449228348764847,-0.10520279683594827,0.11665202518471311,0,False,-0.6,neutral
HMX2_Hsapiens-SwissRegulon-HMX2.SwissRegulon,HMX2,3,0.3194078397788744,0.3194078397788744,0.0,0.0,0.0,0,True,,neutral
HMX2_Hsapiens-jolma2013-HMX2,HMX2,8,0.38628373365039054,0.36250379301653646,-0.5319289703277935,-0.9157857419487436,0.3838567716209501,0,False,0.5476190476190477,neutral
HMX3_1	Hmx3-(Nkx5-1)_transfac_M00433,HMX3,10,1.0,0.10098880221867924,0.6044499747889087,0.3219773271924399,0.28247264759646884,0,False,0.30813875924572515,neutral
HMX3_2	Hmx3_bulyk_cell08-3490.2,HMX3,3,0.329575143497203,0.329575143497203,0.0,0.0,0.0,0,True,,neutral
HMX3_3	HMX3_jolma_DBD_M516,HMX3,7,0.9342032658852636,0.23162968170001513,0.9022427255890106,-0.6126923559622828,1.5149350815512934,0,False,-0.8571428571428573,tumor-gain
HMX3_Hsapiens-HOCOMOCOv10-HMX3_HUMAN.H10MO.D,HMX3,10,1.0,1.0,0.0,0.0,0.0,0,True,0.17575757575757575,neutral
HMX3_Hsapiens-SwissRegulon-HMX3.SwissRegulon,HMX3,3,0.3781930113715956,0.22157211226004772,-0.17717241199473402,-0.993956758985334,0.8167843469906,0,False,,normal-suppression
HMX3_Hsapiens-jolma2013-HMX3,HMX3,8,0.5686970154537816,0.46507348233843393,0.6062657785246669,-0.7469925892935094,1.3532583678181762,0,False,0.0,tumor-gain
HNF1A_2	Tcf1_bulyk_sc09-primary,HNF1A,3,0.26950855189248274,0.2182360585521563,-0.7881329920945795,-2.106986778104755,1.3188537860101754,0,False,,divergent
HNF1A_4	HNF1A_jolma_full_M517,HNF1A,3,0.826532419157919,0.7665478430519704,-0.2520126709924177,-0.5599536514281126,0.3079409804356949,0,False,,neutral
HNF1A_Hsapiens-HOCOMOCOv10-HNF1A_HUMAN.H10MO.A,HNF1A,3,0.7148763276071008,0.40785988094867115,0.1930880441826438,-0.006439712411727145,0.19952775659437094,0,False,,neutral
HNF1A_Hsapiens-SwissRegulon-HNF1A.SwissRegulon,HNF1A,4,0.6386266483573728,0.35802395857446934,0.7961001748541433,-0.8087617986769833,1.6048619735311265,0,False,-0.19999999999999998,tumor-gain
HNF1A_Hsapiens-jaspar2016-HNF1A-MA0046.2,HNF1A,5,0.7365039520015582,0.5545104054490282,-0.45998850881032627,-0.9952213148725891,0.5352328060622629,0,False,0.49999999999999994,normal-suppression
HNF1A_Hsapiens-jolma2013-HNF1A,HNF1A,4,0.4966544131974764,0.4966544131974764,0.0,0.0,0.0,0,True,0.7999999999999999,neutral
HNF1B_1	HNF1B_jaspar_MA0153.1,HNF1B,3,0.40077772744712103,0.3008082271858602,0.21463518637571222,0.03725344181002379,0.17738174456568842,0,False,,neutral
HNF1B_2	Tcf2_bulyk_cell08-0913.2,HNF1B,7,0.706642887676269,0.706642887676269,0.0,0.0,0.0,0,True,0.3571428571428572,neutral
HNF1B_3	HNF1B_jolma_full_M518,HNF1B,5,1.0,0.14993325046673464,0.18115397479655304,-0.37411871364351645,0.5552726884400695,0,False,-0.3,other
HNF1B_4	HNF1B_jolma_full_M519,HNF1B,4,1.0,0.9364524980361794,-0.41830084198146195,-1.0737842695954833,0.6554834276140213,0,False,0.39999999999999997,normal-suppression
HNF1B_Hsapiens-HOCOMOCOv10-HNF1B_HUMAN.H10MO.B,HNF1B,6,0.6079409772962184,0.3228071426025583,-0.2905894031000382,-0.8410083191303279,0.5504189160302897,0,False,0.6571428571428573,normal-suppression
HNF1B_Hsapiens-SwissRegulon-HNF1B.SwissRegulon,HNF1B,4,0.0652560980954111,0.048801962395368485,0.5507224534815858,-0.44422202804303834,0.9949444815246241,0,False,0.19999999999999998,tumor-gain
HNF1B_Hsapiens-jaspar2016-HNF1B-MA0153.2,HNF1B,3,0.17933248427727255,0.1650483762975043,0.5574124159327062,0.35216347710503404,0.20524893882767214,0,False,,neutral
HNF1B_Hsapiens-jaspar2018-HNF1B-MA0153.2,HNF1B,4,0.11356328485538424,0.09817159835995272,-0.09346346817188791,-0.7435388114893527,0.6500753433174649,0,False,-0.6000000000000001,normal-suppression
HNF1B_Hsapiens-jolma2013-HNF1B,HNF1B,4,0.08041858804771213,0.06405855951891157,-0.06509644101270683,-0.41130982823286016,0.3462133872201533,0,False,0.19999999999999998,neutral
HNF1B_Hsapiens-jolma2013-HNF1B-2,HNF1B,6,0.5196880770403185,0.5196880770403185,0.0,0.0,0.0,0,True,0.3714285714285715,neutral
HNF1B_Mmusculus;Hsapiens-jaspar2018-HNF1B-MA0153.1,HNF1B,5,0.1205580314898999,0.08073189428323148,0.07336432655708146,-0.014021000011261634,0.0873853265683431,0,False,-0.05129891760425771,neutral
HNF1_1	HNF1_transfac_M00132,HNF1A,2,0.8754065541057104,0.8754065541057104,0.0,0.0,0.0,0,True,,neutral
HNF1_3	HNF1_transfac_M00790,HNF1A,6,0.2659256065327171,0.009990590738425292,0.6707217661086343,-0.047168835121285176,0.7178906012299195,0,False,-0.48571428571428577,tumor-gain
HNF1_4	HNF1_transfac_M01011,HNF1A,4,0.003055483463019741,0.002843259439407892,-0.10757345452172723,-0.8591706129302668,0.7515971584085395,0,False,0.6000000000000001,normal-suppression
HNF4A_Hsapiens-HOCOMOCOv10-HNF4A_HUMAN.H10MO.A,HNF4A,9,1.0,0.5762273901808785,-0.11609522340636473,-0.8330137280774316,0.7169185046710669,0,False,0.39999999999999997,normal-suppression
HNF4A_Hsapiens-JASPAR_2014-HNF4A-MA0114.2,HNF4A,8,1.0,1.0,0.0,0.0,0.0,0,True,0.38095238095238104,neutral
HNF4A_Hsapiens-SwissRegulon-HNF4A.SwissRegulon,HNF4A,10,1.0,1.0,0.0,0.0,0.0,0,True,0.8181818181818182,neutral
HNF4A_Hsapiens-jaspar2016-HNF4A-MA0114.2,HNF4A,8,0.8141660692986851,0.40224394203478836,0.5062749888430862,-1.2091234168424123,1.7153984056854985,0,False,-0.28571428571428575,tumor-gain
HNF4A_Hsapiens-jaspar2018-HNF4A-MA0114.2,HNF4A,9,0.9119767642993865,0.8035268882008854,-0.612023847648731,-1.1614258712997552,0.5494020236510242,0,False,0.3666666666666667,divergent
HNF4A_Hsapiens-jolma2013-HNF4A,HNF4A,9,0.36166962388126306,0.2955764262735254,0.5449053139796596,0.3821265344448636,0.16277877953479597,0,False,0.75,neutral
HNF4A_Hsapiens-jolma2013-HNF4A-2,HNF4A,9,0.3508342640456897,0.335494729841631,-0.10479751704227368,-0.7375155437784725,0.6327180267361988,0,False,0.5,normal-suppression
HNF4A_Hsapiens-jolma2013-HNF4A-3,HNF4A,5,0.6730241191706614,0.6730241191706614,0.0,0.0,0.0,0,True,0.7999999999999999,neutral
HNF4A_Hsapiens-jolma2013-HNF4A-4,HNF4A,7,0.027045617013383805,0.01738575907092791,0.2348811810402861,-1.6310352779977189,1.8659164590380048,0,False,-0.4642857142857144,normal-suppression
HNF4A_Hsapiens-jolma2013-HNF4A-5,HNF4A,9,0.4720370059562981,0.37235955120691433,0.7899069962170814,-1.4968315325652664,2.286738528782348,0,False,-0.13333333333333333,tumor-gain
HNF4A_Hsapiens-jolma2013-HNF4A-6,HNF4A,7,0.3855624569722973,0.32805591254182453,-0.15174933734572388,-0.437038876843397,0.2852895394976731,0,False,0.14285714285714288,neutral
HNF4G_Hsapiens-HOCOMOCOv10-HNF4G_HUMAN.H10MO.C,HNF4G,8,0.8156462059998693,0.7522523604737763,-0.257270481005373,-0.8687454670449598,0.6114749860395868,0,False,0.28571428571428575,normal-suppression
HNF4G_Hsapiens-JASPAR_2014-HNF4G-MA0484.1,HNF4G,8,0.9449114758815038,0.6724494013049171,-0.07887917274160888,-1.5316766809865172,1.4527975082449083,0,False,-0.4285714285714286,normal-suppression
HNF4G_Hsapiens-SwissRegulon-HNF4G.SwissRegulon,HNF4G,10,1.0,1.0,0.0,0.0,0.0,0,True,0.7454545454545454,neutral
HNF4G_Hsapiens-jaspar2016-HNF4G-MA0484.1,HNF4G,6,0.97291151232943,0.97291151232943,0.0,0.0,0.0,0,True,0.48571428571428577,neutral
HNF4G_Hsapiens-jaspar2018-HNF4G-MA0484.1,HNF4G,9,1.0,0.653096554198768,0.022594760794556544,-0.8812852334323876,0.9038799942269442,0,False,-0.6,normal-suppression
HNF4_disc1 HNF4G_HepG2_encode-Myers_seq_hsa_v041610.1-SC-6558_r1:MEME#2#Intergenic,HNF4G,10,1.0,0.4809017325573618,1.0955489533665121,-1.4488396581765894,2.5443886115431016,0,False,-0.18787878787878787,tumor-gain
HNF4_disc2 HNF4A_HepG2_encode-Myers_seq_hsa_v041610.1-H-171_r1:Trawler#3#Intergenic,HNF4A,10,1.0,0.10774077533894366,-0.31475130041700433,-0.3829556559351821,0.06820435551817777,0,False,0.0303030303030303,neutral
HNF4_disc3 HNF4A_HepG2_encode-Snyder_seq_hsa_forskolin_r1:Trawler#2#Intergenic,HNF4A,8,1.0,1.0,0.0,0.0,0.0,0,True,0.4523809523809524,neutral
HNF4_disc4 HNF4G_HepG2_encode-Myers_seq_hsa_v041610.1-SC-6558_r1:Trawler#1#Intergenic,HNF4G,6,1.0,0.5340475891569475,0.7109337566505766,-0.542753389360432,1.2536871460110086,0,False,-0.08571428571428573,tumor-gain
HNF4_disc5 HNF4G_HepG2_encode-Myers_seq_hsa_v041610.1-SC-6558_r1:Trawler#2#Intergenic,HNF4G,7,1.0,0.0898607910600785,0.5148626921666578,-0.12823426773208188,0.6430969598987397,0,False,-0.28571428571428575,tumor-gain
HNF4_known1	HNF4A_1	HNF4_transfac_M00134,HNF4A,9,0.6437433020924409,0.3293298637285061,0.18563885411948652,0.15930495086269214,0.026333903256794383,0,False,0.21666666666666667,neutral
HNF4_known10	HNF4A_5	HNF4_transfac_M01032,HNF4A,10,1.0,0.9287186388263577,-0.6935671325762558,-0.8366554710795375,0.14308833850328173,0,False,0.4424242424242424,neutral
HNF4_known11	HNF4A_6	HNF4_transfac_M01033,HNF4A,10,1.0,1.0,0.0,0.0,0.0,0,True,0.24848484848484845,neutral
HNF4_known12	HNF4_6	COUPTF_transfac_M01036,HNF4A,10,0.005832339971376404,0.005832339971376404,0.0,0.0,0.0,0,True,0.5030303030303029,neutral
HNF4_known13	NR2F1_1	NR2F1_jaspar_MA0017.1,NR2F1,4,0.6673873281762795,0.5010809922644194,0.5210704427349955,-0.3709078352718483,0.8919782780068437,0,False,0.21081851067789195,tumor-gain
HNF4_known14	HNF4A_7	HNF4A_jaspar_MA0114.1,HNF4A,9,1.0,0.34353771661545013,0.3110585804645561,-0.0905214859793703,0.4015800664439264,0,False,-0.21666666666666667,neutral
HNF4_known15	HNF4A_8	Hnf4a_bulyk_sc09-primary,HNF4A,10,0.9308476849237719,0.10384183547332355,-0.1479392518101943,-0.6592762978008591,0.5113370459906648,0,False,-0.04242424242424241,normal-suppression
HNF4_known16	HNF4A_9	HNF4A_jolma_DBD_M668,HNF4A,10,1.0,0.45157687490968645,-0.46301576576652115,-1.3586162874485375,0.8956005216820163,0,False,-0.2606060606060606,normal-suppression
HNF4_known17	HNF4A_10	HNF4A_jolma_DBD_M669,HNF4A,9,1.0,0.4011106547944092,-0.08208253920254034,-0.35591768163042325,0.2738351424278829,0,False,-0.21666666666666667,neutral
HNF4_known18	HNF4A_11	HNF4A_jolma_full_M670,HNF4A,9,1.0,0.743750115695748,0.40704835876089934,-0.46493576597366004,0.8719841247345594,0,False,0.19999999999999998,other
HNF4_known19	HNF4A_12	HNF4A_jolma_full_M671,HNF4A,9,1.0,0.16564378433289434,-0.1739275458206245,-0.2980687667032182,0.12414122088259369,0,False,-0.3666666666666667,neutral
"HNF4_known2	HNF4_1	COUP-TF,-HNF-4_transfac_M00158",HNF4A,9,1.0,0.8336936640881398,-0.013139115853481926,-0.26341312987975257,0.25027401402627064,0,False,0.016666666666666666,neutral
HNF4_known20	HNF4A_13	HNF4A_jolma_full_M672,HNF4A,9,1.0,0.6181611704033368,-0.456489689638669,-0.8166730649031894,0.3601833752645204,0,False,-0.03333333333333333,neutral
HNF4_known21	HNF4A_14	HNF4A_jolma_full_M673,HNF4A,10,1.0,0.5795178074861199,-0.49097896652006834,-1.1382566633452813,0.647277696825213,0,False,-0.22424242424242422,normal-suppression
HNF4_known22	HNF4A_15	Hnf4a_jolma_DBD_M674,HNF4A,10,0.29752905735281765,0.21869034979374755,0.16477477226134984,-0.12977437813598716,0.294549150397337,0,False,-0.3696969696969697,neutral
HNF4_known23	NR2F1_2	NR2F1_jolma_DBD_M678,NR2F1,9,1.0,0.44220289189137746,0.16700237169122628,-0.44039303422713477,0.607395405918361,0,False,-0.3,other
HNF4_known24	NR2F1_3	NR2F1_jolma_DBD_M679,NR2F1,6,0.893996314489218,0.5967044959594329,-0.7504992213637,-0.7556282596760817,0.005129038312381762,0,False,0.4285714285714286,neutral
HNF4_known25	NR2F1_4	NR2F1_jolma_full_M680,NR2F1,9,0.42359402363995924,0.4096757809193262,0.5480787729879726,-0.19829624979216462,0.7463750227801372,0,False,0.31666666666666665,tumor-gain
HNF4_known26	NR2F1_5	NR2F1_jolma_DBD_M818,NR2F1,7,1.0,0.6257095922957224,0.42954640474258254,-0.18046051078678516,0.6100069155293677,0,False,0.42857142857142866,other
HNF4_known3	HNF4A_2	HNF4alpha1_transfac_M00411,HNF4A,9,1.0,0.8338333338318384,0.3407833975972121,-0.08316240497492411,0.4239458025721362,0,False,0.06870053865727262,neutral
HNF4_known4	HNF4A_3	HNF4alpha_transfac_M00638,HNF4A,7,1.0,0.800439034562996,-0.04902810951165595,-0.5104224786926623,0.4613943691810064,0,False,0.054056247761733546,neutral
"HNF4_known5	HNF4_2	PPAR,-HNF-4,-COUP,-RAR_transfac_M00762",AR,10,1.0,0.5012468827930174,0.14635369444783197,-1.9507184178741523,2.0970721123219844,0,False,-0.41337576970244394,normal-suppression
HNF4_known6	HNF4_3	HNF4-direct-repeat-1_transfac_M00764,HNF4A,10,0.6010063420003781,0.45805075024456343,0.6047944308967499,0.29193817648625503,0.31285625441049486,0,False,0.2284342341944628,neutral
HNF4_known7	HNF4_4	COUP-direct-repeat-1_transfac_M00765,HNF4A,10,0.3343313358305862,0.14395758483162083,0.1734066721171757,0.13595190906715773,0.037454763050017964,0,False,0.4724282017376836,neutral
"HNF4_known8	HNF4_5	HNF4,-COUP_transfac_M00967",HNF4A,7,0.8825942956233024,0.3900746381621081,-1.0634614615738605,-2.3409866406550934,1.277525179081233,0,False,0.07142857142857144,divergent
HNF4_known9	HNF4A_4	HNF4_transfac_M01031,HNF4A,10,1.0,0.7147980346215923,-0.1782815490411545,-0.37925187329671817,0.20097032425556366,0,False,-0.04242424242424241,neutral
HNF6_Hsapiens-HOCOMOCOv10-HNF6_HUMAN.H10MO.C,ONECUT1,3,0.8004788507581789,0.6675531914893617,0.15018882700840755,-0.751748923761865,0.9019377507702725,0,False,,normal-suppression
HNRNPC_Hsapiens-hPDI-HNRPC,HNRNPC,4,0.8003992015968064,0.250936329588015,0.37430383364611686,-0.13624447374118098,0.5105483073872978,0,False,-0.39999999999999997,other
HNRNPH3_Hsapiens-hPDI-HNRPH3,HNRNPH3,3,1.0,1.0,0.0,0.0,0.0,0,True,,neutral
HNRNPLL_Hsapiens-hPDI-HNRPLL,HNRNPLL,3,1.0,1.0,0.0,0.0,0.0,0,True,,neutral
HOMEZ_Hsapiens-HOCOMOCOv10-HOMEZ_HUMAN.H10MO.D,HOMEZ,2,0.5331292028420991,0.3734526089832857,0.2631569863420989,-0.6855271092214534,0.9486840955635523,0,False,,normal-suppression
HOMEZ_Hsapiens-jolma2013-HOMEZ,HOMEZ,3,0.18950595909735923,0.12837228545205132,-0.8382507945806099,-0.8774276875515981,0.03917689297098814,0,False,,neutral
HOXA10_2	HOXA10_jolma_DBD_M520,HOXA10,2,0.855273955458673,0.6338797978185924,0.11870764926097004,-0.05672325505817125,0.1754309043191413,0,False,,neutral
HOXA11_1	Hoxa11_bulyk_cell08-2218.1,HOXA11,4,0.5935098126775921,0.3616082692208978,-0.17690629899685076,-0.30083755066212786,0.1239312516652771,0,False,0.39999999999999997,neutral
HOXA11_2	Hoxa11_jolma_DBD_M551,HOXA11,3,0.3630227875903725,0.3279101872941485,0.04934618728125173,-0.4570444271927101,0.5063906144739618,0,False,,other
HOXA11_3	Hoxa11_jolma_DBD_M552,HOXA11,4,0.5699789930026972,0.3183466440742622,0.8274214617312924,0.48530193866926213,0.34211952306203025,0,False,-0.39999999999999997,neutral
HOXA13_1	Hoxa13_bulyk_cell08-3126.1,HOXA13,6,0.7494992605962575,0.3573753803622581,0.2756024619209775,0.04230636682336082,0.23329609509761667,0,False,-0.14285714285714288,neutral
HOXA13_2	HOXA13_jolma_DBD_M522,HOXA13,3,1.0,1.0,0.0,0.0,0.0,0,True,,neutral
HOXA13_3	HOXA13_jolma_DBD_M523,HOXA13,4,1.0,0.5350741526019492,0.1988607227270949,-0.08972656525225815,0.28858728797935307,0,False,-0.7999999999999999,neutral
HOXA13_4	HOXA13_jolma_full_M524,HOXA13,2,0.2229980594854201,0.2229980594854201,0.0,0.0,0.0,0,True,,neutral
HOXA13_5	HOXA13_jolma_full_M525,HOXA13,3,0.5333873961282349,0.4361851523850191,1.1658291484127337,-0.09393286014345345,1.2597620085561871,0,False,,tumor-gain
HOXA13_Hsapiens-SwissRegulon-HOXA13.SwissRegulon,HOXA13,3,0.050517089557024976,0.050517089557024976,0.0,0.0,0.0,0,True,,neutral
HOXA13_Hsapiens-jaspar2016-HOXA13-MA0650.1,HOXA13,5,0.12434236216554796,0.08766167165395708,0.1368200805877843,-0.7859178397730894,0.9227379203608737,0,False,0.3,normal-suppression
HOXA13_Hsapiens-jaspar2018-HOXA13-MA0650.1,HOXA13,5,0.04558246216049182,0.027795928798354245,0.7480268490524252,0.030288035410852,0.7177388136415732,0,False,-0.39999999999999997,tumor-gain
HOXA13_Hsapiens-jolma2013-HOXA13,HOXA13,7,0.05987891513295336,0.05987891513295336,0.0,0.0,0.0,0,True,0.0,neutral
HOXA13_Hsapiens-jolma2013-HOXA13-2,HOXA13,7,0.19889259568605272,0.0725988172786239,0.5834348751077835,-0.3913148020182078,0.9747496771259913,0,False,-0.03571428571428572,tumor-gain
HOXA13_Hsapiens-jolma2013-HOXA13-3,HOXA13,3,0.03787459220840117,0.027588268625843217,0.18987798671890294,-0.603098861876845,0.792976848595748,0,False,,normal-suppression
HOXA13_Hsapiens-jolma2013-HOXA13-4,HOXA13,5,0.10452431599306256,0.04052214877750928,0.07593488245164788,-0.7771616650951325,0.8530965475467804,0,False,-0.7,normal-suppression
HOXA1_1	Hoxa1_bulyk_cell08-3425.1,HOXA1,9,1.0,1.0,0.0,0.0,0.0,0,True,0.45,neutral
HOXA1_2	HOXA1_jolma_DBD_M526,HOXA1,5,0.5443184526849865,0.5443184526849865,0.0,0.0,0.0,0,True,0.9999999999999999,neutral
HOXA1_Hsapiens-SwissRegulon-HOXA1.SwissRegulon,HOXA1,10,0.1849490818722501,0.1572244592190278,0.14729084652485855,-0.03708433066605345,0.184375177190912,0,False,0.4709678328596098,neutral
HOXA1_Hsapiens-jolma2013-HOXA1,HOXA1,8,0.17398343174079567,0.17000120951109543,0.32016124991861294,-0.0032271807162276463,0.3233884306348406,0,False,0.7857142857142858,neutral
HOXA2_1	Hoxa2_bulyk_cell08-3079.1,HOXA2,6,1.0,0.6345905694583565,0.49686375482602724,0.019649021641010653,0.47721473318501656,0,False,0.7714285714285715,neutral
HOXA2_2	HOXA2_jolma_DBD_M527,HOXA2,9,0.5399197768527333,0.5399197768527333,0.0,0.0,0.0,0,True,0.5833333333333334,neutral
HOXA2_3	Hoxa2_jolma_DBD_M553,HOXA2,5,0.466032863335073,0.466032863335073,0.0,0.0,0.0,0,True,0.09999999999999999,neutral
HOXA2_Hsapiens-SwissRegulon-HOXA2.SwissRegulon,HOXA2,4,0.6817749477141033,0.44343215858353424,-0.2743260230299856,-0.8124842105862448,0.5381581875562591,0,False,0.19999999999999998,normal-suppression
HOXA2_Hsapiens-jaspar2016-HOXA2-MA0900.1,HOXA2,8,0.28872301815476087,0.2882763388933602,-0.25038813569244756,-0.6686645907735782,0.41827645508113065,0,False,0.3571428571428572,neutral
HOXA2_Hsapiens-jaspar2018-HOXA2-MA0900.1,HOXA2,8,0.28918700955327525,0.11547157335801284,-0.1187704836303255,-1.2630168858096196,1.1442464021792942,0,False,-0.28571428571428575,normal-suppression
HOXA2_Hsapiens-jolma2013-HOXA2,HOXA2,9,0.22670203826500232,0.07627908399944304,-2.5538827856944963,-3.47930813318609,0.9254253474915934,0,False,-0.5333333333333333,divergent
HOXA3_1	HOXA3_transfac_M00395,HOXA3,6,1.0,0.8005573192830797,-0.40520642735058554,-1.0950282579277506,0.6898218305771651,0,False,-0.44136741475237473,normal-suppression
HOXA3_2	Hoxa3_bulyk_sc09-primary,HOXA3,8,0.781587884265104,0.44909016727178197,0.032698965203791897,-0.561271994767658,0.5939709599714499,0,False,-0.38095238095238104,normal-suppression
HOXA3_3	Hoxa3_bulyk_cell08-2783.2,HOXA3,9,0.9057987752152851,0.4414792892356777,0.689435694253034,-0.4112192736192946,1.1006549678723285,0,False,0.0,tumor-gain
HOXA3_Hsapiens-SwissRegulon-HOXA3.SwissRegulon,HOXA3,9,0.6508385817224344,0.3154473194411179,0.4054217169531928,-1.5274712518704328,1.9328929688236256,0,False,-0.48333333333333334,normal-suppression
HOXA4_1	HOXA4_transfac_M00640,HOXA4,2,1.0,0.500748127434784,-0.5315712986942742,-0.7119468896058968,0.18037559091162259,0,False,,neutral
HOXA4_2	Hoxa4_bulyk_cell08-3426.1,HOXA4,2,0.47233592256129703,0.2937748428082779,0.5668781659286684,-0.515677162354097,1.0825553282827654,0,False,,tumor-gain
HOXA4_Hsapiens-SwissRegulon-HOXA4.SwissRegulon,HOXA4,3,0.04106821411235926,0.038494583681972054,0.08516563635021758,-1.235014115437479,1.3201797517876965,0,False,,normal-suppression
HOXA5_1	HOXA5-(Hox-1.3)_transfac_M00023,HOXA5,7,0.006451100994013847,0.00013699629059258964,0.32175030848483366,-0.23416677363314345,0.5559170821179771,0,False,0.3571428571428572,other
HOXA5_2	HOXA5_jaspar_MA0158.1,HOXA5,5,0.7149372862029647,0.572405929304447,-0.27175313961536796,-0.5073523756003407,0.2355992359849728,0,False,-0.05129891760425771,neutral
HOXA5_3	Hoxa5_bulyk_cell08-3415.1,HOXA5,8,1.0,0.641353329742919,-0.08376654260146411,-0.5641045341384063,0.48033799153694223,0,False,0.6190476190476191,neutral
HOXA5_Hsapiens-SwissRegulon-HOXA5.SwissRegulon,HOXA5,4,0.18220484468163764,0.18220484468163764,0.0,0.0,0.0,0,True,0.10540925533894598,neutral
HOXA5_Hsapiens-jaspar2016-HOXA5-MA0158.1,HOXA5,5,0.47704777216027466,0.38194255442497266,0.2733331205760146,-0.08245360827085985,0.35578672884687446,0,False,-0.05129891760425771,neutral
HOXA5_Mmusculus;Hsapiens-jaspar2018-HOXA5-MA0158.1,HOXA5,8,0.34105923961743695,0.2730649733460181,1.787606874964951,1.0802430468680233,0.7073638280969277,0,False,-0.5707645756108212,tumor-gain
HOXA6_1	Hoxa6_bulyk_cell08-1040.1,HOXA6,7,0.9714997538452358,0.9714997538452358,0.0,0.0,0.0,0,True,0.1785714285714286,neutral
HOXA7_1	HOXA7_transfac_M01108,HOXA7,3,1.0,1.0,0.0,0.0,0.0,0,True,,neutral
HOXA7_2	Hoxa7_bulyk_cell08-2668.2,HOXA7,2,0.44359691472170315,0.44359691472170315,0.0,0.0,0.0,0,True,,neutral
HOXA7_3	Hoxa7_bulyk_cell08-3750.1,HOXA7,5,1.0,0.13720091501794107,-0.5813060932746988,-0.6947954320359602,0.11348933876126133,0,False,-0.09999999999999999,neutral
HOXA7_Hsapiens-SwissRegulon-HOXA7.SwissRegulon,HOXA7,6,0.37598559200256026,0.12958568052080538,1.0396704411221498,-0.1355573322924136,1.1752277734145633,0,False,-0.08571428571428573,tumor-gain
HOXA9_1	Hoxa9_bulyk_cell08-2622.2,HOXA9,2,0.6561479784232928,0.10604657277504569,1.1927073991144852,0.6131767330391137,0.5795306660753715,0,False,,tumor-gain
HOXB13_3	HOXB13_jolma_DBD_M529,HOXB13,3,0.23529517745877201,0.20255349700753925,1.4265383529981535,-0.4861922334702699,1.9127305864684234,0,False,,tumor-gain
HOXB13_Hsapiens-SwissRegulon-HOXB13.SwissRegulon,HOXB13,2,0.585139817910304,0.585139817910304,0.0,0.0,0.0,0,True,,neutral
HOXB13_Hsapiens-jaspar2016-HOXB13-MA0901.1,HOXB13,3,0.07171036577928126,0.07171036577928126,0.0,0.0,0.0,0,True,,neutral
HOXB13_Hsapiens-jaspar2018-HOXB13-MA0901.1,HOXB13,3,0.028692718823425015,0.023625183950125486,1.2689586419609078,0.2621083459057554,1.0068502960551524,0,False,,tumor-gain
HOXB13_Hsapiens-jolma2013-HOXB13,HOXB13,4,0.02137830822925638,0.02137830822925638,0.0,0.0,0.0,0,True,0.39999999999999997,neutral
HOXB13_Hsapiens-jolma2013-HOXB13-2,HOXB13,6,0.06464998981206704,0.05904119335874345,0.6267751818107179,0.3636944853145246,0.2630806964961933,0,False,0.8285714285714287,neutral
HOXB1_Hsapiens-SwissRegulon-HOXB1.SwissRegulon,HOXB1,9,0.08036063943536782,0.016665049150625846,0.7183703650787225,-0.19877825600479213,0.9171486210835147,0,False,-0.5042194840896107,tumor-gain
HOXB2_1	HOXB2_jolma_DBD_M530,HOXB2,4,0.5735446160062053,0.35525428255241964,0.16116598663991108,-0.7404462657725353,0.9016122524124464,0,False,-0.19999999999999998,normal-suppression
HOXB2_Hsapiens-SwissRegulon-HOXB2.SwissRegulon,HOXB2,6,0.1295670255105704,0.08587301818943181,0.16561615128634655,-0.9768817602494216,1.1424979115357683,0,False,-0.3714285714285715,normal-suppression
HOXB2_Hsapiens-jaspar2016-HOXB2-MA0902.1,HOXB2,5,0.35385628936113644,0.31982137925898246,0.06026619718967388,-0.08255173265649363,0.1428179298461675,0,False,0.6,neutral
HOXB2_Hsapiens-jaspar2018-HOXB2-MA0902.1,HOXB2,7,0.22590616876917233,0.1985828318786385,0.7487883839583301,-0.6395724429897854,1.3883608269481156,0,False,0.1785714285714286,tumor-gain
HOXB2_Hsapiens-jolma2013-HOXB2,HOXB2,6,0.27468278599617113,0.18911375000110767,0.6404380044610484,-0.03277505260262425,0.6732130570636726,0,False,-0.2,tumor-gain
HOXB3_1	Hoxb3_bulyk_cell08-1720.2,HOXB3,9,0.5737540571777114,0.14581712174950315,-0.1299714220778594,-0.8274169016704617,0.6974454795926023,0,False,0.06666666666666667,normal-suppression
HOXB3_2	HOXB3_jolma_DBD_M531,HOXB3,8,0.6083786469461641,0.454458148304053,0.38221610509898096,0.29245628759239356,0.0897598175065874,0,False,0.38095238095238104,neutral
HOXB3_Hsapiens-SwissRegulon-HOXB3.SwissRegulon,HOXB3,9,0.505957062668147,0.505957062668147,0.0,0.0,0.0,0,True,0.3666666666666667,neutral
HOXB3_Hsapiens-jaspar2016-HOXB3-MA0903.1,HOXB3,9,0.3988715814613012,0.28500749757754235,0.8869006310074123,-0.8073913637872683,1.6942919947946806,0,False,-0.13333333333333333,tumor-gain
HOXB3_Hsapiens-jaspar2018-HOXB3-MA0903.1,HOXB3,9,0.28689936183821757,0.17865278737439894,-0.039124049796526374,-0.1559614697113072,0.11683741991478083,0,False,0.18333333333333335,neutral
HOXB3_Hsapiens-jolma2013-HOXB3,HOXB3,9,0.297956916794911,0.23427484387294675,0.4275224162844064,-0.43702712218105844,0.8645495384654649,0,False,0.18333333333333335,other
HOXB5_1	Hoxb5_bulyk_cell08-3122.2,HOXB5,4,0.7266966512752032,0.6648297610342226,0.3543662320361907,-0.3649175557273073,0.719283787763498,0,False,-0.19999999999999998,other
HOXB5_Hsapiens-SwissRegulon-HOXB5.SwissRegulon,HOXB5,8,0.00032997117262210143,5.627742285194593e-05,1.022923648944597,0.023965774752044235,0.9989578741925528,0,False,0.04761904761904763,tumor-gain
HOXB5_Hsapiens-jolma2013-HOXB5,HOXB5,5,0.27196300245348665,0.26406964022950175,0.7410662969697589,-0.19691047221541924,0.9379767691851781,0,False,-0.7,tumor-gain
HOXB6_1	Hoxb6_bulyk_cell08-3428.2,HOXB6,8,0.8945848070654714,0.4786194312082222,0.9534343133003665,-0.9073143411340066,1.860748654434373,0,False,0.4285714285714286,tumor-gain
HOXB7_1	Hoxb7_bulyk_cell08-3953.1,HOXB7,8,0.9194680481611403,0.16329100334653543,0.9479274294449472,-0.899711945188707,1.8476393746336544,0,False,-0.2142857142857143,tumor-gain
HOXB7_Hsapiens-SwissRegulon-HOXB7.SwissRegulon,HOXB7,9,0.11145247974353993,0.051465825903716074,0.10944393091265428,-0.07568287480798931,0.1851268057206436,0,False,0.19999999999999998,neutral
HOXB8_1	Hoxb8_bulyk_cell08-3780.2,HOXB8,5,0.5574395340355097,0.5092177983524954,-0.21002702473755072,-0.3659196085898577,0.155892583852307,0,False,0.3,neutral
HOXB8_Hsapiens-SwissRegulon-HOXB8.SwissRegulon,HOXB8,7,0.2739515351326509,0.2278580121889188,0.9677190095386871,-0.39086892959779446,1.3585879391364815,0,False,-0.28571428571428575,tumor-gain
HOXB9_1	Hoxb9_bulyk_cell08-3413.1,HOXB9,3,0.4736635589737122,0.4736635589737122,0.0,0.0,0.0,0,True,,neutral
HOXB9_Hsapiens-SwissRegulon-HOXB9.SwissRegulon,HOXB9,3,1.0,0.8748550772698016,0.26081118545827175,-0.3965493627068897,0.6573605481651614,0,False,,other
HOXB9_Hsapiens-hPDI-HOXB9,HOXB9,2,1.0,0.250936329588015,0.4212430182210692,0.037124712912793525,0.3841183053082757,0,False,,neutral
HOXC10_1	Hoxc10_bulyk_cell08-2779.2,HOXC10,4,0.886261125656702,0.30981800531393106,0.41323110865651624,-0.11987634590218932,0.5331074545587056,0,False,-0.7999999999999999,other
HOXC10_4	HOXC10_jolma_DBD_M535,HOXC10,3,1.0,0.4665463519367148,-0.7016638955391585,-1.4681106766926038,0.7664467811534452,0,False,,divergent
HOXC10_5	Hoxc10_jolma_DBD_M554,HOXC10,3,0.15955414716967778,0.11197839332665138,1.4517525159616362,0.33439610499861616,1.11735641096302,0,False,,tumor-gain
HOXC10_Hsapiens-jaspar2016-HOXC10-MA0905.1,HOXC10,6,0.20176492144375205,0.17100704251495719,1.4287223293727485,0.3962484416985281,1.0324738876742203,0,False,0.08571428571428573,tumor-gain
HOXC10_Hsapiens-jaspar2018-HOXC10-MA0905.1,HOXC10,7,0.18572799029420575,0.14216740375340076,1.8232379800449656,0.7110045709544777,1.112233409090488,0,False,0.03571428571428572,tumor-gain
HOXC10_Hsapiens-jolma2013-HOXC10-2,HOXC10,2,0.21016238952298866,0.21016238952298866,0.0,0.0,0.0,0,True,,neutral
HOXC10_Hsapiens-jolma2013-HOXC10-3,HOXC10,6,0.11569071897914819,0.11569071897914819,0.0,0.0,0.0,0,True,0.7714285714285715,neutral
HOXC11_1	Hoxc11_bulyk_cell08-3718.2,HOXC11,4,0.7030917413335176,0.22610977533999094,-0.10602927799471822,-0.6646024189809346,0.5585731409862165,0,False,0.0,normal-suppression
HOXC11_2	HOXC11_jolma_DBD_M536,HOXC11,6,1.0,0.5239191330015351,-1.7526132768075318,-2.2447828493216635,0.49216957251413174,0,False,0.08571428571428573,neutral
HOXC11_4	HOXC11_jolma_full_M538,HOXC11,3,0.3592975558721969,0.3592975558721969,0.0,0.0,0.0,0,True,,neutral
HOXC11_5	HOXC11_jolma_full_M539,HOXC11,2,0.6467260773977067,0.6467260773977067,0.0,0.0,0.0,0,True,,neutral
HOXC11_Hsapiens-SwissRegulon-HOXC11.SwissRegulon,HOXC11,2,0.03742039681612056,0.03742039681612056,0.0,0.0,0.0,0,True,,neutral
HOXC11_Hsapiens-jaspar2016-HOXC11-MA0651.1,HOXC11,6,0.22024279144651165,0.1394465308773395,0.8537742297307683,0.2404431317828151,0.6133310979479533,0,False,-0.5428571428571429,tumor-gain
HOXC11_Hsapiens-jaspar2018-HOXC11-MA0651.1,HOXC11,5,0.15355654304189575,0.11825176856445171,1.8524219467892573,0.18749720516879537,1.664924741620462,0,False,-0.6,tumor-gain
HOXC11_Hsapiens-jolma2013-HOXC11,HOXC11,2,0.21404983441294598,0.17073852793301775,0.7939832332656552,0.2623899026379677,0.5315933306276875,0,False,,tumor-gain
HOXC11_Hsapiens-jolma2013-HOXC11-3,HOXC11,5,0.12164315337496587,0.07248608711007545,1.013149841576352,-0.3428650304462332,1.3560148720225853,0,False,-0.19999999999999998,tumor-gain
HOXC11_Hsapiens-jolma2013-HOXC11-4,HOXC11,3,0.27718871896807196,0.15008697537747442,0.5112085767013684,0.3833367496575989,0.12787182704376954,0,False,,neutral
HOXC12_1	Hoxc12_bulyk_cell08-3480.1,HOXC12,9,0.5850204530856237,0.30919037078047756,0.07102615210099342,-1.076253696098144,1.1472798481991373,0,False,-0.11666666666666665,normal-suppression
HOXC12_2	HOXC12_jolma_DBD_M540,HOXC12,3,0.10299565897817763,0.09034975541266846,-0.29699620240591457,-0.3887487642343,0.09175256182838543,0,False,,neutral
HOXC12_3	HOXC12_jolma_DBD_M541,HOXC12,9,0.15544032760996698,0.1491420614441855,2.350579253367341,0.15477041998277227,2.195808833384569,0,False,0.15,tumor-gain
HOXC12_Hsapiens-SwissRegulon-HOXC12.SwissRegulon,HOXC12,8,0.01751449377746575,0.012303979697832262,-2.2275650939124905,-2.95392326057968,0.7263581666671897,0,False,-0.2142857142857143,divergent
HOXC12_Hsapiens-jaspar2016-HOXC12-MA0906.1,HOXC12,8,0.09291030566270744,0.038978108739603744,-1.3756516168220945,-3.0773124344460028,1.7016608176239083,0,False,-0.261904761904762,divergent
HOXC12_Hsapiens-jaspar2018-HOXC12-MA0906.1,HOXC12,7,0.0473469495923794,0.030812173977863934,0.6947292010612964,-0.6420560712107947,1.336785272272091,0,False,-0.7500000000000002,tumor-gain
HOXC12_Hsapiens-jolma2013-HOXC12,HOXC12,2,0.026207034870460767,0.016600006485137687,-0.14031316834699317,-0.7099712845916537,0.5696581162446606,0,False,,normal-suppression
HOXC12_Hsapiens-jolma2013-HOXC12-2,HOXC12,6,0.037427738167277194,0.037427738167277194,0.0,0.0,0.0,0,True,0.8285714285714287,neutral
HOXC13_1	Hoxc13_bulyk_cell08-3127.1,HOXC13,5,1.0,0.5328957310110661,0.40528682522499543,0.2609761453773362,0.14431067984765922,0,False,0.6,neutral
HOXC13_3	HOXC13_jolma_DBD_M543,HOXC13,4,0.15118807802614326,0.1230988480620912,0.04133042860211879,-0.17271294392015887,0.21404337252227768,0,False,0.0,neutral
HOXC13_Hsapiens-SwissRegulon-HOXC13.SwissRegulon,HOXC13,4,0.6216766328084322,0.6216766328084322,0.0,0.0,0.0,0,True,0.39999999999999997,neutral
HOXC13_Hsapiens-jaspar2016-HOXC13-MA0907.1,HOXC13,5,0.09452131850050288,0.08812356538450375,0.19654322036517363,-0.2423942737371484,0.438937494102322,0,False,0.49999999999999994,neutral
HOXC13_Hsapiens-jaspar2018-HOXC13-MA0907.1,HOXC13,8,0.06708955087051435,0.06708955087051435,0.0,0.0,0.0,0,True,0.4761904761904762,neutral
HOXC13_Hsapiens-jolma2013-HOXC13-2,HOXC13,5,0.04328710604042615,0.015271819147481729,0.3099516404106603,-0.3279520446674266,0.6379036850780869,0,False,-0.19999999999999998,other
HOXC4_Hsapiens-SwissRegulon-HOXC4.SwissRegulon,HOXC4,3,0.5272493494790509,0.5272493494790509,0.0,0.0,0.0,0,True,,neutral
HOXC6_1	Hoxc6_bulyk_cell08-3954.2,HOXC6,4,0.5882206592007297,0.5882206592007297,0.0,0.0,0.0,0,True,0.39999999999999997,neutral
HOXC6_Hsapiens-SwissRegulon-HOXC6.SwissRegulon,HOXC6,5,0.12346317283878668,0.12346317283878668,0.0,0.0,0.0,0,True,0.39999999999999997,neutral
HOXC8_1	Hoxc8_bulyk_cell08-3429.2,HOXC8,5,0.5477055163762351,0.25607554710205693,0.18759334095920244,-0.7604421379818093,0.9480354789410117,0,False,-0.3,normal-suppression
HOXC8_Hsapiens-SwissRegulon-HOXC8.SwissRegulon,HOXC8,10,1.0,0.42593070983667836,0.3478899492619124,0.20816648408670962,0.1397234651752028,0,False,0.34545454545454546,neutral
HOXC9_1	Hoxc9_bulyk_cell08-2367.2,HOXC9,7,0.9458184797952007,0.05457634477504499,0.33064797517228955,-0.18126014404123988,0.5119081192135294,0,False,-0.5357142857142858,other
HOXC9_Hsapiens-SwissRegulon-HOXC9.SwissRegulon,HOXC9,9,0.42057274050517285,0.15591161215850108,0.7867050055430184,-0.40327520809410383,1.1899802136371223,0,False,0.03333333333333333,tumor-gain
HOXD10_1	Hoxd10_bulyk_cell08-2368.2,HOXD10,4,0.15104696636209713,0.06072532730820145,0.03895283057113445,-0.43533889591432157,0.47429172648545603,0,False,-0.39999999999999997,neutral
HOXD10_Hsapiens-SwissRegulon-HOXD10.SwissRegulon,HOXD10,6,0.20751862661571574,0.20274832314519725,0.30257958635744886,-0.47855235700914833,0.7811319433665972,0,False,0.14494275891311212,other
HOXD11_1	Hoxd11_bulyk_cell08-3873.1,HOXD11,5,0.5677014228983641,0.16595200309587194,-0.22060551581985138,-0.7938095214962254,0.5732040056763741,0,False,-0.6,normal-suppression
HOXD11_2	HOXD11_jolma_DBD_M544,HOXD11,7,0.32360335961674896,0.32360335961674896,0.0,0.0,0.0,0,True,-0.10714285714285716,neutral
HOXD11_Hsapiens-jaspar2016-HOXD11-MA0908.1,HOXD11,7,0.12310403806249406,0.10024241433490602,-0.34777758572725526,-3.166458500456379,2.8186809147291236,0,False,-0.1785714285714286,normal-suppression
HOXD11_Hsapiens-jaspar2018-HOXD11-MA0908.1,HOXD11,6,0.07147989906019017,0.05771861073437635,-1.705128709724999,-3.5988245134072354,1.8936958036822364,0,False,-0.08571428571428573,divergent
HOXD11_Hsapiens-jolma2013-HOXD11,HOXD11,8,0.05539936082373847,0.04247570514275093,1.938592203029721,0.30148670824269935,1.6371054947870216,0,False,0.3571428571428572,tumor-gain
HOXD12_1	Hoxd12_bulyk_cell08-3481.1,HOXD12,7,1.0,0.6164172767322301,0.0855403505632864,-0.15543968604873307,0.24098003661201947,0,False,0.5714285714285715,neutral
HOXD12_3	HOXD12_jolma_DBD_M547,HOXD12,8,0.23297105559079842,0.22230219160899403,-0.1392570281561249,-1.0294763003100227,0.8902192721538977,0,False,0.19047619047619052,normal-suppression
HOXD12_Hsapiens-SwissRegulon-HOXD12.SwissRegulon,HOXD12,2,0.40572610007699084,0.40572610007699084,0.0,0.0,0.0,0,True,,neutral
HOXD12_Hsapiens-jaspar2016-HOXD12-MA0873.1,HOXD12,6,0.08290299599034671,0.07429557438680438,1.119530410711332,-0.46323231896353606,1.582762729674868,0,False,-0.14285714285714288,tumor-gain
HOXD12_Hsapiens-jaspar2018-HOXD12-MA0873.1,HOXD12,4,0.057789932569969636,0.041621720436248046,-1.7617438140232156,-2.1758185080246983,0.4140746940014828,0,False,-0.7999999999999999,neutral
HOXD12_Hsapiens-jolma2013-HOXD12,HOXD12,2,0.02082185178321427,0.02082185178321427,0.0,0.0,0.0,0,True,,neutral
HOXD12_Hsapiens-jolma2013-HOXD12-2,HOXD12,6,0.0517898802422114,0.033870633507091186,-0.2518658078760541,-1.2472065674265624,0.9953407595505084,0,False,0.2,normal-suppression
HOXD12_Hsapiens-jolma2013-HOXD12-3,HOXD12,9,0.10737845760784659,0.07229499216465192,-0.8348899999176428,-2.3596818845719016,1.5247918846542587,0,False,-0.45,divergent
HOXD12_Hsapiens-jolma2013-HOXD12-4,HOXD12,5,0.09474328854582255,0.06101968218209915,1.3845398572927512,-0.3739792508843096,1.7585191081770608,0,False,-0.19999999999999998,tumor-gain
HOXD13_1	Hoxd13_bulyk_cell08-2356.1,HOXD13,4,0.5399900649347615,0.5399900649347615,0.0,0.0,0.0,0,True,0.19999999999999998,neutral
HOXD13_3	HOXD13_jolma_DBD_M549,HOXD13,5,0.1612931512090908,0.052545114884040275,0.17960439829992678,-0.7345343491899315,0.9141387474898583,0,False,0.09999999999999999,normal-suppression
HOXD13_4	Hoxd13_jolma_DBD_M556,HOXD13,3,0.14197595857745324,0.11720163653052182,1.3575596771624379,0.012175891748724764,1.3453837854137132,0,False,,tumor-gain
HOXD13_5	Hoxd13_jolma_DBD_M557,HOXD13,3,0.4610321982422662,0.3824984864906725,0.24578200741924613,-1.256253351420885,1.502035358840131,0,False,,normal-suppression
HOXD13_Hsapiens-SwissRegulon-HOXD13.SwissRegulon,HOXD13,5,0.020062113761895782,0.020062113761895782,0.0,0.0,0.0,0,True,0.8999999999999998,neutral
HOXD13_Hsapiens-jaspar2016-HOXD13-MA0909.1,HOXD13,4,0.06541514709617821,0.06541514709617821,0.0,0.0,0.0,0,True,0.39999999999999997,neutral
HOXD13_Hsapiens-jolma2013-HOXD13,HOXD13,3,0.02844151700344844,0.024572104045525033,0.26745237972806557,0.18218712271373932,0.08526525701432625,0,False,,neutral
HOXD13_Hsapiens-jolma2013-HOXD13-2,HOXD13,6,0.033871711009337536,0.019083013048577225,0.08064020877758278,-0.868280074875741,0.9489202836533238,0,False,-0.3142857142857143,normal-suppression
HOXD1_1	Hoxd1_bulyk_cell08-3448.1,HOXD1,6,0.30268297386036613,0.013109287228644937,0.3120618359509277,0.2155087517832537,0.09655308416767397,0,False,-0.3714285714285715,neutral
HOXD1_Hsapiens-SwissRegulon-HOXD1.SwissRegulon,HOXD1,9,0.2702748357033805,0.2702748357033805,0.0,0.0,0.0,0,True,0.6333333333333333,neutral
HOXD3_1	Hoxd3_bulyk_cell08-1742.2,HOXD3,9,0.9859951966776574,0.7389682393280959,-0.31817213865445726,-0.45408146131663185,0.1359093226621746,0,False,0.38333333333333336,neutral
HOXD3_2	Hoxd3_jolma_DBD_M558,HOXD3,7,0.6954331045653938,0.22391540777617913,0.12849473925682306,-0.11577986148265247,0.24427460073947554,0,False,-0.42857142857142866,neutral
HOXD3_Hsapiens-SwissRegulon-HOXD3.SwissRegulon,HOXD3,7,0.1759147869008655,0.13667573874541514,1.0449054014477768,0.6666262670248781,0.3782791344228986,0,False,0.3571428571428572,neutral
HOXD4_Hsapiens-SwissRegulon-HOXD4.SwissRegulon,HOXD4,7,0.07766420986817482,0.0389889545805319,-0.003722281975236877,-0.4823783601562901,0.4786560781810532,0,False,-0.14285714285714288,neutral
HOXD8_1	Hoxd8_bulyk_cell08-2644.1,HOXD8,3,0.6516360065401833,0.1887004143838633,0.777307149765939,0.7246575033798698,0.05264964638606917,0,False,,neutral
HOXD8_2	HOXD8_jolma_DBD_M550,HOXD8,5,0.5471459413616361,0.4890866035336847,0.07843881497277043,-0.20478162110328016,0.2832204360760506,0,False,0.7,neutral
HOXD8_Hsapiens-jolma2013-HOXD8,HOXD8,3,0.3649970507307801,0.3649970507307801,0.0,0.0,0.0,0,True,,neutral
HOXD9_1	Hoxd9_jolma_DBD_M559,HOXD9,2,0.2634042090471092,0.2634042090471092,0.0,0.0,0.0,0,True,,neutral
HOXD9_2	Hoxd9_jolma_DBD_M560,HOXD9,2,0.19906354898251782,0.12600771517942752,0.2757249357871574,-0.5263277552659881,0.8020526910531455,0,False,,normal-suppression
HOXD9_3	Hoxd9_jolma_DBD_M561,HOXD9,4,0.29599659893109265,0.1797558670815753,-2.0090747873547783,-3.17804784612615,1.1689730587713716,0,False,-0.39999999999999997,divergent
HOXD9_Hsapiens-SwissRegulon-HOXD9.SwissRegulon,HOXD9,2,1.0,0.6673320026613433,0.30333423640601426,-0.07253644951971419,0.3758706859257285,0,False,,neutral
HSF1_Hsapiens-JASPAR_2014-HSF1-MA0486.1,HSF1,8,0.9256229081442925,0.7567649741562806,-0.6211765166769609,-1.074447737731469,0.453271221054508,0,False,-0.14285714285714288,neutral
HSF1_Hsapiens-SwissRegulon-HSF1.SwissRegulon,HSF1,3,0.04175685774000265,0.04175685774000265,0.0,0.0,0.0,0,True,,neutral
HSF1_Hsapiens-hPDI-HSF1,HSF1,5,0.4293865905848788,0.1077486950156812,0.10778192746009024,-0.32992035992219276,0.437702287382283,0,False,-0.5642880936468347,neutral
HSF1_Hsapiens-jaspar2016-HSF1-MA0486.1,HSF1,7,1.0,0.6176169341072048,0.2501461974912525,0.1071831395940248,0.14296305789722769,0,False,0.0,neutral
HSF1_Hsapiens-jaspar2016-HSF1-MA0486.2,HSF1,6,0.1190960660757305,0.0909168750981695,-0.10744898138367386,-1.0442286321669405,0.9367796507832666,0,False,0.3142857142857143,normal-suppression
HSF1_Hsapiens-jaspar2018-HSF1-MA0486.1,HSF1,5,0.6958471436927283,0.6958471436927283,0.0,0.0,0.0,0,True,0.09999999999999999,neutral
HSF1_Hsapiens-jaspar2018-HSF1-MA0486.2,HSF1,7,0.05268647039235325,0.03990958113738505,0.13097406269464615,-0.07244313618240619,0.20341719887705234,0,False,0.28571428571428575,neutral
HSF1_Hsapiens-jolma2013-HSF1,HSF1,9,0.11417524957882871,0.07867048844237891,0.1978508274416252,-0.8138590949090982,1.0117099223507235,0,False,-0.39999999999999997,normal-suppression
HSF1_Hsapiens-jolma2013-HSF1-2,HSF1,4,0.026142133665253427,0.016369054886942788,0.6873553160748432,-0.06477464128452914,0.7521299573593724,0,False,-0.39999999999999997,tumor-gain
HSF2_1	HSF2_transfac_M00147,HSF2,4,0.7784305856216793,0.584259823867092,1.1541852134373618,0.31257253190911427,0.8416126815282475,0,False,-1.0,tumor-gain
HSF2_2	HSF2_jolma_DBD_M142,HSF2,6,0.19059645794543686,0.17465779828720274,0.5029575053626573,-0.5838264420522207,1.086783947414878,0,False,0.028571428571428574,tumor-gain
HSF2_Hsapiens-SwissRegulon-HSF2.SwissRegulon,HSF2,9,0.6991846315965096,0.6548355193362226,2.0874857128338427,0.6683830910623271,1.4191026217715157,0,False,0.6833333333333333,tumor-gain
HSF2_Hsapiens-jaspar2016-HSF2-MA0770.1,HSF2,4,0.06630129953957731,0.05213124914404166,0.09210266163151841,-1.0340547555346353,1.1261574171661537,0,False,-0.39999999999999997,normal-suppression
HSF2_Hsapiens-jaspar2018-HSF2-MA0770.1,HSF2,7,0.04480132876511772,0.03784587795310012,0.17761652863323768,-0.13848033471371016,0.31609686334694787,0,False,0.0,neutral
HSF2_Hsapiens-jolma2013-HSF2,HSF2,8,0.03489274896961719,0.031847145156144334,-0.45343307192460347,-1.1493458362809157,0.6959127643563122,0,False,0.1666666666666667,normal-suppression
HSF4_1	HSF4_jolma_DBD_M143,HSF4,8,0.31881826480182046,0.26723956190660275,0.5461912015244677,-0.4006718281027445,0.9468630296272121,0,False,-0.38095238095238104,tumor-gain
HSF4_Hsapiens-HOCOMOCOv10-HSF4_HUMAN.H10MO.D,HSF4,2,0.7236393937128149,0.4664475754593311,0.8121805067598592,-0.050225547406452804,0.862406054166312,0,False,,tumor-gain
HSF4_Hsapiens-SwissRegulon-HSF4.SwissRegulon,HSF4,8,0.12949319554541588,0.06595827124980132,-0.3105632102315042,-0.6278478858707203,0.3172846756392161,0,False,-0.5476190476190477,neutral
HSF4_Hsapiens-jaspar2016-HSF4-MA0771.1,HSF4,5,0.1876349102002841,0.1478407549644898,-0.016815552802140595,-0.36844906515731557,0.351633512355175,0,False,0.09999999999999999,neutral
HSF4_Hsapiens-jaspar2018-HSF4-MA0771.1,HSF4,6,0.14473755495233012,0.12753658591139758,-0.18738060971733903,-0.5135910287475633,0.3262104190302243,0,False,0.3714285714285715,neutral
HSF4_Hsapiens-jolma2013-HSF4,HSF4,6,0.11055554934478308,0.08012929737695246,1.1406407936466885,-1.1011495277180032,2.2417903213646917,0,False,-0.3714285714285715,tumor-gain
HSFY1_Hsapiens-HOCOMOCOv10-HSFY1_HUMAN.H10MO.D,HSFY1,9,1.0,0.517466058276952,2.3629962412618357,0.6728406775925901,1.6901555636692456,0,False,-0.31666666666666665,tumor-gain
HSFY2_1	HSFY2_jolma_DBD_M144,HSFY2,8,1.0,0.24696412304663198,0.1458567057731632,-0.9495924862177184,1.0954491919908815,0,False,-0.5714285714285715,normal-suppression
HSFY2_2	HSFY2_jolma_DBD_M145,HSFY2,9,1.0,0.42103130133095895,0.1909047528354005,-0.21029712969219116,0.4012018825275917,0,False,0.26666666666666666,neutral
HSFY2_3	HSFY2_jolma_DBD_M146,HSFY2,10,0.8074308254337804,0.8074308254337804,0.0,0.0,0.0,0,True,0.23636363636363633,neutral
HSFY2_Hsapiens-SwissRegulon-HSFY2.SwissRegulon,HSFY2,8,0.07737875861338313,0.07737875861338313,0.0,0.0,0.0,0,True,0.4047619047619048,neutral
HSFY2_Hsapiens-jolma2013-HSFY2,HSFY2,8,0.5752262966086801,0.36179318003203115,2.447173159856329,0.9883193416976724,1.4588538181586563,0,False,0.2380952380952381,tumor-gain
HSFY2_Hsapiens-jolma2013-HSFY2-2,HSFY2,7,0.13465282267887907,0.09651103644099704,-0.6641119266409298,-1.1301606352845772,0.46604870864364745,0,False,0.28571428571428575,neutral
HSFY2_Hsapiens-jolma2013-HSFY2-3,HSFY2,10,0.43687197545657613,0.19451398735737593,2.2641843720414014,0.3515022007164488,1.9126821713249527,0,False,0.309090909090909,tumor-gain
HSF_disc1 HSF1_HepG2_encode-Snyder_seq_hsa_forskolin_r1:MDscan#2#Intergenic,HSF1,9,1.0,0.5562757043081841,1.8926028315749874,0.335433817782989,1.5571690137919985,0,False,0.217575126276488,tumor-gain
HSF_known1	HSF1_1	HSF1_transfac_M00146,HSF1,8,1.0,0.500936681807038,1.7042681736489915,1.172531140065467,0.5317370335835245,0,False,0.523809523809524,tumor-gain
HSF_known2	HSF1_2	HSF_transfac_M00641,HSF1,10,1.0,0.4451842602872086,-0.1637516501415377,-0.4844089653905151,0.3206573152489774,0,False,-0.5865203310398369,neutral
HSF_known3	HSF1_3	HSF1_transfac_M01023,HSF1,9,1.0,1.0,0.0,0.0,0.0,0,True,0.681005224606999,neutral
HSF_known4	HSF1_4	HSF1_jolma_DBD_M140,HSF1,9,1.0,1.0,0.0,0.0,0.0,0,True,0.33333333333333337,neutral
HSF_known5	HSF1_5	HSF1_jolma_full_M141,HSF1,6,0.24917195976819118,0.1916050039050641,1.0690631779761381,0.6479302759032661,0.421132902072872,0,False,-0.6,neutral
HSPA5_Hsapiens-hPDI-HSPA5,HSPA5,2,1.0,1.0,0.0,0.0,0.0,0,True,,neutral
HTATIP2_Hsapiens-hPDI-HTATIP2,HTATIP2,3,1.0,1.0,0.0,0.0,0.0,0,True,,neutral
HTF4_Hsapiens-HOCOMOCOv10-HTF4_HUMAN.H10MO.B,HTF4,6,1.0,0.7444219066937119,0.4641885068343702,-0.15294655149565994,0.6171350583300301,0,False,-0.48571428571428577,other
HXA10_Hsapiens-HOCOMOCOv10-HXA10_HUMAN.H10MO.C,HOXA10,3,1.0,0.7506234413965087,0.9845452473198447,-0.11841165066047274,1.1029568979803175,0,False,,tumor-gain
HXA13_Hsapiens-HOCOMOCOv10-HXA13_HUMAN.H10MO.C,HOXA13,7,0.6676084427455552,0.5008485574523318,-0.8233136419985421,-1.4496231247520668,0.6263094827535247,0,False,0.6182840223353118,divergent
HXA1_Hsapiens-HOCOMOCOv10-HXA1_HUMAN.H10MO.C,HOXA1,7,1.0,0.3009189289153323,0.2505294673853611,0.009196713644629517,0.24133275374073157,0,False,-0.34235623582431246,neutral
HXA2_Hsapiens-HOCOMOCOv10-HXA2_HUMAN.H10MO.D,HOXA2,4,1.0,1.0,0.0,0.0,0.0,0,True,0.7999999999999999,neutral
HXA5_Hsapiens-HOCOMOCOv10-HXA5_HUMAN.H10MO.D,HOXA5,5,1.0,0.38329613532244794,0.18595682835397925,-0.77431104206925,0.9602678704232293,0,False,-0.8999999999999998,normal-suppression
HXA7_Hsapiens-HOCOMOCOv10-HXA7_HUMAN.H10MO.D,HOXA7,8,1.0,0.6007585587383982,0.32731634312709346,-0.15017122033769736,0.4774875634647908,0,False,0.07142857142857144,neutral
HXA9_Hsapiens-HOCOMOCOv10-HXA9_HUMAN.H10MO.D,HOXA9,9,0.3540431029420403,0.16427877511838476,0.03320111310161553,-0.3252062863251393,0.35840739942675487,0,False,-0.08368274087557231,neutral
HXB13_Hsapiens-HOCOMOCOv10-HXB13_HUMAN.H10MO.D,HOXB13,2,0.8469000165580962,0.8469000165580962,0.0,0.0,0.0,0,True,,neutral
HXB1_Hsapiens-HOCOMOCOv10-HXB1_HUMAN.H10MO.D,HOXB1,8,1.0,0.5562950637825841,0.32057535219399763,-0.34874639238641303,0.6693217445804107,0,False,0.07142857142857144,other
HXB2_Hsapiens-HOCOMOCOv10-HXB2_HUMAN.H10MO.D,HOXB2,4,0.5522049654234216,0.5522049654234216,0.0,0.0,0.0,0,True,0.7999999999999999,neutral
HXB3_Hsapiens-HOCOMOCOv10-HXB3_HUMAN.H10MO.D,HOXB3,5,0.9010806066775506,0.2873034307617856,-0.14638767496781796,-0.3707116560121377,0.22432398104431972,0,False,-0.6,neutral
HXB6_Hsapiens-HOCOMOCOv10-HXB6_HUMAN.H10MO.D,HOXB6,6,1.0,0.7504367357125045,0.13174192093202217,-0.7683569842146992,0.9000989051467214,0,False,-0.4780914437337575,normal-suppression
HXB7_Hsapiens-HOCOMOCOv10-HXB7_HUMAN.H10MO.C,HOXB7,6,0.46269573226895877,0.46269573226895877,0.0,0.0,0.0,0,True,0.5428571428571429,neutral
HXB8_Hsapiens-HOCOMOCOv10-HXB8_HUMAN.H10MO.C,HOXB8,6,1.0,0.4454286393958818,0.7977836548363445,0.3907199453924193,0.4070637094439252,0,False,-0.3714285714285715,neutral
HXC10_Hsapiens-HOCOMOCOv10-HXC10_HUMAN.H10MO.D,HOXC10,6,0.06946635844923858,0.0007606778675604803,1.1023677021697718,-0.2515988363417146,1.3539665385114863,0,False,0.028571428571428574,tumor-gain
HXC11_Hsapiens-HOCOMOCOv10-HXC11_HUMAN.H10MO.D,HOXC11,9,1.0,0.3687766675759551,-2.6949940587503938,-3.770880517465623,1.075886458715229,0,False,-0.38333333333333336,divergent
HXC12_Hsapiens-HOCOMOCOv10-HXC12_HUMAN.H10MO.D,HOXC12,2,1.0,1.0,0.0,0.0,0.0,0,True,,neutral
HXC13_Hsapiens-HOCOMOCOv10-HXC13_HUMAN.H10MO.D,HOXC13,5,1.0,1.0,0.0,0.0,0.0,0,True,0.19999999999999998,neutral
HXC6_Hsapiens-HOCOMOCOv10-HXC6_HUMAN.H10MO.D,HOXC6,6,1.0,0.2011184341921313,1.172985410325273,-1.1761967217227443,2.3491821320480173,0,False,-0.50709255283711,tumor-gain
HXC8_Hsapiens-HOCOMOCOv10-HXC8_HUMAN.H10MO.D,HOXC8,5,1.0,0.5011224744325268,-0.0027246046604004455,-2.1967527557837325,2.194028151123332,0,False,-0.9486832980505137,normal-suppression
HXD10_Hsapiens-HOCOMOCOv10-HXD10_HUMAN.H10MO.D,HOXD10,5,1.0,0.6674426338543398,-0.5613557761827855,-1.6523302740967873,1.0909744979140017,0,False,0.19999999999999998,divergent
HXD11_Hsapiens-HOCOMOCOv10-HXD11_HUMAN.H10MO.D,HOXD11,4,1.0,0.5040707276512154,-0.04520742051650301,-0.6139919399797538,0.5687845194632507,0,False,-1.0,normal-suppression
HXD12_Hsapiens-HOCOMOCOv10-HXD12_HUMAN.H10MO.D,HOXD12,3,0.7000069844096196,0.43787429637132097,2.4773271258545413,2.2386833220181637,0.23864380383637762,0,False,,neutral
HXD13_Hsapiens-HOCOMOCOv10-HXD13_HUMAN.H10MO.D,HOXD13,5,0.5010809911857642,0.5010809911857642,0.0,0.0,0.0,0,True,-0.15811388300841897,neutral
HXD3_Hsapiens-HOCOMOCOv10-HXD3_HUMAN.H10MO.D,HOXD3,9,1.0,1.0,0.0,0.0,0.0,0,True,0.21666666666666667,neutral
HXD4_Hsapiens-HOCOMOCOv10-HXD4_HUMAN.H10MO.D,HOXD4,8,0.1677762982689747,0.14383561643835616,-0.21352977769892031,-0.7428355689246823,0.5293057912257619,0,False,0.01227571540350591,normal-suppression
HXD8_Hsapiens-HOCOMOCOv10-HXD8_HUMAN.H10MO.D,HOXD8,4,0.6075436475105547,0.5374496553435851,-0.03806652782164395,-0.4481646422877747,0.41009811446613076,0,False,0.0,neutral
HXD9_Hsapiens-HOCOMOCOv10-HXD9_HUMAN.H10MO.D,HOXD9,3,1.0,1.0,0.0,0.0,0.0,0,True,,neutral
ID4_1	ID4_jolma_DBD_M323,ID4,10,1.0,0.8192075494525437,0.5039156062872717,0.389833596730518,0.11408200955675374,0,False,0.29696969696969694,neutral
ID4_Hsapiens-HOCOMOCOv10-ID4_HUMAN.H10MO.D,ID4,7,0.9493328829589606,0.6720954550618601,0.23564043210593696,-0.3594216364267471,0.5950620685326841,0,False,-0.5357142857142858,other
ID4_Hsapiens-SwissRegulon-ID4.SwissRegulon,ID4,10,0.06020017261655481,0.049663253135212165,0.41835654834151137,-0.5844533514826387,1.00280989982415,0,False,0.11515151515151514,normal-suppression
ID4_Hsapiens-cisbp_1.02-M5571_1.02,ID4,9,0.819208747713878,0.6869550034505524,0.5535546258533848,-0.4619615851466995,1.0155162110000844,0,False,-0.049999999999999996,tumor-gain
ID4_Hsapiens-jaspar2016-ID4-MA0824.1,ID4,8,0.5092808866519563,0.3300854783251673,-0.08388650906808906,-0.13861424487535917,0.05472773580727011,0,False,0.523809523809524,neutral
ID4_Hsapiens-jaspar2018-ID4-MA0824.1,ID4,9,0.10088636139848506,0.05031798553341669,0.25696387525774006,-1.0575371602388346,1.3145010354965747,0,False,-0.25,normal-suppression
ID4_Hsapiens-jolma2013-ID4,ID4,9,0.06908003508150823,0.04294527080483074,0.14141811754790756,-0.7014742039407023,0.8428923214886098,0,False,-0.39999999999999997,normal-suppression
IKZF1_1	Ik-1_transfac_M00086,IKZF1,10,1.0,1.0,0.0,0.0,0.0,0,True,0.04434734191469264,neutral
IKZF1_2	Lyf-1_transfac_M00141,IKZF1,6,0.8336368044944231,0.25102949031475835,-0.09112304993643343,-1.3275363678378278,1.2364133179013943,0,False,-0.2571428571428572,normal-suppression
IKZF1_Hsapiens-HOCOMOCOv10-IKZF1_HUMAN.H10MO.C,IKZF1,7,1.0,0.44134078212290384,0.28163376895058534,0.10797634630910086,0.17365742264148448,0,False,-0.4642857142857144,neutral
IKZF1_Hsapiens-SwissRegulon-IKZF1.SwissRegulon,IKZF1,6,0.3525510885166976,0.2931285002778069,0.5353594476813472,0.5060992654226775,0.029260182258669776,0,False,0.7714285714285715,neutral
IKZF2_1	Ik-2_transfac_M00087,IKZF2,6,0.8338333338318384,0.6517557678122822,0.5395434938500729,0.09208222550876402,0.44746126834130895,0,False,-0.08571428571428573,neutral
IKZF2_3	Helios-A_transfac_M01004,IKZF2,2,0.6674987531172069,0.5843715710723192,0.8842825424966112,-0.39847848503275357,1.2827610275293648,0,False,,tumor-gain
IKZF2_Hsapiens-SwissRegulon-IKZF2.SwissRegulon,IKZF2,2,0.2846747073456018,0.2846747073456018,0.0,0.0,0.0,0,True,,neutral
IKZF3_1	Ik-3_transfac_M00088,IKZF3,6,1.0,0.4675540765391015,0.14080016636860176,-0.09642622821643682,0.23722639458503858,0,False,-0.5217939320872036,neutral
IL24_Hsapiens-hPDI-IL24,IL24,6,1.0,0.16743006350215311,0.19174607908022592,-0.25909034892512306,0.45083642800534895,0,False,0.3142857142857143,neutral
ING3_Hsapiens-hPDI-ING3,ING3,3,0.5007488766849718,0.5007488766849718,0.0,0.0,0.0,0,True,,neutral
INSM1_1	INSM1_jaspar_MA0155.1,INSM1,4,0.8336666666666667,0.3759359081697912,0.2335057959780053,-0.40527272861097347,0.6387785245889788,0,False,-0.7999999999999999,other
INSM1_Hsapiens-HOCOMOCOv10-INSM1_HUMAN.H10MO.C,INSM1,2,0.33422103861517977,0.12624137220046938,0.17567239063634377,-1.0847599352059756,1.2604323258423193,0,False,,normal-suppression
INSM1_Hsapiens-JASPAR_2014-INSM1-MA0155.1,INSM1,3,0.16833000665335987,0.16833000665335987,0.0,0.0,0.0,0,True,,neutral
INSM1_Hsapiens-JASPAR_CORE-INSM1-MA0155.1,INSM1,3,0.23161173473205376,0.23161173473205376,0.0,0.0,0.0,0,True,,neutral
INSM1_Hsapiens-hPDI-INSM1,INSM1,9,1.0,0.5007488766849718,0.19260790583592752,-0.43240734027588873,0.6250152461118162,0,False,,other
INSM1_Hsapiens-jaspar2016-INSM1-MA0155.1,INSM1,4,0.12380941396123187,0.12380941396123187,0.0,0.0,0.0,0,True,0.7999999999999999,neutral
INSM1_Hsapiens-jaspar2018-INSM1-MA0155.1,INSM1,6,0.12631053419870183,0.12631053419870183,0.0,0.0,0.0,0,True,0.7142857142857143,neutral
IRF1_Hsapiens-HOCOMOCOv10-IRF1_HUMAN.H10MO.A,IRF1,2,0.13449331274168488,0.02921752632259744,1.5518628421093388,-0.32504009139305,1.8769029335023888,0,False,,tumor-gain
IRF1_Hsapiens-JASPAR_2014-IRF1-MA0050.2,IRF1,8,0.1708639933309846,0.1708639933309846,0.0,0.0,0.0,0,True,0.4523809523809524,neutral
IRF1_Hsapiens-JASPAR_CORE-IRF1-MA0050.1,IRF1,3,0.4011976047904192,0.27404718693284935,1.9133492060925543,0.05825914453887635,1.855090061553678,0,False,,tumor-gain
IRF1_Hsapiens-SwissRegulon-IRF1.SwissRegulon,IRF1,4,0.292478691686059,0.27776977352933213,1.2591315885705692,-0.1683845687987959,1.427516157369365,0,False,0.0,tumor-gain
IRF1_Hsapiens-jaspar2016-IRF1-MA0050.1,IRF1,5,0.18549996780632289,0.18549996780632289,0.0,0.0,0.0,0,True,0.6155870112510925,neutral
IRF1_Hsapiens-jaspar2016-IRF1-MA0050.2,IRF1,9,0.2971201041135063,0.001857225203481941,1.6842510072041363,0.6544152230707658,1.0298357841333705,0,False,-0.13333333333333333,tumor-gain
IRF1_Hsapiens-jaspar2018-IRF1-MA0050.1,IRF1,3,0.1267099896571239,0.1267099896571239,0.0,0.0,0.0,0,True,,neutral
IRF1_Hsapiens-jaspar2018-IRF1-MA0050.2,IRF1,8,1.0,1.0,0.0,0.0,0.0,0,True,0.7142857142857144,neutral
IRF2_Hsapiens-HOCOMOCOv10-IRF2_HUMAN.H10MO.C,IRF2,2,0.931231303510641,0.6306842760008263,0.5634471577834144,-0.565014598895723,1.1284617566791373,0,False,,tumor-gain
IRF2_Hsapiens-JASPAR_2014-IRF2-MA0051.1,IRF2,6,0.6673320026613433,0.6673320026613433,0.0,0.0,0.0,0,True,0.43482827673933633,neutral
IRF2_Hsapiens-JASPAR_CORE-IRF2-MA0051.1,IRF2,5,1.0,0.6009577015163602,0.5430069469018375,-0.39298675751955486,0.9359937044213924,0,False,-0.19999999999999998,tumor-gain
IRF2_Hsapiens-SwissRegulon-IRF2.SwissRegulon,IRF2,5,0.3969127922176578,0.3969127922176578,0.0,0.0,0.0,0,True,0.09999999999999999,neutral
IRF2_Hsapiens-jaspar2016-IRF2-MA0051.1,IRF2,4,0.6009577015163602,0.6009577015163602,0.0,0.0,0.0,0,True,0.9486832980505139,neutral
IRF2_Hsapiens-jaspar2018-IRF2-MA0051.1,IRF2,4,0.5721620079863089,0.4810539302640927,1.8480022746625937,0.325120380589231,1.5228818940733628,0,False,0.7999999999999999,tumor-gain
IRF3_Hsapiens-HOCOMOCOv10-IRF3_HUMAN.H10MO.C,IRF3,5,0.9376714036399894,0.15600610575995721,0.553678794659381,-0.3710376744540266,0.9247164691134075,0,False,-0.3,tumor-gain
IRF3_Hsapiens-SwissRegulon-IRF3.SwissRegulon,IRF3,2,0.47653492322960184,0.47653492322960184,0.0,0.0,0.0,0,True,,neutral
IRF4_1	Irf4_bulyk_sc09-primary,IRF4,7,0.776171772180042,0.3337145404741573,3.0470718794398532,0.9961256055576497,2.0509462738822037,0,False,0.14285714285714288,tumor-gain
IRF4_2	IRF4_jolma_full_M148,IRF4,7,0.73706856279033,0.73706856279033,0.0,0.0,0.0,0,True,0.7142857142857144,neutral
IRF4_Hsapiens-HOCOMOCOv10-IRF4_HUMAN.H10MO.C,IRF4,4,0.7929521956367592,0.6948323537176762,-1.6356437599304672,-1.939746101484492,0.3041023415540247,0,False,0.39999999999999997,neutral
IRF4_Hsapiens-SwissRegulon-IRF4.SwissRegulon,IRF4,3,0.34859144728446373,0.33596401689152466,0.04235698298544512,-3.2362234167472255,3.278580399732671,0,False,,normal-suppression
IRF4_Hsapiens-jaspar2018-IRF4-MA1419.1,IRF4,7,0.1855773116937671,0.14301204180086532,-0.2774260448640986,-1.6681092641050186,1.39068321924092,0,False,-0.5,normal-suppression
IRF4_Hsapiens-jolma2013-IRF4,IRF4,5,0.1136458166524234,0.08680804524570819,-0.3330845561414374,-0.4888515596930094,0.15576700355157203,0,False,0.19999999999999998,neutral
IRF5_Hsapiens-HOCOMOCOv10-IRF5_HUMAN.H10MO.D,IRF5,4,0.6672212978369385,0.6672212978369385,0.0,0.0,0.0,0,True,0.21081851067789195,neutral
IRF5_Hsapiens-SwissRegulon-IRF5.SwissRegulon,IRF5,7,0.18187551671020588,0.11389690797880403,-0.41939495661113113,-2.187404109715938,1.7680091531048068,0,False,0.42857142857142866,normal-suppression
IRF5_Hsapiens-jaspar2018-IRF5-MA1420.1,IRF5,7,0.19525686334395032,0.09727942586971482,2.3520758663812384,0.9824320623227871,1.3696438040584513,0,False,0.07142857142857144,tumor-gain
IRF5_Hsapiens-jolma2013-IRF5,IRF5,7,0.10900247495837233,0.07867809292826038,0.7711097697194543,-0.5377049011304951,1.3088146708499493,0,False,-0.07142857142857144,tumor-gain
IRF5_Hsapiens-jolma2013-IRF5-2,IRF5,4,0.21876262688815695,0.19543325804340408,0.8506880130286211,-0.07101298371813232,0.9217009967467534,0,False,-0.7999999999999999,tumor-gain
IRF6_1	Irf6_bulyk_sc09-primary,IRF6,7,0.2112133227521559,0.10909095931270234,1.1650107804034764,0.6820592322727317,0.4829515481307447,0,False,0.14285714285714288,neutral
IRF6_Hsapiens-SwissRegulon-IRF6.SwissRegulon,IRF6,5,0.40958365570499755,0.3526587424413593,-0.17916594308490677,-1.4293115791915105,1.2501456361066037,0,False,-0.3,normal-suppression
IRF6_Hsapiens-hPDI-IRF6,IRF6,4,0.5575167345608895,0.5575167345608895,0.0,0.0,0.0,0,True,0.316227766016838,neutral
IRF7_Hsapiens-HOCOMOCOv10-IRF7_HUMAN.H10MO.C,IRF7,3,0.9413145539906104,0.8239436619718309,1.3979996731064348,-0.2892549316692107,1.6872546047756454,0,False,,tumor-gain
IRF7_Hsapiens-SwissRegulon-IRF7.SwissRegulon,IRF7,3,0.3112939274218102,0.26485875445968465,-0.5613603758340391,-0.6329493530710535,0.0715889772370144,0,False,,neutral
IRF7_Hsapiens-jaspar2016-IRF7-MA0772.1,IRF7,5,0.5533217249687232,0.5533217249687232,0.0,0.0,0.0,0,True,0.09999999999999999,neutral
IRF7_Hsapiens-jolma2013-IRF7,IRF7,5,0.25674882407561794,0.25674882407561794,0.0,0.0,0.0,0,True,0.09999999999999999,neutral
IRF7_Hsapiens-jolma2013-IRF7-2,IRF7,8,0.6767739836167767,0.36783947483242185,-0.46161522448606274,-1.0573427547244045,0.5957275302383418,0,False,-0.3333333333333334,normal-suppression
IRF8_Hsapiens-SwissRegulon-IRF8.SwissRegulon,IRF8,6,0.06017640022642467,0.06017640022642467,0.0,0.0,0.0,0,True,0.48571428571428577,neutral
IRF8_Hsapiens-jaspar2016-IRF8-MA0652.1,IRF8,6,0.045067612426298455,0.03748162448230995,0.9301036453851261,0.7493976210398061,0.18070602434532002,0,False,-0.14285714285714288,neutral
IRF8_Hsapiens-jaspar2018-IRF8-MA0652.1,IRF8,6,0.02951295451808646,0.01604351718427714,1.9150726881130167,0.8024649478546094,1.1126077402584071,0,False,-0.3142857142857143,tumor-gain
IRF8_Hsapiens-jolma2013-IRF8,IRF8,4,0.10767597944496209,0.08544716166783457,2.1428317663008314,0.6237603817370029,1.5190713845638286,0,False,-0.19999999999999998,tumor-gain
IRF8_Hsapiens-jolma2013-IRF8-2,IRF8,7,0.015043103359126975,0.008453170577290703,0.7156060655005673,-2.0262354256922994,2.741841491192867,0,False,-0.3214285714285715,tumor-gain
IRF9_Hsapiens-HOCOMOCOv10-IRF9_HUMAN.H10MO.C,IRF9,3,0.6672212978369385,0.6672212978369385,0.0,0.0,0.0,0,True,,neutral
IRF9_Hsapiens-jaspar2016-IRF9-MA0653.1,IRF9,8,0.05783129475301351,0.03152442372891145,0.3932829694401284,-1.5404965982200185,1.9337795676601468,0,False,-0.4285714285714286,normal-suppression
IRF9_Hsapiens-jaspar2018-IRF9-MA0653.1,IRF9,7,0.027971864636423732,0.024392004998771862,1.17121524047663,0.4932882785990461,0.677926961877584,0,False,0.3214285714285715,tumor-gain
IRF9_Hsapiens-jolma2013-IRF9,IRF9,6,0.015841577687206263,0.014764352787789318,-0.43704954759272424,-0.82269710047735,0.38564755288462577,0,False,0.6571428571428573,neutral
IRF_disc1 IRF3_HeLa-S3_encode-Snyder_seq_hsa_IgG-rab_r1:MDscan#3#Intergenic,IRF3,6,1.0,0.7519871590881273,-0.6892760550256981,-1.8694617763453136,1.1801857213196154,0,False,-0.028571428571428574,divergent
IRF_disc2 IRF4_GM12878_encode-Myers_seq_hsa_M-17_r1:MDscan#3#Intergenic,IRF4,8,0.4769530283435966,0.2512173613785361,0.10593999982017537,-0.5033965611366138,0.6093365609567891,0,False,0.3333333333333334,normal-suppression
IRF_disc3 IRF1_K562_encode-Snyder_seq_hsa_IFNa30_r1:MEME#2#Intergenic,IRF1,10,1.0,0.5430184484221113,1.6186703659849409,0.5779195484533466,1.0407508175315943,0,False,-0.49543369430686224,tumor-gain
IRF_disc5 IRF4_GM12878_encode-Myers_seq_hsa_M-17_r1:AlignACE#2#Intergenic,IRF4,8,0.9578304425048507,0.5020798138629714,0.6287727349597271,0.0717239084186903,0.5570488265410368,0,False,-0.14285714285714288,tumor-gain
IRF_known1	IRF1_1	IRF-1_transfac_M00062,IRF1,4,0.9092623997256151,0.3904615020286011,0.4616956449683636,-0.7109799250399461,1.1726755700083098,0,False,-0.7999999999999999,normal-suppression
IRF_known10	IRF2_2	IRF2_jaspar_MA0051.1,IRF2,7,1.0,0.40103758656696054,0.5809445598544528,0.11550223577268715,0.46544232408176567,0,False,-0.0363696483726654,neutral
IRF_known11	IRF3_1	Irf3_bulyk_sc09-primary,IRF3,3,0.8904481908998723,0.5951547156085969,-1.17918493988084,-1.6883924201081113,0.5092074802272712,0,False,,divergent
IRF_known12	IRF5_1	Irf5_bulyk_sc09-primary,IRF5,8,0.8144339945886551,0.6817667272896589,1.2539292391263785,0.025097946826134317,1.2288312923002442,0,False,-0.11904761904761905,tumor-gain
IRF_known13	IRF9_2	Isgf3g_bulyk_sc09-primary,IRF9,5,1.0,0.6167422484849955,0.44594984096625995,-0.6294534752219324,1.0754033161881924,0,False,-0.49999999999999994,normal-suppression
IRF_known15	IRF5_2	IRF5_jolma_full_M149,IRF5,7,1.0,1.0,0.0,0.0,0.0,0,True,0.7857142857142859,neutral
IRF_known16	IRF5_3	IRF5_jolma_full_M150,IRF5,7,0.8953836458169213,0.48087661626941486,-0.6759785689731937,-1.4190721919881044,0.7430936230149107,0,False,0.10714285714285716,divergent
IRF_known17	IRF7_2	IRF7_jolma_DBD_M151,IRF7,5,1.0,0.6718706058457222,1.0206188829149914,0.4340460523391016,0.5865728305758897,0,False,-0.6,tumor-gain
IRF_known18	IRF7_3	IRF7_jolma_DBD_M152,IRF7,3,0.5657429200375307,0.5657429200375307,0.0,0.0,0.0,0,True,,neutral
IRF_known19	IRF8_2	IRF8_jolma_DBD_M153,IRF8,5,0.47832250777848234,0.2704682157151322,-0.6175705621072853,-0.7971066328987115,0.1795360707914262,0,False,0.7,neutral
IRF_known2	IRF2_1	IRF-2_transfac_M00063,IRF2,9,0.547635984976477,0.0645961986908345,0.5842855210797188,-0.8797344728855443,1.464019993965263,0,False,-0.6166666666666666,tumor-gain
IRF_known20	IRF8_3	IRF8_jolma_full_M154,IRF8,7,0.18147334584713126,0.055674646876047465,2.0267997015248693,0.9076099528222119,1.1191897487026574,0,False,0.39285714285714296,tumor-gain
IRF_known21	IRF9_3	IRF9_jolma_full_M155,IRF9,10,1.0,0.08687639330967716,-0.4038903903767644,-0.48764980646571665,0.08375941608895227,0,False,-0.01818181818181818,neutral
IRF_known3	IRF9_1	ISGF-3_transfac_M00258,IRF9,9,1.0,0.37601336826820897,0.29600967207583356,-0.008849582444834884,0.3048592545206684,0,False,0.26666666666666666,neutral
IRF_known4	IRF7_1	IRF-7_transfac_M00453,IRF7,10,0.889196675900277,0.06231940953604722,1.2291194591168297,-0.5736288421637525,1.8027483012805823,0,False,0.19999999999999998,tumor-gain
IRF_known5	IRF8_1	ICSBP_transfac_M00699,IRF8,3,0.3008032346430338,0.3008032346430338,0.0,0.0,0.0,0,True,,neutral
IRF_known6	IRF1_2	IRF-1_transfac_M00747,IRF1,10,1.0,0.07242278716474747,-0.11197298105197431,-0.5248382133086351,0.41286523225666083,0,False,-0.7744046403152623,neutral
IRF_known7	IRF_1	IRF_transfac_M00772,IRF,10,1.0,1.0,0.0,0.0,0.0,0,True,0.6848484848484848,neutral
IRF_known8	IRF_2	IRF_transfac_M00972,IRF,2,0.8152409060795537,0.5304064477137581,2.8003717837976425,-1.1858927233994154,3.986264507197058,0,False,,tumor-gain
IRF_known9	IRF1_3	IRF1_jaspar_MA0050.1,IRF1,3,1.0,0.38556067588325654,0.27825916307624815,-0.27250081736756054,0.5507599804438087,0,False,,other
IRX2_2	IRX2_jolma_DBD_M562,IRX2,4,0.9767589139096452,0.5927304907887823,-0.6707950673035561,-1.0545125186034556,0.38371745129989954,0,False,-0.6000000000000001,neutral
IRX2_Hsapiens-HOCOMOCOv10-IRX2_HUMAN.H10MO.D,IRX2,7,0.05529117461191743,0.05529117461191743,0.0,0.0,0.0,0,True,0.39285714285714296,neutral
IRX2_Hsapiens-SwissRegulon-IRX2.SwissRegulon,IRX2,5,0.54892151984366,0.28327787483095684,-0.016379406665103284,-0.9367422128526438,0.9203628061875405,0,False,-0.39999999999999997,normal-suppression
IRX2_Hsapiens-jolma2013-IRX2,IRX2,7,0.7107333103591622,0.7107333103591622,0.0,0.0,0.0,0,True,0.3214285714285715,neutral
IRX3_1	Irx3_bulyk_cell08-0920.1,IRX3,9,0.5271803971432748,0.4642876900244809,-0.08450454589928133,-1.931477272268022,1.8469727263687408,0,False,-0.016666666666666666,normal-suppression
IRX3_2	Irx3_bulyk_cell08-2226.1,IRX3,3,0.32700130669743477,0.32700130669743477,0.0,0.0,0.0,0,True,,neutral
IRX3_3	Irx3_jolma_DBD_M568,IRX3,2,0.7709868323716527,0.3252309134092964,-0.5744020437640142,-0.6862161686939471,0.11181412492993292,0,False,,neutral
IRX3_Hsapiens-HOCOMOCOv10-IRX3_HUMAN.H10MO.D,IRX3,7,1.0,0.9269988623989391,1.0242090164144455,-0.30704279638210935,1.331251812796555,0,False,-0.1785714285714286,tumor-gain
IRX3_Hsapiens-SwissRegulon-IRX3.SwissRegulon,IRX3,2,0.9191091883966316,0.9191091883966316,0.0,0.0,0.0,0,True,,neutral
IRX4_1	Irx4_bulyk_cell08-2242.3,IRX4,4,0.2410462422186692,0.09006273127232532,0.49228286035231184,0.24935927550412426,0.24292358484818757,0,False,0.0,neutral
IRX5_1	Irx5_bulyk_cell08-2385.1,IRX5,2,0.3791470335057073,0.016454213600139045,0.43493425177789136,-0.4092648907070441,0.8441991424849354,0,False,,other
IRX5_2	IRX5_jolma_DBD_M563,IRX5,7,0.9501934802271431,0.40212558134788823,0.3657279262088681,-0.7943324697859468,1.160060395994815,0,False,-0.5,normal-suppression
IRX5_Hsapiens-SwissRegulon-IRX5.SwissRegulon,IRX5,3,0.7404677746166209,0.7404677746166209,0.0,0.0,0.0,0,True,,neutral
IRX5_Hsapiens-jolma2013-IRX5,IRX5,5,0.48821935854673676,0.48821935854673676,0.0,0.0,0.0,0,True,0.3,neutral
IRX6_1	Irx6_bulyk_cell08-2623.2,IRX6,3,0.45467918523466355,0.20917599725909433,0.4009507619445618,-1.1150465326755554,1.5159972946201172,0,False,,normal-suppression
IRX6_Hsapiens-SwissRegulon-IRX6.SwissRegulon,IRX6,4,0.39894923815703864,0.28609120876619865,0.5864859648047499,0.1257499410520841,0.4607360237526658,0,False,0.7999999999999999,neutral
ISL1_Hsapiens-HOCOMOCOv10-ISL1_HUMAN.H10MO.D,ISL1,9,1.0,0.5215657476939248,0.2704169201082612,-0.4557275327214431,0.7261444528297043,0,False,0.26666666666666666,other
ISL1_Hsapiens-SwissRegulon-ISL1.SwissRegulon,ISL1,3,0.04461610572781517,0.002120382406284369,-0.05175506431519088,-0.5396018690286384,0.4878468047134475,0,False,,neutral
ISL2_1	Isl2_bulyk_cell08-3430.1,ISL2,3,0.28289047546802143,0.2672664348621949,0.4454010247022266,-0.3492123548072803,0.794613379509507,0,False,,other
ISL2_2	ISL2_jolma_DBD_M564,ISL2,6,1.0,0.4656103318229916,1.3378976728894991,0.15281874196893058,1.1850789309205685,0,False,0.14285714285714288,tumor-gain
ISL2_Hsapiens-HOCOMOCOv10-ISL2_HUMAN.H10MO.D,ISL2,9,0.740397965194914,0.6376286388742117,0.43370531323525535,-1.0721618619416373,1.5058671751768926,0,False,-0.2333333333333333,normal-suppression
ISL2_Hsapiens-SwissRegulon-ISL2.SwissRegulon,ISL2,2,0.6494364744262435,0.6494364744262435,0.0,0.0,0.0,0,True,,neutral
ISL2_Hsapiens-jaspar2016-ISL2-MA0914.1,ISL2,4,0.12853605409355695,0.11241253051696745,0.31902844299801597,-0.4292058388913358,0.7482342818893517,0,False,-0.19999999999999998,other
ISL2_Hsapiens-jaspar2018-ISL2-MA0914.1,ISL2,9,0.043933286444354555,0.020993868623919,0.1699560429002114,-0.342977422231104,0.5129334651313154,0,False,-0.6666666666666667,other
ISL2_Hsapiens-jolma2013-ISL2,ISL2,9,0.03635899656992554,0.03635899656992554,0.0,0.0,0.0,0,True,-0.13333333333333333,neutral
ISX_1	Isx_bulyk_cell08-3445.1,ISX,8,0.698090184698799,0.12286474753146544,0.22942769727573517,-0.34419825315588065,0.5736259504316158,0,False,-0.7142857142857144,other
ISX_2	ISX_jolma_DBD_M565,ISX,2,0.32341530792781,0.32341530792781,0.0,0.0,0.0,0,True,,neutral
ISX_4	ISX_jolma_full_M567,ISX,7,0.01364724377417642,0.00904719060225244,0.2361757804178858,-0.35335797711191724,0.5895337575298031,0,False,0.39285714285714296,other
ISX_Hsapiens-HOCOMOCOv10-ISX_HUMAN.H10MO.D,ISX,3,0.7629488365682048,0.6946052152474662,0.1942383645484929,-0.14509805891769298,0.33933642346618587,0,False,,neutral
ISX_Hsapiens-SwissRegulon-ISX.SwissRegulon,ISX,10,0.9698320025319862,0.5242427566595068,0.4165677263003557,-0.3226710161412757,0.7392387424416313,0,False,0.5515151515151515,other
ISX_Hsapiens-jaspar2016-ISX-MA0654.1,ISX,4,0.0027997401796836427,0.0020418613065282345,0.2000763157220999,-0.12416428778451644,0.3242406035066163,0,False,-0.7999999999999999,neutral
ISX_Hsapiens-jaspar2018-ISX-MA0654.1,ISX,7,0.0008640436951838981,7.554435752263827e-05,-0.09841592884556284,-0.24362700486407063,0.1452110760185078,0,False,0.28571428571428575,neutral
ISX_Hsapiens-jolma2013-ISX-2,ISX,5,0.0005509806815629192,0.00011575014300182906,0.29614106635880544,0.14779161429884366,0.14834945205996178,0,False,0.7,neutral
ISX_Hsapiens-jolma2013-ISX-3,ISX,8,0.00023211703495218492,8.860125270501619e-05,0.9050596159500796,-0.0515810033919554,0.9566406193420349,0,False,0.09523809523809526,tumor-gain
ITF2_Hsapiens-HOCOMOCOv10-ITF2_HUMAN.H10MO.B,TCF4,10,0.4543988259514901,0.4336738777926247,-0.07599488114776576,-1.4283872086698028,1.352392327522037,0,False,0.2727272727272727,normal-suppression
ITGB2_1	LF-A1_transfac_M00646,ITGB2,8,1.0,0.6672212978369385,0.3648902308278259,0.019977707155881094,0.3449125236719448,0,False,0.22893227903814295,neutral
JDP2(var.2)_Hsapiens-jaspar2016-JDP2(var.2)-MA0656.1,JDP2,10,0.07937852182243138,0.028592399870074746,0.09077921349875553,-0.6275039689985542,0.7182831824973097,0,False,-0.18787878787878787,normal-suppression
JDP2(var.2)_Hsapiens-jaspar2018-JDP2(var.2)-MA0656.1,JDP2,10,0.03626449046527999,0.0261767501083758,0.18537760483526192,-0.16541647575070337,0.3507940805859653,0,False,0.01818181818181818,neutral
JDP2_1	Jundm2_bulyk_sc09-primary,JDP2,9,1.0,0.6778009352195169,0.48521811338771603,-0.17984522198542585,0.6650633353731419,0,False,-0.2833333333333333,other
JDP2_2	JDP2_jolma_DBD_M376,JDP2,9,0.027110927366753395,0.014968548118622488,1.7444316549433552,0.356954458906956,1.3874771960363992,0,False,-0.03333333333333333,tumor-gain
JDP2_3	JDP2_jolma_DBD_M377,JDP2,10,0.36638342905874016,0.08636850153129934,0.014432775723969898,-0.3942574647302435,0.40869024045421337,0,False,0.05454545454545454,neutral
JDP2_4	JDP2_jolma_full_M378,JDP2,9,0.016300311028874578,0.004674401988507713,2.2283283437041357,1.0251643984267687,1.203163945277367,0,False,0.06694619270045785,tumor-gain
JDP2_5	JDP2_jolma_full_M379,JDP2,10,0.1807544368082416,0.1305891912748695,-0.09151917137363799,-0.44781700202406627,0.3562978306504283,0,False,0.006060606060606061,neutral
JDP2_6	Jdp2_jolma_DBD_M380,JDP2,8,0.0017631603445185655,0.0007149710031817993,1.6824431776196391,-0.023993469260525892,1.706436646880165,0,False,0.0,tumor-gain
JDP2_7	Jdp2_jolma_DBD_M381,JDP2,10,0.06268990962749901,0.01958447563856745,0.6447260923290159,-0.4630678043531711,1.107793896682187,0,False,-0.7333333333333332,tumor-gain
JDP2_Hsapiens-HOCOMOCOv10-JDP2_HUMAN.H10MO.D,JDP2,10,1.0,0.5478057953111396,0.3389829734517633,0.08088633185343407,0.25809664159832924,0,False,0.4666666666666666,neutral
JDP2_Hsapiens-SwissRegulon-JDP2.SwissRegulon,JDP2,5,0.00011116465812809438,2.1545265697553194e-05,0.3203703837880876,-0.9862219536705039,1.3065923374585915,0,False,0.09999999999999999,normal-suppression
JDP2_Hsapiens-cisbp_1.02-M5587_1.02,JDP2,8,0.007215275535229946,0.007215275535229946,0.0,0.0,0.0,0,True,0.4285714285714286,neutral
JDP2_Hsapiens-cisbp_1.02-M5588_1.02,JDP2,10,0.2533258694491226,0.04747145530359982,-0.05153028124948157,-0.3150094186245831,0.26347913737510154,0,False,-0.23636363636363633,neutral
JDP2_Hsapiens-cisbp_1.02-M5589_1.02,JDP2,7,0.0032346889665690794,0.0011297603987492748,-0.5364280215434104,-1.3663503354959,0.8299223139524895,0,False,-0.4642857142857144,divergent
JDP2_Hsapiens-cisbp_1.02-M5590_1.02,JDP2,9,0.11117294805919017,0.036264490465279985,0.21523234644787667,-0.11221314809983977,0.32744549454771643,0,False,-0.06666666666666667,neutral
JDP2_Hsapiens-hPDI-JDP2,JDP2,2,0.5007488766849718,0.2507494375012611,0.7412223127297898,0.6125161056065906,0.12870620712319913,0,False,,neutral
JDP2_Hsapiens-jaspar2016-JDP2-MA0655.1,JDP2,9,0.0016187614513004833,0.001160219022517261,4.132889791190083,1.1394624339037696,2.993427357286313,0,False,-0.728039845617479,tumor-gain
JDP2_Hsapiens-jaspar2018-JDP2-MA0655.1,JDP2,10,0.0016177094554689704,0.00045475967265918465,0.21908290448368534,-1.0922817224852441,1.3113646269689294,0,False,0.6727272727272726,normal-suppression
JDP2_Hsapiens-jolma2013-JDP2,JDP2,10,0.003667541737582908,0.0012416074770482503,-0.12776023820853138,-0.5465660968950108,0.4188058586864794,0,False,0.41818181818181815,neutral
JDP2_Hsapiens-jolma2013-JDP2-2,JDP2,10,0.019559332553218935,0.014366534841080742,0.49111643742076366,-0.243600995232296,0.7347174326530597,0,False,-0.28484848484848485,other
JDP2_Hsapiens-jolma2013-JDP2-3,JDP2,8,0.0008116924258330653,0.0001005747139242305,1.2908880805574838,0.9254064325333671,0.36548164802411676,0,False,-0.3333333333333334,neutral
JDP2_Hsapiens-jolma2013-JDP2-4,JDP2,10,0.021060010863000047,0.008151707002584047,-0.2244073313626372,-0.5549451728469907,0.3305378414843535,0,False,0.16363636363636364,neutral
JUN (var.2)_Hsapiens-JASPAR_2014-JUN (var.2)-MA0489.1,JUN,6,0.7878354129244775,0.752849870597604,-0.007644787328998037,-2.072116586470057,2.064471799141059,0,False,-0.028571428571428574,normal-suppression
JUN(var.2)_Hsapiens-jaspar2016-JUN(var.2)-MA0489.1,JUN,4,0.6401459608920567,0.4928496985279192,0.39873955455683546,-2.468216887394059,2.8669564419508946,0,False,-0.19999999999999998,normal-suppression
JUN(var.2)_Hsapiens-jaspar2018-JUN(var.2)-MA0489.1,JUN,5,0.5402323646807546,0.48850055067578185,2.471852128867987,2.084686101301929,0.387166027566058,0,False,-0.09999999999999999,neutral
JUN::JUNB(var.2)_Hsapiens-jaspar2018-JUN::JUNB(var.2)-MA1133.1,JUN,10,0.31107954545454547,0.23749057201736465,0.35397221186531025,-0.40285025463982754,0.7568224665051377,0,False,-0.13939393939393938,other
JUN::JUNB_Hsapiens-jaspar2018-JUN::JUNB-MA1132.1,JUN,10,0.6254416961130742,0.40064969286460994,0.05882448845143645,-0.5955444987546579,0.6543689872060943,0,False,-0.04242424242424241,normal-suppression
JUNB(var.2)_Hsapiens-jaspar2018-JUNB(var.2)-MA1140.1,JUNB,9,0.1833648393194707,0.09349791311834396,0.6474538655660776,0.26228305701573756,0.3851708085503401,0,False,0.5666666666666667,neutral
JUNB_Hsapiens-HOCOMOCOv10-JUNB_HUMAN.H10MO.C,JUNB,9,0.592444259797812,0.5394928489953495,-0.28511229701926877,-1.42209524327359,1.1369829462543213,0,False,-0.13333333333333333,normal-suppression
JUNB_Hsapiens-JASPAR_2014-JUNB-MA0490.1,JUNB,10,0.36259980157849747,0.32823995566603215,-0.223026179943192,-0.3373826507584193,0.11435647081522729,0,False,0.24848484848484845,neutral
JUNB_Hsapiens-SwissRegulon-JUNB.SwissRegulon,JUNB,7,0.013381959289672452,0.013381959289672452,0.0,0.0,0.0,0,True,0.6071428571428572,neutral
JUNB_Hsapiens-cisbp_1.02-M2291_1.02,JUNB,10,0.6470329476529234,0.6105320127607954,-0.3910001362002629,-0.7545756472358609,0.363575511035598,0,False,0.5878787878787878,neutral
JUNB_Hsapiens-cisbp_1.02-M4623_1.02,JUNB,10,0.6530725620462642,0.5682282788930703,0.10278317166342567,-1.103225583116983,1.2060087547804088,0,False,-0.33333333333333326,normal-suppression
JUNB_Hsapiens-cisbp_1.02-M6317_1.02,JUNB,10,0.32530132259420547,0.32530132259420547,0.0,0.0,0.0,0,True,0.6727272727272726,neutral
JUNB_Hsapiens-jaspar2016-JUNB-MA0490.1,JUNB,9,0.2959973905290806,0.2312325333539116,-0.22042565818112644,-0.8359771827847321,0.6155515246036056,0,False,0.03333333333333333,normal-suppression
JUNB_Hsapiens-jaspar2018-JUNB-MA0490.1,JUNB,10,0.22073169944046922,0.15905318250042474,0.40559514116216033,-0.24855197871190277,0.6541471198740632,0,False,-0.04242424242424241,other
JUND (var.2)_Hsapiens-JASPAR_2014-JUND (var.2)-MA0492.1,JUND,7,0.8617792193461009,0.8373563509954426,-0.3273056994993822,-0.7244335722795614,0.3971278727801792,0,False,0.7857142857142859,neutral
JUND(var.2)_Hsapiens-jaspar2016-JUND(var.2)-MA0492.1,JUND,6,0.6230995917827191,0.34175301713913264,-0.26718234169045546,-0.29966410220216694,0.03248176051171148,0,False,0.3714285714285715,neutral
JUND(var.2)_Hsapiens-jaspar2018-JUND(var.2)-MA0492.1,JUND,6,0.9461131140909519,0.6009136248042295,1.2816945736596115,0.30943040751011147,0.9722641661495,0,False,-0.2571428571428572,tumor-gain
JUND_Hsapiens-HOCOMOCOv10-JUND_HUMAN.H10MO.A,JUND,7,0.5033236780908256,0.28637790277980857,0.2792649637247186,-0.057190298270709594,0.3364552619954282,0,False,-0.10714285714285716,neutral
JUND_Hsapiens-JASPAR_2014-JUND-MA0491.1,JUND,10,0.16968656455994133,0.0623696377329888,0.3082176874043811,0.1933809124068576,0.11483677499752351,0,False,0.2121212121212121,neutral
JUND_Hsapiens-SwissRegulon-JUND.SwissRegulon,JUND,5,0.696505425438721,0.2998183251460107,0.1709732991454949,-0.5554280686434063,0.7264013677889012,0,False,0.0,normal-suppression
JUND_Hsapiens-cisbp_1.02-M2292_1.02,JUND,10,0.8744033611356539,0.7084869299764958,-0.1041775629734765,-0.7560268616501767,0.6518492986767003,0,False,-0.05454545454545454,normal-suppression
JUND_Hsapiens-cisbp_1.02-M2293_1.02,JUND,7,1.0,0.571803081628151,-0.01054045853994505,-1.5806304482557276,1.5700899897157825,0,False,-0.21428571428571433,normal-suppression
JUND_Hsapiens-cisbp_1.02-M4464_1.02,JUND,4,0.4972018378115397,0.417652828598201,1.2625472147149261,-0.12083753585173405,1.38338475056666,0,False,0.0,tumor-gain
JUND_Hsapiens-cisbp_1.02-M4506_1.02,JUND,10,0.579195875365203,0.519550197569541,-0.1875613751465137,-0.49561446528407727,0.30805309013756355,0,False,0.006060606060606061,neutral
JUND_Hsapiens-cisbp_1.02-M4541_1.02,JUND,10,1.0,0.5668021096167722,0.08218749901817274,-0.6334495853565111,0.7156370843746838,0,False,-0.6727272727272726,normal-suppression
JUND_Hsapiens-cisbp_1.02-M4570_1.02,JUND,10,1.0,1.0,0.0,0.0,0.0,0,True,-0.19999999999999998,neutral
JUND_Hsapiens-cisbp_1.02-M4571_1.02,JUND,9,0.7366882581965354,0.500847022051745,1.0966555633427755,-0.4672367333854189,1.5638922967281943,0,False,0.15,tumor-gain
JUND_Hsapiens-cisbp_1.02-M4624_1.02,JUND,10,1.0,0.7577726013879682,0.7744303729795097,-0.39126050229476395,1.1656908752742736,0,False,-0.29696969696969694,tumor-gain
JUND_Hsapiens-cisbp_1.02-M4625_1.02,JUND,7,0.6631114352154047,0.6631114352154047,0.0,0.0,0.0,0,True,0.7500000000000002,neutral
JUND_Hsapiens-cisbp_1.02-M6318_1.02,JUND,10,0.15268974548813982,0.1254093785419302,0.33248120376492024,-1.4462841780287217,1.778765381793642,0,False,0.18787878787878787,normal-suppression
JUND_Hsapiens-jaspar2016-JUND-MA0491.1,JUND,9,0.07408308294569893,0.03443677201075438,0.06303232338095728,-0.5865469929894644,0.6495793163704218,0,False,0.016666666666666666,normal-suppression
JUND_Hsapiens-jaspar2018-JUND-MA0491.1,JUND,10,0.05984230609689848,0.032641226236150823,-0.11356358379697268,-2.615195851276817,2.5016322674798444,0,False,0.006060606060606061,normal-suppression
JUN_Hsapiens-HOCOMOCOv10-JUN_HUMAN.H10MO.A,JUN,9,0.6244358036597979,0.061860879068429374,1.5116421326049565,0.8498864046723691,0.6617557279325874,0,False,0.09999999999999999,tumor-gain
JUN_Hsapiens-JASPAR_2014-JUN-MA0488.1,JUN,7,0.4436032709520924,0.34485476074964794,1.1997262974438276,0.5251981768744627,0.674528120569365,0,False,-0.6785714285714287,tumor-gain
JUN_Hsapiens-SwissRegulon-JUN.SwissRegulon,JUN,10,1.0,0.5734545960359757,-0.07512935660055856,-0.5472326311626998,0.4721032745621413,0,False,0.38181818181818183,neutral
JUN_Hsapiens-cisbp_1.02-M2289_1.02,JUN,8,1.0,0.8336828748566488,-0.07714327484032621,-1.0365664253842768,0.9594231505439506,0,False,0.4047619047619048,normal-suppression
JUN_Hsapiens-cisbp_1.02-M2290_1.02,JUN,6,1.0,0.5859798553849754,-1.8081952482660195,-3.311646247368338,1.5034509991023184,0,False,-0.2571428571428572,divergent
JUN_Hsapiens-cisbp_1.02-M4501_1.02,JUN,10,0.5517670470450656,0.005592963318120236,-2.222329385251233,-4.544678250974917,2.3223488657236837,0,False,-0.19999999999999998,divergent
JUN_Hsapiens-cisbp_1.02-M4531_1.02,JUN,10,0.6097663800427835,0.23676815507425927,0.2757328995875544,-0.041417492427742356,0.31715039201529677,0,False,0.6484848484848483,neutral
JUN_Hsapiens-cisbp_1.02-M4557_1.02,JUN,10,0.9186342622822368,0.6982792601288355,0.4934800662005747,-0.21906784807396246,0.7125479142745372,0,False,-0.24848484848484845,other
JUN_Hsapiens-cisbp_1.02-M4591_1.02,JUN,7,0.8385593452734015,0.6757472363878607,0.008165963373470428,-0.6945224551681244,0.7026884185415948,0,False,-0.10714285714285716,normal-suppression
JUN_Hsapiens-cisbp_1.02-M4608_1.02,JUN,10,0.3429225057300971,0.218824069260633,0.538493215257244,-0.01714395451783778,0.5556371697750818,0,False,0.4424242424242424,tumor-gain
JUN_Hsapiens-cisbp_1.02-M6319_1.02,JUN,9,0.10386564350128971,0.06184041353820598,0.7390588378299653,-0.2855503063654309,1.0246091441953962,0,False,0.38333333333333336,tumor-gain
JUN_Hsapiens-jaspar2016-JUN-MA0488.1,JUN,7,0.4044518220760527,0.3476477586262963,0.6303209506876011,0.21137206227619637,0.4189488884114047,0,False,0.14285714285714288,neutral
JUN_Hsapiens-jaspar2018-JUN-MA0488.1,JUN,9,0.33718455776937917,0.24682468624147075,-0.13845227538121296,-0.15005341973547776,0.011601144354264792,0,False,0.21666666666666667,neutral
KAISO_Hsapiens-HOCOMOCOv10-KAISO_HUMAN.H10MO.A,ZBTB33,9,1.0,0.0004875043707850728,-1.6627128765853725,-2.234271031647015,0.5715581550616424,0,False,-0.15,divergent
KAISO_Hsapiens-HOCOMOCOv10-KAISO_HUMAN.H10MO.S,ZBTB33,9,1.0,0.8387898328505102,0.11085746385935331,-1.0488890681525447,1.159746532011898,0,False,-0.09999999999999999,normal-suppression
KCNIP1_Hsapiens-hPDI-KCNIP1,KCNIP1,10,1.0,0.6672212978369385,-0.05863792291478873,-0.400493276525278,0.34185535361048924,0,False,-0.4068107047447861,neutral
KDM5A_Hsapiens-hPDI-JARID1A,AR,9,1.0,0.11170370265300948,0.5536450186307653,-0.9154252301564113,1.4690702487871765,0,False,-0.43414083068696174,tumor-gain
KLF12_1	AP-2rep_transfac_M00468,KLF1,10,0.334552707908245,0.25102949031475835,0.1563309103234822,0.023818060125623364,0.13251285019785883,0,False,0.10397991115082295,neutral
KLF12_2	Klf12_jolma_DBD_M24,KLF1,10,1.0,0.8491760185181308,0.2670369178922162,-0.18306739511503553,0.45010431300725173,0,False,0.406060606060606,neutral
KLF12_Hsapiens-HOCOMOCOv10-KLF12_HUMAN.H10MO.D,KLF1,10,1.0,0.7235231428181342,-0.5592254445190368,-1.3098744161127531,0.7506489715937164,0,False,0.2606060606060606,divergent
KLF12_Hsapiens-SwissRegulon-KLF12.SwissRegulon,KLF1,8,0.029739442626681795,0.025024077289575855,-0.8124301156479744,-1.5270853546321053,0.7146552389841309,0,False,-0.4285714285714286,divergent
KLF13_1	KLF13_jolma_full_M21,KLF1,10,1.0,0.24286582159409736,0.029415927380850214,-0.3667569363873342,0.3961728637681844,0,False,0.2727272727272727,neutral
KLF13_Hsapiens-HOCOMOCOv10-KLF13_HUMAN.H10MO.D,KLF1,3,0.8372298823914083,0.747616951760379,0.6751087704357956,-0.08489247828434482,0.7600012487201404,0,False,,tumor-gain
KLF13_Hsapiens-SwissRegulon-KLF13.SwissRegulon,KLF1,10,0.24313000894745837,0.13062651394936287,0.2442498145869877,-0.02248488572410509,0.2667347003110928,0,False,-0.05454545454545454,neutral
KLF13_Hsapiens-jaspar2016-KLF13-MA0657.1,KLF1,10,0.4555342276806401,0.4555342276806401,0.0,0.0,0.0,0,True,0.2121212121212121,neutral
KLF13_Hsapiens-jaspar2018-KLF13-MA0657.1,KLF1,9,0.2900369312159832,0.18957822643831237,0.14928084000764888,-0.340578513538793,0.48985935354644183,0,False,-0.16666666666666669,neutral
KLF13_Hsapiens-jolma2013-KLF13,KLF1,10,0.276788268501769,0.15034119331426768,0.10703781164333542,-0.600557464895819,0.7075952765391544,0,False,-0.6969696969696969,normal-suppression
KLF14_1	KLF14_jolma_DBD_M22,KLF1,5,1.0,1.0,0.0,0.0,0.0,0,True,0.49999999999999994,neutral
KLF14_Hsapiens-HOCOMOCOv10-KLF14_HUMAN.H10MO.D,KLF1,2,0.6111961594134901,0.5768802745061674,-0.5270589591956293,-0.8372494268229395,0.3101904676273102,0,False,,neutral
KLF14_Hsapiens-SwissRegulon-KLF14.SwissRegulon,KLF1,4,0.2223780544538907,0.20761918997884998,-0.19184066545228606,-0.21393442780855934,0.022093762356273278,0,False,-0.19999999999999998,neutral
KLF14_Hsapiens-jaspar2016-KLF14-MA0740.1,KLF1,5,0.3878386888884647,0.38296421533729746,0.48447912196548526,-0.0052528621650459115,0.48973198413053115,0,False,-0.39999999999999997,neutral
KLF14_Hsapiens-jaspar2018-KLF14-MA0740.1,KLF1,6,0.33283645554686625,0.33283645554686625,0.0,0.0,0.0,0,True,0.48571428571428577,neutral
KLF14_Hsapiens-jolma2013-KLF14,KLF1,5,0.3316282650902769,0.17097622456085568,-0.4649120250596688,-1.2892312580775331,0.8243192330178644,0,False,-0.9999999999999999,normal-suppression
KLF15_Hsapiens-HOCOMOCOv10-KLF15_HUMAN.H10MO.D,KLF1,2,0.6008780682498504,0.6008780682498504,0.0,0.0,0.0,0,True,,neutral
KLF16_Hsapiens-SwissRegulon-KLF16.SwissRegulon,KLF1,4,0.05242261977707013,0.032412124132262146,0.034500424187038733,-0.17398863539983436,0.20848905958687308,0,False,-0.39999999999999997,neutral
KLF16_Hsapiens-jaspar2016-KLF16-MA0741.1,KLF1,5,0.2086496119273294,0.0864353360594455,-0.3368214059882417,-0.5710571313931395,0.23423572540489784,0,False,-0.8999999999999998,neutral
KLF16_Hsapiens-jaspar2018-KLF16-MA0741.1,KLF1,2,0.07133146592517227,0.07133146592517227,0.0,0.0,0.0,0,True,,neutral
KLF16_Hsapiens-jolma2013-KLF16,KLF1,4,0.06456930072175543,0.06456930072175543,0.0,0.0,0.0,0,True,0.39999999999999997,neutral
KLF1_Hsapiens-HOCOMOCOv10-KLF1_HUMAN.H10MO.C,KLF1,6,1.0,0.40131710237477547,-0.09683344889489202,-0.4049962911623784,0.30816284226748636,0,False,0.5768179036829705,neutral
KLF1_Hsapiens-SwissRegulon-KLF1.SwissRegulon,KLF1,5,0.22762156743521017,0.18985030640304756,-0.23185815682249789,-0.48788477871709,0.25602662189459213,0,False,-0.4103913408340617,neutral
KLF3_Hsapiens-HOCOMOCOv10-KLF3_HUMAN.H10MO.D,KLF3,9,1.0,0.33422103861517977,-0.8151755468772861,-1.4213724585841476,0.6061969117068615,0,False,-0.60380736442456,divergent
KLF3_Hsapiens-SwissRegulon-KLF3.SwissRegulon,KLF3,7,1.0,0.448297604035309,-1.3910662985320374,-2.3141033464691634,0.9230370479371259,0,False,-0.7857142857142859,divergent
KLF3_Hsapiens-hPDI-KLF3,KLF3,4,1.0,1.0,0.0,0.0,0.0,0,True,1.0,neutral
KLF4_1	Klf4_jaspar_MA0039.2,KLF4,5,0.9372522263574463,0.9372522263574463,0.0,0.0,0.0,0,True,0.7,neutral
KLF4_Hsapiens-HOCOMOCOv10-KLF4_HUMAN.H10MO.A,KLF4,6,0.2857161297792654,0.27706292068308686,0.11818324266269847,-1.0529393241684928,1.1711225668311913,0,False,-0.3142857142857143,normal-suppression
KLF4_Hsapiens-SwissRegulon-KLF4.SwissRegulon,KLF4,4,0.15290906785752054,0.1498998823318104,0.019501612564721747,-0.3069492214667452,0.32645083403146696,0,False,0.19999999999999998,neutral
KLF4_Hsapiens-jaspar2018-KLF4-MA0039.3,KLF4,10,1.0,0.7887093309480989,-0.3106660802690865,-0.37802264087318155,0.06735656060409506,0,False,-0.1515151515151515,neutral
KLF5_Hsapiens-jaspar2016-KLF5-MA0599.1,KLF5,3,0.26723359721840667,0.24872003466656348,-0.3823553413318141,-0.9165443992607125,0.5341890579288984,0,False,,normal-suppression
KLF6_Hsapiens-SwissRegulon-KLF6.SwissRegulon,KLF6,5,0.13042611948005503,0.07855180883383167,-0.15301878536711125,-0.162377233261934,0.009358447894822763,0,False,0.19999999999999998,neutral
KLF7_1	Klf7_bulyk_sc09-primary,KLF7,3,0.30752175698059986,0.30752175698059986,0.0,0.0,0.0,0,True,,neutral
KLF7_Hsapiens-SwissRegulon-KLF7.SwissRegulon,KLF7,8,0.3885434148502437,0.3885434148502437,0.0,0.0,0.0,0,True,0.28571428571428575,neutral
KLF8_Hsapiens-HOCOMOCOv10-KLF8_HUMAN.H10MO.C,KLF8,6,0.6672212978369385,0.16743006350215311,-0.20922569767180985,-0.4890500598344812,0.27982436216267137,0,False,-0.3825184261187248,neutral
KLF8_Hsapiens-SwissRegulon-KLF8.SwissRegulon,KLF8,8,0.15221762857921803,0.0722209770240269,0.21196260812067907,-0.238496332762629,0.45045894088330807,0,False,-0.048196269271187996,neutral
KLF9_Hsapiens-jaspar2018-KLF9-MA1107.1,KLF9,10,1.0,0.6292823437325511,0.1617629653236367,-0.2861133866876872,0.4478763520113239,0,False,0.0303030303030303,neutral
LARP1_Hsapiens-hPDI-LARP1,LARP1,4,0.3348852677086797,0.3348852677086797,0.0,0.0,0.0,0,True,0.9486832980505139,neutral
LARP4_Hsapiens-hPDI-LARP4,LARP4,4,1.0,0.3343318355799629,0.4203512008390356,-0.5059092975084546,0.9262604983474902,0,False,0.19999999999999998,normal-suppression
LBX1_Hsapiens-jaspar2016-LBX1-MA0618.1,LBX1,4,0.13078305798095147,0.05952130822515119,-0.33105143222503824,-1.3483804093860137,1.0173289771609755,0,False,0.39999999999999997,normal-suppression
LBX1_Hsapiens-jaspar2018-LBX1-MA0618.1,LBX1,6,0.027158011357483434,0.027158011357483434,0.0,0.0,0.0,0,True,0.3714285714285715,neutral
LBX2_1	Lbx2_bulyk_cell08-3869.2,LBX2,6,0.404286164720148,0.029786018111344997,0.12807302505247575,-0.16237816240749933,0.2904511874599751,0,False,-0.6571428571428573,neutral
LBX2_2	LBX2_jolma_DBD_M569,LBX2,8,1.0,0.3342944261424936,-0.7790680965229396,-1.354886928021523,0.5758188314985834,0,False,-0.09523809523809526,divergent
LBX2_3	LBX2_jolma_DBD_M570,LBX2,4,0.308218603378913,0.2864452504330371,-0.833588297275183,-1.5489375906728136,0.7153492933976305,0,False,0.7999999999999999,divergent
LBX2_Hsapiens-HOCOMOCOv10-LBX2_HUMAN.H10MO.D,LBX2,6,0.81831021645081,0.6122715659178303,0.42998680797592387,0.10865109549765878,0.3213357124782651,0,False,-0.48571428571428577,neutral
LBX2_Hsapiens-SwissRegulon-LBX2.SwissRegulon,LBX2,6,0.09561973224388556,0.07088444948243595,0.058355686035699295,-0.6028582676389422,0.6612139536746415,0,False,-0.3714285714285715,normal-suppression
LBX2_Hsapiens-jaspar2016-LBX2-MA0699.1,LBX2,5,0.21495416031301262,0.21495416031301262,0.0,0.0,0.0,0,True,0.7999999999999999,neutral
LBX2_Hsapiens-jaspar2018-LBX2-MA0699.1,LBX2,5,0.1308150382370513,0.07934749651927098,-0.005399303376586511,-0.40706342380511773,0.4016641204285312,0,False,-0.19999999999999998,neutral
LBX2_Hsapiens-jolma2013-LBX2,LBX2,6,0.7008898526882521,0.39774870817614627,0.5163759473732793,-0.6035686633908366,1.119944610764116,0,False,-0.028571428571428574,tumor-gain
LBX2_Hsapiens-jolma2013-LBX2-2,LBX2,6,0.0738875018064117,0.06416079867359356,0.12830000469081765,-0.577227006516228,0.7055270112070458,0,False,-0.028571428571428574,normal-suppression
LEF1_Hsapiens-HOCOMOCOv10-LEF1_HUMAN.H10MO.C,LEF1,8,1.0,0.025822808211850335,0.4287043910122608,0.29918392559517354,0.12952046541708728,0,False,-0.523809523809524,neutral
LEF1_Hsapiens-SwissRegulon-LEF1.SwissRegulon,LEF1,6,0.016546327908105257,0.004095021426462578,0.6174633670921555,-0.045458523457231274,0.6629218905493868,0,False,0.0,tumor-gain
LEF1_Hsapiens-jaspar2016-LEF1-MA0768.1,LEF1,7,0.35890302660884554,0.18614111114234008,0.39413925620162904,-0.339579105048008,0.733718361249637,0,False,-0.28571428571428575,other
LEF1_Hsapiens-jaspar2018-LEF1-MA0768.1,LEF1,5,0.31277127525658477,0.2523692730316844,0.5530120731777648,-0.16676875192159918,0.719780825099364,0,False,0.6,tumor-gain
LEF1_Hsapiens-jolma2013-LEF1,LEF1,8,0.31138418442496235,0.22791816638598322,0.12381692306330914,-0.04427446698222501,0.16809139004553414,0,False,0.5000000000000001,neutral
LHX1_1	Lhx1_bulyk_cell08-2240.2,LHX1,2,0.28479957170576164,0.28479957170576164,0.0,0.0,0.0,0,True,,neutral
LHX2_1	Lhx2_bulyk_cell08-0953.2,LHX2,2,0.8742480876395246,0.8742480876395246,0.0,0.0,0.0,0,True,,neutral
LHX2_2	LHX2_jolma_DBD_M571,LHX2,9,0.2595278130144245,0.16904797802518812,0.3659295838231725,-0.3680339325678792,0.7339635163910516,0,False,-0.15,other
LHX2_3	LHX2_jolma_DBD_M572,LHX2,8,1.0,0.5095765501289921,0.7276776510292512,-0.9615304196400529,1.689208070669304,0,False,-0.19047619047619052,tumor-gain
LHX2_Hsapiens-HOCOMOCOv10-LHX2_HUMAN.H10MO.D,LHX2,6,0.6674426338543398,0.6674426338543398,0.0,0.0,0.0,0,True,0.7775419143502353,neutral
LHX2_Hsapiens-SwissRegulon-LHX2.SwissRegulon,LHX2,8,0.7944863627022103,0.48953746401419945,0.6625929007730377,0.030466840473657802,0.6321260602993799,0,False,-0.30952380952380953,tumor-gain
LHX2_Hsapiens-hPDI-LHX2,LHX2,2,1.0,1.0,0.0,0.0,0.0,0,True,,neutral
LHX2_Hsapiens-jaspar2016-LHX2-MA0700.1,LHX2,8,0.11578099711962549,0.03916817982175066,0.73876997462436,-0.06357588495530272,0.8023458595796628,0,False,-0.5952380952380953,tumor-gain
LHX2_Hsapiens-jaspar2018-LHX2-MA0700.1,LHX2,10,0.07890342186635822,0.06019106835415783,0.8462620947936652,-0.48888086882947335,1.3351429636231384,0,False,-0.2606060606060606,tumor-gain
LHX2_Hsapiens-jolma2013-LHX2,LHX2,9,0.062093941703276714,0.050586663607017995,0.2706514975909722,0.17646893269154826,0.09418256489942392,0,False,0.16666666666666669,neutral
LHX2_Hsapiens-jolma2013-LHX2-2,LHX2,7,0.5397289798924206,0.5397289798924206,0.0,0.0,0.0,0,True,0.3571428571428572,neutral
LHX3_1	Lhx3_transfac_M00510,LHX3,2,0.22867513611615242,0.1313142770719903,0.13578873295960397,-0.10016608254145577,0.23595481550105973,0,False,,neutral
LHX4_1	Lhx4_bulyk_cell08-1719.2,LHX4,5,0.6280505220024689,0.6280505220024689,0.0,0.0,0.0,0,True,0.0,neutral
LHX4_Hsapiens-SwissRegulon-LHX4.SwissRegulon,LHX4,4,0.004671432057744984,0.004671432057744984,0.0,0.0,0.0,0,True,0.39999999999999997,neutral
LHX6_1	Lhx6_bulyk_cell08-2272.1,LHX6,9,1.0,0.2345066706542222,2.0196803312141247,0.5095465888864543,1.5101337423276704,0,False,-0.08333333333333334,tumor-gain
LHX6_2	Lhx6_bulyk_cell08-3432.1,LHX6,10,0.734184482475805,0.45295992986680084,1.3700635101878726,0.45014144594494193,0.9199220642429307,0,False,-0.10303030303030303,tumor-gain
LHX6_3	LHX6_jolma_full_M573,LHX6,8,0.17898103784418304,0.08417040876115418,0.28694625479085867,0.24401622007146637,0.0429300347193923,0,False,0.07142857142857144,neutral
LHX6_4	LHX6_jolma_full_M574,LHX6,5,0.9184647338152719,0.7850704130250381,-0.3543587297161935,-0.8494919856676835,0.49513325595149,0,False,0.6,neutral
LHX6_5	LHX6_jolma_full_M575,LHX6,7,0.7329705820403004,0.0884862512287384,0.9528226510733143,0.41051721219910964,0.5423054388742047,0,False,-0.1785714285714286,tumor-gain
LHX6_Hsapiens-HOCOMOCOv10-LHX6_HUMAN.H10MO.D,LHX6,8,1.0,0.4717979523943079,-0.061022258810971924,-1.029480837703308,0.9684585788923361,0,False,-0.880952380952381,normal-suppression
LHX6_Hsapiens-SwissRegulon-LHX6.SwissRegulon,LHX6,10,1.0,0.6732760379548699,0.27549107380688453,-0.010995094563640978,0.28648616837052554,0,False,0.0303030303030303,neutral
LHX6_Hsapiens-jaspar2016-LHX6-MA0658.1,LHX6,10,0.10469847878406274,0.05782385720117351,0.5789048257164768,0.021100631839104076,0.5578041938773728,0,False,-0.12727272727272726,tumor-gain
LHX6_Hsapiens-jaspar2018-LHX6-MA0658.1,LHX6,7,0.0721273886179833,0.04770129203888724,0.2876954514703018,-0.282410576478751,0.5701060279490529,0,False,0.3214285714285715,other
LHX6_Hsapiens-jolma2013-LHX6,LHX6,9,0.05234064513777024,0.03623540192340493,0.4116424328972102,-0.26387186489500514,0.6755142977922153,0,False,0.19999999999999998,other
LHX6_Hsapiens-jolma2013-LHX6-2,LHX6,7,0.35850339678797166,0.35850339678797166,0.0,0.0,0.0,0,True,0.0,neutral
LHX6_Hsapiens-jolma2013-LHX6-3,LHX6,8,0.04943951497219177,0.03439535528620871,0.18567870651307866,-0.2709026729290257,0.45658137944210436,0,False,0.30952380952380953,neutral
LHX8_1	Lhx8_bulyk_cell08-2247.2,LHX8,10,1.0,0.6737152994622053,-0.26807155623954687,-0.738774434949456,0.4707028787099092,0,False,0.10303030303030303,neutral
LHX8_2	Lhx8_jolma_DBD_M582,LHX8,6,0.8276351923372507,0.6234141072703304,-0.06675183405600868,-0.4280837207751957,0.36133188671918703,0,False,0.4285714285714286,neutral
LHX8_3	Lhx8_jolma_DBD_M583,LHX8,6,0.20399378073898775,0.07584798475667812,0.40114879467126685,0.12145377711153288,0.27969501755973397,0,False,0.14285714285714288,neutral
LHX8_4	Lhx8_jolma_DBD_M584,LHX8,3,0.127145749080149,0.10701857946002363,1.6447345899316361,1.0149553614600413,0.6297792284715948,0,False,,tumor-gain
LHX8_Hsapiens-HOCOMOCOv10-LHX8_HUMAN.H10MO.D,LHX8,6,0.32266027696230276,0.32266027696230276,0.0,0.0,0.0,0,True,0.6571428571428573,neutral
LHX8_Hsapiens-SwissRegulon-LHX8.SwissRegulon,LHX8,4,0.0389977647341412,0.0389977647341412,0.0,0.0,0.0,0,True,1.0,neutral
LHX9_1	Lhx9_bulyk_cell08-3492.1,LHX9,4,0.419139947454277,0.10628805629727937,0.5026362748269139,-0.11191252710677894,0.6145488019336928,0,False,0.39999999999999997,tumor-gain
LHX9_2	LHX9_jolma_DBD_M576,LHX9,4,0.10469624959850307,0.09282874000676462,-0.3272698266436372,-0.7576547532730554,0.43038492662941824,0,False,-0.6000000000000001,neutral
LHX9_3	LHX9_jolma_DBD_M577,LHX9,8,1.0,0.2179730098366778,0.5517646345863066,-1.0803854533573862,1.632150087943693,0,False,-0.9047619047619048,tumor-gain
LHX9_Hsapiens-HOCOMOCOv10-LHX9_HUMAN.H10MO.D,LHX9,6,0.5178253486585135,0.12962767267969252,-0.0321443188622185,-0.3177697501143568,0.2856254312521383,0,False,0.14285714285714288,neutral
LHX9_Hsapiens-SwissRegulon-LHX9.SwissRegulon,LHX9,5,0.5285020702714235,0.5285020702714235,0.0,0.0,0.0,0,True,0.39999999999999997,neutral
LHX9_Hsapiens-jaspar2016-LHX9-MA0701.1,LHX9,6,0.039091485977827724,0.010028781298478734,0.7525819838784228,0.7111750250307275,0.0414069588476953,0,False,0.2571428571428572,neutral
LHX9_Hsapiens-jaspar2018-LHX9-MA0701.1,LHX9,9,0.018483918988627283,0.00865139611491957,-0.3355432315926775,-0.4219568626310016,0.08641363103832406,0,False,-0.3,neutral
LHX9_Hsapiens-jolma2013-LHX9,LHX9,7,0.01949435190305349,0.01949435190305349,0.0,0.0,0.0,0,True,0.07142857142857144,neutral
LHX9_Hsapiens-jolma2013-LHX9-2,LHX9,7,0.18748654247037966,0.18261916745632914,-0.013888280736293503,-2.0856286444708663,2.071740363734573,0,False,-0.21428571428571433,normal-suppression
LINC00471_Hsapiens-hPDI-C2orf52,LINC00471,7,0.5007488766849718,0.2507494375012611,0.9373229611494889,0.7030942281068283,0.23422873304266056,0,False,-0.6172133998483676,neutral
LMO2_1	Lmo2-complex_transfac_M00277,LMO2,8,1.0,1.0,0.0,0.0,0.0,0,True,0.6265515005254438,neutral
LMO2_2	Lmo2-complex_transfac_M00278,LMO2,6,0.733883857768355,0.3317687748171823,1.0870920578444623,0.22196470335813445,0.8651273544863278,0,False,-0.48571428571428577,tumor-gain
LMX1A_2	LMX1A_jolma_DBD_M578,LMX1A,4,0.07124512085002589,0.06504771506137534,-0.4085827111963375,-0.7633275023079736,0.35474479111163615,0,False,0.6000000000000001,neutral
LMX1A_Hsapiens-HOCOMOCOv10-LMX1A_HUMAN.H10MO.D,LMX1A,3,0.8891721157043119,0.27424476095436906,0.13219458607421963,-0.23313197712897318,0.3653265632031928,0,False,,neutral
LMX1A_Hsapiens-jaspar2016-LMX1A-MA0702.1,LMX1A,2,0.008360029129015888,0.00521067928344986,-0.48057061588387473,-0.6691390450126367,0.18856842912876193,0,False,,neutral
LMX1A_Hsapiens-jaspar2018-LMX1A-MA0702.1,LMX1A,3,0.003907434870535079,0.002682070916213964,-0.7516091918524875,-0.9577484200300999,0.20613922817761232,0,False,,neutral
LMX1A_Hsapiens-jolma2013-LMX1A,LMX1A,7,0.00518155387693628,0.00518155387693628,0.0,0.0,0.0,0,True,0.10714285714285716,neutral
LMX1B_3	LMX1B_jolma_full_M580,LMX1B,4,0.10465170925143828,0.07936902853040739,0.07032211238479587,-0.6973816738771278,0.7677037862619237,0,False,-0.6000000000000001,normal-suppression
LMX1B_Hsapiens-SwissRegulon-LMX1B.SwissRegulon,LMX1B,2,0.009575520449365656,0.009575520449365656,0.0,0.0,0.0,0,True,,neutral
LMX1B_Hsapiens-jaspar2018-LMX1B-MA0703.1,LMX1B,2,0.01597325490366378,0.01597325490366378,0.0,0.0,0.0,0,True,,neutral
LMX1B_Hsapiens-jolma2013-LMX1B-2,LMX1B,5,0.01728231193693211,0.010947023312480307,0.389355508212356,0.2773959829588062,0.1119595252535498,0,False,0.0,neutral
LRRFIP1_Hsapiens-hPDI-LRRFIP1,LRRFIP1,8,1.0,0.5012468827930174,0.40228249125122534,0.19722921086844747,0.20505328038277787,0,False,-0.15118578920369088,neutral
LSM6_Hsapiens-hPDI-LSM6,LSM6,3,0.33422103861517977,0.16744407323834357,-0.8608896080674143,-1.6350437726139515,0.7741541645465372,0,False,,divergent
LUZP1_Hsapiens-hPDI-LUZP1,LUZP1,5,1.0,0.500998003992016,-0.45293416289697586,-0.46768376834818465,0.014749605451208792,0,False,0.7181848464596079,neutral
LUZP2_Hsapiens-hPDI-LUZP2,LUZP2,4,0.250936329588015,0.250936329588015,0.0,0.0,0.0,0,True,,neutral
MAF::NFE2_Hsapiens-jaspar2016-MAF::NFE2-MA0501.1,MAF,10,0.4318760308701046,0.3501323534305861,1.2450202980318188,0.7095125367228923,0.5355077613089265,0,False,0.06666666666666665,tumor-gain
MAF::NFE2_Hsapiens-jaspar2018-MAF::NFE2-MA0501.1,MAF,9,0.3576735530513763,0.262132816093104,0.35865270314624065,-1.2164198607920595,1.5750725639383,0,False,-0.21666666666666667,normal-suppression
MAFA_Hsapiens-HOCOMOCOv10-MAFA_HUMAN.H10MO.D,MAFA,9,0.3346060755275631,0.009175993648671919,1.2299623181957369,0.07203250121979098,1.157929816975946,0,False,-0.2833333333333333,tumor-gain
MAFA_Hsapiens-SwissRegulon-MAFA.SwissRegulon,MAFA,8,0.0010258344158849421,0.0010258344158849421,0.0,0.0,0.0,0,True,0.4047619047619048,neutral
MAFA_Hsapiens-cisbp_1.02-M6330_1.02,MAFA,9,0.4956009979742948,3.91815620843743e-05,0.2510250531067043,0.07463621801954722,0.17638883508715708,0,False,0.016666666666666666,neutral
MAFB_Hsapiens-HOCOMOCOv10-MAFB_HUMAN.H10MO.D,MAFB,10,0.3699795243345412,0.3699795243345412,0.0,0.0,0.0,0,True,0.16363636363636364,neutral
MAFB_Hsapiens-SwissRegulon-MAFB.SwissRegulon,MAFB,6,0.20758934411869384,0.05153005552134001,-0.04192657893642421,-0.9401339324345004,0.8982073534980761,0,False,-0.2571428571428572,normal-suppression
MAFB_Hsapiens-cisbp_1.02-M6331_1.02,MAFB,10,1.0,0.6725858594751759,3.9911365028544585,1.8675037603279205,2.1236327425265378,0,False,0.23636363636363633,tumor-gain
MAFF_1	MAFF_jolma_DBD_M382,MAFF,10,1.0,0.44885799480490807,0.2159887313121382,-0.0943206976023538,0.310309428914492,0,False,-0.11515151515151514,neutral
MAFF_Hsapiens-HOCOMOCOv10-MAFF_HUMAN.H10MO.A,MAFF,6,0.23837590681680923,0.013141025835811034,0.14779172259399997,-0.7703749359331407,0.9181666585271406,0,False,0.2571428571428572,normal-suppression
MAFF_Hsapiens-JASPAR_2014-MAFF-MA0495.1,MAFF,8,0.8360032018706967,0.8360032018706967,0.0,0.0,0.0,0,True,0.30952380952380953,neutral
MAFF_Hsapiens-SwissRegulon-MAFF.SwissRegulon,MAFF,9,0.1015741982526269,0.08628311270097255,0.9077168677209723,0.5008798712842033,0.40683699643676896,0,False,-0.18333333333333335,neutral
MAFF_Hsapiens-cisbp_1.02-M2295_1.02,MAFF,6,0.20620767476374383,0.20620767476374383,0.0,0.0,0.0,0,True,0.3714285714285715,neutral
MAFF_Hsapiens-cisbp_1.02-M4572_1.02,MAFF,10,1.0,0.31952564197439504,0.5848562019484108,-0.22170163581280597,0.8065578377612168,0,False,-0.29696969696969694,tumor-gain
MAFF_Hsapiens-cisbp_1.02-M5607_1.02,MAFF,10,0.34051997463538264,0.24846247948928746,0.8448439543537065,0.610396602663087,0.23444735169061948,0,False,-0.16363636363636364,neutral
MAFF_Hsapiens-jaspar2016-MAFF-MA0495.1,MAFF,9,0.1933369071008157,0.048385756842306525,0.6571622389911412,0.4506940073776166,0.20646823161352462,0,False,0.48333333333333334,neutral
MAFF_Hsapiens-jaspar2018-MAFF-MA0495.1,MAFF,9,0.24514611185903323,0.12970324582822232,-0.8248993356271598,-1.8614463331801905,1.0365469975530308,0,False,0.6,divergent
MAFF_Hsapiens-jaspar2018-MAFF-MA0495.2,MAFF,4,0.18575208495230855,0.03352655350070263,0.3913615690793824,-0.14802678483113216,0.5393883539105145,0,False,0.19999999999999998,other
MAFF_Hsapiens-jolma2013-MAFF,MAFF,9,0.18147874195206518,0.18147874195206518,0.0,0.0,0.0,0,True,0.43333333333333335,neutral
MAFG_1	MAFG_jolma_full_M383,MAFG,8,0.747755406326965,0.08000217117790995,-0.48859140103385335,-0.7036077011998167,0.2150163001659634,0,False,-0.1666666666666667,neutral
MAFG_Hsapiens-HOCOMOCOv10-MAFG_HUMAN.H10MO.C,MAFG,4,0.44804977587475764,0.05168015051698634,0.3629425045802552,-0.6355104295427454,0.9984529341230006,0,False,-0.7999999999999999,normal-suppression
MAFG_Hsapiens-HOCOMOCOv10-MAFG_HUMAN.H10MO.S,MAFG,10,0.11375118223607564,0.05515169482908107,-0.336707862246576,-1.0397587610218406,0.7030508987752646,0,False,0.28484848484848485,normal-suppression
MAFG_Hsapiens-SwissRegulon-MAFG.SwissRegulon,MAFG,6,0.3335087019068334,0.047705533021301816,0.1982789692055417,0.031659487624978326,0.16661948158056336,0,False,-0.028571428571428574,neutral
MAFG_Hsapiens-cisbp_1.02-M5608_1.02,MAFG,6,0.5351500354446541,0.0862916297274101,-0.4072303078622486,-0.861801201483509,0.4545708936212604,0,False,0.5428571428571429,neutral
MAFG_Hsapiens-cisbp_1.02-M6333_1.02,MAFG,8,1.0,0.4306105576623723,0.13231358005093682,-0.5088469485950127,0.6411605286459495,0,False,0.4285714285714286,normal-suppression
MAFG_Hsapiens-jaspar2016-MAFG-MA0659.1,MAFG,8,0.3743027387405436,0.3743027387405436,0.0,0.0,0.0,0,True,0.8571428571428572,neutral
MAFG_Hsapiens-jaspar2018-MAFG-MA0659.1,MAFG,5,0.2525269165552788,0.13161314856263995,-0.3174389242837257,-0.5304423447873885,0.21300342050366278,0,False,0.09999999999999999,neutral
MAFG_Hsapiens-jolma2013-MAFG,MAFG,7,0.28183315271381626,0.28183315271381626,0.0,0.0,0.0,0,True,0.3571428571428572,neutral
MAFK_Hsapiens-HOCOMOCOv10-MAFK_HUMAN.H10MO.A,MAFK,8,0.30945194521804364,0.05463869127796025,0.06039364203396844,-0.27536505903701586,0.33575870107098427,0,False,0.19047619047619052,neutral
MAFK_Hsapiens-HOCOMOCOv10-MAFK_HUMAN.H10MO.S,MAFK,9,0.23171481253841428,0.06343971265576048,-0.35919981610852586,-1.3317514692273424,0.9725516531188165,0,False,-0.3666666666666667,normal-suppression
MAFK_Hsapiens-JASPAR_2014-MAFK-MA0496.1,MAFK,7,0.6015100377135609,0.52538129310742,0.9710722018594984,0.5966088688700285,0.3744633329894699,0,False,0.3214285714285715,neutral
MAFK_Hsapiens-SwissRegulon-MAFK.SwissRegulon,MAFK,5,0.5354639567696395,0.38466971604397104,1.3287301032344885,0.8704561703956012,0.4582739328388873,0,False,-0.49999999999999994,neutral
MAFK_Hsapiens-cisbp_1.02-M2296_1.02,MAFK,8,1.0,1.0,0.0,0.0,0.0,0,True,0.4047619047619048,neutral
MAFK_Hsapiens-cisbp_1.02-M4573_1.02,MAFK,9,1.0,0.5706806282722513,-0.11402152468880841,-0.715732358863936,0.6017108341751276,0,False,0.6166666666666666,normal-suppression
MAFK_Hsapiens-cisbp_1.02-M4626_1.02,MAFK,8,1.0,1.0,0.0,0.0,0.0,0,True,0.4047619047619048,neutral
MAFK_Hsapiens-cisbp_1.02-M5609_1.02,MAFK,9,0.6175515710437487,0.5810377352939441,0.11108998614067903,-0.11111927202356084,0.22220925816423986,0,False,0.08333333333333334,neutral
MAFK_Hsapiens-cisbp_1.02-M5610_1.02,MAFK,7,0.04634631537766543,0.04634631537766543,0.0,0.0,0.0,0,True,0.8214285714285715,neutral
MAFK_Hsapiens-cisbp_1.02-M5611_1.02,MAFK,5,0.3555156734689189,0.3373901420268073,-1.0607168446605004,-1.769945168165111,0.7092283235046106,0,False,0.6,divergent
MAFK_Hsapiens-cisbp_1.02-M5612_1.02,MAFK,10,0.6374850917041667,0.6198123285284635,0.3419527208194524,-0.6002337791673842,0.9421864999868366,0,False,0.006060606060606061,normal-suppression
MAFK_Hsapiens-cisbp_1.02-M6334_1.02,MAFK,9,1.0,0.19221837030056144,0.2986789184547241,-0.2722229585783479,0.570901877033072,0,False,0.13333333333333333,other
MAFK_Hsapiens-jaspar2016-MAFK-MA0496.1,MAFK,6,0.8143526477293581,0.58773063675939,-0.19126107303964782,-0.30034561639048857,0.10908454335084075,0,False,0.2571428571428572,neutral
MAFK_Hsapiens-jaspar2018-MAFK-MA0496.1,MAFK,6,0.7543748265644036,0.46888668680414186,-0.4649513679544027,-0.5908176743177095,0.1258663063633068,0,False,0.3142857142857143,neutral
MAFK_Hsapiens-jaspar2018-MAFK-MA0496.2,MAFK,7,0.7194260539981782,0.636336040207188,0.31451443931329204,-0.7133704440458042,1.0278848833590963,0,False,-0.1785714285714286,normal-suppression
MAFK_Hsapiens-jolma2013-MAFK,MAFK,9,0.4886265580791264,0.3419226587949628,2.3342726535810026,1.264338634896261,1.0699340186847415,0,False,-0.5833333333333334,tumor-gain
MAFK_Hsapiens-jolma2013-MAFK-2,MAFK,8,0.036829543798351225,0.001510057368865271,0.8916680172570455,-0.2077364853159415,1.099404502572987,0,False,0.3571428571428572,tumor-gain
MAFK_Hsapiens-jolma2013-MAFK-3,MAFK,7,0.3028524516349486,0.2968828462951936,0.2639006350857054,-0.3894336170012428,0.6533342520869482,0,False,-0.07142857142857144,other
MAFK_Hsapiens-jolma2013-MAFK-4,MAFK,9,0.5489147920636952,0.4932370834287582,0.5591825600482323,0.3017212911546477,0.2574612688935846,0,False,0.3,neutral
MAF_Hsapiens-HOCOMOCOv10-MAF_HUMAN.H10MO.B,MAF,9,0.12357581069237504,0.08626962724195401,-0.3239743996011519,-1.6753313399477945,1.3513569403466426,0,False,0.34309923758984645,normal-suppression
MAF_Hsapiens-SwissRegulon-MAF.SwissRegulon,MAF,9,0.07460129041113214,0.04558031579564283,-0.14042094366785043,-0.26551567304061136,0.12509472937276092,0,False,0.03333333333333333,neutral
MAF_Hsapiens-cisbp_1.02-M6332_1.02,MAF,9,1.0,0.20521331803079887,-0.5639411114675218,-1.9959195522972624,1.4319784408297407,0,False,-0.48333333333333334,divergent
MAF_disc1 MAFK_K562_encode-Snyder_seq_hsa_IgG-rab-ab50322_r1:MDscan#1#Intergenic,MAFK,6,0.7968712711093134,0.039670252337388155,0.23927088389972495,-0.6952634352481076,0.9345343191478326,0,False,-0.7142857142857143,normal-suppression
MAF_disc2 MAFF_HepG2_encode-Snyder_seq_hsa_IgG-rab-M8194_r1:Trawler#2#Intergenic,MAFF,6,0.6324297972819984,0.1621912736274241,1.7898680217901695,-0.021409552959801317,1.8112775747499708,0,False,-0.7142857142857143,tumor-gain
MAF_known1	MAF_1	MAF_transfac_M00648,MAF,9,1.0,1.0,0.0,0.0,0.0,0,True,,neutral
MAF_known10	MAFB_3	Mafb_jolma_DBD_M388,MAFB,9,0.7922228237534303,0.3616764526090855,0.6064026039177044,-1.0365902150054829,1.6429928189231873,0,False,0.0,tumor-gain
MAF_known11	MAFB_4	Mafb_jolma_DBD_M389,MAFB,10,0.8663706810399908,0.5571200435749597,0.1371527976471347,-0.14285832555453093,0.28001112320166566,0,False,-0.32121212121212117,neutral
MAF_known12	MAFB_5	Mafb_jolma_DBD_M390,MAFB,10,1.0,0.7412253923202587,0.49687992141409043,-0.5221255297717926,1.019005451185883,0,False,0.29696969696969694,normal-suppression
MAF_known2	MAF_2	MAF_transfac_M00983,MAF,10,0.8005186520233913,0.2679353477885463,0.2689511596406791,-0.6059355419033794,0.8748867015440585,0,False,0.23636363636363633,normal-suppression
MAF_known3	MAFB_1	Mafb_jaspar_MA0117.1,MAFB,10,1.0,1.0,0.0,0.0,0.0,0,True,0.28222983480433045,neutral
MAF_known4	MAFB_2	Mafb_bulyk_sc09-primary,MAFB,8,0.5185471553378951,0.1966999937962223,0.849522277917562,-0.06644082749009607,0.915963105407658,0,False,-0.2380952380952381,tumor-gain
MAF_known5	MAFK_1	Mafk_bulyk_sc09-primary,MAFK,6,1.0,0.5210539293388284,0.5022219742727937,-0.430689369264175,0.9329113435369687,0,False,-0.5428571428571429,tumor-gain
MAF_known6	MAFK_2	MAFK_jolma_DBD_M384,MAFK,8,0.9372414184397164,0.6589028976366427,-0.24980255920645836,-0.9901725010872181,0.7403699418807598,0,False,-0.023809523809523815,normal-suppression
MAF_known7	MAFK_3	MAFK_jolma_DBD_M385,MAFK,9,0.053373208453636065,0.0013528546363214605,0.4598436507151102,0.36892640988627967,0.09091724082883051,0,False,0.3666666666666667,neutral
MAF_known8	MAFK_4	MAFK_jolma_full_M386,MAFK,7,0.7351903230674575,0.46741563018993365,1.3541577515235983,0.32239287645296033,1.031764875070638,0,False,0.14285714285714288,tumor-gain
MAF_known9	MAFK_5	MAFK_jolma_full_M387,MAFK,10,1.0,0.7892324749883803,0.5600448380485262,-0.12931844380232127,0.6893632818508475,0,False,0.006060606060606061,tumor-gain
MAGEA8_Hsapiens-hPDI-MAGEA8,MAGEA8,9,0.5007488766849718,0.5007488766849718,0.0,0.0,0.0,0,True,0.29538231539940274,neutral
MAGEF1_Hsapiens-hPDI-MAGEF1,MAGEF1,6,0.500998003992016,0.500998003992016,0.0,0.0,0.0,0,True,0.50709255283711,neutral
MAGOH_Hsapiens-hPDI-MAGOH,MAGOH,7,1.0,0.5007488766849718,0.8525669858286803,0.04936002060117752,0.8032069652275028,0,False,-0.4382504900892777,tumor-gain
MAPK1_Hsapiens-hPDI-MAPK1,MAPK1,3,1.0,0.41742731227673563,-0.26328189765030396,-1.1942868354061724,0.9310049377558685,0,False,,normal-suppression
MAX::MYC_Hsapiens-jaspar2016-MAX::MYC-MA0059.1,MAX,10,0.05665612341157538,0.050996453723590233,-0.1563362028866735,-0.6593282092150927,0.5029920063284192,0,False,0.261785157202368,normal-suppression
MAX::MYC_Hsapiens-jaspar2018-MAX::MYC-MA0059.1,MAX,9,0.062107151822944316,0.050996453723590233,-0.3099975414088395,-0.969600275481992,0.6596027340731525,0,False,0.45769286494404704,normal-suppression
MAX_Hsapiens-HOCOMOCOv10-MAX_HUMAN.H10MO.A,MAX,8,0.29667110021669346,0.21560783753145885,-0.29483791249445607,-0.6935407009981723,0.39870278850371627,0,False,0.19047619047619052,neutral
MAX_Hsapiens-JASPAR_2014-MAX-MA0058.2,MAX,9,0.2713308216026833,0.2713308216026833,0.0,0.0,0.0,0,True,0.18333333333333335,neutral
MAX_Hsapiens-JASPAR_CORE-MAX-MA0058.1,MAX,10,0.5014126641183314,0.5014126641183314,0.0,0.0,0.0,0,True,0.3631198983890315,neutral
MAX_Hsapiens-SwissRegulon-MAX.SwissRegulon,MAX,10,0.12084635786463106,0.07267160886537594,0.03109399113024254,-1.555568437147084,1.5866624282773265,0,False,-0.36586045999146244,normal-suppression
MAX_Hsapiens-cisbp_1.02-M1889_1.02,MAX,9,1.0,0.6571173776871195,0.5957288543824389,-1.3717619088271853,1.9674907632096241,0,False,0.21666666666666667,tumor-gain
MAX_Hsapiens-cisbp_1.02-M3539_1.02,MAX,7,0.9376947040498443,0.47040498442367606,0.37873984867450317,0.2630652950888462,0.11567455358565698,0,False,-0.03571428571428572,neutral
MAX_Hsapiens-cisbp_1.02-M4465_1.02,MAX,10,1.0,0.5091319463114714,-0.06628499288804321,-1.9110707442742805,1.8447857513862373,0,False,-0.34545454545454546,normal-suppression
MAX_Hsapiens-cisbp_1.02-M4507_1.02,MAX,9,1.0,0.733439184756267,0.40733556757461964,-0.4270642136389515,0.8343997812135711,0,False,-0.45,other
MAX_Hsapiens-cisbp_1.02-M4542_1.02,MAX,10,0.7352978404913377,0.49199478560715443,0.9166514925873805,-0.1821466878938033,1.098798180481184,0,False,-0.6363636363636362,tumor-gain
MAX_Hsapiens-cisbp_1.02-M4596_1.02,MAX,10,1.0,0.9488685625519523,-0.1527734178636363,-0.2369017653020416,0.0841283474384053,0,False,0.6242424242424242,neutral
MAX_Hsapiens-cisbp_1.02-M4627_1.02,MAX,9,0.4802461860566554,0.39810596920904456,1.3543418254303858,-0.7684765438663793,2.1228183692967653,0,False,-0.31666666666666665,tumor-gain
MAX_Hsapiens-cisbp_1.02-M4628_1.02,MAX,9,0.7220660970117699,0.19265969133994568,-0.14328104733174804,-1.3272126322348508,1.1839315849031027,0,False,-0.5833333333333334,normal-suppression
MAX_Hsapiens-cisbp_1.02-M4646_1.02,MAX,10,1.0,0.8011534056739593,-0.1452796915803663,-1.949847903983969,1.8045682124036027,0,False,-0.04242424242424241,normal-suppression
MAX_Hsapiens-cisbp_1.02-M5613_1.02,MAX,10,1.0,0.9478444600506746,0.14397800012423467,0.10305784903272502,0.04092015109150965,0,False,0.5272727272727272,neutral
MAX_Hsapiens-cisbp_1.02-M5614_1.02,MAX,10,0.2788904254198342,0.14664811655790683,-0.516247778893314,-0.948511654451286,0.4322638755579721,0,False,0.1515151515151515,neutral
MAX_Hsapiens-cisbp_1.02-M6335_1.02,MAX,9,0.4581102098030361,0.4302462985399158,0.4446723626614901,-0.10760271734442375,0.5522750800059139,0,False,0.6333333333333333,other
MAX_Hsapiens-jaspar2016-MAX-MA0058.1,MAX,10,0.35849897903401345,0.3347473278649393,0.10278593219668367,-1.6715745757075435,1.7743605079042273,0,False,0.44377104688644714,normal-suppression
MAX_Hsapiens-jaspar2016-MAX-MA0058.2,MAX,10,0.1663174720715474,0.12682629128051237,0.4067089084961566,0.11868282297599107,0.2880260855201655,0,False,0.22424242424242422,neutral
MAX_Hsapiens-jaspar2016-MAX-MA0058.3,MAX,10,0.1145465862862814,0.10074672187696236,1.0328322077006409,0.6227248766441817,0.41010733105645913,0,False,0.709090909090909,neutral
MAX_Hsapiens-jaspar2018-MAX-MA0058.1,MAX,10,0.19163175374568367,0.15243962457097235,0.06584135556549124,-0.23202118278234754,0.29786253834783877,0,False,0.03077287274483318,neutral
MAX_Hsapiens-jaspar2018-MAX-MA0058.2,MAX,10,0.14891790984882183,0.08637877191882778,3.234635699373513,0.9382922871878365,2.296343412185676,0,False,0.32121212121212117,tumor-gain
MAX_Hsapiens-jaspar2018-MAX-MA0058.3,MAX,9,0.021627777762174272,0.009143331795629255,1.7025297807501807,-0.6849704354607714,2.387500216210952,0,False,-0.43333333333333335,tumor-gain
MAX_Hsapiens-jolma2013-MAX,MAX,10,0.8565757229760091,0.4501998088161915,-0.15745011018926486,-0.42862624010483114,0.2711761299155663,0,False,0.406060606060606,neutral
MAX_Hsapiens-jolma2013-MAX-2,MAX,10,0.0241349712717655,0.007404331355542655,2.1972296349015665,-0.27901850276939116,2.4762481376709577,0,False,-0.04242424242424241,tumor-gain
MAZ_1	MAZ_transfac_M00649,MAZ,2,0.09189934911029818,0.09189934911029818,0.0,0.0,0.0,0,True,,neutral
MBD2_Hsapiens-HOCOMOCOv10-MBD2_HUMAN.H10MO.B,MBD2,3,0.9299609532314265,0.9299609532314265,0.0,0.0,0.0,0,True,,neutral
MBD2_Hsapiens-SwissRegulon-MBD2.SwissRegulon,MBD2,4,0.6673565937315191,0.6673565937315191,0.0,0.0,0.0,0,True,0.632455532033676,neutral
MBTPS2_Hsapiens-hPDI-MBTPS2,MBTPS2,3,0.5007488766849718,0.5007488766849718,0.0,0.0,0.0,0,True,,neutral
MCR_Hsapiens-HOCOMOCOv10-MCR_HUMAN.H10MO.D,MCR,7,0.6674426338543398,0.6674426338543398,0.0,0.0,0.0,0,True,0.01801874925391118,neutral
MCTP2_Hsapiens-hPDI-MCTP2,MCTP2,4,1.0,1.0,0.0,0.0,0.0,0,True,0.632455532033676,neutral
MDM2_Hsapiens-hPDI-MDM2,MDM2,6,1.0,1.0,0.0,0.0,0.0,0,True,,neutral
MECP2_Hsapiens-HOCOMOCOv10-MECP2_HUMAN.H10MO.C,MECP2,8,0.7882605605045437,0.6006788459618645,-0.10359630728430146,-2.132691798907637,2.0290954916233352,0,False,0.6666666666666669,normal-suppression
MECP2_Hsapiens-SwissRegulon-MECP2.SwissRegulon,MECP2,2,0.03244159099805457,0.025679084327785692,1.9856074392602945,1.378675998918883,0.6069314403414114,0,False,,tumor-gain
MECP2_Hsapiens-hPDI-MECP2,MECP2,5,0.25112331502745916,0.20095884938074354,-0.29695508432601114,-0.5664612025583744,0.26950611823236326,0,False,0.4472135954999579,neutral
MED30_Hsapiens-hPDI-THRAP6,THRA,2,1.0,1.0,0.0,0.0,0.0,0,True,,neutral
MEF2A_Hsapiens-HOCOMOCOv10-MEF2A_HUMAN.H10MO.A,MEF2A,4,1.0,0.871330506893468,0.13392095159780693,-0.20260175091439328,0.3365227025122002,0,False,-0.39999999999999997,neutral
MEF2A_Hsapiens-JASPAR_CORE-MEF2A-MA0052.1,MEF2A,2,0.020861374309513177,0.01854253566546319,0.27253169902168545,-0.2114980556197667,0.48402975464145215,0,False,,neutral
MEF2A_Hsapiens-jaspar2018-MEF2A-MA0052.1,MEF2A,2,0.010919440360314451,0.010919440360314451,0.0,0.0,0.0,0,True,,neutral
MEF2BNB-MEF2B_Hsapiens-hPDI-MEF2B,MEF2B,2,0.7504367357125045,0.7504367357125045,0.0,0.0,0.0,0,True,,neutral
MEF2B_1	MEF2B_jolma_full_M157,MEF2B,5,0.7847136790306543,0.16047964989628224,0.062378978108604925,-0.29451217016212883,0.35689114827073376,0,False,-0.09999999999999999,neutral
MEF2B_Hsapiens-HOCOMOCOv10-MEF2B_HUMAN.H10MO.D,MEF2B,7,1.0,1.0,0.0,0.0,0.0,0,True,0.25,neutral
MEF2B_Hsapiens-SwissRegulon-MEF2B.SwissRegulon,MEF2B,8,0.009811717190043675,0.008751002115453422,0.21062033387893114,-0.4991112881965431,0.7097316220754742,0,False,-0.023809523809523815,other
MEF2B_Hsapiens-jaspar2016-MEF2B-MA0660.1,MEF2B,3,0.05387268716239241,0.04797745401436942,0.3349874888514573,-1.2217243568781584,1.5567118457296156,0,False,,normal-suppression
MEF2B_Hsapiens-jaspar2018-MEF2B-MA0660.1,MEF2B,4,0.015486303202949603,0.015486303202949603,0.0,0.0,0.0,0,True,1.0,neutral
MEF2B_Hsapiens-jolma2013-MEF2B,MEF2B,5,0.015284497152887771,0.010859591337931868,-0.15857952447540755,-0.7119507460205017,0.5533712215450941,0,False,0.0,normal-suppression
MEF2C_Hsapiens-HOCOMOCOv10-MEF2C_HUMAN.H10MO.C,MEF2C,10,0.8857134149593517,0.6116994694691342,0.49094567043115206,0.15985197314724992,0.33109369728390214,0,False,-0.0303030303030303,neutral
MEF2C_Hsapiens-JASPAR_2014-MEF2C-MA0497.1,MEF2C,2,0.6176083422849058,0.6176083422849058,0.0,0.0,0.0,0,True,,neutral
MEF2C_Hsapiens-SwissRegulon-MEF2C.SwissRegulon,MEF2C,6,0.7628005889088837,0.5957368614479968,-0.3390959272471912,-0.6804483451457318,0.34135241789854065,0,False,0.3142857142857143,neutral
MEF2C_Hsapiens-jaspar2016-MEF2C-MA0497.1,MEF2C,2,0.6455714892048968,0.6455714892048968,0.0,0.0,0.0,0,True,,neutral
MEF2C_Hsapiens-jaspar2018-MEF2C-MA0497.1,MEF2C,2,0.7848085230448733,0.614014417304627,-0.5417161650748475,-2.3028570208608214,1.7611408557859738,0,False,,divergent
MEF2D_1	MEF2D_jolma_DBD_M158,MEF2D,3,0.13504963468239017,0.07816873184968566,-0.4168349231541739,-1.2270248949091038,0.8101899717549299,0,False,,normal-suppression
MEF2D_Hsapiens-HOCOMOCOv10-MEF2D_HUMAN.H10MO.C,MEF2D,6,0.7506856145599602,0.4294679788903159,-0.13085972317463912,-1.0844358929983062,0.9535761698236671,0,False,0.0,normal-suppression
MEF2D_Hsapiens-SwissRegulon-MEF2D.SwissRegulon,MEF2D,6,0.02216636703158319,0.017586108113904268,4.9877614640336305e-05,-0.22968812177847955,0.2297379993931199,0,False,0.14285714285714288,neutral
MEF2_disc1 MEF2C_GM12878_encode-Myers_seq_hsa_v041610.1-SC-13268_r1:MEME#2#Intergenic,MEF2C,6,0.7247853228123969,0.7247853228123969,0.0,0.0,0.0,0,True,0.7714285714285715,neutral
MEF2_disc2 MEF2C_GM12878_encode-Myers_seq_hsa_v041610.1-SC-13268_r1:Trawler#2#Intergenic,MEF2C,5,1.0,0.02891450667984707,0.44077962326636955,-1.9168816116792657,2.357661234945635,0,False,-0.8720815992723809,normal-suppression
MEF2_disc3 MEF2C_GM12878_encode-Myers_seq_hsa_v041610.1-SC-13268_r1:Trawler#1#Intergenic,MEF2C,8,1.0,0.17674096964357852,0.3045204482617022,-0.11421220618651934,0.41873265444822155,0,False,0.09523809523809526,neutral
MEF2_known10	MYEF2_7	MEF-2_transfac_M00941,MEF2,5,1.0,0.6256073720158667,-0.39129617035588743,-1.166705595931731,0.7754094255758435,0,False,0.19999999999999998,normal-suppression
MEF2_known11	MEF2A_4	MEF2A_jaspar_MA0052.1,MEF2A,2,0.06876854247203222,0.06876854247203222,0.0,0.0,0.0,0,True,,neutral
MEF2_known2	MEF2A_1	RSRFC4_transfac_M00026,MEF2A,3,1.0,1.0,0.0,0.0,0.0,0,True,,neutral
MEF2_known3	MYEF2_2	MEF-2_transfac_M00231,MEF2,7,0.2492728412673979,0.0035725273190026995,-0.15459238516844212,-0.6679178338231692,0.5133254486547271,0,False,0.4642857142857144,normal-suppression
MEF2_known4	MYEF2_3	MEF-2_transfac_M00232,MEF2,9,0.1436658020445871,0.03320430595956559,0.7356554569348369,0.3899369977240688,0.3457184592107681,0,False,0.19999999999999998,neutral
MEF2_known6	MEF2A_2	aMEF-2_transfac_M00403,MEF2A,2,0.12570820633899002,0.028028199693501135,-0.1525431028884651,-0.6700314600474462,0.5174883571589811,0,False,,normal-suppression
MEF2_known7	MYEF2_5	MEF-2_transfac_M00405,MEF2,3,1.0,1.0,0.0,0.0,0.0,0,True,,neutral
MEF2_known9	MEF2A_3	RSRFC4_transfac_M00407,MEF2A,3,0.8360581067291537,0.597626054896105,-0.3962754567757337,-0.6252663862270795,0.2289909294513458,0,False,,neutral
MEIS1::HOXA9_1	MEIS1A:HOXA9_transfac_M00420,MEIS1,7,0.7148140184109353,0.21509356314285463,1.4871077666795172,-0.6651548887862202,2.152262655465737,0,False,-0.21428571428571433,tumor-gain
MEIS1::HOXA9_2	MEIS1B:HOXA9_transfac_M00421,MEIS1,6,0.5008725973002767,0.37609205683150226,0.8666571785955498,-0.2697243992252287,1.1363815778207784,0,False,0.28988551782622424,tumor-gain
MEIS1_1	MEIS1_transfac_M00419,MEIS1,9,1.0,0.8005573192830797,0.17119344752659152,-0.15364528101213906,0.3248387285387306,0,False,0.17722938923964165,neutral
MEIS1_2	Meis1_bulyk_cell08-2335.1,MEIS1,7,1.0,0.8560173473658923,0.35784357541637796,-0.009036082713844814,0.3668796581302228,0,False,0.4642857142857144,neutral
MEIS1_3	Mrg1_bulyk_cell08-2246.2,MEIS1,3,0.7191561308083527,0.5778167800969711,-0.15028888558424888,-0.23729892424539173,0.08701003866114285,0,False,,neutral
MEIS1_4	MEIS1_jolma_DBD_M162,MEIS1,5,1.0,0.5053961176718359,-1.2190909634469522,-2.6976174267331996,1.4785264632862474,0,False,0.7,divergent
MEIS1_Hsapiens-HOCOMOCOv10-MEIS1_HUMAN.H10MO.C,MEIS1,8,1.0,0.6675310858434719,-0.4152237595454472,-0.9098974014069312,0.494673641861484,0,False,-0.036147201953390995,neutral
MEIS1_Hsapiens-SwissRegulon-MEIS1.SwissRegulon,MEIS1,9,0.031910763223693385,0.031910763223693385,0.0,0.0,0.0,0,True,0.43333333333333335,neutral
MEIS1_Hsapiens-jaspar2016-MEIS1-MA0498.2,MEIS1,8,0.08585444005035926,0.06119284111300405,1.8719251348721098,-0.11715605305096641,1.989081187923076,0,False,-0.19047619047619052,tumor-gain
MEIS1_Hsapiens-jaspar2018-MEIS1-MA0498.2,MEIS1,8,0.06021750603620296,0.05264695507047486,-0.9097247209354125,-1.1420937831169624,0.23236906218154996,0,False,0.5714285714285715,neutral
MEIS1_Hsapiens-jolma2013-MEIS1,MEIS1,7,0.04944322803721369,0.03475613814448976,1.6693909833246485,-1.641684679560384,3.311075662885033,0,False,-0.42857142857142866,tumor-gain
MEIS2_1	MEIS2_jolma_DBD_M163,MEIS2,8,0.8488246219760938,0.8488246219760938,0.0,0.0,0.0,0,True,0.7142857142857144,neutral
MEIS2_2	MEIS2_jolma_DBD_M164,MEIS2,9,1.0,1.0,0.0,0.0,0.0,0,True,0.35,neutral
MEIS2_3	Meis2_jolma_DBD_M167,MEIS2,9,0.4260241109035838,0.19410472226986059,-0.022884335025394848,-0.29830134522431345,0.2754170101989186,0,False,0.5333333333333333,neutral
MEIS2_4	Meis2_jolma_DBD_M168,MEIS2,6,0.1562577961116948,0.09034081425165527,0.6768389967699047,-0.1875656660371551,0.8644046628070597,0,False,-0.08571428571428573,tumor-gain
MEIS2_Hsapiens-HOCOMOCOv10-MEIS2_HUMAN.H10MO.B,MEIS2,7,0.746969602933242,0.6482219457001699,0.16447565751417284,-0.7202987057651457,0.8847743632793185,0,False,0.6785714285714287,normal-suppression
MEIS2_Hsapiens-SwissRegulon-MEIS2.SwissRegulon,MEIS2,7,0.01755348010612838,0.00799773757186694,-0.3222973391666238,-0.3807704808780736,0.058473141711449794,0,False,-0.10714285714285716,neutral
MEIS2_Hsapiens-jaspar2016-MEIS2-MA0774.1,MEIS2,9,0.046908515787380055,0.030630164334436282,0.49366070893690844,-0.1998015293046367,0.6934622382415452,0,False,-0.16666666666666669,other
MEIS2_Hsapiens-jaspar2018-MEIS2-MA0774.1,MEIS2,7,0.019550575588879706,0.017211945098992015,0.2247406280998279,-0.5615831243847348,0.7863237524845627,0,False,0.1785714285714286,normal-suppression
MEIS2_Hsapiens-jolma2013-MEIS2,MEIS2,9,0.05712581033080978,0.032844755607839796,0.6090558952962241,-1.0930812200530085,1.7021371153492324,0,False,-0.11666666666666665,tumor-gain
MEIS2_Hsapiens-jolma2013-MEIS2-2,MEIS2,10,0.013439533702849005,0.006914103614003294,0.1476397487055877,-1.2493545541599411,1.3969943028655287,0,False,-0.17575757575757575,normal-suppression
MEIS3_1	Mrg2_bulyk_cell08-2302.1,MEIS3,5,0.8184691717926328,0.23432454134406142,-0.045322082465644835,-0.8496317777918752,0.8043096953262303,0,False,-0.19999999999999998,normal-suppression
MEIS3_2	MEIS3_jolma_DBD_M165,MEIS3,7,0.29352058364290334,0.29352058364290334,0.0,0.0,0.0,0,True,0.0,neutral
MEIS3_3	MEIS3_jolma_DBD_M166,MEIS3,9,1.0,0.24621164598390838,0.5613690186361007,-0.18754560111072952,0.7489146197468302,0,False,0.11666666666666665,tumor-gain
MEIS3_4	Meis3_jolma_DBD_M169,MEIS3,10,0.098703288854258,0.098703288854258,0.0,0.0,0.0,0,True,0.07878787878787878,neutral
MEIS3_5	Meis3_jolma_DBD_M170,MEIS3,8,0.07273358797670358,0.029860786302507318,0.15089271944882082,-0.12394699526066921,0.27483971470949004,0,False,-0.19047619047619052,neutral
MEIS3_Hsapiens-HOCOMOCOv10-MEIS3_HUMAN.H10MO.D,MEIS3,6,1.0,0.6638152057831755,1.1248895175243936,-1.037189563745402,2.1620790812697956,0,False,-0.3142857142857143,tumor-gain
MEIS3_Hsapiens-SwissRegulon-MEIS3.SwissRegulon,MEIS3,10,0.013308534049732647,0.009892151820129048,0.547971508672899,-0.33511118212145585,0.8830826907943549,0,False,-0.309090909090909,tumor-gain
MEIS3_Hsapiens-hPDI-MEIS3,MEIS3,9,0.250936329588015,0.015801220153468267,0.628242901271259,-0.07493241146332935,0.7031753127345883,0,False,-0.819891591749923,tumor-gain
MEIS3_Hsapiens-jaspar2016-MEIS3-MA0775.1,MEIS3,8,0.15236883672721,0.09992600940603893,0.48669384035183505,0.35885050331817026,0.1278433370336648,0,False,0.11904761904761905,neutral
MEIS3_Hsapiens-jaspar2018-MEIS3-MA0775.1,MEIS3,8,0.08988578222277578,0.05393602641461325,0.7927050734618559,-0.6008692323389828,1.3935743058008387,0,False,-0.2142857142857143,tumor-gain
MEIS3_Hsapiens-jolma2013-MEIS3,MEIS3,8,0.04666052957101507,0.04177817608736825,0.30270702872653105,0.14673040921247665,0.1559766195140544,0,False,0.6190476190476191,neutral
MEIS3_Hsapiens-jolma2013-MEIS3-2,MEIS3,9,0.02386496819141744,0.012207228531803714,-1.6150721930158873,-2.3555668065352653,0.740494613519378,0,False,0.0,divergent
MEOX1_1	Meox1_bulyk_cell08-2310.2,MEOX1,9,0.7490172783388,0.6968413440429764,0.09258280926855995,-0.9793467885082588,1.0719295977768188,0,False,0.15,normal-suppression
MEOX1_2	MEOX1_jolma_full_M585,MEOX1,4,0.2830735922209654,0.2830735922209654,0.0,0.0,0.0,0,True,0.39999999999999997,neutral
MEOX1_Hsapiens-HOCOMOCOv10-MEOX1_HUMAN.H10MO.D,MEOX1,8,0.8068556941166486,0.3679089909592072,0.7810051272457702,0.1860586727082697,0.5949464545375005,0,False,0.07142857142857144,tumor-gain
MEOX1_Hsapiens-SwissRegulon-MEOX1.SwissRegulon,MEOX1,10,0.08369959708272642,0.056813925151967384,1.7234373883342908,1.4819263720051437,0.24151101632914718,0,False,-0.11515151515151514,neutral
MEOX1_Hsapiens-jaspar2016-MEOX1-MA0661.1,MEOX1,10,0.24871743061771323,0.1652471660595982,0.47763839572770517,0.10976299182160186,0.3678754039061033,0,False,0.3939393939393939,neutral
MEOX1_Hsapiens-jaspar2018-MEOX1-MA0661.1,MEOX1,9,0.1184719515301964,0.1058897042653612,1.854734683810584,0.6913187363346768,1.1634159474759072,0,False,0.0,tumor-gain
MEOX1_Hsapiens-jolma2013-MEOX1,MEOX1,10,0.08763998112805736,0.03788101502970137,1.4166738406997477,0.8192271721767856,0.597446668522962,0,False,0.1515151515151515,tumor-gain
MEOX2_1	MEOX2_jolma_DBD_M586,MEOX2,6,0.4542980907082593,0.26163798639853497,-0.04077523635092171,-0.825053187594725,0.7842779512438033,0,False,-0.4285714285714286,normal-suppression
MEOX2_2	MEOX2_jolma_DBD_M587,MEOX2,9,1.0,1.0,0.0,0.0,0.0,0,True,0.16666666666666669,neutral
MEOX2_3	MEOX2_jolma_DBD_M588,MEOX2,4,0.9222051912044811,0.5415240363149277,0.05419129026191616,-1.3944510488338495,1.4486423390957657,0,False,-0.7999999999999999,normal-suppression
MEOX2_4	Meox2_jolma_DBD_M596,MEOX2,6,0.4973185852537558,0.37222148273013206,0.9704236016182415,0.28222866330672847,0.688194938311513,0,False,0.2571428571428572,tumor-gain
MEOX2_Hsapiens-HOCOMOCOv10-MEOX2_HUMAN.H10MO.D,MEOX2,7,1.0,0.650419511563865,-0.9213005099877061,-2.7098894495847397,1.7885889395970336,0,False,-0.5357142857142858,divergent
MEOX2_Hsapiens-SwissRegulon-MEOX2.SwissRegulon,MEOX2,6,0.04869543565537727,0.046545347896267075,0.05002273410452076,-1.17735877733584,1.2273815114403608,0,False,-0.2,normal-suppression
MEOX2_Hsapiens-jaspar2016-MEOX2-MA0706.1,MEOX2,8,0.2534870616176735,0.1720692921377116,0.02366379556706483,-0.299508395215059,0.32317219078212384,0,False,0.19047619047619052,neutral
MEOX2_Hsapiens-jaspar2018-MEOX2-MA0706.1,MEOX2,8,0.21218378763133383,0.17136462698831795,0.7065668376655824,-1.1765482201453226,1.883115057810905,0,False,0.023809523809523815,tumor-gain
MEOX2_Hsapiens-jolma2013-MEOX2,MEOX2,7,0.14806966578293995,0.11998624564348391,0.7087856185945923,-0.4448456409067206,1.153631259501313,0,False,-0.21428571428571433,tumor-gain
MEOX2_Hsapiens-jolma2013-MEOX2-2,MEOX2,5,0.5177095075664274,0.5177095075664274,0.0,0.0,0.0,0,True,0.39999999999999997,neutral
MEOX2_Hsapiens-jolma2013-MEOX2-3,MEOX2,3,0.3780005432253001,0.3254669368296312,-0.21610051776336467,-0.9417407648541408,0.7256402470907761,0,False,,normal-suppression
MESP1_1	MESP1_jolma_DBD_M326,MESP1,10,1.0,1.0,0.0,0.0,0.0,0,True,0.07878787878787878,neutral
MESP1_Hsapiens-HOCOMOCOv10-MESP1_HUMAN.H10MO.D,MESP1,9,1.0,0.790136411332633,0.20142714190714356,-0.2627604727384557,0.46418761464559927,0,False,-0.13333333333333333,neutral
MESP1_Hsapiens-SwissRegulon-MESP1.SwissRegulon,MESP1,9,0.1299021313917394,0.09497190505771869,0.2824305568570367,-0.09720965324312181,0.3796402101001585,0,False,0.08333333333333334,neutral
MESP1_Hsapiens-cisbp_1.02-M5627_1.02,MESP1,10,1.0,0.9722958434530459,-0.18165240821032794,-0.4230272439638955,0.24137483575356758,0,False,0.2727272727272727,neutral
MESP1_Hsapiens-jolma2013-MESP1,MESP1,10,0.1264186995123953,0.12630330240787965,0.20898300863391348,-0.23279199139629314,0.44177500003020664,0,False,-0.05454545454545454,neutral
METTL21B_Hsapiens-hPDI-FAM119B,METTL21B,3,0.0839237974162912,0.02105952968873225,5.335758562740007,3.485251371358598,1.8505071913814088,0,False,,tumor-gain
MGAP_Hsapiens-HOCOMOCOv10-MGAP_HUMAN.H10MO.D,MGA,7,1.0,0.33146892108419085,-0.08583840732214881,-0.15957282803324008,0.07373442071109126,0,False,0.28571428571428575,neutral
MGA_1	MGA_jolma_DBD_M257,MGA,8,1.0,1.0,0.0,0.0,0.0,0,True,0.3571428571428572,neutral
MGA_2	MGA_jolma_DBD_M258,MGA,5,1.0,0.7312768951876799,0.044061614381699525,-0.2026046737322411,0.24666628811394062,0,False,-0.09999999999999999,neutral
MGA_3	MGA_jolma_DBD_M259,MGA,4,0.5039068327305396,0.22285983684127939,0.39855490876945626,0.07519461779228215,0.3233602909771741,0,False,-1.0,neutral
MGA_Hsapiens-SwissRegulon-MGA.SwissRegulon,MGA,7,0.0016475347783988154,0.0016475347783988154,0.0,0.0,0.0,0,True,0.03571428571428572,neutral
MGA_Hsapiens-cisbp_1.02-M5628_1.02,MGA,7,0.03414162619520256,0.012663418522783437,1.2173664035764789,-1.0866323235076893,2.303998727084168,0,False,-0.642857142857143,tumor-gain
MGA_Hsapiens-cisbp_1.02-M5629_1.02,MGA,8,0.5597886985753163,0.5597886985753163,0.0,0.0,0.0,0,True,0.4047619047619048,neutral
MGA_Hsapiens-cisbp_1.02-M5630_1.02,MGA,8,0.32839631013927456,0.22050010023920488,-0.05367140259044903,-0.6466215919351412,0.5929501893446922,0,False,-0.07142857142857144,normal-suppression
MGA_Hsapiens-jaspar2016-MGA-MA0801.1,MGA,8,0.014093630493982151,0.010304979697569657,0.22816690052992408,0.03668247544723283,0.19148442508269126,0,False,0.3571428571428572,neutral
MGA_Hsapiens-jaspar2018-MGA-MA0801.1,MGA,8,0.005168623948149614,0.004427178164907489,0.047830552743864795,-1.7011004061323651,1.7489309588762298,0,False,0.1666666666666667,normal-suppression
MGA_Hsapiens-jolma2013-MGA,MGA,8,0.0037705563012989276,0.0025490855006800573,-0.05433149338217986,-0.43413707090185205,0.3798055775196722,0,False,0.4285714285714286,neutral
MGA_Hsapiens-jolma2013-MGA-2,MGA,10,0.3916193049861544,0.32467209033733463,0.27647379356294083,-1.361030088189082,1.6375038817520229,0,False,-0.4787878787878787,normal-suppression
MGA_Hsapiens-jolma2013-MGA-3,MGA,5,0.27776941592664295,0.16304466718509283,0.306948812149204,-0.3100838039634886,0.6170326161126927,0,False,-0.19999999999999998,other
MITF_Hsapiens-HOCOMOCOv10-MITF_HUMAN.H10MO.C,MITF,8,0.5969710937813479,0.3094523338756491,-1.2667113456030124,-1.452881465108052,0.1861701195050396,0,False,0.27545404024004955,neutral
MITF_Hsapiens-SwissRegulon-MITF.SwissRegulon,MITF,10,0.34334625728279156,0.2425755458686521,0.7924608500062598,-1.105067305007868,1.8975281550141279,0,False,-0.29696969696969694,tumor-gain
MITF_Hsapiens-cisbp_1.02-M6345_1.02,MITF,9,0.5879471720919334,0.32204624238458346,0.22615294361110155,-0.9855702785225153,1.211723222133617,0,False,-0.45,normal-suppression
MITF_Hsapiens-jaspar2018-MITF-MA0620.2,MITF,10,0.7845229234340948,0.0006141856933631397,-0.04567137565954359,-0.7540584781938764,0.7083871025343328,0,False,0.2606060606060606,normal-suppression
MIXL1_1	MIXL1_jolma_full_M589,MIXL1,4,0.6339534242519053,0.6017136264680363,-0.23644647981832412,-0.9071361930051848,0.6706897131868607,0,False,-0.7999999999999999,normal-suppression
MIXL1_Hsapiens-SwissRegulon-MIXL1.SwissRegulon,MIXL1,6,0.1021852327678155,0.07677367012332804,1.2837957618412033,1.0778434666950545,0.20595229514614877,0,False,0.7142857142857143,neutral
MIXL1_Hsapiens-jaspar2016-MIXL1-MA0662.1,MIXL1,3,0.5442820669173497,0.2926131329592073,0.7332677460214194,0.4631760947086127,0.2700916513128067,0,False,,neutral
MIXL1_Hsapiens-jaspar2018-MIXL1-MA0662.1,MIXL1,4,0.280440849825559,0.12050176099390847,0.17063042533171838,-0.054460936688705004,0.22509136202042337,0,False,-0.19999999999999998,neutral
MIXL1_Hsapiens-jolma2013-MIXL1,MIXL1,4,0.12986306006445175,0.12986306006445175,0.0,0.0,0.0,0,True,0.39999999999999997,neutral
MIZF_Hsapiens-JASPAR_CORE-MIZF-MA0131.1,HINFP,10,0.15514592933947774,0.12242213664343396,1.4041676429091279,0.8840769981831343,0.5200906447259935,0,False,0.1515151515151515,tumor-gain
MLXIPL_1	MLXIPL_jolma_full_M327,MLXIPL,9,0.31869125022874367,0.24579391784648597,-0.22714601382829025,-0.871542277456991,0.6443962636287007,0,False,0.25,normal-suppression
MLXIPL_Hsapiens-SwissRegulon-MLXIPL.SwissRegulon,MLXIPL,10,0.800414140658134,0.532749506597039,0.8360571672556807,-0.5186651837604415,1.3547223510161222,0,False,0.7696969696969697,tumor-gain
MLXIPL_Hsapiens-cisbp_1.02-M5633_1.02,MLXIPL,10,0.03285980228321429,0.008990814732131588,-0.5948558917864843,-1.8458155593045884,1.250959667518104,0,False,-0.09090909090909088,divergent
MLXIPL_Hsapiens-cisbp_1.02-M6346_1.02,MLXIPL,9,0.8807223539368736,0.8807223539368736,0.0,0.0,0.0,0,True,0.41666666666666663,neutral
MLXIPL_Hsapiens-jaspar2016-MLXIPL-MA0664.1,MLXIPL,10,0.009062026474696654,0.009062026474696654,0.0,0.0,0.0,0,True,0.16363636363636364,neutral
MLXIPL_Hsapiens-jaspar2018-MLXIPL-MA0664.1,MLXIPL,9,0.009824887034158609,0.009824887034158609,0.0,0.0,0.0,0,True,0.26666666666666666,neutral
MLXIPL_Hsapiens-jolma2013-MLXIPL,MLXIPL,9,0.0067719018080207175,0.004654761621764919,0.7262190728284394,0.5748934419145267,0.1513256309139127,0,False,0.5833333333333334,neutral
MLXPL_Hsapiens-HOCOMOCOv10-MLXPL_HUMAN.H10MO.D,MLXIPL,9,0.8003992015968064,0.8003992015968064,0.0,0.0,0.0,0,True,0.401677156202747,neutral
MLX_1	MLX_jolma_full_M328,MLX,9,0.026639344262295087,0.017406405866068276,-0.8573399165440342,-4.104892970851229,3.247553054307195,0,False,-0.13333333333333333,divergent
MLX_2	Mlx_jolma_DBD_M331,MLX,10,0.01232911486273101,0.005702890480759588,0.1529237275229819,-1.0270670734084695,1.1799908009314515,0,False,-0.7454545454545454,normal-suppression
MLX_Hsapiens-HOCOMOCOv10-MLX_HUMAN.H10MO.D,MLX,10,1.0,0.62625466496493,0.08222982373288347,-0.027618082296698928,0.1098479060295824,0,False,0.17575757575757575,neutral
MLX_Hsapiens-SwissRegulon-MLX.SwissRegulon,MLX,6,0.0017141543162727793,0.0011862084899600031,0.9403199780171189,0.22001535947388975,0.7203046185432291,0,False,0.48571428571428577,tumor-gain
MLX_Hsapiens-cisbp_1.02-M5632_1.02,MLX,9,0.010011483866787147,0.006520690408478275,2.3438562144857467,1.0557277492893182,1.2881284651964284,0,False,0.2928895930645031,tumor-gain
MLX_Hsapiens-hPDI-MLX,MLX,8,1.0,0.21509635147962577,0.09915447970201526,-0.883500127314807,0.9826546070168223,0,False,-0.04761904761904763,normal-suppression
MLX_Hsapiens-jaspar2016-MLX-MA0663.1,MLX,8,0.006077860497207451,0.0010803675784504397,3.726179023034055,1.119884906258529,2.606294116775526,0,False,0.14285714285714288,tumor-gain
MLX_Hsapiens-jaspar2018-MLX-MA0663.1,MLX,8,0.0032296821877595837,0.0015378480683502997,0.9135216007738902,-0.4789489358703614,1.3924705366442516,0,False,-0.2380952380952381,tumor-gain
MLX_Hsapiens-jolma2013-MLX,MLX,9,0.002642790292826222,0.0010309858578416325,0.8422619723555712,-0.16381738239343183,1.006079354749003,0,False,0.08333333333333334,tumor-gain
MNT_1	MNT_jolma_DBD_M329,MNT,10,0.5705833728235455,0.3950022102438736,-0.3281364256452893,-1.6874714481954085,1.3593350225501193,0,False,0.6,normal-suppression
MNT_Hsapiens-HOCOMOCOv10-MNT_HUMAN.H10MO.D,MNT,4,0.1324889053998963,0.08688142276643082,-0.07790813345067585,-0.758289716535455,0.6803815830847791,0,False,0.6000000000000001,normal-suppression
MNT_Hsapiens-SwissRegulon-MNT.SwissRegulon,MNT,10,0.033585964348206064,0.033585964348206064,0.0,0.0,0.0,0,True,0.22424242424242422,neutral
MNT_Hsapiens-cisbp_1.02-M5634_1.02,MNT,10,0.26456513749096866,0.1692919357029799,0.05758192684198568,-1.9911290961954913,2.0487110230374768,0,False,-0.05454545454545454,normal-suppression
MNT_Hsapiens-jaspar2016-MNT-MA0825.1,MNT,10,0.07142435786083548,0.03183502468820686,0.2660862478319638,-0.2978605831975676,0.5639468310295314,0,False,0.6969696969696969,other
MNT_Hsapiens-jaspar2018-MNT-MA0825.1,MNT,9,0.04065200458257359,0.014761095092592444,0.7393881094494152,-0.3528686285190311,1.0922567379684462,0,False,-0.049999999999999996,tumor-gain
MNT_Hsapiens-jolma2013-MNT,MNT,10,0.037708337611815,0.030448976818186226,3.0748809144931246,-0.3200485962719385,3.394929510765063,0,False,-0.33333333333333326,tumor-gain
MNX1_1	Hlxb9_bulyk_cell08-3422.1,MNX1,6,0.8189150984277265,0.6250461535721225,-0.1034785533723133,-0.34697426335017906,0.24349570997786574,0,False,0.48571428571428577,neutral
MNX1_Hsapiens-HOCOMOCOv10-MNX1_HUMAN.H10MO.D,MNX1,6,0.03185850633216067,0.031696027063664804,-0.020588666267328543,-0.8557668615954631,0.8351781953281345,0,False,0.4285714285714286,normal-suppression
MNX1_Hsapiens-jolma2013-MNX1,MNX1,4,0.11023792041938632,0.0796561702932673,-0.49806047951555865,-1.0798879952158305,0.5818275157002718,0,False,0.39999999999999997,normal-suppression
MORN1_Hsapiens-hPDI-MORN1,MORN1,6,0.6672212978369384,0.1674300635021531,0.34923253041688307,-0.18505275483634998,0.534285285253233,0,False,-0.4638168285219587,other
MRPL1_Hsapiens-hPDI-MRPL1,MRPL1,2,0.3344425956738769,0.0839237974162912,0.3123157734724534,0.03872995749259887,0.2735858159798545,0,False,,neutral
MRPL2_Hsapiens-hPDI-MRPL2,MRPL2,6,1.0,1.0,0.0,0.0,0.0,0,True,,neutral
MRPS25_Hsapiens-hPDI-MRPS25,MRPS25,3,0.500998003992016,0.25099900000398406,0.36961364665327723,0.1808812093653695,0.18873243728790773,0,False,,neutral
MSC_1	MSC_jolma_full_M815,MSC,10,0.10267154438583866,0.015534688571715433,0.17576100231237496,0.0939324537571893,0.08182854855518566,0,False,0.18787878787878787,neutral
MSC_Hsapiens-SwissRegulon-MSC.SwissRegulon,MSC,9,0.002717219009553153,0.0009124486639091018,0.20308098009967074,-0.33641509263267666,0.5394960727323475,0,False,-0.03333333333333333,other
MSC_Hsapiens-cisbp_1.02-M5636_1.02,MSC,10,0.01544188598730242,0.011690447723856436,-0.39012117687912423,-0.6830500784655402,0.292928901586416,0,False,-0.13939393939393938,neutral
MSC_Hsapiens-jaspar2016-MSC-MA0665.1,MSC,9,0.008608649121065666,0.005847036100293486,-0.47969884333076773,-0.8164294371009936,0.33673059377022585,0,False,-0.31666666666666665,neutral
MSC_Hsapiens-jaspar2018-MSC-MA0665.1,MSC,10,0.00458339980949693,0.002709167178283468,0.6242045704925738,0.08473807149759481,0.539466498994979,0,False,-0.17575757575757575,tumor-gain
MSC_Hsapiens-jolma2013-MSC,MSC,8,0.0034875015178142217,0.002042245737650259,0.3393318797682262,-0.7321561351726632,1.0714880149408894,0,False,-0.6428571428571429,normal-suppression
MSI1_Hsapiens-hPDI-MSI1,MSI1,2,0.250936329588015,0.16743006350215311,-0.0035649157434152986,-0.121883201765051,0.1183182860216357,0,False,,neutral
MSI2_Hsapiens-hPDI-MSI2,MSI2,7,0.20095884938074354,0.10062991808731177,1.1315908257661147,0.5335488695235603,0.5980419562425544,0,False,0.13944333775567924,tumor-gain
MSX1_1	Msx-1_transfac_M00394,MSX1,10,0.7508098687364752,0.6010373040467825,-0.5153970552010417,-1.7159571030578802,1.2005600478568383,0,False,0.5688312786486196,divergent
MSX1_2	Msx1_bulyk_cell08-3031.2,MSX1,6,0.6542063563444117,0.17517438570208024,-0.7124532204143444,-1.6579293065324983,0.9454760861181538,0,False,-0.7714285714285715,divergent
MSX1_4	MSX1_jolma_DBD_M592,MSX1,4,0.013547342033352661,0.010529548755505104,-0.19275841083971645,-1.42912736172918,1.2363689508894635,0,False,-0.7999999999999999,normal-suppression
MSX1_5	MSX1_jolma_full_M593,MSX1,8,0.04245916754833109,0.024939571245959847,1.001809864798821,0.01776253042424084,0.9840473343745801,0,False,-0.8571428571428572,tumor-gain
MSX1_Hsapiens-HOCOMOCOv10-MSX1_HUMAN.H10MO.D,MSX1,8,1.0,0.8760635791378324,0.563463247258174,-0.012297894776028625,0.5757611420342026,0,False,0.8095238095238096,tumor-gain
MSX1_Hsapiens-SwissRegulon-MSX1.SwissRegulon,MSX1,9,0.27084558391155994,0.27084558391155994,0.0,0.0,0.0,0,True,0.3666666666666667,neutral
MSX1_Hsapiens-jaspar2016-MSX1-MA0666.1,MSX1,8,0.020245232673072766,0.010618101466602147,0.2812395396871015,-0.47343654887631476,0.7546760885634163,0,False,0.023809523809523815,other
MSX1_Hsapiens-jaspar2018-MSX1-MA0666.1,MSX1,8,0.006600498129694341,0.006600498129694341,0.0,0.0,0.0,0,True,-0.19047619047619052,neutral
MSX1_Hsapiens-jolma2013-MSX1,MSX1,7,0.3050497490828673,0.28137325670362046,-0.03216464001519801,-0.37563902191011744,0.3434743818949194,0,False,-0.07142857142857144,neutral
MSX1_Hsapiens-jolma2013-MSX1-2,MSX1,7,0.00047262632301873505,0.0003872854259003714,1.5291765026168205,0.9906337348161351,0.5385427678006853,0,False,0.42857142857142866,tumor-gain
MSX1_Hsapiens-jolma2013-MSX1-3,MSX1,6,0.002562172788034506,0.0007651678330156702,-0.1518151632331634,-0.8915574568053727,0.7397422935722093,0,False,-0.028571428571428574,normal-suppression
MSX2_1	Msx2_bulyk_cell08-3449.1,MSX2,6,0.7638661356374261,0.20371105757133912,-0.30543327851699326,-0.5830939304008562,0.27766065188386296,0,False,-0.3142857142857143,neutral
MSX2_2	Msx3_bulyk_cell08-3206.1,MSX2,2,0.5460550736371372,0.5460550736371372,0.0,0.0,0.0,0,True,,neutral
MSX2_3	MSX2_jolma_DBD_M594,MSX2,5,0.4992375833247455,0.34542483595560675,0.6007245296953275,-0.7225975015987375,1.323322031294065,0,False,-0.09999999999999999,tumor-gain
MSX2_4	MSX2_jolma_DBD_M595,MSX2,3,0.012527800781314736,0.010914633234016303,1.3119035258387644,-0.1643440114940406,1.476247537332805,0,False,,tumor-gain
MSX2_6	Msx3_jolma_DBD_M598,MSX2,6,0.012072956105761631,0.010990566869493557,0.11907013267978311,-0.6440612710553488,0.763131403735132,0,False,-0.028571428571428574,normal-suppression
MSX2_Hsapiens-HOCOMOCOv10-MSX2_HUMAN.H10MO.D,MSX2,4,1.0,0.30126297562963084,0.797451930399205,0.1503342400595276,0.6471176903396774,0,False,-0.7999999999999999,tumor-gain
MSX2_Hsapiens-SwissRegulon-MSX2.SwissRegulon,MSX2,5,0.5353737588196427,0.38139321826800304,0.5092590165295072,-0.9509860052945168,1.460245021824024,0,False,-0.49999999999999994,tumor-gain
MSX2_Hsapiens-jaspar2016-MSX2-MA0708.1,MSX2,6,0.004075706596674423,0.004075706596674423,0.0,0.0,0.0,0,True,0.3714285714285715,neutral
MSX2_Hsapiens-jaspar2018-MSX2-MA0708.1,MSX2,6,0.0013074664713975202,0.0010540583856879467,0.44977091166004834,-0.7627309104685964,1.2125018221286448,0,False,0.4285714285714286,normal-suppression
MSX2_Hsapiens-jolma2013-MSX2-2,MSX2,6,0.00034547850671067697,0.00020884559590213675,0.06182985834890531,-0.3333074359312443,0.3951372942801496,0,False,-0.48571428571428577,neutral
MTA3_Hsapiens-SwissRegulon-MTA3.SwissRegulon,MTA3,5,0.8059945117726779,0.8059945117726779,0.0,0.0,0.0,0,True,0.09999999999999999,neutral
MTF1_1	MTF-1_transfac_M00650,MTF1,8,1.0,1.0,0.0,0.0,0.0,0,True,0.7008766440504626,neutral
MTF1_2	Mtf1_bulyk_sc09-primary,MTF1,10,0.815814520899728,0.6249090884815361,-0.10996366469507615,-0.28606036117705624,0.1760966964819801,0,False,0.7212121212121211,neutral
MTF1_3	MTF1_jolma_DBD_M741,MTF1,7,0.25108628765447294,0.21546219897044486,-0.5283640590546077,-2.7408565148493502,2.2124924557947425,0,False,-0.39285714285714296,divergent
MTF1_Hsapiens-HOCOMOCOv10-MTF1_HUMAN.H10MO.C,MTF1,10,1.0,0.14083609395244756,0.08683153114383958,-0.7432773201746398,0.8301088513184793,0,False,-0.10303030303030303,normal-suppression
MTF1_Hsapiens-SwissRegulon-MTF1.SwissRegulon,MTF1,3,0.373396447590318,0.19048746860774632,1.7729848223266018,0.6251833845186068,1.147801437807995,0,False,,tumor-gain
MTF1_Hsapiens-jaspar2016-MTF1-MA0863.1,MTF1,7,0.060068888747409725,0.04482796049061112,-0.4604447738037627,-1.884928113036517,1.4244833392327543,0,False,-0.25,normal-suppression
MTF1_Hsapiens-jaspar2018-MTF1-MA0863.1,MTF1,10,0.03850910806487875,0.02107681550294678,0.12051496668977932,-1.8968570497439081,2.0173720164336872,0,False,-0.34650615989763683,normal-suppression
MTF1_Hsapiens-jolma2013-MTF1,MTF1,8,0.027960203900189662,0.020304666039149388,0.6137494925675235,0.4878001278666483,0.12594936470087525,0,False,0.38095238095238104,neutral
MTHFD1_Hsapiens-hPDI-MTHFD1,MTHFD1,3,0.3344425956738769,0.3344425956738769,0.0,0.0,0.0,0,True,,neutral
MUSC_Hsapiens-HOCOMOCOv10-MUSC_HUMAN.H10MO.D,MUSC,3,1.0,1.0,0.0,0.0,0.0,0,True,,neutral
MXD4_Hsapiens-hPDI-MXD4,MXD4,9,1.0,0.6672212978369385,-0.11433581926740698,-0.6394575553305201,0.5251217360631131,0,False,0.04219747362848611,normal-suppression
MXI1_Hsapiens-SwissRegulon-MXI1.SwissRegulon,MXI1,9,0.06302711976394716,0.010268449149968401,2.031495450043968,1.214530423875552,0.8169650261684158,0,False,-0.75,tumor-gain
MXI1_Hsapiens-cisbp_1.02-M4543_1.02,MXI1,10,1.0,0.5745392166386686,0.49107810839845034,-0.0988659069546448,0.5899440153530952,0,False,-0.38181818181818183,other
MXI1_Hsapiens-cisbp_1.02-M4678_1.02,MXI1,9,1.0,1.0,0.0,0.0,0.0,0,True,0.0,neutral
MXI1_Hsapiens-cisbp_1.02-M4679_1.02,MXI1,4,0.01686405979492279,0.01686405979492279,0.0,0.0,0.0,0,True,0.21081851067789195,neutral
MXI1_Hsapiens-jaspar2018-MXI1-MA1108.1,MXI1,7,0.9553978143277088,0.798305919683766,0.4127661192340816,-0.9523494282472359,1.3651155474813175,0,False,-0.642857142857143,normal-suppression
MXI1_disc1 MXI1_K562_encode-Snyder_seq_hsa_IgG-rab-bHLH_r1:MEME#3#Intergenic,MXI1,8,1.0,0.3975580150900175,0.384226296791926,0.09245030482720873,0.29177599196471726,0,False,-0.19047619047619052,neutral
MXI1_disc2 MXI1_HeLa-S3_encode-Snyder_seq_hsa_IgG-rab-bHLH_r1:MDscan#3#Intergenic,MXI1,10,1.0,0.38765962895566913,1.3279031897840123,0.25575324962390783,1.0721499401601045,0,False,-0.17575757575757575,tumor-gain
MXI1_known1	EBOX_1	Ebox_transfac_M01034,MXI1,10,1.0,0.6392117345779099,0.5257196554205777,-0.40933747185352864,0.9350571272741064,0,False,0.5061069696548565,tumor-gain
MYBA_Hsapiens-HOCOMOCOv10-MYBA_HUMAN.H10MO.D,MYBL1,8,1.0,0.7774854676349653,1.1071899940799197,0.3229860107768933,0.7842039833030263,0,False,-0.2380952380952381,tumor-gain
MYBB_Hsapiens-HOCOMOCOv10-MYBB_HUMAN.H10MO.D,MYBL2,5,0.7505612372162634,0.6007187063286074,0.2798777073821748,-0.2697959130549869,0.5496736204371617,0,False,0.46169025843831935,other
MYBL1_1	Mybl1_bulyk_sc09-primary,MYBL1,7,0.2893300916339676,0.03013719729328997,0.5462248836313319,0.27596687621324745,0.2702580074180845,0,False,0.14285714285714288,neutral
MYBL1_2	MYBL1_jolma_DBD_M177,MYBL1,9,1.0,0.31521579843652886,0.0995522148964495,-0.7358285052211205,0.83538072011757,0,False,0.16666666666666669,normal-suppression
MYBL1_3	MYBL1_jolma_DBD_M178,MYBL1,10,1.0,0.28786859442688556,2.077891797708885,0.8486831408318816,1.2292086568770033,0,False,-0.5030303030303029,tumor-gain
MYBL1_4	MYBL1_jolma_DBD_M179,MYBL1,6,0.8838753633189662,0.6571107656987186,0.7073271845128869,-0.9494532375734318,1.6567804220863187,0,False,0.028571428571428574,tumor-gain
MYBL1_5	MYBL1_jolma_DBD_M180,MYBL1,8,0.8953152041576435,0.5801059330701622,-0.10296777803030495,-0.8247955295126699,0.7218277514823649,0,False,0.6428571428571429,normal-suppression
MYBL1_Hsapiens-SwissRegulon-MYBL1.SwissRegulon,MYBL1,4,0.6370676833372335,0.049407071774501966,0.2590587219294287,-2.0632340601186008,2.3222927820480295,0,False,0.0,normal-suppression
MYBL1_Hsapiens-jaspar2016-MYBL1-MA0776.1,MYBL1,10,0.24680267736541558,0.16038633039771066,0.07635392319515195,-1.0504492873557616,1.1268032105509136,0,False,-0.4666666666666666,normal-suppression
MYBL1_Hsapiens-jaspar2018-MYBL1-MA0776.1,MYBL1,9,0.17295327438960248,0.1241476189807256,0.4536595568583079,-0.4300141272127787,0.8836736840710866,0,False,-0.2833333333333333,other
MYBL1_Hsapiens-jolma2013-MYBL1,MYBL1,8,0.24338212868587966,0.17989588270981177,0.6238522891854335,-1.2215284345547095,1.845380723740143,0,False,-0.3333333333333334,tumor-gain
MYBL1_Hsapiens-jolma2013-MYBL1-2,MYBL1,9,0.12981564228436018,0.0710467569346663,2.5275472420878393,1.7130666279750195,0.8144806141128198,0,False,-0.33333333333333337,tumor-gain
MYBL1_Hsapiens-jolma2013-MYBL1-3,MYBL1,7,0.3613238284539311,0.21971635468185743,-0.22669646871339597,-0.8711682215089158,0.6444717527955198,0,False,-0.5357142857142858,normal-suppression
MYBL1_Hsapiens-jolma2013-MYBL1-4,MYBL1,9,0.9328017598865422,0.24788525430401318,-0.039767151271094016,-0.2515103396876547,0.21174318841656067,0,False,-0.5666666666666667,neutral
MYBL2_1	MYBL2_jolma_DBD_M181,MYBL2,7,0.9336293721279079,0.4376950051165327,0.2956409936588924,-0.010534371049069666,0.3061753647079621,0,False,-0.5357142857142858,neutral
MYBL2_2	MYBL2_jolma_DBD_M182,MYBL2,9,1.0,1.0,0.0,0.0,0.0,0,True,0.9833333333333333,neutral
MYBL2_3	MYBL2_jolma_DBD_M183,MYBL2,5,0.6138716741188228,0.42391222549362056,-1.7917661426396518,-2.1972868853760095,0.40552074273635763,0,False,-0.6,neutral
MYBL2_4	MYBL2_jolma_DBD_M184,MYBL2,9,1.0,0.5367500800136089,-0.42738972886118803,-1.1576020720177347,0.7302123431565466,0,False,-0.11666666666666665,normal-suppression
MYBL2_Hsapiens-SwissRegulon-MYBL2.SwissRegulon,MYBL2,9,0.968310305488658,0.9181472932798234,0.8744189794482442,0.5691944520822589,0.30522452736598527,0,False,-0.09999999999999999,neutral
MYBL2_Hsapiens-jaspar2016-MYBL2-MA0777.1,MYBL2,9,0.5868906637290006,0.37790594067426,-1.1437184815297678,-1.7740590463631398,0.630340564833372,0,False,-0.25,divergent
MYBL2_Hsapiens-jaspar2018-MYBL2-MA0777.1,MYBL2,9,0.5023810782247574,0.4084726375203808,-1.5487652151057574,-1.9982711005123388,0.44950588540658143,0,False,0.7999999999999999,neutral
MYBL2_Hsapiens-jolma2013-MYBL2,MYBL2,10,0.5762679198678115,0.48661942335502717,-0.7159878232168823,-1.332890134441166,0.6169023112242839,0,False,-0.309090909090909,divergent
MYBL2_Hsapiens-jolma2013-MYBL2-2,MYBL2,9,0.2002535412930245,0.1605161642878072,0.6093095162368063,-1.6534565239320267,2.2627660401688328,0,False,-0.4666666666666666,tumor-gain
MYBL2_Hsapiens-jolma2013-MYBL2-3,MYBL2,6,0.3904576348256651,0.322484775358617,-0.83084093589215,-1.4427398594580945,0.6118989235659444,0,False,0.2571428571428572,divergent
MYBL2_Hsapiens-jolma2013-MYBL2-4,MYBL2,8,0.33835838595652706,0.29484276444421886,1.1926057594687471,0.4152629412548856,0.7773428182138615,0,False,-0.261904761904762,tumor-gain
MYB_1	c-Myb_transfac_M00004,MYB,6,0.2944017423768839,0.11414036198585685,0.4318759261833634,-0.963836943165364,1.3957128693487273,0,False,-0.48571428571428577,normal-suppression
MYB_2	c-Myb_transfac_M00183,MYB,10,1.0,1.0,0.0,0.0,0.0,0,True,0.1486417213801955,neutral
MYB_3	MYB_transfac_M00773,MYB,10,1.0,0.5091179319305209,-0.06206350110265513,-0.7437280710315974,0.6816645699289423,0,False,-0.40004734568283135,normal-suppression
MYB_4	MYB_transfac_M00913,MYB,10,1.0,0.6439470396334399,1.9066048114911205,1.2736623198573978,0.6329424916337227,0,False,-0.3632995072753773,tumor-gain
MYB_5	Myb_jaspar_MA0100.1,MYB,10,1.0,0.9413518856948012,0.1115358767814405,-0.2295929490799398,0.34112882586138027,0,False,0.4220361099651049,neutral
MYB_6	Myb_bulyk_sc09-primary,MYB,8,0.395051599818166,0.395051599818166,0.0,0.0,0.0,0,True,0.4761904761904762,neutral
MYB_Hsapiens-HOCOMOCOv10-MYB_HUMAN.H10MO.C,MYB,9,0.667521611095278,0.3364271427729593,0.6887348471820544,-0.3396090914770212,1.0283439386590756,0,False,-0.33333333333333337,tumor-gain
MYB_Hsapiens-SwissRegulon-MYB.SwissRegulon,MYB,9,0.07854417189083222,0.020692771649471465,-0.1634972622299462,-0.5417750897260746,0.37827782749612837,0,False,0.13333333333333333,neutral
MYB_Hsapiens-jaspar2018-MYB-MA0100.3,MYB,10,1.0,0.9580934376651529,0.17103863062007402,-0.12002803918220792,0.2910666698022819,0,False,0.29696969696969694,neutral
MYC::MAX_Hsapiens-JASPAR_2014-MYC::MAX-MA0059.1,MYC,10,0.09985987566412044,0.05665612341157538,0.7748285771711491,0.31949581857110015,0.4553327586000489,0,False,0.5914744103195311,neutral
MYC::MAX_Hsapiens-JASPAR_CORE-MYC::MAX-MA0059.1,MYC,10,0.26769189800945287,0.11932037710852524,-0.18792455301134708,-0.5751698718583087,0.3872453188469616,0,False,0.02439069733276417,neutral
MYCN_1	N-Myc_transfac_M00055,MYCN,9,1.0,0.49001244907197833,0.6616334839348988,0.03674320739698218,0.6248902765379166,0,False,0.07563292261344161,tumor-gain
MYCN_2	Mycn_jaspar_MA0104.2,MYCN,6,0.3452225224492245,0.19320980430770154,1.3167012299320506,0.07419792908878534,1.2425033008432653,0,False,-0.6,tumor-gain
MYCN_Hsapiens-HOCOMOCOv10-MYCN_HUMAN.H10MO.B,MYCN,10,0.035276324268701656,0.02110719345702544,1.3931509669612454,0.3760122528366235,1.017138714124622,0,False,0.18787878787878787,tumor-gain
MYCN_Hsapiens-SwissRegulon-MYCN.SwissRegulon,MYCN,9,0.13315376910354684,0.04724681634127617,0.6713926038030482,-0.7576887908955589,1.4290813946986072,0,False,-0.15,tumor-gain
MYCN_Hsapiens-cisbp_1.02-M3642_1.02,MYCN,10,1.0,0.6675531914893617,1.0657941395966644,0.21549711441012187,0.8502970251865425,0,False,-0.11550205329921227,tumor-gain
MYCN_Hsapiens-cisbp_1.02-M6352_1.02,MYCN,10,0.1331537691035467,0.047246816341276185,0.4595842757791318,-0.30339968911945436,0.7629839648985861,0,False,0.5151515151515151,other
MYCN_Hsapiens-jaspar2018-MYCN-MA0104.4,MYCN,7,0.6680716381988543,0.4058362061521229,0.02825945393150265,-0.17137948636044154,0.19963894029194418,0,False,0.07412493166611012,neutral
MYC_Hsapiens-HOCOMOCOv10-MYC_HUMAN.H10MO.A,MYC,7,0.41294227461386357,0.24849545093352943,-0.48790595556004557,-0.8450843850222443,0.3571784294621987,0,False,-0.07142857142857144,neutral
MYC_Hsapiens-SwissRegulon-MYC.SwissRegulon,MYC,4,0.6747977399963275,0.5350124584520647,0.23768664972880063,-0.0006231357008142347,0.23830978542961487,0,False,-0.6000000000000001,neutral
MYC_Hsapiens-cisbp_1.02-M4532_1.02,MYC,10,1.0,0.5850648077551464,0.06919532815151919,0.06436057302489584,0.004834755126623347,0,False,0.406060606060606,neutral
MYC_Hsapiens-cisbp_1.02-M4558_1.02,MYC,7,1.0,1.0,0.0,0.0,0.0,0,True,0.642857142857143,neutral
MYC_Hsapiens-cisbp_1.02-M4609_1.02,MYC,9,0.5208132531388238,0.5208132531388238,0.0,0.0,0.0,0,True,0.6,neutral
MYC_Hsapiens-cisbp_1.02-M4610_1.02,MYC,6,0.6640923620012381,0.6640923620012381,0.0,0.0,0.0,0,True,0.14285714285714288,neutral
MYC_Hsapiens-cisbp_1.02-M4643_1.02,MYC,9,1.0,1.0,0.0,0.0,0.0,0,True,0.8333333333333333,neutral
MYC_Hsapiens-cisbp_1.02-M4645_1.02,MYC,9,1.0,0.6938428956364883,0.41193435972524034,0.02231278636291197,0.3896215733623284,0,False,0.26666666666666666,neutral
MYC_Hsapiens-cisbp_1.02-M6351_1.02,MYC,10,0.4104435933066349,0.2198453636637734,-0.17993952469795285,-0.6575011249422018,0.477561600244249,0,False,0.12727272727272726,neutral
MYC_Hsapiens-jaspar2018-MYC-MA0147.3,MYC,6,0.9326331541680482,0.9326331541680482,0.0,0.0,0.0,0,True,0.7714285714285715,neutral
MYC_disc1 USF2_K562_encode-Snyder_seq_hsa_r1:MDscan#1#Intergenic,MYC,10,1.0,0.14675255826958133,-0.09059055484557667,-0.4972668278802769,0.4066762730347002,0,False,0.6121212121212121,neutral
MYC_disc2 MYC_K562_encode-Crawford_seq_hsa_r1:MEME#2#Intergenic,MYC,7,1.0,0.7280425806661925,0.7757807570229005,0.15565912368427431,0.6201216333386261,0,False,0.4642857142857144,tumor-gain
MYC_disc3 MAX_HeLa-S3_encode-Snyder_seq_hsa_r1:MDscan#1#Intergenic,MYC,10,0.6506002165796027,0.20786012638309342,-0.03774713857310356,-0.6762735692337224,0.6385264306606189,0,False,-0.16413449679361744,normal-suppression
MYC_disc4 MAX_H1-hESC_encode-Snyder_seq_hsa_r1:MDscan#2#Intergenic,MYC,9,1.0,1.0,0.0,0.0,0.0,0,True,-0.03333333333333333,neutral
MYC_disc5 MYC_K562_encode-Snyder_seq_hsa_r1:MDscan#2#Intergenic,MYC,10,1.0,0.14377815433984975,-1.8538339502078316,-3.737831130353843,1.8839971801460116,0,False,-0.04242424242424241,divergent
MYC_disc6 USF2_GM12878_encode-Snyder_seq_hsa_IgG-mus_r1:Trawler#1#Intergenic,MYC,9,1.0,0.0067088589302393845,-1.8377182515559987,-2.306289587609736,0.46857133605373735,0,False,-0.2941280323856063,neutral
MYC_disc7 MAX_GM12878_encode-Snyder_seq_hsa_r1:Trawler#1#Intergenic,MYC,7,1.0,0.3470330991037256,1.474402394143872,1.2775972564991098,0.19680513764476215,0,False,0.7387687194103584,neutral
MYC_disc8 MYC_HUVEC_encode-Crawford_seq_hsa_r1:Trawler#3#Intergenic,MYC,9,1.0,1.0,0.0,0.0,0.0,0,True,0.7666666666666667,neutral
MYC_disc9 MAX_HUVEC_encode-Snyder_seq_hsa_r1:AlignACE#1#Intergenic,MYC,4,1.0,0.8624938595880546,0.7056479339915265,-1.2139929098868856,1.919640843878412,0,False,-0.19999999999999998,tumor-gain
MYC_known1	MYC::MAX_1	c-Myc:Max_transfac_M00118,MYC,8,1.0,0.5966029723991508,0.12817463277825616,-0.4517155224499354,0.5798901552281915,0,False,-0.5291502622129182,other
MYC_known10	USF2_1	USF2_transfac_M00726,MYC,6,1.0,0.33466467065868266,-0.440703850921344,-0.6858949408867151,0.2451910899653711,0,False,-0.4928053803045812,neutral
MYC_known11	USF_5	USF_transfac_M00796,MYC,10,1.0,1.0,0.0,0.0,0.0,0,True,-0.1533857797849622,neutral
MYC_known12	MYC_1	Myc_transfac_M00799,MYC,10,1.0,1.0,0.0,0.0,0.0,0,True,0.16883245785979506,neutral
MYC_known13	MYC_2	c-Myc_transfac_M01145,MYC,9,1.0,0.25098275669972014,0.49262425230311785,-0.9048983961813661,1.397522648484484,0,False,-0.4050957468334666,normal-suppression
MYC_known14	MYC_3	c-Myc_transfac_M01154,MYC,9,0.8574060823561251,0.4507843110250975,0.36289060601359097,-0.6678641411830142,1.0307547471966052,0,False,-0.6166666666666666,normal-suppression
MYC_known15	MAX_2	MAX_jaspar_MA0058.1,MYC,10,1.0,0.5961528985626102,0.7763824566775861,-0.008326542452070464,0.7847089991296565,0,False,0.11621284187444918,tumor-gain
MYC_known16	MYC::MAX_5	MYC::MAX_jaspar_MA0059.1,MYC,10,1.0,0.4457377243808358,-0.013101663351061311,-0.09013242263758825,0.07703075928652695,0,False,0.270801280154532,neutral
MYC_known17	USF1_1	USF1_jaspar_MA0093.1,MYC,10,0.6436203537987499,0.6436203537987499,0.0,0.0,0.0,0,True,0.5731813873199579,neutral
MYC_known18	MYC_4	Myc_jaspar_MA0147.1,MYC,8,0.6986296522586324,0.47774395278237636,-0.013626042506002472,-0.22515459186296863,0.21152854935696616,0,False,0.5476190476190477,neutral
MYC_known19	MAX_3	Max_bulyk_sc09-primary,MYC,10,0.9095208425852891,0.12237528298351218,-0.1702900761602111,-0.7852150184306659,0.6149249422704548,0,False,-0.10303030303030303,normal-suppression
MYC_known2	MAX_1	Max_transfac_M00119,MYC,8,0.9376947040498443,0.7372374038966711,0.04739823962258568,-0.5735199728355953,0.620918212458181,0,False,0.09523809523809526,normal-suppression
MYC_known20	MAX_4	MAX_jolma_DBD_M324,MYC,10,1.0,0.9875683557033643,0.4387767214705287,-0.23618503349579273,0.6749617549663214,0,False,0.13939393939393938,other
MYC_known21	MAX_5	MAX_jolma_DBD_M325,MYC,10,1.0,0.389381318476851,0.7596106605894694,0.14727389438844604,0.6123367662010233,0,False,0.11515151515151514,tumor-gain
MYC_known22	USF1_2	USF1_jolma_DBD_M351,MYC,7,0.151343496954922,0.06082861259296842,-0.27733158017433057,-0.5876891064899491,0.3103575263156185,0,False,-0.07142857142857144,neutral
MYC_known3	USF_1	USF_transfac_M00121,MYC,7,0.7163852247836167,0.6776519096564255,0.06386873725495226,-0.09896302694696428,0.16283176420191653,0,False,0.21622499104693418,neutral
MYC_known4	USF_2	USF_transfac_M00122,MYC,8,0.8152114499578793,0.4092420109054689,-0.10634884698870768,-1.6318167621548831,1.5254679151661754,0,False,-0.3571428571428572,normal-suppression
MYC_known5	MYC::MAX_2	c-Myc:Max_transfac_M00123,MYC,9,0.8186610922668349,0.700865748291058,0.07964951296830867,-1.0142113729902302,1.0938608859585388,0,False,0.050421948408961074,normal-suppression
MYC_known6	USF_3	USF_transfac_M00187,MYC,9,0.6009572219016585,0.4010375865669604,0.6126008237551064,-0.52952814853752,1.1421289722926264,0,False,-0.2845213189769458,tumor-gain
MYC_known7	USF_4	USF_transfac_M00217,MYC,8,1.0,0.6342503935612694,0.27351475566330485,0.011337503249128264,0.2621772524141766,0,False,0.14285714285714288,neutral
MYC_known9	MYC::MAX_4	c-Myc:Max_transfac_M00615,MYC,10,0.225221739346362,0.0439460660625467,-0.18026985137172968,-0.9007312214801708,0.7204613701084411,0,False,0.33333333333333326,normal-suppression
MYF6_1	Myf6_bulyk_sc09-primary,MYF6,10,0.45728273548012405,0.034153976083760494,0.19589059676525805,-1.2579788415451028,1.4538694383103608,0,False,-0.4787878787878787,normal-suppression
MYF6_2	MYF6_jolma_full_M330,MYF6,8,0.3589890638784199,0.22320813143408408,0.9216030430261813,-0.19914366209616105,1.1207467051223423,0,False,0.11904761904761905,tumor-gain
MYF6_Hsapiens-SwissRegulon-MYF6.SwissRegulon,MYF6,9,0.4674005176455915,0.36076718145535835,-0.2533910510029176,-0.6936416213365382,0.4402505703336206,0,False,-0.3193390065900868,neutral
MYF6_Hsapiens-cisbp_1.02-M5651_1.02,MYF6,10,0.22320807528424738,0.03565206163779227,0.6506621344491618,-0.7884310175608863,1.439093152010048,0,False,-0.04242424242424241,tumor-gain
MYF6_Hsapiens-cisbp_1.02-M6353_1.02,MYF6,6,1.0,0.2350516340147045,0.3332510356246102,-0.8640777719752752,1.1973288075998854,0,False,-0.3142857142857143,normal-suppression
MYF6_Hsapiens-hPDI-MYF6,MYF6,5,1.0,0.06785393062651517,-0.6479939924520931,-0.8286055424827843,0.18061155003069118,0,False,-0.39999999999999997,neutral
MYF6_Hsapiens-jaspar2016-MYF6-MA0667.1,MYF6,9,0.03565206163779227,0.0314306199833384,0.4040946397363027,-0.6265754215343898,1.0306700612706925,0,False,0.0,normal-suppression
MYF6_Hsapiens-jaspar2018-MYF6-MA0667.1,MYF6,10,0.01677113942050249,0.010642274625105735,-0.24738512936273227,-0.5152181423532582,0.267833012990526,0,False,0.23636363636363633,neutral
MYF6_Hsapiens-jolma2013-MYF6,MYF6,9,0.010427773773283884,0.005656828319828689,-0.1860351434333441,-0.5288482678798467,0.34281312444650264,0,False,-0.18333333333333335,neutral
MYF_1	Myf_jaspar_MA0055.1,MYF,9,0.875249500998004,0.6006389776357828,-0.1263868737563369,-1.121371679230452,0.994984805474115,0,False,-0.4810511993647416,normal-suppression
MYLK_Hsapiens-hPDI-MYLK,MYLK,2,0.20095884938074354,0.04038445914443237,0.2587802862211187,0.15243842139073735,0.10634186483038136,0,False,,neutral
MYOD1_1	MyoD_transfac_M00001,MYOD1,10,1.0,1.0,0.0,0.0,0.0,0,True,,neutral
MYOD1_2	MyoD_transfac_M00184,MYOD1,10,1.0,0.5562461851001076,0.35466155177809044,0.08358384790843518,0.27107770386965524,0,False,0.40368671387966554,neutral
MYOD1_3	MyoD_transfac_M00929,MYOD1,9,0.6131345345665496,0.004762025785471948,0.5806142199959642,0.24585909204315773,0.3347551279528065,0,False,0.15,neutral
MYOD1_Hsapiens-HOCOMOCOv10-MYOD1_HUMAN.H10MO.C,MYOD1,10,1.0,0.6033878330660187,0.1852021325829744,-0.3605239395238406,0.545726072106815,0,False,0.18787878787878787,other
MYOD1_Hsapiens-SwissRegulon-MYOD1.SwissRegulon,MYOD1,10,0.1866806507528888,0.11159375518549089,-0.33582203495419277,-0.6017033652412072,0.2658813302870144,0,False,-0.04242424242424241,neutral
MYOD1_Hsapiens-cisbp_1.02-M3589_1.02,MYOD1,10,1.0,1.0,0.0,0.0,0.0,0,True,,neutral
MYOD1_Hsapiens-cisbp_1.02-M3591_1.02,MYOD1,9,1.0,0.6011168727562819,0.6288604222331241,-0.16309513972837977,0.7919555619615039,0,False,0.042378968976300654,tumor-gain
MYOD1_Hsapiens-cisbp_1.02-M6354_1.02,MYOD1,10,0.8460927967720274,0.6128860622042837,0.39758526909355885,-0.6235182703137441,1.021103539407303,0,False,0.2121212121212121,normal-suppression
MYOD1_Hsapiens-hPDI-MYOD1,MYOD1,5,0.33422103861517977,0.11170370265300948,0.8147770571333347,-0.8523761767803711,1.6671532339137058,0,False,-0.4472135954999579,tumor-gain
MYOG_1	myogenin_transfac_M00712,MYOG,9,1.0,1.0,0.0,0.0,0.0,0,True,0.42937836660795387,neutral
MYOG_Hsapiens-HOCOMOCOv10-MYOG_HUMAN.H10MO.D,MYOG,10,0.3345311772143469,0.20095913600278856,0.21487653209475213,-0.07179688279706122,0.28667341489181336,0,False,0.07294866524160776,neutral
MYOG_Hsapiens-SwissRegulon-MYOG.SwissRegulon,MYOG,9,0.26962280075310074,0.13339776975948356,0.16299001152747525,-0.08648707539201572,0.24947708691949097,0,False,0.2833333333333333,neutral
MYOG_Hsapiens-cisbp_1.02-M6355_1.02,MYOG,10,1.0,0.48511909786113344,0.3107795446191579,0.13337650595552758,0.17740303866363033,0,False,0.43030303030303024,neutral
MZF1_1	MZF1_transfac_M00083,MZF1,2,0.3765586034912718,0.3765586034912718,0.0,0.0,0.0,0,True,,neutral
MZF1_1-4_Hsapiens-JASPAR_2014-MZF1_1-4-MA0056.1,MZF1,6,0.004731793030822165,0.002263699717434585,0.2873902063788096,-0.21610193452812063,0.5034921409069302,0,False,-0.28988551782622424,other
MZF1_1-4_Hsapiens-JASPAR_CORE-MZF1_1-4-MA0056.1,MZF1,7,0.05362776025236594,0.02019399450899565,0.6090621411715414,0.16477672505753474,0.44428541611400674,0,False,-0.10714285714285716,neutral
MZF1_2	MZF1_transfac_M00084,MZF1,2,0.572405929304447,0.572405929304447,0.0,0.0,0.0,0,True,,neutral
MZF1_3	MZF1:1-4_jaspar_MA0056.1,MZF1,5,0.6259351620947631,0.6259351620947631,0.0,0.0,0.0,0,True,0.3,neutral
MZF1_Hsapiens-HOCOMOCOv10-MZF1_HUMAN.H10MO.D,MZF1,2,0.613775345992918,0.613775345992918,0.0,0.0,0.0,0,True,,neutral
MZF1_Hsapiens-jaspar2016-MZF1-MA0056.1,MZF1,5,0.0003377804497110607,0.00012139714572993045,-0.009921826916630325,-0.7079932939771845,0.6980714670605541,0,False,-0.7999999999999999,normal-suppression
MZF1_Hsapiens-jaspar2018-MZF1-MA0056.1,MZF1,2,0.0003377804497110607,0.00012139714572993043,0.7089405450689896,-2.3682286243213158,3.0771691693903054,0,False,,tumor-gain
Myf_Hsapiens-JASPAR_CORE-Myf-MA0055.1,MYF,9,0.6006389776357828,0.5257089654556701,0.44174361053796696,-0.18464789039110055,0.6263915009290675,0,False,0.297939785765562,other
NANOG_Hsapiens-HOCOMOCOv10-NANOG_HUMAN.H10MO.A,NANOG,6,0.9778393351800553,0.39645181383104544,0.37443649546593694,-0.17499317278158297,0.5494296682475199,0,False,0.028571428571428574,other
NANOG_Hsapiens-HOCOMOCOv10-NANOG_HUMAN.H10MO.S,NANOG,6,0.6672212978369385,0.22314722273747864,0.719484668011725,-0.06878618718752404,0.788270855199249,0,False,-0.11595420713048968,tumor-gain
NANOG_Hsapiens-SwissRegulon-NANOG.SwissRegulon,NANOG,9,0.34533551554828146,0.22090784320625803,0.7827733515004837,0.5149075242478134,0.2678658272526703,0,False,-0.016666666666666666,neutral
NANOG_disc1 NANOG_H1-hESC_encode-Myers_seq_hsa_v041610.2-SC-33759_r1:MDscan#3#Intergenic,NANOG,7,0.6313338871158134,0.24564024946653792,-1.3203117562565463,-1.561460812972496,0.24114905671594977,0,False,-0.3214285714285715,neutral
NANOG_disc2 NANOG_H1-hESC_encode-Myers_seq_hsa_v041610.2-SC-33759_r1:MEME#2#Intergenic,NANOG,3,0.4871794871794871,0.21640525222309293,-0.22599422619836293,-0.4749957431760166,0.2490015169776537,0,False,,neutral
NANOG_disc3 NANOG_H1-hESC_encode-Myers_seq_hsa_v041610.2-SC-33759_r1:MEME#1#Intergenic,NANOG,8,1.0,0.5176336746302617,0.9737919076410337,0.06486465943202707,0.9089272482090067,0,False,-0.261904761904762,tumor-gain
NANOG_disc4 NANOG_H1-hESC_encode-Myers_seq_hsa_v041610.2-SC-33759_r1:MDscan#1#Intergenic,NANOG,5,0.6720242094530597,0.34241598516745136,1.3965929394816832,-0.5934828367013687,1.9900757761830519,0,False,-0.49999999999999994,tumor-gain
NANOG_known1	NANOG_1	Nanog_transfac_M01123,NANOG,10,1.0,0.377727455730231,-0.46014971758598316,-0.5127933173412652,0.052643599755282044,0,False,-0.33333333333333326,neutral
NANOS1_Hsapiens-hPDI-NANOS1,NANOS1,3,0.33422103861517977,0.33422103861517977,0.0,0.0,0.0,0,True,,neutral
NAP1L1_Hsapiens-hPDI-NAP1L1,NAP1L1,3,1.0,0.5007488766849718,0.30477378076275063,0.019644023826469813,0.28512975693628084,0,False,,neutral
NCALD_Hsapiens-hPDI-NCALD,NCALD,5,1.0,1.0,0.0,0.0,0.0,0,True,0.6668859288553503,neutral
NDF1_Hsapiens-HOCOMOCOv10-NDF1_HUMAN.H10MO.C,NEUROD1,8,0.45583167059677066,0.37523663140307884,0.34194862012670535,0.09953053918107087,0.2424180809456345,0,False,0.08383383833392813,neutral
NDF2_Hsapiens-HOCOMOCOv10-NDF2_HUMAN.H10MO.D,NDF2,8,1.0,0.6081366364125507,0.13017549440039405,-0.44591604035598625,0.5760915347563803,0,False,0.3333333333333334,other
NELFA_Hsapiens-hPDI-WHSC2,NELFA,10,0.3346640053226886,0.06725369343879853,-0.5469846891947858,-1.3021386252537184,0.7551539360589326,0,False,-0.09146511499786561,divergent
NELFB_Hsapiens-hPDI-COBRA1,NELFB,4,0.33422103861517977,0.33422103861517977,0.0,0.0,0.0,0,True,0.9486832980505139,neutral
NEUROD1_Hsapiens-SwissRegulon-NEUROD1.SwissRegulon,NEUROD1,9,0.3396326845356639,0.3396326845356639,0.0,0.0,0.0,0,True,0.41666666666666663,neutral
NEUROD1_Hsapiens-cisbp_1.02-M6358_1.02,NEUROD1,6,1.0,0.4972962740700461,0.1716922876841701,0.14917082967534204,0.02252145800882807,0,False,0.3142857142857143,neutral
NEUROD1_Hsapiens-jaspar2018-NEUROD1-MA1109.1,NEUROD1,10,1.0,1.0,0.0,0.0,0.0,0,True,0.34545454545454546,neutral
NEUROD2_1	NEUROD2_jolma_full_M332,NEUROD2,9,0.8645476987370329,0.8645476987370329,0.0,0.0,0.0,0,True,0.33333333333333337,neutral
NEUROD2_Hsapiens-SwissRegulon-NEUROD2.SwissRegulon,NEUROD2,10,0.06368503302412727,0.04653627991517978,0.43062671421734516,-0.36461367439067044,0.7952403886080156,0,False,-0.2121212121212121,other
NEUROD2_Hsapiens-cisbp_1.02-M5652_1.02,NEUROD2,10,0.2076353989986875,0.143864296972084,-0.3801995417483568,-2.033521099510506,1.6533215577621492,0,False,-0.35757575757575755,normal-suppression
NEUROD2_Hsapiens-jaspar2016-NEUROD2-MA0668.1,NEUROD2,10,0.168642421933454,0.09928792762580226,-0.43424672888437355,-0.6800040517709204,0.24575732288654684,0,False,0.07878787878787878,neutral
NEUROD2_Hsapiens-jaspar2018-NEUROD2-MA0668.1,NEUROD2,10,0.10169655026310064,0.0674590337866591,0.09279323337926093,-1.0766269943727824,1.1694202277520434,0,False,-0.10303030303030303,normal-suppression
NEUROD2_Hsapiens-jolma2013-NEUROD2,NEUROD2,10,0.06625198844350334,0.06187337808152278,1.0822821259566051,0.4798629089415878,0.6024192170150173,0,False,0.3939393939393939,tumor-gain
NEUROG2_1	NEUROG2_jolma_DBD_M333,NEUROG2,9,0.1457259359418575,0.12197361929447112,0.5405561557502749,-0.9217778708443052,1.4623340265945801,0,False,-0.48333333333333334,tumor-gain
NEUROG2_2	NEUROG2_jolma_full_M334,NEUROG2,7,0.03511883793708066,0.012754957601862082,0.16614629540973386,0.10709690485151101,0.05904939055822285,0,False,-0.3214285714285715,neutral
NEUROG2_Hsapiens-SwissRegulon-NEUROG2.SwissRegulon,NEUROG2,7,0.009519471626657693,0.009519471626657693,0.0,0.0,0.0,0,True,0.14285714285714288,neutral
NEUROG2_Hsapiens-cisbp_1.02-M5653_1.02,NEUROG2,7,0.0780452647570592,0.07499804351539943,-0.2928776723191248,-0.8132566162253739,0.5203789439062492,0,False,0.3214285714285715,normal-suppression
NEUROG2_Hsapiens-cisbp_1.02-M5654_1.02,NEUROG2,8,0.03511883947375219,0.012754461951181746,-0.07265297404912632,-0.6289670912495829,0.5563141172004566,0,False,0.0,normal-suppression
NEUROG2_Hsapiens-jaspar2016-NEUROG2-MA0669.1,NEUROG2,9,0.012742886355215536,0.010446588737381435,-0.3773961582266841,-0.7114466288682653,0.33405047064158117,0,False,0.2333333333333333,neutral
NEUROG2_Hsapiens-jaspar2018-NEUROG2-MA0669.1,NEUROG2,9,0.007917993665950727,0.005403221307601834,-0.3890799668049403,-1.1145016481277328,0.7254216813227925,0,False,-0.21666666666666667,normal-suppression
NEUROG2_Hsapiens-jolma2013-NEUROG2,NEUROG2,7,0.016663557661801744,0.00893279300975497,0.3149668735800926,-1.2786666105703892,1.5936334841504818,0,False,0.3214285714285715,normal-suppression
NEUROG2_Hsapiens-jolma2013-NEUROG2-2,NEUROG2,8,0.00933000105222956,0.0037472831166656673,0.00895556320194376,-0.3867994360219709,0.39575499922391466,0,False,0.261904761904762,neutral
NF2L1_Hsapiens-HOCOMOCOv10-NF2L1_HUMAN.H10MO.C,NFE2L1,3,0.16584555646447466,0.06451511078852783,-0.1649922568952958,-0.3856968288758981,0.2207045719806023,0,False,,neutral
NF2L2_Hsapiens-HOCOMOCOv10-NF2L2_HUMAN.H10MO.D,NFE2L2,8,0.3313941010623862,0.26479417103815395,-3.0405058870415105,-4.644587415317764,1.6040815282762533,0,False,0.11904761904761905,divergent
NFAC1_Hsapiens-HOCOMOCOv10-NFAC1_HUMAN.H10MO.A,NFATC1,2,0.5068716991041995,0.5068716991041995,0.0,0.0,0.0,0,True,,neutral
NFAC1_Hsapiens-HOCOMOCOv10-NFAC1_HUMAN.H10MO.S,NFATC1,6,0.7011523363302514,0.6127328736981072,-1.8373564795600312,-3.164234972902108,1.326878493342077,0,False,-0.2571428571428572,divergent
NFAC3_Hsapiens-HOCOMOCOv10-NFAC3_HUMAN.H10MO.B,NFATC3,2,0.18461713171694208,0.1550161315102165,0.8049154286871603,-0.5502260690615881,1.3551414977487484,0,False,,tumor-gain
NFAC4_Hsapiens-HOCOMOCOv10-NFAC4_HUMAN.H10MO.C,NFATC4,3,0.5011846863698728,0.4456148131721926,0.022761956221418772,-1.8052330946907296,1.8279950509121483,0,False,,normal-suppression
NFAT5_Hsapiens-HOCOMOCOv10-NFAT5_HUMAN.H10MO.D,NFAT5,6,1.0,1.0,0.0,0.0,0.0,0,True,,neutral
NFAT5_Hsapiens-SwissRegulon-NFAT5.SwissRegulon,NFAT5,5,0.8059490477642561,0.6228340691766677,1.700061654316061,1.346579999157221,0.35348165515884,0,False,0.0,neutral
NFAT5_Hsapiens-jolma2013-NFAT5,NFAT5,2,0.3441857688311842,0.28171590631799154,0.3577642381757309,-0.30121656734089786,0.6589808055166287,0,False,,other
NFATC1_1	NFATC1_jolma_full_M186,NFATC1,6,0.7104524271876508,0.7104524271876508,0.0,0.0,0.0,0,True,-0.08571428571428573,neutral
NFATC1_2	NFATC1_jolma_full_M187,NFATC1,5,1.0,0.801590324451971,0.3398839218180784,-0.41116445372616883,0.7510483755442472,0,False,-0.3,other
NFATC1_3	NFATC1_jolma_full_M188,NFATC1,4,0.4298031700090935,0.28599114118371777,-0.8047467481652741,-1.08176693151001,0.2770201833447359,0,False,0.6000000000000001,neutral
NFATC1_Hsapiens-SwissRegulon-NFATC1.SwissRegulon,NFATC1,10,0.3040762375714964,0.28541014459021585,-0.20683135187000715,-0.44724412648681877,0.24041277461681163,0,False,0.41818181818181815,neutral
NFATC1_Hsapiens-jolma2013-NFATC1,NFATC1,6,0.8211061705879806,0.7048443302863768,-0.3320156955475643,-1.0054358402233827,0.6734201446758183,0,False,0.6,normal-suppression
NFATC1_Hsapiens-jolma2013-NFATC1-2,NFATC1,8,0.3525127801544725,0.24292256492308134,-0.08594387039211415,-1.0184536514640041,0.93250978107189,0,False,-0.28571428571428575,normal-suppression
NFATC1_Hsapiens-jolma2013-NFATC1-3,NFATC1,5,0.11381058573099978,0.08001175489758015,0.3654022732201467,-0.1681976917314367,0.5335999649515833,0,False,-0.3,other
NFATC2_1	NFATC2_jaspar_MA0152.1,NFATC2,6,0.22334373755964163,0.05691842586556048,1.8723886403116896,1.4874717419653105,0.3849168983463791,0,False,-0.028571428571428574,neutral
NFATC2_Hsapiens-SwissRegulon-NFATC2.SwissRegulon,NFATC2,10,0.014559869848261221,0.009156517386125702,0.2470781507049588,-0.7678605926688937,1.0149387433738526,0,False,-0.15902809940714097,normal-suppression
NFATC2_Mmusculus;Rnorvegicus;Hsapiens-jaspar2018-NFATC2-MA0152.1,NFATC2,8,0.042703737617581006,0.021520739212747546,0.37470306550118626,-0.7407323704968115,1.1154354359979979,0,False,-0.6826469692905576,normal-suppression
NFATC3_Hsapiens-SwissRegulon-NFATC3.SwissRegulon,NFATC3,2,0.11863206239280095,0.09860670082875865,1.077178645571886,0.5161329153074977,0.5610457302643882,0,False,,tumor-gain
NFATC3_Hsapiens-jaspar2016-NFATC3-MA0625.1,NFATC3,7,1.0,0.3279136622109068,-0.26451236538095524,-1.2689543535458474,1.004441988164892,0,False,-0.8571428571428573,normal-suppression
NFATC3_Hsapiens-jaspar2018-NFATC3-MA0625.1,NFATC3,6,0.43722371902669477,0.35729386892177595,0.7405067808519579,0.18780891194606875,0.5526978689058891,0,False,-0.2571428571428572,tumor-gain
NFAT_1	NF-AT_transfac_M00302,NFATC2,2,0.6676258951358762,0.6676258951358762,0.0,0.0,0.0,0,True,,neutral
NFAT_2	NF-AT_transfac_M00935,NFATC1,5,1.0,0.9168816043411828,0.7267514601686877,-0.1323969966370524,0.8591484568057401,0,False,0.0,tumor-gain
NFE2::MAF_Hsapiens-JASPAR_2014-NFE2::MAF-MA0501.1,NFE2,7,1.0,0.57822385378427,0.16504421474812145,-0.21387133391738417,0.3789155486655056,0,False,-0.25,neutral
NFE2L1::MAFG_1	TCF11:MafG_transfac_M00284,NFE2L1,10,0.3211927242098389,0.21437771807012057,0.753067423757577,-1.034877267901963,1.78794469165954,0,False,-0.29696969696969694,tumor-gain
NFE2L1::MAFG_2	NFE2L1::MafG_jaspar_MA0089.1,NFE2L1,7,1.0,0.5468571375747622,0.2918069842821736,-0.018695324049581387,0.310502308331755,0,False,0.5357142857142858,neutral
NFE2L1_1	TCF11_transfac_M00285,NFE2L1,9,0.8105569269085711,0.637250291781763,0.2798380191386423,-0.08656888612828112,0.36640690526692343,0,False,-0.11666666666666665,neutral
NFE2L1_Hsapiens-SwissRegulon-NFE2L1.SwissRegulon,NFE2L1,10,0.08696990558928044,0.05419890517134356,0.04577153291807421,-0.3530575694294044,0.39882910234747865,0,False,-0.05454545454545454,neutral
NFE2L1_Hsapiens-cisbp_1.02-M4030_1.02,NFE2L1,8,0.720767902879276,0.5681308846430351,0.2057091746609519,0.008703487236250019,0.19700568742470187,0,False,0.29940656547831473,neutral
NFE2L1_Hsapiens-cisbp_1.02-M6359_1.02,NFE2L1,7,0.42613411609326424,0.41385751776587876,-0.0007589921833199472,-0.723452604951121,0.722693612767801,0,False,0.10714285714285716,normal-suppression
NFE2L2_1	Nrf-2_transfac_M00108,NFE2L2,7,1.0,0.20111815413694661,-0.9174497828889576,-1.7736013348334623,0.8561515519445047,0,False,-0.48650622985560193,divergent
NFE2L2_2	Nrf-2_transfac_M00821,NFE2L2,10,1.0,0.7506234413965087,0.05804951291409064,-0.5740835102416799,0.6321330231557706,0,False,0.10975813799743875,normal-suppression
NFE2L2_3	NFE2L2_jaspar_MA0150.1,NFE2L2,8,1.0,0.4917605804724489,-0.7252581053408947,-1.845050037212476,1.1197919318715814,0,False,0.09523809523809526,divergent
NFE2L2_Hsapiens-JASPAR_CORE-NFE2L2-MA0150.1,NFE2L2,10,0.21916602366953933,0.0925589836660617,1.6237037586835568,0.843112181730246,0.7805915769533107,0,False,-0.06686960980480709,tumor-gain
NFE2L2_Hsapiens-SwissRegulon-NFE2L2.SwissRegulon,NFE2L2,10,0.06737789401224184,0.06737789401224184,0.0,0.0,0.0,0,True,-0.006079055436800647,neutral
NFE2L2_Hsapiens-cisbp_1.02-M6360_1.02,NFE2L2,9,1.0,0.6276804429233507,-0.9162717243455546,-2.774890048285606,1.858618323940051,0,False,0.26666666666666666,divergent
NFE2L2_Hsapiens-jaspar2016-NFE2L2-MA0150.1,NFE2L2,9,0.12106545896223533,0.08332156014649467,-0.17806719888918052,-0.5233097830106134,0.3452425841214328,0,False,0.22594340036404525,neutral
NFE2L2_Hsapiens-jaspar2018-NFE2L2-MA0150.1,NFE2L2,9,0.08266936211004604,0.06613557740042257,1.329951055774563,0.3144283320724657,1.0155227237020974,0,False,0.4369902195443293,tumor-gain
NFE2_Hsapiens-HOCOMOCOv10-NFE2_HUMAN.H10MO.B,NFE2,9,0.5613135510938798,0.3576552855819435,2.038524256445274,1.5760462166273586,0.4624780398179156,0,False,0.33333333333333337,neutral
NFE2_Hsapiens-SwissRegulon-NFE2.SwissRegulon,NFE2,7,0.8005623690052179,0.474190016831973,0.31683105579285414,-0.48087797043333136,0.7977090262261854,0,False,0.39285714285714296,other
NFE2_Hsapiens-cisbp_1.02-M3617_1.02,NFE2,10,0.5007488766849718,0.40107805949291203,0.5872624791710781,0.5675961905698492,0.019666288601228876,0,False,0.44685915629587186,neutral
NFE2_Hsapiens-cisbp_1.02-M4629_1.02,NFE2,7,1.0,0.8491623029352832,0.2954348026669935,-0.006147462032413168,0.3015822646994067,0,False,0.21428571428571433,neutral
NFE2_Hsapiens-cisbp_1.02-M5659_1.02,NFE2,10,0.1086258100614673,0.03484483291094934,0.2717098659141167,-0.3003573657461183,0.5720672316602351,0,False,0.07878787878787878,other
NFE2_Hsapiens-cisbp_1.02-M6367_1.02,NFE2,9,0.7730777328503216,0.7730777328503216,0.0,0.0,0.0,0,True,0.15,neutral
NFE2_Hsapiens-jaspar2016-NFE2-MA0841.1,NFE2,9,0.023117865721658686,0.0030159546309422745,-0.4301788455949322,-1.6606545993997912,1.230475753804859,0,False,-0.4666666666666666,normal-suppression
NFE2_Hsapiens-jaspar2018-NFE2-MA0841.1,NFE2,9,0.002061236124163084,0.0003286483392684257,2.3454347184663953,1.980361494599363,0.3650732238670322,0,False,-0.5166666666666667,neutral
NFE2_Hsapiens-jolma2013-NFE2,NFE2,8,0.001583355110699579,0.00016175077075263235,1.8324748510556426,1.427856412550305,0.4046184385053375,0,False,-0.04761904761904763,neutral
NFE2_disc1 NFE2_K562_encode-Snyder_seq_hsa_r1:AlignACE#1#Intergenic,NFE2,10,1.0,0.2641605659738419,0.15748094570335583,-0.3351345656678781,0.49261551137123394,0,False,0.4424242424242424,neutral
NFE2_disc2 NFE2_GM12878_encode-Snyder_seq_hsa_H-230_r1:MDscan#3#Intergenic,NFE2,9,0.14200911363487864,0.0716095511667921,0.2655641182662084,0.14653730311460242,0.11902681515160599,0,False,0.43333333333333335,neutral
NFE2_disc3 NFE2_GM12878_encode-Snyder_seq_hsa_H-230_r1:AlignACE#2#Intergenic,NFE2,7,1.0,1.0,0.0,0.0,0.0,0,True,0.6785714285714287,neutral
NFE2_disc4 NFE2_K562_encode-Snyder_seq_hsa_r1:AlignACE#3#Intergenic,NFE2,9,0.95407645044375,0.9451917528747084,1.8201377388782325,1.2497287914016637,0.5704089474765688,0,False,0.39999999999999997,tumor-gain
NFE2_known1	NFE2_1	NF-E2_transfac_M00037,NFE2,9,1.0,0.40107733992626077,0.64846884369704,0.5320594686800887,0.11640937501695137,0,False,-0.06148873228105181,neutral
NFE2_known2	NFE2_2	NFE2_jolma_DBD_M391,NFE2,10,1.0,0.2698819947924268,1.1747139739960442,-0.8400640790173822,2.0147780530134263,0,False,-0.6242424242424242,tumor-gain
NFIA_1	NFIA_jolma_full_M191,NFIA,10,1.0,0.598987978145975,-0.08577816926011621,-0.12991669406286488,0.04413852480274867,0,False,-0.16363636363636364,neutral
NFIA_Hsapiens-HOCOMOCOv10-NFIA_HUMAN.H10MO.C,NFIA,10,0.6489056018035161,0.12428129249604146,-0.08941454831441727,-1.5809967826531386,1.4915822343387213,0,False,-0.3939393939393939,normal-suppression
NFIA_Hsapiens-HOCOMOCOv10-NFIA_HUMAN.H10MO.S,NFIA,10,1.0,0.40984033061544006,1.0819984539226981,0.21959702552881838,0.8624014283938797,0,False,-0.5636363636363636,tumor-gain
NFIA_Hsapiens-SwissRegulon-NFIA.SwissRegulon,NFIA,10,0.5681661250035949,0.42242592361669995,0.10530766848122942,-1.4630289511548316,1.568336619636061,0,False,-0.406060606060606,normal-suppression
NFIA_Hsapiens-jaspar2016-NFIA-MA0670.1,NFIA,10,0.94461948610078,0.8078632547436119,0.17047566283700452,-0.1683404207796745,0.33881608361667903,0,False,-0.2606060606060606,neutral
NFIA_Hsapiens-jaspar2018-NFIA-MA0670.1,NFIA,10,1.0,0.7926475402273844,0.6048514556082064,-0.3373449806700821,0.9421964362782885,0,False,0.18787878787878787,tumor-gain
NFIA_Hsapiens-jolma2013-NFIA,NFIA,10,0.6363228535175808,0.5641512657753096,-0.301996571325073,-0.5991675135689611,0.2971709422438881,0,False,0.33333333333333326,neutral
NFIA_Hsapiens-jolma2013-NFIA-2,NFIA,9,0.7631233725356141,0.6074211233445154,-0.014843659677010401,-0.2704458564833818,0.2556021968063714,0,False,0.25,neutral
NFIB_1	NFIB_jolma_full_M192,NFIB,10,0.8227314181486548,0.549917378642935,0.09842097867794868,0.02750526809381885,0.07091571058412982,0,False,-0.1515151515151515,neutral
NFIB_Hsapiens-SwissRegulon-NFIB.SwissRegulon,NFIB,10,0.2267687984436217,0.14613552179528955,-0.21472102522889658,-0.7051515855212204,0.4904305602923238,0,False,0.18787878787878787,neutral
NFIB_Hsapiens-hPDI-NFIB,NFIB,3,1.0,1.0,0.0,0.0,0.0,0,True,,neutral
NFIB_Hsapiens-jolma2013-NFIB,NFIB,10,0.6482857500456569,0.39117609483385474,0.11861682363949666,-0.32395316812356845,0.4425699917630651,0,False,-0.1515151515151515,neutral
NFIC::TLX1_Hsapiens-jaspar2016-NFIC::TLX1-MA0119.1,NFIC,10,0.19231339006749396,0.19231339006749396,0.0,0.0,0.0,0,True,-0.10334394242561099,neutral
NFIC::TLX1_Hsapiens-jaspar2018-NFIC::TLX1-MA0119.1,NFIC,9,0.15737387500448205,0.10811216791047323,-0.032077837382603225,-1.0548374007483015,1.0227595633656983,0,False,-0.2761530448893886,normal-suppression
NFIC_1	myogenin-/-NF-1_transfac_M00056,NFIC,10,0.07568020966732907,0.028455645465810284,0.10784621346341243,-0.5460728813974485,0.6539190948608609,0,False,0.4666666666666666,normal-suppression
NFIC_2	NF-1_transfac_M00193,NFIC,10,0.2164243617808257,0.004784755665682697,0.46997999264480933,0.17291161179080314,0.2970683808540062,0,False,0.006060606060606061,neutral
NFIC_3	NF-1_transfac_M00806,NFIC,10,0.4058550971311779,0.05939773324474731,3.0119739263018444,0.050082031161441436,2.9618918951404027,0,False,0.05454545454545454,tumor-gain
NFIC_4	NFIC_jaspar_MA0161.1,NFIC,8,1.0,0.14578761324825235,0.6440109520989864,-0.3006359638126179,0.9446469159116043,0,False,-0.2380952380952381,tumor-gain
NFIC_Hsapiens-HOCOMOCOv10-NFIC_HUMAN.H10MO.A,NFIC,9,0.5723540724282675,0.3312979944756225,-0.5355437826380562,-1.594962268861075,1.0594184862230187,0,False,0.21666666666666667,divergent
NFIC_Hsapiens-JASPAR_2014-NFIC-MA0161.1,NFIC,8,0.01767384993918077,0.014177731139637013,0.10755731317904457,-0.29524764421057564,0.4028049573896202,0,False,0.09523809523809526,neutral
NFIC_Hsapiens-JASPAR_CORE-NFIC-MA0161.1,NFIC,10,0.08285763827282652,0.031449407474931614,0.6040283727944457,0.37534356473144675,0.2286848080629989,0,False,-0.49090909090909085,neutral
NFIC_Hsapiens-SwissRegulon-NFIC.SwissRegulon,NFIC,10,0.9525879066161387,0.2597106832191998,0.3630774638506152,0.31906041898546056,0.04401704486515462,0,False,-0.05454545454545454,neutral
NFIC_Hsapiens-jaspar2016-NFIC-MA0161.1,NFIC,10,0.013835367150681403,0.013835367150681403,0.0,0.0,0.0,0,True,0.4545454545454545,neutral
NFIC_Hsapiens-jaspar2018-NFIC-MA0161.1,NFIC,9,0.009400930202490883,0.009400930202490883,0.0,0.0,0.0,0,True,0.2833333333333333,neutral
NFIC_Hsapiens-jaspar2018-NFIC-MA0161.2,NFIC,10,1.0,0.7738202123010165,-0.48254230588118546,-1.6423576553563586,1.159815349475173,0,False,-0.4666666666666666,normal-suppression
NFIL3_1	E4BP4_transfac_M00045,NFIL3,5,1.0,0.5566881805946409,0.3027353545430196,-1.118374078562143,1.4211094331051626,0,False,-0.49999999999999994,normal-suppression
NFIL3_2	NFIL3_jaspar_MA0025.1,NFIL3,8,1.0,0.5340475891569475,1.3883770380857952,0.29423050495069675,1.0941465331350984,0,False,-0.3494229522161129,tumor-gain
NFIL3_3	NFIL3_jolma_DBD_M392,NFIL3,4,0.7275741433322752,0.6107706003207937,0.24267748946762574,-0.18978381779088635,0.43246130725851206,0,False,0.7999999999999999,neutral
NFIL3_Hsapiens-HOCOMOCOv10-NFIL3_HUMAN.H10MO.C,NFIL3,5,0.9049926369293615,0.6791558233218068,0.9399979122960455,-0.34878861556779867,1.2887865278638442,0,False,0.0,tumor-gain
NFIL3_Hsapiens-JASPAR_2014-NFIL3-MA0025.1,NFIL3,5,0.38870229940267265,0.3059197312803269,0.09223812838418562,-0.04218284051038111,0.13442096889456673,0,False,0.3,neutral
NFIL3_Hsapiens-JASPAR_CORE-NFIL3-MA0025.1,NFIL3,8,0.50114736106954,0.38870229940267265,1.5967821527685921,0.5060163160151208,1.0907658367534714,0,False,0.048196269271187996,tumor-gain
NFIL3_Hsapiens-SwissRegulon-NFIL3.SwissRegulon,NFIL3,6,0.2603391950455684,0.23341767426189577,-0.412269766258487,-0.9072492685871765,0.4949795023286895,0,False,0.08571428571428573,neutral
NFIL3_Hsapiens-cisbp_1.02-M1857_1.02,NFIL3,2,1.0,0.5340477933834745,3.1041776628497355,2.3302201946580863,0.7739574681916492,0,False,,tumor-gain
NFIL3_Hsapiens-cisbp_1.02-M3156_1.02,NFIL3,6,1.0,0.7165343685710633,0.44015429202408485,-2.8015907421975235,3.2417450342216085,0,False,-0.23190841426097936,normal-suppression
NFIL3_Hsapiens-cisbp_1.02-M5663_1.02,NFIL3,3,0.896851385712295,0.5636201252003862,0.6807810435234593,0.37474600663086033,0.3060350368925989,0,False,,neutral
NFIL3_Hsapiens-cisbp_1.02-M6368_1.02,NFIL3,8,0.9027907071118547,0.6049419230814425,0.37511224839403856,-0.40753028791127177,0.7826425363053103,0,False,0.19047619047619052,other
NFIL3_Hsapiens-hPDI-NFIL3,NFIL3,3,1.0,0.2507494375012611,-0.8604340849532873,-2.228419033730147,1.3679849487768596,0,False,,divergent
NFIL3_Hsapiens-jaspar2016-NFIL3-MA0025.1,NFIL3,9,0.301606305497357,0.26763664233914164,1.0274312165404063,-1.0789959413880086,2.106427157928415,0,False,0.10924755488608233,tumor-gain
NFIL3_Hsapiens-jaspar2018-NFIL3-MA0025.1,NFIL3,7,0.21952167186839325,0.19141945813320602,1.7964076484782714,0.7495165717098258,1.0468910767684456,0,False,-0.41443123283995714,tumor-gain
NFIL3_Hsapiens-jolma2013-NFIL3,NFIL3,6,0.3101265887184331,0.1655276759674223,1.965078266161606,0.5579752457596865,1.4071030204019195,0,False,-0.08571428571428573,tumor-gain
NFIX_1	NFIX_jolma_full_M193,NFIX,10,0.8577899939430228,0.550850163296992,-0.07741874992478746,-0.3351921408932005,0.257773390968413,0,False,-0.13939393939393938,neutral
NFIX_Hsapiens-SwissRegulon-NFIX.SwissRegulon,NFIX,10,0.09259113349721587,0.05966805707001591,0.5422623188342092,0.4941526722505118,0.048109646583697374,0,False,0.33333333333333326,neutral
NFIX_Hsapiens-jaspar2016-NFIX-MA0671.1,NFIX,10,1.0,0.9800170236028,-0.27404898894747015,-0.9743158866804359,0.7002668977329658,0,False,0.11515151515151514,normal-suppression
NFIX_Hsapiens-jaspar2018-NFIX-MA0671.1,NFIX,9,0.89340535935812,0.6453526282310974,-0.09031360125913722,-1.4848334477655767,1.3945198465064395,0,False,-0.5333333333333333,normal-suppression
NFIX_Hsapiens-jolma2013-NFIX,NFIX,9,0.8710237226802141,0.8710237226802141,0.0,0.0,0.0,0,True,0.48333333333333334,neutral
NFIX_Hsapiens-jolma2013-NFIX-2,NFIX,8,0.7572524650413915,0.7572524650413915,0.0,0.0,0.0,0,True,0.6428571428571429,neutral
NFIX_Hsapiens-jolma2013-NFIX-3,NFIX,5,0.9955707371002129,0.7883223038031353,0.7330358010020049,-0.25985008237561835,0.9928858833776233,0,False,-0.19999999999999998,tumor-gain
NFIX_Hsapiens-jolma2013-NFIX-4,NFIX,8,1.0,0.7432764036803539,-0.17107012095188776,-0.307045925170646,0.13597580421875824,0,False,-0.3333333333333334,neutral
NFKB1_Hsapiens-HOCOMOCOv10-NFKB1_HUMAN.H10MO.B,NFKB1,10,0.6369642954384573,0.25675819158650276,-1.7757395509552272,-2.557395382529854,0.7816558315746269,0,False,0.0303030303030303,divergent
NFKB1_Hsapiens-JASPAR_2014-NFKB1-MA0105.3,NFKB1,8,0.5753805572674298,0.29995389755386953,-2.986185092127326,-4.837893568031399,1.851708475904073,0,False,-0.11904761904761905,divergent
NFKB1_Hsapiens-JASPAR_CORE-NFKB1-MA0105.1,NFKB1,6,0.18315483753857306,0.07995436301322002,1.1423440691469082,0.25339546752586384,0.8889486016210444,0,False,-0.3188740696088466,tumor-gain
NFKB1_Hsapiens-SwissRegulon-NFKB1.SwissRegulon,NFKB1,9,0.23844638426216655,0.23358450416728657,-3.805547517412333,-5.791111400896931,1.9855638834845974,0,False,0.13333333333333333,divergent
NFKB1_Hsapiens-jaspar2016-NFKB1-MA0105.2,NFKB1,10,0.07060001342514677,0.03087191479621205,1.3183152545210055,0.8493144606778199,0.4690007938431856,0,False,0.0060976743331910424,neutral
NFKB1_Hsapiens-jaspar2016-NFKB1-MA0105.3,NFKB1,10,0.24165708288904453,0.19809930639045575,-3.0979248834404824,-4.797064859081348,1.6991399756408656,0,False,-0.6848484848484848,divergent
NFKB1_Hsapiens-jaspar2016-NFKB1-MA0105.4,NFKB1,10,0.09221834216591931,0.08570992144859266,2.7610486878138536,1.4381381337902295,1.3229105540236241,0,False,0.16363636363636364,tumor-gain
NFKB1_Hsapiens-jaspar2018-NFKB1-MA0105.2,NFKB1,7,0.042079725577193,0.0370241497097656,0.1624459429745371,0.06121151494194678,0.10123442803259032,0,False,0.4546206046583175,neutral
NFKB1_Hsapiens-jaspar2018-NFKB1-MA0105.3,NFKB1,10,0.19696745567404855,0.12788880212911788,-2.342709868530944,-3.595371635873228,1.2526617673422837,0,False,-0.3939393939393939,divergent
NFKB1_Hsapiens-jaspar2018-NFKB1-MA0105.4,NFKB1,10,0.023909404191076223,0.013020055021238429,2.501844962025165,1.5617278684087421,0.9401170936164229,0,False,-0.04242424242424241,tumor-gain
NFKB1_Hsapiens-jolma2013-NFKB1,NFKB1,10,0.01694066063591602,0.009057495816805457,1.3917866802039232,0.3454084855188169,1.0463781946851063,0,False,0.19999999999999998,tumor-gain
NFKB1_Mmusculus;Rnorvegicus;Hsapiens;Ocuniculus-jaspar2018-NFKB1-MA0105.1,NFKB1,10,0.05520618319661082,0.030288391692005326,1.4768020505000914,-0.041311488777671,1.5181135392777625,0,False,-0.6121212121212121,tumor-gain
NFKB2_Hsapiens-HOCOMOCOv10-NFKB2_HUMAN.H10MO.D,NFKB2,9,1.0,0.7506856145599602,-0.08906188536041686,-1.6810717790569454,1.5920098936965286,0,False,-0.03375797890278888,normal-suppression
NFKB2_Hsapiens-SwissRegulon-NFKB2.SwissRegulon,NFKB2,8,0.07852777419241018,0.06477267171318886,2.496109441971934,2.1993855303844203,0.29672391158751354,0,False,0.6190476190476191,neutral
NFKB2_Hsapiens-jaspar2016-NFKB2-MA0778.1,NFKB2,9,0.17699520042377673,0.11777691061923797,-0.800201282088752,-0.9999279109137371,0.19972662882498515,0,False,0.7166666666666667,neutral
NFKB2_Hsapiens-jaspar2018-NFKB2-MA0778.1,NFKB2,9,0.0938216473833547,0.0672470911308597,2.208393418244543,1.635210772266022,0.573182645978521,0,False,-0.4666666666666666,tumor-gain
NFKB2_Hsapiens-jolma2013-NFKB2,NFKB2,9,0.0782535871741838,0.0782535871741838,0.0,0.0,0.0,0,True,0.75,neutral
NFKB_disc1 NFKB1_GM19193_encode-Snyder_seq_hsa_IgG-rab_r1:MDscan#1#Intergenic,NFKB1,9,1.0,0.3069401461652175,-2.9331482792947656,-4.448082879769577,1.514934600474811,0,False,-0.31666666666666665,divergent
NFKB_disc2 NFKB1_GM12878_encode-Snyder_seq_hsa_TNFa_r1:AlignACE#2#Intergenic,NFKB1,10,1.0,0.7593193996308734,0.28331616785935354,-0.4580743777298305,0.741390545589184,0,False,0.35757575757575755,other
NFKB_disc3 NFKB1_GM10847_encode-Snyder_seq_hsa_IgG-rab_r1:Trawler#1#Intergenic,NFKB1,2,0.69673307565509,0.21182898340819645,0.7234917568045409,0.12581288234482793,0.597678874459713,0,False,,tumor-gain
NFKB_disc4 NFKB1_GM18951_encode-Snyder_seq_hsa_IgG-rab_r1:Trawler#2#Intergenic,NFKB1,5,1.0,0.06617424851452815,-0.3656977887973016,-0.6927462295077107,0.3270484407104091,0,False,0.19999999999999998,neutral
NFKB_known1	NFKB1_1	NF-kappaB-(p50)_transfac_M00051,NFKB1,9,0.20095932918870524,0.08825605309003313,2.0350560180770483,1.168471293719145,0.8665847243579032,0,False,0.09283444198266944,tumor-gain
NFKB_known10	NFKB1_3	NFKB1_jolma_DBD_M189,NFKB1,10,1.0,0.09459237387726495,0.3631630242034833,-0.24180149754425861,0.604964521747742,0,False,-0.43030303030303024,other
NFKB_known11	NFKB2_1	NFKB2_jolma_DBD_M190,NFKB2,9,0.3982818682281557,0.2193123605486393,0.29838220456912906,-0.17557161344476815,0.47395381801389724,0,False,0.35,neutral
NFKB_known2	RELA_1	NF-kappaB-(p65)_transfac_M00052,REL,9,0.40107733992626077,0.40107733992626077,0.0,0.0,0.0,0,True,0.4369902195443293,neutral
NFKB_known3	NFKB_1	NF-kappaB_transfac_M00054,NFKB1,9,0.5579183837647897,0.10179640718562875,-1.6835793798922745,-1.7750213721042416,0.09144199221196714,0,False,0.21666666666666667,neutral
NFKB_known4	NFKB_2	NF-kappaB_transfac_M00194,NFKB1,7,1.0,1.0,0.0,0.0,0.0,0,True,,neutral
NFKB_known5	NFKB_3	NF-kappaB_transfac_M00208,NFKB1,10,1.0,0.35978167497418184,-4.880564258601984,-5.591298528087127,0.7107342694851431,0,False,0.04242424242424241,divergent
NFKB_known6	NFKB_4	NF-kappaB_transfac_M00774,NFKB1,7,0.7410960178942739,0.2518973356117669,-2.544552104587495,-3.84706369763711,1.3025115930496152,0,False,-0.25,divergent
NFKB_known7	NFKB_5	NF-kappaB_jaspar_MA0061.1,NFKB1,9,0.07331208784028749,0.05574386815499287,0.9164947138176069,-0.3604162369674053,1.2769109507850123,0,False,0.16736548175114463,tumor-gain
NFKB_known8	NFKB1_2	NFKB1_jaspar_MA0105.1,NFKB1,9,1.0,0.5461966865486816,-1.160948152684795,-1.3814716775430895,0.22052352485829463,0,False,0.33473096350228926,neutral
NFKB_known9	RELA_2	RELA_jaspar_MA0107.1,REL,10,0.1098615028212471,0.045942983952898385,3.279808942391546,1.5412593386001183,1.7385496037914279,0,False,-0.20122325299530436,tumor-gain
NFYA_Hsapiens-HOCOMOCOv10-NFYA_HUMAN.H10MO.A,NFYA,6,0.9508793540257198,0.7806707280536227,0.6236683133085674,-0.14293102445269668,0.7665993377612641,0,False,-0.3142857142857143,tumor-gain
NFYA_Hsapiens-JASPAR_2014-NFYA-MA0060.2,NFYA,10,1.0,0.6360457992096994,-0.3784483578925982,-0.5303561554115857,0.15190779751898748,0,False,-0.12727272727272726,neutral
NFYA_Hsapiens-SwissRegulon-NFYA.SwissRegulon,NFYA,10,1.0,0.6886109609924658,-0.25946790155122673,-0.7198806721327274,0.4604127705815007,0,False,0.006060606060606061,neutral
NFYA_Hsapiens-jaspar2016-NFYA-MA0060.2,NFYA,10,0.4757088976880282,0.24861039485715658,-1.5145415554465236,-1.8169487404636635,0.3024071850171399,0,False,0.24848484848484845,neutral
NFYA_Hsapiens-jaspar2018-NFYA-MA0060.2,NFYA,10,0.6328225746045808,0.2720888618595981,-0.15836714138635358,-0.2939436378200952,0.13557649643374162,0,False,0.07878787878787878,neutral
NFYA_Hsapiens-jaspar2018-NFYA-MA0060.3,NFYA,10,1.0,0.7068355902075275,-0.22967836233716235,-0.5069419329373087,0.2772635706001464,0,False,0.6242424242424242,neutral
NFYA_Mmusculus;Rnorvegicus;Xlaevis;Stropicalis;Ggallus;Hsapiens;Btaurus;Ocuniculus-jaspar2018-NFYA-MA0060.1,NFYA,5,0.7336639360668353,0.5148386723179652,0.2973417212783072,-0.2932449756791856,0.5905866969574929,0,False,0.19999999999999998,other
NFYB_Hsapiens-HOCOMOCOv10-NFYB_HUMAN.H10MO.A,NFYB,9,0.6583506099218086,0.36624476247516574,0.8712556195502486,0.17163599444572936,0.6996196251045192,0,False,-0.6666666666666667,tumor-gain
NFYB_Hsapiens-JASPAR_2014-NFYB-MA0502.1,NFYB,6,1.0,0.48671989571451935,-0.03353069981745598,-1.2719769468552147,1.2384462470377586,0,False,-0.5428571428571429,normal-suppression
NFYB_Hsapiens-SwissRegulon-NFYB.SwissRegulon,NFYB,10,0.7697841726618706,0.7697841726618706,0.0,0.0,0.0,0,True,0.04242424242424241,neutral
NFYB_Hsapiens-jaspar2016-NFYB-MA0502.1,NFYB,9,0.7675035556112334,0.3715516847842326,0.44967524302762807,-1.6279578432073136,2.0776330862349415,0,False,0.15,normal-suppression
NFYB_Hsapiens-jaspar2018-NFYB-MA0502.1,NFYB,8,0.7315893185641986,0.7315893185641986,0.0,0.0,0.0,0,True,0.8333333333333335,neutral
NFYC_Hsapiens-HOCOMOCOv10-NFYC_HUMAN.H10MO.B,NFYC,10,1.0,0.5101073866752895,-0.056448030755093415,-1.2373006855174893,1.1808526547623959,0,False,-0.34545454545454546,normal-suppression
NFYC_Hsapiens-SwissRegulon-NFYC.SwissRegulon,NFYC,10,0.8756820931553394,0.5196740652021568,-0.5261698788280517,-0.6622221068413797,0.13605222801332806,0,False,0.16363636363636364,neutral
NFY_disc1 NFYA_K562_encode-Snyder_seq_hsa_r1:MEME#2#Intergenic,NFYA,9,1.0,0.30506494883570234,0.21639673134265291,-0.16046614899208592,0.3768628803347388,0,False,0.03333333333333333,neutral
NFY_known1	NFY_1	NF-Y_transfac_M00185,NFY,8,1.0,0.5575942177224813,0.32392859839522176,-1.4230723828208207,1.7470009812160425,0,False,-0.674747769796632,normal-suppression
NFY_known2	NFY_2	NF-Y_transfac_M00209,NFY,9,1.0,0.9743313872095073,0.027621770498478068,-2.144664683452955,2.172286453951433,0,False,0.06666666666666667,normal-suppression
NFY_known3	NFY_3	NF-Y_transfac_M00287,NFY,9,0.7606804340487323,0.1458609127204979,0.18073553318796987,-1.2512020574991825,1.4319375906871523,0,False,0.09999999999999999,normal-suppression
NFY_known4	NFY_4	alpha-CP1_transfac_M00687,NFY,6,1.0,1.0,0.0,0.0,0.0,0,True,0.8116794499134278,neutral
NFY_known5	NFY_5	NF-Y_transfac_M00775,NFY,5,0.6069697993416433,0.5764880862021892,-1.0626138904951785,-2.1482762189012763,1.0856623284060978,0,False,0.09999999999999999,divergent
NFY_known6	NFYA_1	NFYA_jaspar_MA0060.1,NFYA,10,0.7152290535273054,0.33667085034785527,-0.3198097752026152,-1.2610435322658,0.9412337570631848,0,False,0.09090909090909088,normal-suppression
NGN2_Hsapiens-HOCOMOCOv10-NGN2_HUMAN.H10MO.D,NGN2,8,0.8794811114032788,0.8794811114032788,0.0,0.0,0.0,0,True,0.4047619047619048,neutral
NHLH1_1	HEN1_transfac_M00058,NHLH1,7,0.6248290344958504,0.14279903118598367,0.020511413954032946,-0.3085690291252285,0.32908044307926143,0,False,-0.14285714285714288,neutral
NHLH1_2	HEN1_transfac_M00068,NHLH1,10,0.3006409359348031,0.2742358905500899,0.03814388208992039,-0.2836940193269407,0.3218379014168611,0,False,0.2606060606060606,neutral
NHLH1_3	NHLH1_jaspar_MA0048.1,NHLH1,2,0.7654512926871744,0.7654512926871744,0.0,0.0,0.0,0,True,,neutral
NHLH1_4	NHLH1_jolma_DBD_M335,NHLH1,7,0.3558129533647076,0.3558129533647076,0.0,0.0,0.0,0,True,0.5,neutral
NHLH1_5	NHLH1_jolma_full_M336,NHLH1,9,0.16271489759615645,0.052666310530119734,0.5806281709292641,0.16902617479721394,0.4116019961320502,0,False,-0.25,neutral
NHLH1_Hsapiens-JASPAR_2014-NHLH1-MA0048.1,NHLH1,9,0.263335867603622,0.2173584498299777,1.0115340169691622,-0.12270100680129781,1.1342350237704601,0,False,0.19247030401381632,tumor-gain
NHLH1_Hsapiens-JASPAR_CORE-NHLH1-MA0048.1,NHLH1,9,0.406271927457225,0.406271927457225,0.0,0.0,0.0,0,True,0.4184137043778615,neutral
NHLH1_Hsapiens-SwissRegulon-NHLH1.SwissRegulon,NHLH1,5,0.2839252770293548,0.22839696849118016,-0.4122491552992949,-2.2446988824488994,1.8324497271496045,0,False,-0.3,normal-suppression
NHLH1_Hsapiens-cisbp_1.02-M1880_1.02,NHLH1,7,0.6481763809077034,0.2842518726350268,0.5162442649555217,-0.2133325774605936,0.7295768424161153,0,False,0.198206241793023,tumor-gain
NHLH1_Hsapiens-cisbp_1.02-M3375_1.02,NHLH1,8,0.5995780180228357,0.004213061287065321,-0.012818266786893809,-0.9364853988552435,0.9236671320683497,0,False,-0.4523809523809524,normal-suppression
NHLH1_Hsapiens-cisbp_1.02-M3376_1.02,NHLH1,7,0.2960867628374334,0.020303602132285454,1.0989564463031205,0.3424973164281111,0.7564591298750094,0,False,-0.07142857142857144,tumor-gain
NHLH1_Hsapiens-cisbp_1.02-M5670_1.02,NHLH1,8,0.10169831859061756,0.034559603561827225,0.19059394807865873,-0.11886916438672337,0.3094631124653821,0,False,-0.19047619047619052,neutral
NHLH1_Hsapiens-cisbp_1.02-M5671_1.02,NHLH1,10,0.0948347291583112,0.0345915585911404,-0.06491505085457065,-0.8576989266293873,0.7927838757748167,0,False,-0.29696969696969694,normal-suppression
NHLH1_Hsapiens-cisbp_1.02-M6270_1.02,NHLH1,4,1.0,1.0,0.0,0.0,0.0,0,True,0.19999999999999998,neutral
NHLH1_Hsapiens-jaspar2016-NHLH1-MA0048.1,NHLH1,9,0.20779286976063396,0.20779286976063396,0.0,0.0,0.0,0,True,0.5,neutral
NHLH1_Hsapiens-jaspar2016-NHLH1-MA0048.2,NHLH1,10,0.05772469277148534,0.02947977001124794,0.3514640604561001,0.14032295861699612,0.211141101839104,0,False,0.3939393939393939,neutral
NHLH1_Hsapiens-jaspar2018-NHLH1-MA0048.1,NHLH1,8,0.18692368787203734,0.16338317050790724,1.4180952253021908,0.7524069932022346,0.6656882320999562,0,False,0.5476190476190477,tumor-gain
NHLH1_Hsapiens-jaspar2018-NHLH1-MA0048.2,NHLH1,8,0.023439775142438366,0.018344010065068472,0.01227310793514941,-0.007170987632493812,0.019444095567643222,0,False,0.2380952380952381,neutral
NHLH1_Hsapiens-jolma2013-NHLH1,NHLH1,8,0.03277063770886724,0.010758244698471538,-0.001623104075877985,-0.030839301418391803,0.02921619734251382,0,False,0.4285714285714286,neutral
NHLH1_Hsapiens-jolma2013-NHLH1-2,NHLH1,10,0.011705586724208026,0.007037292219134572,-0.3879832727311404,-0.8144636726334412,0.4264803999023008,0,False,0.18787878787878787,neutral
NKX1-1_1	Nkx1-1_bulyk_cell08-3856.3,NKX1-1,10,0.746226425015245,0.2275625249992762,2.448477017144746,0.9127982084019236,1.5356788087428224,0,False,0.32121212121212117,tumor-gain
NKX1-1_Hsapiens-SwissRegulon-NKX1-1.SwissRegulon,NKX1-1,9,0.6313624242481187,0.35673040460636246,2.0052603221713,0.1379607152747375,1.8672996068965626,0,False,-0.5499999999999999,tumor-gain
NKX1-2_1	Nkx1-2_bulyk_cell08-3214.1,NKX1-2,6,0.5436611624788213,0.0637063815253823,-0.3035866051185987,-0.670872141733399,0.36728553661480035,0,False,0.48571428571428577,neutral
NKX1-2_Hsapiens-SwissRegulon-NKX1-2.SwissRegulon,NKX1-2,7,0.2149117235227943,0.024164033128653638,0.3350218154111437,-1.0062453199788737,1.3412671353900174,0,False,0.03571428571428572,normal-suppression
NKX2-1_1	TTF1-(Nkx2-1)_transfac_M00432,NKX2-1,6,1.0,0.6673313373253493,0.15111592819092523,-0.08022748870025526,0.2313434168911805,0,False,0.7714285714285715,neutral
NKX2-1_2	TTF-1-(Nkx2-1)_transfac_M00794,NKX2-1,9,1.0,0.6070129065596996,0.15704945164183062,-0.06574477824055797,0.2227942298823886,0,False,0.48535989707831934,neutral
NKX2-1_3	Titf1_bulyk_cell08-1722.2,NKX2-1,9,0.939157711840195,0.42750938924890647,0.29052802520150317,-0.32305172690119915,0.6135797521027023,0,False,0.18333333333333335,other
NKX2-1_Hsapiens-SwissRegulon-NKX2-1.SwissRegulon,NKX2-1,10,0.39669275988371816,0.35479222442431574,-0.009159622775951986,-0.5245682769341763,0.5154086541582243,0,False,-0.13939393939393938,normal-suppression
NKX2-2_1	Nkx2-2_transfac_M00485,NKX2-2,5,1.0,0.7278414058310607,0.3674252484079892,0.13405113792117124,0.23337411048681794,0,False,0.6,neutral
NKX2-2_2	Nkx2-2_bulyk_cell08-2823.1,NKX2-2,7,0.4789417664260729,0.4208353455073777,0.6316697578985803,-0.14458182102263,0.7762515789212103,0,False,0.5714285714285715,tumor-gain
NKX2-2_Hsapiens-SwissRegulon-NKX2-2.SwissRegulon,NKX2-2,5,0.40828932865615386,0.2729307589328598,1.147004090553532,0.628764132282688,0.5182399582708439,0,False,0.3,tumor-gain
NKX2-3_1	Nkx2-3_bulyk_cell08-3435.1,NKX2-3,6,1.0,0.5282728487384439,0.1848537208883501,0.06856033103419958,0.11629338985415051,0,False,0.5428571428571429,neutral
NKX2-3_2	NKX2-3_jolma_DBD_M599,NKX2-3,6,0.6071408860208977,0.4785051515666635,0.9061812756341256,0.26949041621382674,0.6366908594202989,0,False,-0.4285714285714286,tumor-gain
NKX2-3_3	NKX2-3_jolma_full_M600,NKX2-3,9,0.5383530697722517,0.42742654148409687,-0.16262137764746384,-0.33017116558880394,0.1675497879413401,0,False,0.03333333333333333,neutral
NKX2-3_Hsapiens-SwissRegulon-NKX2-3.SwissRegulon,NKX2-3,4,0.5352607417209746,0.19837579237984992,0.11916390401034024,-0.23896735727301596,0.3581312612833562,0,False,0.0,neutral
NKX2-3_Hsapiens-hPDI-NKX2-3,NKX2-3,6,1.0,1.0,0.0,0.0,0.0,0,True,0.48571428571428577,neutral
NKX2-3_Hsapiens-jaspar2016-NKX2-3-MA0672.1,NKX2-3,6,0.4909361326267822,0.3747861420418266,0.2143587414729258,0.11350014597966288,0.10085859549326293,0,False,-0.3714285714285715,neutral
NKX2-3_Hsapiens-jaspar2018-NKX2-3-MA0672.1,NKX2-3,9,0.3195726792605145,0.2710629059932202,0.11012258081952957,-0.4553283895058366,0.5654509703253662,0,False,0.16666666666666669,other
NKX2-3_Hsapiens-jolma2013-NKX2-3-2,NKX2-3,8,0.23849386670524,0.2008872085796485,-0.057757091518905596,-0.7955944097922157,0.7378373182733101,0,False,0.11904761904761905,normal-suppression
NKX2-3_Hsapiens-jolma2013-NKX3,NKX2-3,5,0.1572219184480244,0.1572219184480244,0.0,0.0,0.0,0,True,0.3,neutral
NKX2-4_1	Nkx2-4_bulyk_cell08-3074.1,NKX2-4,3,0.6395527659084194,0.6395527659084194,0.0,0.0,0.0,0,True,,neutral
NKX2-4_Hsapiens-SwissRegulon-NKX2-4.SwissRegulon,NKX2-4,3,0.22727297899539142,0.14508613746019822,0.17350835290158298,0.05127693762118047,0.12223141528040252,0,False,,neutral
NKX2-5_1	Nkx2-5_transfac_M00240,NKX2-5,8,1.0,1.0,0.0,0.0,0.0,0,True,0.6304072384595336,neutral
NKX2-5_2	Nkx2-5_transfac_M00241,NKX2-5,5,1.0,1.0,0.0,0.0,0.0,0,True,0.9746794344808963,neutral
NKX2-5_3	Nkx2-5_transfac_M01043,NKX2-5,10,1.0,0.7148140184109353,0.12827010918233078,-0.09230939876492737,0.22057950794725817,0,False,0.27524094128159016,neutral
NKX2-5_4	Nkx2-5_jaspar_MA0063.1,NKX2-5,4,1.0,0.25541857452789024,-0.3894626279403586,-0.46487132769334055,0.07540869975298198,0,False,0.7999999999999999,neutral
NKX2-5_5	Nkx2-5_bulyk_cell08-3436.1,NKX2-5,7,0.8198436092177217,0.8092316877696141,1.7057570687435268,0.23697777535318584,1.468779293390341,0,False,-0.10714285714285716,tumor-gain
NKX2-5_Hsapiens-SwissRegulon-NKX2-5.SwissRegulon,NKX2-5,9,0.9370022419408345,0.6880868244186369,0.6229989298183132,-1.450604246822791,2.0736031766411043,0,False,-0.2333333333333333,tumor-gain
NKX2-6_1	Nkx2-6_bulyk_cell08-3437.1,NKX2-6,7,1.0,0.6797010322696918,-0.021069139266153458,-0.7849085855564709,0.7638394462903174,0,False,-0.07142857142857144,normal-suppression
NKX2-6_Hsapiens-SwissRegulon-NKX2-6.SwissRegulon,NKX2-6,6,0.6184291241541592,0.5340109668488389,1.3952158410712583,-0.2895760235160587,1.684791864587317,0,False,-0.028571428571428574,tumor-gain
NKX2-8_1	Nkx2-9_bulyk_cell08-3082.1,NKX2-8,5,0.9016681335206106,0.9016681335206106,0.0,0.0,0.0,0,True,0.19999999999999998,neutral
NKX2-8_2	NKX2-8_jolma_DBD_M601,NKX2-8,6,0.922512289390323,0.5959081708557264,0.1511436870993691,-0.03145457030997756,0.18259825740934665,0,False,-0.08571428571428573,neutral
NKX2-8_3	NKX2-8_jolma_full_M602,NKX2-8,10,0.6159328849012417,0.4964921016091191,0.2977752890161675,0.19540895257280833,0.10236633644335918,0,False,0.35757575757575755,neutral
NKX2-8_Hsapiens-SwissRegulon-NKX2-8.SwissRegulon,NKX2-8,8,0.23648547628825217,0.23648547628825217,0.0,0.0,0.0,0,True,0.4433944513137059,neutral
NKX2-8_Hsapiens-jaspar2016-NKX2-8-MA0673.1,NKX2-8,10,0.2921632552948226,0.23733524058903804,0.25940801849940837,-0.1183490620686823,0.37775708056809065,0,False,0.2121212121212121,neutral
NKX2-8_Hsapiens-jaspar2018-NKX2-8-MA0673.1,NKX2-8,8,0.2450660767295608,0.15590419422102167,-0.06297267190919731,-0.6492259491757557,0.5862532772665584,0,False,-0.4285714285714286,normal-suppression
NKX2-8_Hsapiens-jolma2013-NKX2-8,NKX2-8,9,0.3386180118780594,0.2339792541471874,0.9722699325017248,-2.1508370124633482,3.1231069449650732,0,False,-0.3,tumor-gain
NKX2-8_Hsapiens-jolma2013-NKX2-8-2,NKX2-8,8,0.1654280427452027,0.1254312105010616,-0.20209426845157566,-0.6658358554973048,0.4637415870457292,0,False,-0.4285714285714286,neutral
NKX21_Hsapiens-HOCOMOCOv10-NKX21_HUMAN.H10MO.D,NKX2-1,9,1.0,0.5163971588333083,0.7353934867074984,-0.2534999261505367,0.9888934128580351,0,False,-0.38333333333333336,tumor-gain
NKX22_Hsapiens-HOCOMOCOv10-NKX22_HUMAN.H10MO.D,NKX2-2,5,0.8753738783649072,0.7278664731494918,0.4200698019267523,-1.075689903022914,1.4957597049496663,0,False,-0.20519567041703085,normal-suppression
NKX23_Hsapiens-HOCOMOCOv10-NKX23_HUMAN.H10MO.D,NKX2-3,6,1.0,0.37603075041066397,0.12694787824339177,-0.10014618748590065,0.22709406572929242,0,False,0.08571428571428573,neutral
NKX25_Hsapiens-HOCOMOCOv10-NKX25_HUMAN.H10MO.C,NKX2-5,5,0.3476342146667179,0.03653998058116406,0.340314474991559,-0.0681842411280757,0.4084987161196347,0,False,0.19999999999999998,neutral
NKX28_Hsapiens-HOCOMOCOv10-NKX28_HUMAN.H10MO.C,NKX2-8,5,0.5007488766849718,0.33466400532268864,2.532726917891067,0.7873572757907874,1.7453696421002796,0,False,0.22360679774997896,tumor-gain
NKX3-1_2	NKX3-1_jaspar_MA0124.1,NKX3-1,4,0.23195084485407066,0.05362776025236594,0.5873143615082854,-0.9548632663399169,1.5421776278482024,0,False,-0.10540925533894598,tumor-gain
NKX3-1_3	Nkx3-1_bulyk_sc09-primary,NKX3-1,8,0.5480281754034958,0.5480281754034958,0.0,0.0,0.0,0,True,0.5952380952380953,neutral
NKX3-1_4	Nkx3-1_bulyk_cell08-2923.2,NKX3-1,4,0.9927128022688548,0.16512581933132955,0.14668616848102736,-0.2607044803351522,0.4073906488161796,0,False,-0.6000000000000001,neutral
NKX3-1_5	NKX3-1_jolma_full_M603,NKX3-1,5,0.5444786259052746,0.5444786259052746,0.0,0.0,0.0,0,True,0.7,neutral
NKX3-1_6	Nkx3-1_jolma_DBD_M610,NKX3-1,7,0.1081260654236886,0.08854756410100528,0.029326769348384057,-0.18564140931956616,0.2149681786679502,0,False,0.21428571428571433,neutral
NKX3-1_Hsapiens-JASPAR_2014-NKX3-1-MA0124.1,NKX3-1,5,0.004201253107328207,0.00287593666968524,-0.02466276534610057,-1.4294444537936672,1.4047816884475666,0,False,,normal-suppression
NKX3-1_Hsapiens-JASPAR_CORE-NKX3-1-MA0124.1,NKX3-1,6,0.012439004298167829,0.012439004298167829,0.0,0.0,0.0,0,True,,neutral
NKX3-1_Hsapiens-SwissRegulon-NKX3-1.SwissRegulon,NKX3-1,5,0.2394801177969867,0.1994523958237501,-0.04805357531436148,-0.08312198395143845,0.03506840863707697,0,False,0.7999999999999999,neutral
NKX3-1_Hsapiens-jaspar2016-NKX3-1-MA0124.1,NKX3-1,8,0.0006670759402802938,0.0006670759402802938,0.0,0.0,0.0,0,True,,neutral
NKX3-1_Hsapiens-jaspar2018-NKX3-1-MA0124.1,NKX3-1,7,0.0006670759402802938,0.00022530379439930452,0.021851405429041168,-1.2572041668549327,1.2790555722839738,0,False,-0.7671932182792478,normal-suppression
NKX3-1_Hsapiens-jolma2013-NKX3-1,NKX3-1,10,0.06692421530307173,0.05258855830368923,0.1499224862894156,-0.3707100696666148,0.5206325559560304,0,False,0.11515151515151514,other
NKX3-2_1	Nkx3-2_jaspar_MA0122.1,NKX3-2,9,1.0,0.7783696808510638,0.12748245941623293,0.057270863733046025,0.07021159568318691,0,False,0.217575126276488,neutral
NKX3-2_2	Bapx1_bulyk_cell08-2343.1,NKX3-2,3,0.22502664441865916,0.22502664441865916,0.0,0.0,0.0,0,True,,neutral
NKX3-2_3	NKX3-2_jolma_DBD_M604,NKX3-2,7,0.36377694675080174,0.1963694789613691,0.5782192468574285,-0.49630664312195294,1.0745258899793815,0,False,0.25,tumor-gain
NKX3-2_Hsapiens-SwissRegulon-NKX3-2.SwissRegulon,NKX3-2,8,0.41978366180493915,0.41978366180493915,0.0,0.0,0.0,0,True,0.22754898976351917,neutral
NKX3-2_Hsapiens-jaspar2016-NKX3-2-MA0122.2,NKX3-2,6,0.10066108495062807,0.07699899873565301,-0.3925614347501649,-0.49255146435534625,0.09999002960518133,0,False,-0.7142857142857143,neutral
NKX3-2_Hsapiens-jaspar2018-NKX3-2-MA0122.2,NKX3-2,7,0.08465560460843892,0.05789303944699815,-0.17442369492288778,-0.7726856698057817,0.5982619748828939,0,False,0.1785714285714286,normal-suppression
NKX3-2_Hsapiens-jolma2013-NKX3-2,NKX3-2,3,0.046331473191619614,0.03562016597599567,-0.5118185284540183,-0.5303886623081565,0.018570133854138193,0,False,,neutral
NKX32_Hsapiens-HOCOMOCOv10-NKX32_HUMAN.H10MO.C,NKX3-2,9,1.0,0.6007984031936128,0.7714486302745963,-0.09889379936145314,0.8703424296360495,0,False,-0.016807316136320357,tumor-gain
NKX6-1_1	Nkx6-1_transfac_M00424,NKX6-1,6,1.0,0.2317743363640875,-0.5121612863119872,-1.1610372940192972,0.64887600770731,0,False,-0.4285714285714286,divergent
NKX6-1_2	Nkx6-1_bulyk_cell08-2825.1,NKX6-1,2,0.32862433353445997,0.06477275126252419,0.049591196777688536,-0.2956308066110753,0.34522200338876385,0,False,,neutral
NKX6-1_5	NKX6-1_jolma_full_M606,NKX6-1,5,0.052376452465519606,0.052376452465519606,0.0,0.0,0.0,0,True,0.3,neutral
NKX6-1_6	Nkx6-1_jolma_DBD_M611,NKX6-1,4,0.09000512220452164,0.0514115748126951,1.3636178076002585,0.337465559891153,1.0261522477091054,0,False,-0.39999999999999997,tumor-gain
NKX6-1_Hsapiens-SwissRegulon-NKX6-1.SwissRegulon,NKX6-1,3,0.001073197858542259,0.001073197858542259,0.0,0.0,0.0,0,True,,neutral
NKX6-1_Hsapiens-jaspar2016-NKX6-1-MA0674.1,NKX6-1,6,0.012805758659638644,0.011873586778512173,0.32728580493769216,-0.5994356510560491,0.9267214559937413,0,False,0.08571428571428573,normal-suppression
NKX6-1_Hsapiens-jaspar2018-NKX6-1-MA0674.1,NKX6-1,7,0.011532515813640681,0.00618042986221921,0.9884154147015404,-0.5012754859216936,1.489690900623234,0,False,0.14285714285714288,tumor-gain
NKX6-1_Hsapiens-jolma2013-NKX6-1,NKX6-1,5,0.005152960906432253,0.004612322484267245,0.9855767620196373,-1.4140471901240923,2.3996239521437297,0,False,0.0,tumor-gain
NKX6-1_Hsapiens-jolma2013-NKX6-1-2,NKX6-1,6,0.007602779552788083,0.007200031431580316,-0.1885905598405204,-0.29016933901962993,0.10157877917910954,0,False,0.8857142857142858,neutral
NKX6-2_1	Nkx6-2_transfac_M00489,NKX6-2,3,1.0,0.6674426346285015,0.493410343444758,-0.26850742785860426,0.7619177713033622,0,False,,other
NKX6-2_3	NKX6-2_jolma_full_M608,NKX6-2,3,0.050159246728370036,0.050159246728370036,0.0,0.0,0.0,0,True,,neutral
NKX6-2_Hsapiens-SwissRegulon-NKX6-2.SwissRegulon,NKX6-2,7,0.2876505186390715,0.12000657412455325,-0.03341205781564614,-0.2025587602812963,0.16914670246565017,0,False,-0.14285714285714288,neutral
NKX6-2_Hsapiens-jaspar2016-NKX6-2-MA0675.1,NKX6-2,4,0.03398964152427961,0.03056863341574655,-0.06007076894199861,-1.2768063902115445,1.216735621269546,0,False,-0.19999999999999998,normal-suppression
NKX6-2_Hsapiens-jaspar2018-NKX6-2-MA0675.1,NKX6-2,6,0.03112827258797008,0.02128062526623105,0.5540769040593171,-1.147139487881167,1.7012163919404841,0,False,-0.14285714285714288,tumor-gain
NKX6-2_Hsapiens-jolma2013-NKX6-2,NKX6-2,5,0.017327943263461116,0.002930613972333753,-0.28500847823231457,-1.4594738337077475,1.174465355475433,0,False,-0.3,normal-suppression
NKX6-2_Hsapiens-jolma2013-NKX6-2-2,NKX6-2,5,0.020665565273887056,0.006411397281605063,0.1615494430020101,-1.2834015030789874,1.4449509460809975,0,False,-0.6,normal-suppression
NKX6-3_1	Nkx6-3_bulyk_cell08-3446.1,NKX6-3,4,0.5713191524126987,0.010359388707004655,-0.020257555080882356,-0.9810501152147465,0.9607925601338642,0,False,-0.7999999999999999,normal-suppression
NKX6-3_Hsapiens-SwissRegulon-NKX6-3.SwissRegulon,NKX6-3,5,0.5907197504688125,0.5907197504688125,0.0,0.0,0.0,0,True,0.3,neutral
NKX61_Hsapiens-HOCOMOCOv10-NKX61_HUMAN.H10MO.D,NKX6-1,2,0.13007059615709174,0.004669832722454253,0.670715722836604,-0.7813794385121399,1.4520951613487438,0,False,,tumor-gain
NKX62_Hsapiens-HOCOMOCOv10-NKX62_HUMAN.H10MO.D,NKX6-2,2,0.7028846844314692,0.6826609224723933,-0.44717129892419133,-1.832713177374912,1.3855418784507205,0,False,,normal-suppression
NME1_Hsapiens-hPDI-NME1,NME1,6,0.7504990019960079,0.500998003992016,1.3047375850860163,0.5318501702040785,0.7728874148819378,0,False,0.3086066999241838,tumor-gain
NMI_Hsapiens-hPDI-NMI,NMI,5,0.3009189289153323,0.14383561643835616,0.06911953218079046,-0.5192591414987412,0.5883786736795317,0,False,-0.09999999999999999,normal-suppression
NMRAL1_Hsapiens-hPDI-NMRAL1,NMRAL1,3,1.0,0.33422103861517977,0.2048024085784653,-0.06258422048331883,0.2673866290617841,0,False,,neutral
NNT_Hsapiens-hPDI-NNT,NNT,4,0.5012468827930174,0.22314722273747864,-0.01934783405185896,-0.4031048934108499,0.3837570593589909,0,False,0.19999999999999998,neutral
NOBOX_1	Nobox_jaspar_MA0125.1,NOBOX,2,0.7652307925632517,0.7652307925632517,0.0,0.0,0.0,0,True,,neutral
NOBOX_2	Og2x_bulyk_cell08-3719.1,NOBOX,6,0.2143995855989627,0.1970570118601042,0.2239097622287123,-0.5076327788810544,0.7315425411097667,0,False,-0.08571428571428573,normal-suppression
NOBOX_Hsapiens-HOCOMOCOv10-NOBOX_HUMAN.H10MO.C,NOBOX,5,1.0,0.5634004864966012,0.25670900717193645,0.23409865659285245,0.022610350579084004,0,False,-0.31622776601683794,neutral
NOBOX_Hsapiens-SwissRegulon-NOBOX.SwissRegulon,NOBOX,6,0.6459611938775396,0.005200879860976175,0.8853471813288761,0.3468038114236758,0.5385433699052004,0,False,-0.4285714285714286,tumor-gain
NONO_Hsapiens-hPDI-NONO,NONO,2,1.0,1.0,0.0,0.0,0.0,0,True,,neutral
NOTO_1	NOTO_jolma_DBD_M609,NOTO,7,0.30490343337021947,0.3024000780987558,0.5312261270389659,-0.02625021901549611,0.557476346054462,0,False,0.39285714285714296,tumor-gain
NOTO_Hsapiens-HOCOMOCOv10-NOTO_HUMAN.H10MO.D,NOTO,3,0.38268056707988657,0.23318078548859555,-0.15720643219579247,-0.39625879479702275,0.23905236260123028,0,False,,neutral
NOTO_Hsapiens-SwissRegulon-NOTO.SwissRegulon,NOTO,7,0.13929540188636308,0.11943181722286061,1.9330478358290974,1.550702124391758,0.3823457114373394,0,False,0.03571428571428572,neutral
NOTO_Hsapiens-jaspar2016-NOTO-MA0710.1,NOTO,5,0.1955000666918465,0.11118785987760861,-0.11387888615033658,-0.8459534628450744,0.7320745766947379,0,False,-0.8999999999999998,normal-suppression
NOTO_Hsapiens-jaspar2018-NOTO-MA0710.1,NOTO,5,0.2371878517983044,0.16746958785496532,-0.9240877445479548,-1.8628679442176161,0.9387801996696613,0,False,-0.3,divergent
NOTO_Hsapiens-jolma2013-NOTO,NOTO,7,0.21744377171385246,0.09933924834450936,0.1024315236360477,-1.3172712520219088,1.4197027756579566,0,False,-0.4642857142857144,normal-suppression
NR0B1_Hsapiens-HOCOMOCOv10-NR0B1_HUMAN.H10MO.D,NR0B1,6,1.0,0.5011224744325268,0.0059118970403471815,-0.3455382951896244,0.3514501922299716,0,False,-0.2571428571428572,neutral
NR0B1_Hsapiens-SwissRegulon-NR0B1.SwissRegulon,NR0B1,4,0.4020416008200561,0.4020416008200561,0.0,0.0,0.0,0,True,0.39999999999999997,neutral
NR1A4::RXRA_Hsapiens-jaspar2018-NR1A4::RXRA-MA1146.1,RXRA,10,1.0,0.5023191617941866,0.4190297548705162,-0.21072367018985053,0.6297534250603667,0,False,0.38181818181818183,other
NR1D1_Hsapiens-HOCOMOCOv10-NR1D1_HUMAN.H10MO.C,NR1D1,6,1.0,0.5010809911857642,0.8296425506031742,-1.4645168934827246,2.294159444085899,0,False,-0.956182887467515,tumor-gain
NR1D1_Hsapiens-SwissRegulon-NR1D1.SwissRegulon,NR1D1,10,1.0,0.2410518311545268,-0.00042510018900614806,-0.8482567837251835,0.8478316835361774,0,False,-0.5393939393939393,normal-suppression
NR1H2::RXRA_Hsapiens-JASPAR_2014-NR1H2::RXRA-MA0115.1,NR1H2,10,0.06722254419911881,0.04759810496944641,-0.023756336186149155,-0.1360069557972732,0.11225061961112405,0,False,-0.18237166310401937,neutral
NR1H2::RXRA_Hsapiens-JASPAR_CORE-NR1H2::RXRA-MA0115.1,NR1H2,9,0.11894273127753302,0.07906792643684901,0.012279696821138279,-0.5753139605100152,0.5875936573311534,0,False,0.21849510977216466,normal-suppression
NR1H2::RXRA_Hsapiens-jaspar2016-NR1H2::RXRA-MA0115.1,NR1H2,9,0.04055039353885845,0.029847052417957726,-0.00807790841891425,-0.0595348484764182,0.051456940057503946,0,False,0.3742669603047504,neutral
NR1H2::RXRA_Hsapiens-jaspar2018-NR1H2::RXRA-MA0115.1,NR1H2,8,0.029847052417957723,0.021133730520677668,-0.014246179360885463,-0.6616014116066489,0.6473552322457634,0,False,-0.30952380952380953,normal-suppression
NR1H2_Hsapiens-HOCOMOCOv10-NR1H2_HUMAN.H10MO.D,NR1H2,6,0.3087026653352799,0.3087026653352799,0.0,0.0,0.0,0,True,0.6377481392176932,neutral
NR1H2_Hsapiens-SwissRegulon-NR1H2.SwissRegulon,NR1H2,4,0.6451609445110588,0.5332619498668414,0.7255303298993172,-0.5906156566788975,1.3161459865782148,0,False,-0.7999999999999999,tumor-gain
NR1H4_1	FXR/RXR-alpha_transfac_M00631,NR1H4,5,1.0,0.500748127434784,0.45889120868130473,0.34219804729023945,0.11669316139106528,0,False,0.3354101966249684,neutral
NR1H4_2	FXR-inverted-repeat-1_transfac_M00767,NR1H4,7,0.7504354251793672,0.5008725973002766,-0.8915438051707719,-2.0482471154279978,1.156703310257226,0,False,-0.7559289460184546,divergent
"NR1H4_3	PXR,-CAR,-LXR,-FXR_transfac_M00964",NR1H4,5,1.0,0.7064508129388242,0.8215616558965789,-0.3014412917552058,1.1230029476517847,0,False,-0.19999999999999998,tumor-gain
NR1H4_Hsapiens-HOCOMOCOv10-NR1H4_HUMAN.H10MO.C,NR1H4,7,1.0,1.0,0.0,0.0,0.0,0,True,0.36037498507822363,neutral
NR1H4_Hsapiens-SwissRegulon-NR1H4.SwissRegulon,NR1H4,9,1.0,0.5795324693570337,0.28296155842305665,-0.3674315083960178,0.6503930668190745,0,False,-0.19999999999999998,other
NR1H4_Hsapiens-jaspar2018-NR1H4-MA1110.1,NR1H4,6,0.7786059554997982,0.6183995770212166,0.03574510825455138,-0.9016272892643781,0.9373723975189294,0,False,-0.3714285714285715,normal-suppression
NR1H_1	LXR_transfac_M00647,NR1H,10,1.0,0.500998003992016,0.5310707158574873,0.18929231437031938,0.341778401487168,0,False,0.5697932652907494,neutral
NR1H_2	LXR-direct-repeat-4_transfac_M00766,NR1H,10,1.0,0.6675531914893617,-0.27413972152930743,-0.2796815148885464,0.005541793359238989,0,False,0.5326328349457006,neutral
"NR1H_3	LXR,-PXR,-CAR,-COUP,-RAR_transfac_M00965",AR,8,0.7505905656398604,0.7505905656398604,0.0,0.0,0.0,0,True,0.6904761904761906,neutral
NR1I2_Hsapiens-HOCOMOCOv10-NR1I2_HUMAN.H10MO.C,NR1I2,8,0.7370306318404345,0.00451828717206649,-0.04854730647685629,-0.15653010144716797,0.10798279497031169,0,False,0.023809523809523815,neutral
NR1I2_Hsapiens-HOCOMOCOv10-NR1I2_HUMAN.H10MO.S,NR1I2,8,1.0,0.23192931413257717,-0.7967814658060006,-1.2881325103716197,0.49135104456561907,0,False,-0.3333333333333334,neutral
NR1I2_Hsapiens-SwissRegulon-NR1I2.SwissRegulon,NR1I2,7,0.14043087137585422,0.0986563637734409,1.2503566822972143,0.3593767611657794,0.8909799211314349,0,False,-0.07142857142857144,tumor-gain
NR1I3_Hsapiens-HOCOMOCOv10-NR1I3_HUMAN.H10MO.C,NR1I3,9,0.9002792181890698,0.4016753091344242,-0.31964980146234695,-1.0505294226944508,0.7308796212321038,0,False,0.09205101496312953,normal-suppression
NR1I3_Hsapiens-HOCOMOCOv10-NR1I3_HUMAN.H10MO.S,NR1I3,8,0.37585819498190043,0.08092790417639223,0.1990849960251051,0.08865520930417443,0.11042978672093066,0,False,0.05988131309566294,neutral
NR1I3_Hsapiens-SwissRegulon-NR1I3.SwissRegulon,NR1I3,10,1.0,0.3689717040798859,-0.06120787252697676,-1.710014671429159,1.6488067989021824,0,False,0.43030303030303024,normal-suppression
NR2C1_Hsapiens-HOCOMOCOv10-NR2C1_HUMAN.H10MO.C,NR2C1,10,1.0,0.5008983829107606,0.06955108496706458,-0.8098090819837819,0.8793601669508464,0,False,-0.01823716631040194,normal-suppression
NR2C1_Hsapiens-SwissRegulon-NR2C1.SwissRegulon,NR2C1,10,0.5930102797726103,0.3395838456578173,0.40168769101534546,0.2377532422120476,0.16393444880329786,0,False,0.18787878787878787,neutral
NR2C2_Hsapiens-HOCOMOCOv10-NR2C2_HUMAN.H10MO.A,NR2C2,7,0.6367701430185514,0.6367701430185514,0.0,0.0,0.0,0,True,0.5714285714285715,neutral
NR2C2_Hsapiens-JASPAR_2014-NR2C2-MA0504.1,NR2C2,9,1.0,0.8900256023973803,-0.0441343485732081,-1.0478316226835422,1.003697274110334,0,False,0.16666666666666669,normal-suppression
NR2C2_Hsapiens-SwissRegulon-NR2C2.SwissRegulon,NR2C2,9,0.11364763415804773,0.09169260433474838,0.8760653425901662,-2.167123199452701,3.0431885420428673,0,False,-0.16666666666666669,tumor-gain
NR2C2_Hsapiens-jaspar2016-NR2C2-MA0504.1,NR2C2,7,0.621769499043326,0.3635343463876501,0.22275836542103777,-0.17206030235172232,0.3948186677727601,0,False,0.7142857142857144,neutral
NR2C2_Hsapiens-jaspar2018-NR2C2-MA0504.1,NR2C2,10,0.3854799110111589,0.3721628763070534,0.3534385844978598,-0.1042229148614937,0.4576614993593535,0,False,0.22424242424242422,neutral
NR2C2_Hsapiens-jolma2013-NR2C2,NR2C2,9,0.045965011244805905,0.027066216294190776,0.20283056017514092,-0.9967022957038532,1.1995328558789942,0,False,-0.43333333333333335,normal-suppression
NR2C2_disc1 NR2C2_HeLa-S3_encode-Snyder_seq_hsa_r1:MDscan#1#Intergenic,NR2C2,9,1.0,0.3560321477567479,0.6874720138791791,0.6699902711234434,0.017481742755735663,0,False,0.48333333333333334,neutral
NR2C2_disc2 NR2C2_GM12878_encode-Snyder_seq_hsa_r1:MEME#1#Intergenic,NR2C2,10,1.0,0.16705983400890884,0.1337344683606562,-0.25642963551282505,0.3901641038734812,0,False,0.09090909090909088,neutral
NR2C2_disc3 NR2C2_HepG2b_encode-Snyder_seq_hsa_r1:Trawler#3#Intergenic,NR2C2,7,1.0,1.0,0.0,0.0,0.0,0,True,0.28571428571428575,neutral
NR2C2_known1	NR2C2_1	NR2C2_jolma_DBD_M675,NR2C2,5,0.3962479981697552,0.2582893015427155,1.4501618155229934,-0.41477500497522385,1.8649368204982173,0,False,0.0,tumor-gain
NR2E1::NFIC_1	TLX1::NFIC_jaspar_MA0119.1,NR2E1,10,1.0,0.7149372862029647,-0.19404968923851054,-1.0219022979563555,0.8278526087178449,0,False,0.3100318272768329,normal-suppression
NR2E1_1	NR2E1_jolma_full_M676,NR2E1,7,1.0,0.21961057994277333,0.933267211590762,0.018521667372140494,0.9147455442186215,0,False,0.21428571428571433,tumor-gain
NR2E1_3	Nr2e1_jolma_DBD_M689,NR2E1,6,0.13323202718553573,0.0804532417931058,0.19624004555380273,-0.7004755095885177,0.8967155551423204,0,False,0.14285714285714288,normal-suppression
NR2E1_4	Nr2e1_jolma_DBD_M690,NR2E1,6,0.28726086825099845,0.17802035008381736,0.2589270081290297,0.19494724943499808,0.06397975869403161,0,False,0.5428571428571429,neutral
NR2E1_Hsapiens-HOCOMOCOv10-NR2E1_HUMAN.H10MO.D,NR2E1,8,0.8403958183704415,0.4056333670665406,-0.48222859362580317,-1.8997829770394596,1.4175543834136564,0,False,-0.14285714285714288,normal-suppression
NR2E1_Hsapiens-SwissRegulon-NR2E1.SwissRegulon,NR2E1,7,0.03811708177887367,0.03811708177887367,0.0,0.0,0.0,0,True,0.4642857142857144,neutral
NR2E1_Hsapiens-jolma2013-NR2E1,NR2E1,8,0.04876515472203169,0.04759118449138548,0.3265681849384998,-0.6954917438124646,1.0220599287509644,0,False,0.5000000000000001,normal-suppression
NR2E1_Hsapiens-jolma2013-NR2E1-2,NR2E1,4,0.18810771104366839,0.17725715107315945,-0.8199289610893841,-0.9764489882624496,0.15652002717306557,0,False,0.6000000000000001,neutral
NR2E3_1	Nr2e3_jaspar_MA0164.1,NR2E3,7,1.0,0.015542958065318833,0.6997545506024595,-1.6017857147798382,2.3015402653822976,0,False,-0.03571428571428572,tumor-gain
NR2F1_Hsapiens-JASPAR_2014-NR2F1-MA0017.1,NR2F1,8,0.358180380552437,0.2508657753734384,-0.23153002010967327,-0.6808821323583378,0.44935211224866456,0,False,-0.25303041367373696,neutral
NR2F1_Hsapiens-JASPAR_CORE-NR2F1-MA0017.1,NR2F1,9,0.556396586153804,0.429630685869101,0.13538942023143535,-0.5838931705515248,0.7192825907829601,0,False,-0.19247030401381632,normal-suppression
NR2F1_Hsapiens-SwissRegulon-NR2F1.SwissRegulon,NR2F1,9,0.27879975288232356,0.21527976991910885,-0.26975262646377574,-0.3813728013505617,0.11162017488678594,0,False,0.7364081197050363,neutral
NR2F1_Hsapiens-jaspar2016-NR2F1-MA0017.1,NR2F1,8,0.33441510354705994,0.16846831864294007,0.08209598609594189,-1.206748970697141,1.2888449567930829,0,False,-0.2380952380952381,normal-suppression
NR2F1_Hsapiens-jaspar2016-NR2F1-MA0017.2,NR2F1,10,0.6488877352269588,0.4898262601765016,-0.007703616683508339,-0.3789801701237328,0.3712765534402245,0,False,0.16363636363636364,neutral
NR2F1_Hsapiens-jaspar2018-NR2F1-MA0017.1,NR2F1,5,0.2867300752357728,0.2390450469244852,0.24331605657935784,0.012184905657313144,0.2311311509220447,0,False,0.7181848464596079,neutral
NR2F1_Hsapiens-jaspar2018-NR2F1-MA0017.2,NR2F1,9,0.46016329053489496,0.3539894687442851,0.5106093303251633,-0.7688889732412209,1.2794983035663843,0,False,0.016666666666666666,tumor-gain
NR2F1_Hsapiens-jolma2013-NR2F1,NR2F1,10,0.2922445089299617,0.1455722155825253,0.3022727614336987,-0.9503633227116068,1.2526360841453055,0,False,-0.11515151515151514,normal-suppression
NR2F1_Hsapiens-jolma2013-NR2F1-2,NR2F1,10,0.4007162233816321,0.35823859350104387,0.29215249914638836,-2.052981835593838,2.3451343347402265,0,False,-0.33333333333333326,normal-suppression
NR2F1_Hsapiens-jolma2013-NR2F1-3,NR2F1,10,0.1264777085430482,0.05181480835136115,1.323624741598529,0.01875792555728907,1.3048668160412398,0,False,-0.4545454545454545,tumor-gain
NR2F1_Hsapiens-jolma2013-NR2F1-4,NR2F1,8,0.5044990012405718,0.27522069494611223,1.0005501448285008,0.15511098280567548,0.8454391620228253,0,False,-0.3571428571428572,tumor-gain
NR2F2_1	ARP-1-(COUP-TF2)_transfac_M00155,NR2F2,10,1.0,0.5007890758612643,-0.03889765652232924,-0.06368269210994996,0.024785035587620727,0,False,0.27063301015102104,neutral
NR2F2_2	Nr2f2_bulyk_sc09-primary,NR2F2,4,0.5205858435794325,0.5205858435794325,0.0,0.0,0.0,0,True,1.0,neutral
NR2F2_Hsapiens-SwissRegulon-NR2F2.SwissRegulon,NR2F2,7,0.4306485536342474,0.0030381539562555028,-0.5795935094888061,-1.0687321613533165,0.48913865186451044,0,False,-0.14285714285714288,neutral
NR2F2_Hsapiens-jaspar2018-NR2F2-MA1111.1,NR2F2,8,1.0,1.0,0.0,0.0,0.0,0,True,0.7619047619047621,neutral
NR2F6_1	NR2F6_jolma_DBD_M681,NR2F6,6,1.0,1.0,0.0,0.0,0.0,0,True,0.48571428571428577,neutral
NR2F6_2	NR2F6_jolma_DBD_M682,NR2F6,7,0.1005522770218885,0.03732512441840854,0.1422860311615709,-0.4902951912905079,0.6325812224520788,0,False,0.642857142857143,other
NR2F6_3	NR2F6_jolma_full_M683,NR2F6,6,0.07784194050181119,0.05264080371501364,-0.011612890472571679,-0.30084351295653994,0.28923062248396825,0,False,0.028571428571428574,neutral
NR2F6_4	Nr2f6_jolma_DBD_M691,NR2F6,5,0.11465693523220652,0.11465693523220652,0.0,0.0,0.0,0,True,0.7,neutral
NR2F6_5	Nr2f6_jolma_DBD_M692,NR2F6,4,0.023954870508605865,0.01431944709211781,0.16094168761724958,-0.7116074216126852,0.8725491092299348,0,False,0.6000000000000001,normal-suppression
NR2F6_Hsapiens-HOCOMOCOv10-NR2F6_HUMAN.H10MO.D,NR2F6,6,0.37585819498190043,0.22584494613659994,1.3481490441336705,1.181717923010368,0.1664311211233025,0,False,0.7142857142857143,neutral
NR2F6_Hsapiens-SwissRegulon-NR2F6.SwissRegulon,NR2F6,4,0.008017132666490808,0.008017132666490808,0.0,0.0,0.0,0,True,0.39999999999999997,neutral
NR2F6_Hsapiens-jolma2013-NR2F6,NR2F6,9,0.11900902566563058,0.06248632787692402,-0.0979599432731247,-0.498613968110988,0.40065402483786333,0,False,0.2333333333333333,neutral
NR2F6_Hsapiens-jolma2013-NR2F6-2,NR2F6,7,0.007887334656981528,0.004812261857223282,0.3886491969993104,-1.1828966454194711,1.5715458424187816,0,False,0.0,normal-suppression
NR2F6_Hsapiens-jolma2013-NR2F6-3,NR2F6,5,0.03500748149193202,0.03265134463017868,-0.0526032119723482,-0.14655741429459151,0.09395420232224332,0,False,0.7,neutral
NR3C1_Hsapiens-SwissRegulon-NR3C1.SwissRegulon,NR3C1,9,1.0,0.16571217791426127,0.46151368796041453,-1.7988291048679854,2.2603427928284,0,False,-0.6333333333333333,normal-suppression
NR3C1_Hsapiens-jaspar2016-NR3C1-MA0113.3,NR3C1,7,0.7283079314023809,0.723287407463352,0.00949728477340094,-0.07061466145978204,0.08011194623318298,0,False,0.8214285714285715,neutral
NR3C1_Hsapiens-jaspar2018-NR3C1-MA0113.3,NR3C1,8,0.6579932569382295,0.5071958896263007,0.34264083061992223,-0.21843611153604076,0.5610769421559629,0,False,0.09523809523809526,other
NR3C1_Hsapiens-jolma2013-NR3C1,NR3C1,10,1.0,0.6964030841318429,-0.16041043498513563,-0.9810103045200452,0.8205998695349096,0,False,0.23636363636363633,normal-suppression
NR3C1_Mmusculus;Rnorvegicus;Omykiss;Ggallus;Hsapiens-jaspar2018-NR3C1-MA0113.1,NR3C1,7,0.5633421708116081,0.2823034225893042,0.017714217900544026,-0.006498049912305314,0.02421226781284934,0,False,0.5714285714285715,neutral
NR3C1_disc1 NR3C1_ECC-1_encode-Myers_seq_hsa_DEX-100nM-v041610.2_r1:MEME#2#Intergenic,NR3C1,10,1.0,0.26487089781971584,-0.19426595930925028,-0.3073653636566691,0.11309940434741883,0,False,0.35757575757575755,neutral
NR3C1_disc2 NR3C1_A549_encode-Myers_seq_hsa_DEX-500pM_r1:MDscan#1#Intergenic,NR3C1,10,1.0,0.6556641569049805,0.8822923913570354,0.814645989954406,0.06764640140262945,0,False,0.406060606060606,neutral
NR3C1_disc3 NR3C1_HepG2_encode-Snyder_seq_hsa_forskolin-P20_r1:MDscan#1#Intergenic,NR3C1,10,0.0779986552357824,0.01463661057597405,-1.9025523540701685,-2.803086243693089,0.9005338896229202,0,False,-0.8267515394048879,divergent
NR3C1_disc4 NR3C1_HepG2_encode-Snyder_seq_hsa_forskolin-P20_r1:MEME#2#Intergenic,NR3C1,10,1.0,1.0,0.0,0.0,0.0,0,True,0.309090909090909,neutral
NR3C1_disc5 NR3C1_ECC-1_encode-Myers_seq_hsa_DEX-100nM-v041610.2_r1:Trawler#3#Intergenic,NR3C1,8,1.0,0.029983852098730612,-0.050643202660873375,-0.7089427903460184,0.658299587685145,0,False,-0.3333333333333334,normal-suppression
NR3C1_disc6 NR3C1_A549_encode-Myers_seq_hsa_DEX-100nM-PCR2x_r1:AlignACE#2#Intergenic,NR3C1,8,0.6164887577184525,0.6164887577184525,0.0,0.0,0.0,0,True,0.2380952380952381,neutral
NR3C1_known1	NR3C1_1	GR_transfac_M00192,NR3C1,10,0.07530339864677146,0.0005914764686738662,0.21445120003499474,-1.5771241844770583,1.791575384512053,0,False,0.01818181818181818,normal-suppression
NR3C1_known10	PGR_2	PR_transfac_M00957,NR3C1,10,0.012279704251556382,8.602280208573612e-06,0.692804269674463,0.10531610797209183,0.5874881617023712,0,False,-0.2121212121212121,tumor-gain
NR3C1_known12	AR_5	AR_transfac_M00962,NR3C1,7,1.0,0.8465094754485614,0.2816251130233778,0.07194650061537264,0.20967861240800514,0,False,0.7525786756697113,neutral
NR3C1_known13	AR_6	Ar_jaspar_MA0007.1,NR3C1,9,0.0347997020034254,0.00044923889611880587,0.4186143514941167,-0.6851717904687192,1.1037861419628359,0,False,-0.09999999999999999,normal-suppression
NR3C1_known14	NR3C1_6	NR3C1_jaspar_MA0113.1,NR3C1,6,0.7505612377762412,0.075765129625533,0.49511113240837734,-0.060305685751628854,0.5554168181600062,0,False,0.7714285714285715,other
NR3C1_known15	AR_7	AR_jolma_DBD_M655,NR3C1,10,1.0,0.617019804478596,0.6674750867486474,-0.47052842132483175,1.1380035080734792,0,False,-0.0303030303030303,tumor-gain
NR3C1_known16	AR_8	AR_jolma_full_M656,NR3C1,10,0.9156656414762742,0.5654980102520764,0.055177941863597146,0.005331513505523766,0.04984642835807338,0,False,0.2606060606060606,neutral
NR3C1_known17	AR_9	Ar_jolma_DBD_M657,NR3C1,9,1.0,1.0,0.0,0.0,0.0,0,True,0.26666666666666666,neutral
NR3C1_known18	NR3C1_7	NR3C1_jolma_DBD_M684,NR3C1,6,0.8516047246846856,0.43850384671133213,-0.463442540401804,-0.6416400144387518,0.17819747403694786,0,False,0.08571428571428573,neutral
NR3C1_known2	NR3C1_2	GR_transfac_M00205,NR3C1,8,1.0,0.7588311395567304,0.00030326662323997857,-0.47889777958266533,0.4792010462059053,0,False,0.11904761904761905,neutral
NR3C1_known3	AR_1	AR_transfac_M00447,NR3C1,9,1.0,0.7504354251793672,0.1970896936045608,-0.05679404069457876,0.2538837342991396,0,False,0.7595545253127499,neutral
NR3C1_known4	AR_2	AR_transfac_M00481,NR3C1,9,1.0,0.4219351023816926,0.20452146434061436,-0.5498774645197851,0.7543989288603995,0,False,-0.08368274087557231,normal-suppression
NR3C1_known5	NR3C1_3	GR_transfac_M00921,NR3C1,10,1.0,0.5509211239655896,-0.023967870686880634,-0.30234150363571055,0.27837363294882994,0,False,-0.02439069733276417,neutral
NR3C1_known6	AR_3	AR_transfac_M00953,NR3C1,8,0.01928915475773804,0.0011906259258773982,0.8299955972266088,0.5085489917971406,0.3214466054294681,0,False,0.19047619047619052,neutral
NR3C1_known7	PGR_1	PR_transfac_M00954,NR3C1,10,0.01579682151839345,0.0008027299997352964,1.4654301661012583,0.9160254657007866,0.5494047004004717,0,False,0.33333333333333326,tumor-gain
NR3C1_known8	NR3C1_4	GR_transfac_M00955,NR3C1,6,0.042782911492940015,0.000368200427583973,-0.19292181123120858,-0.4652086599734943,0.2722868487422857,0,False,-0.028571428571428574,neutral
NR3C1_known9	AR_4	AR_transfac_M00956,NR3C1,10,0.06464627639388665,0.014966296575210123,2.3019909423887177,2.1933523944518867,0.10863854793683103,0,False,0.28484848484848485,neutral
NR3C2_1	NR3C2_jolma_DBD_M685,NR3C2,9,1.0,0.41766893824487944,-0.3029842601042095,-1.0737598104170973,0.7707755503128879,0,False,-0.3666666666666667,normal-suppression
NR3C2_Hsapiens-SwissRegulon-NR3C2.SwissRegulon,NR3C2,7,0.5044728604225257,0.27028013359699976,-0.20243999961174144,-0.4399494586860937,0.23750945907435225,0,False,-0.3214285714285715,neutral
NR3C2_Hsapiens-jaspar2016-NR3C2-MA0727.1,NR3C2,9,0.5806323475937176,0.5806323475937176,0.0,0.0,0.0,0,True,0.31666666666666665,neutral
NR3C2_Hsapiens-jaspar2018-NR3C2-MA0727.1,NR3C2,9,0.7796973546144889,0.43323557047094086,0.5740283182278295,0.17152981615922416,0.4024985020686054,0,False,0.38333333333333336,neutral
NR3C2_Hsapiens-jolma2013-NR3C2,NR3C2,9,0.6432809660772489,0.5015644675242837,0.16797662155335075,-0.31687528003731535,0.4848519015906661,0,False,0.08333333333333334,neutral
NR4A1_Hsapiens-HOCOMOCOv10-NR4A1_HUMAN.H10MO.C,NR4A1,8,1.0,1.0,0.0,0.0,0.0,0,True,0.4285714285714286,neutral
NR4A1_Hsapiens-SwissRegulon-NR4A1.SwissRegulon,NR4A1,9,1.0,0.842627078634002,2.165011412559181,1.3004227023585182,0.8645887102006626,0,False,0.4958158260214505,tumor-gain
NR4A1_Hsapiens-hPDI-NR4A1,NR4A1,4,1.0,1.0,0.0,0.0,0.0,0,True,0.316227766016838,neutral
NR4A1_Hsapiens-jaspar2018-NR4A1-MA1112.1,NR4A1,8,0.9684514643980839,0.6277106718419555,0.35507164784014783,-0.6507336096659766,1.0058052575061245,0,False,-0.5476190476190477,normal-suppression
NR4A2::RXRA_Hsapiens-jaspar2018-NR4A2::RXRA-MA1147.1,NR4A2,10,0.7768823202088166,0.5801011804384487,-0.02559957217483206,-0.13594620017806225,0.1103466280032302,0,False,0.35757575757575755,neutral
NR4A2_Hsapiens-HOCOMOCOv10-NR4A2_HUMAN.H10MO.C,NR4A2,9,0.13311070175389672,0.0922706848817682,-0.16816832275724802,-0.4439471392281193,0.27577881647087127,0,False,0.0,neutral
NR4A2_Hsapiens-SwissRegulon-NR4A2.SwissRegulon,NR4A2,4,0.05052432397713228,0.02542530560796569,0.14710779897991813,-0.4303603997372463,0.5774681987171645,0,False,-0.39999999999999997,other
NR4A2_Hsapiens-jolma2013-NR4A2,NR4A2,8,1.0,0.6298715523711794,0.5819784996750044,0.35917050521542954,0.22280799445957483,0,False,0.5000000000000001,neutral
NR4A2_Hsapiens-jolma2013-NR4A2-2,NR4A2,6,0.039117631439990905,0.032451343570785406,1.2730503672152653,-0.8056095631915391,2.0786599304068045,0,False,-0.7142857142857143,tumor-gain
NR4A2_Hsapiens-jolma2013-NR4A2-3,NR4A2,6,0.13860476891389267,0.10328867995026215,-0.2037100304741679,-0.6916390405352537,0.4879290100610858,0,False,0.48571428571428577,neutral
NR4A2_Mmusculus;Rnorvegicus;Hsapiens-jaspar2018-NR4A2-MA0160.1,NR4A2,7,0.10289687012372827,0.07562334234629883,-0.7665978847695393,-1.2419960835038566,0.4753981987343173,0,False,0.48181205582971587,neutral
NR4A3_Hsapiens-HOCOMOCOv10-NR4A3_HUMAN.H10MO.D,NR4A3,4,0.16743006350215311,0.06296904150710489,0.20180324968327787,0.06495897655974046,0.13684427312353742,0,False,-0.21081851067789195,neutral
NR4A3_Hsapiens-SwissRegulon-NR4A3.SwissRegulon,NR4A3,5,0.008763477682983504,0.008763477682983504,0.0,0.0,0.0,0,True,0.20519567041703085,neutral
NR4A_known1	NR4A2_1	NR4A2_jaspar_MA0160.1,NR4A2,8,1.0,0.14138605311640376,0.5243914742611017,-0.8528870756467385,1.3772785499078402,0,False,-0.21688321172034594,tumor-gain
NR4A_known2	NR4A2_2	NR4A2_jolma_full_M686,NR4A2,9,0.9079221095005876,0.7595081870307975,0.07564404803934707,-1.1888673019318716,1.2645113499712186,0,False,0.09999999999999999,normal-suppression
NR4A_known3	NR4A2_3	NR4A2_jolma_full_M687,NR4A2,7,0.19681214585927306,0.057314015477594675,1.1674233741166964,-1.781437821759122,2.9488611958758186,0,False,-0.39285714285714296,tumor-gain
NR4A_known4	NR4A2_4	NR4A2_jolma_full_M688,NR4A2,4,0.49507955395322867,0.297218096714805,0.11183566364662832,-1.0018407035625763,1.1136763672092045,0,False,0.0,normal-suppression
NR5A1_1	SF1_transfac_M00727,NR5A1,9,1.0,0.05767210818854216,-0.2579972471028151,-0.4105081889153851,0.15251094181257002,0,False,-0.15,neutral
NR5A1_2	SF1_transfac_M01132,NR5A1,8,1.0,0.468015373846772,0.41072817321973315,0.0676446962083078,0.34308347701142533,0,False,0.5714285714285715,neutral
NR5A2_1	LRH1_transfac_M01142,NR5A2,10,1.0,0.8005573192830797,0.5268545040054158,-0.14706271148734398,0.6739172154927597,0,False,-0.5409627460747113,tumor-gain
NR5A2_Hsapiens-HOCOMOCOv10-NR5A2_HUMAN.H10MO.C,NR5A2,7,1.0,0.7731911998185532,0.6955077587606692,-0.05998139621102213,0.7554891549716913,0,False,0.3571428571428572,tumor-gain
NR5A2_Hsapiens-SwissRegulon-NR5A2.SwissRegulon,NR5A2,5,0.5093098372774398,0.4524241625101855,-0.05286748007626431,-0.38936428667450024,0.33649680659823594,0,False,-0.19999999999999998,neutral
NR6A1_1	GCNF_transfac_M00526,NR6A1,9,0.9445584078311993,0.5345395754691143,0.0912681957136022,-0.49679218852866797,0.5880603842422701,0,False,0.11666666666666665,other
NR6A1_Hsapiens-HOCOMOCOv10-NR6A1_HUMAN.H10MO.B,NR6A1,5,0.4157184955653372,0.08067278684950348,0.9595079358300862,0.018530234137505104,0.9409777016925811,0,False,-0.3,tumor-gain
NR6A1_Hsapiens-SwissRegulon-NR6A1.SwissRegulon,NR6A1,4,0.07455745577786967,0.07056798623063684,0.49953787013355333,-1.9858701131920775,2.485407983325631,0,False,-0.7999999999999999,normal-suppression
NRF1_Hsapiens-SwissRegulon-NRF1.SwissRegulon,NRF1,2,0.15755180823106546,0.12589335165747026,1.2039708975591976,0.8775800773739817,0.3263908201852159,0,False,,neutral
NRF1_Hsapiens-jaspar2016-NRF1-MA0506.1,NRF1,5,0.16612444216600594,0.15668569990593276,-0.025632689683322517,-0.1995324622948085,0.17389977261148598,0,False,0.3,neutral
NRF1_Hsapiens-jaspar2018-NRF1-MA0506.1,NRF1,2,0.095634749445396,0.08362397185817337,0.06784732483099394,-0.06469010369298113,0.13253742852397507,0,False,,neutral
NRF1_Hsapiens-jolma2013-NRF1,NRF1,9,0.1581163237446581,0.08933101742918548,0.08809224616678875,-0.01942918992652976,0.1075214360933185,0,False,-0.5333333333333333,neutral
NRF1_disc1 NRF1_HeLa-S3_encode-Snyder_seq_hsa_IgG-mus_r1:MEME#2#Intergenic,NRF1,8,1.0,0.7506743124710045,0.18458692775618163,-0.8177106511624889,1.0022975789186706,0,False,-0.023809523809523815,normal-suppression
NRF1_disc2 NRF1_H1-hESC_encode-Snyder_seq_hsa_IgG-rab_r1:Trawler#1#Intergenic,NRF1,3,0.9001888810504517,0.9001888810504517,0.0,0.0,0.0,0,True,,neutral
NRF1_known1	NRF1_1	Nrf-1_transfac_M00652,NRF1,7,1.0,0.08396506086960555,1.2964715486791372,-1.9112307709735803,3.2077023196527175,0,False,-0.42857142857142866,tumor-gain
NRF1_known2	NRF1_2	NRF1_jolma_full_M194,NRF1,4,0.4523824516072999,0.4523824516072999,0.0,0.0,0.0,0,True,0.39999999999999997,neutral
NRL_1	NRL_jolma_DBD_M393,NRL,9,1.0,0.7770650132262237,1.0864844818288744,0.8274068027594249,0.25907767906944945,0,False,0.6333333333333333,neutral
NRL_Hsapiens-HOCOMOCOv10-NRL_HUMAN.H10MO.D,NRL,10,1.0,0.6435044412156794,-1.1480717306067405,-1.2474588357800203,0.09938710517327976,0,False,0.6606060606060605,neutral
NRL_Hsapiens-SwissRegulon-NRL.SwissRegulon,NRL,9,0.3402410012111321,0.32906241077509857,0.3801023427009365,-0.4102831799892238,0.7903855226901604,0,False,-0.38333333333333336,other
NRL_Hsapiens-cisbp_1.02-M5689_1.02,NRL,10,0.7882958489701475,0.6734466123226548,1.5221815466636108,0.25520397872009426,1.2669775679435165,0,False,-0.10303030303030303,tumor-gain
NRL_Hsapiens-hPDI-NRL,NRL,6,1.0,0.5007488766849718,1.4224401617883426,0.761568116039531,0.6608720457488116,0,False,-0.20597146021777488,tumor-gain
NRL_Hsapiens-jaspar2016-NRL-MA0842.1,NRL,9,0.4843039885103728,0.29831246391037775,0.14443151609254629,-0.19328341679085,0.33771493288339627,0,False,-0.41666666666666663,neutral
NRL_Hsapiens-jaspar2018-NRL-MA0842.1,NRL,10,0.5396847956604499,0.4744801582203757,0.6458665597233834,-0.44279041129776914,1.0886569710211524,0,False,0.6,tumor-gain
NRL_Hsapiens-jolma2013-NRL,NRL,9,0.3925913665214243,0.3306511141246637,1.1183222110614892,0.6148203152853254,0.5035018957761638,0,False,0.5499999999999999,tumor-gain
NUCB1_Hsapiens-hPDI-NUCB1,NUCB1,2,0.33422103861517977,0.11170370265300948,0.035421033408836865,-0.7216764305724028,0.7570974639812397,0,False,,normal-suppression
NUP107_Hsapiens-hPDI-NUP107,NUP107,10,1.0,1.0,0.0,0.0,0.0,0,True,0.801256962397518,neutral
NXPH3_Hsapiens-hPDI-NXPH3,NXPH3,6,1.0,0.6673320026613433,-0.09302800603691139,-0.21583173909149328,0.12280373305458189,0,False,0.0,neutral
OBOX1_1	Obox1_bulyk_cell08-3970.2,OBOX1,2,0.584695772119695,0.18742053779644618,0.4641397057361637,-0.6711545463793275,1.1352942521154912,0,False,,normal-suppression
OBOX3_1	Obox3_bulyk_cell08-3439.1,OBOX3,3,0.4255530683193009,0.16048270958646313,0.626611090887114,-0.1695776870954507,0.7961887779825647,0,False,,tumor-gain
OBOX6_1	Obox6_bulyk_cell08-3440.2,OBOX6,8,0.9904762862207748,0.9394298665345817,-0.012607018414419953,-0.9192728523727065,0.9066658339582866,0,False,-0.11904761904761905,normal-suppression
OLIG1_1	OLIG1_jolma_DBD_M337,OLIG1,8,0.02145668927021009,0.01914719862963141,0.7178374898313095,0.37000441943068857,0.3478330704006209,0,False,0.09523809523809526,neutral
OLIG1_Hsapiens-HOCOMOCOv10-OLIG1_HUMAN.H10MO.D,OLIG1,6,0.7111464560595254,0.26049177297097503,0.22492446948421937,-0.21595482356657295,0.4408792930507923,0,False,-0.6571428571428573,neutral
OLIG1_Hsapiens-SwissRegulon-OLIG1.SwissRegulon,OLIG1,10,0.0016522357528356332,0.0003353255378617852,-0.1824929243348131,-0.5966365047723143,0.4141435804375012,0,False,-0.33333333333333326,neutral
OLIG1_Hsapiens-cisbp_1.02-M5690_1.02,OLIG1,10,0.018132538251042888,0.011447689901741782,0.4683041111671296,-0.5664003806203641,1.0347044917874937,0,False,0.1515151515151515,normal-suppression
OLIG1_Hsapiens-hPDI-OLIG1,OLIG1,4,0.40083882564409884,0.0671957212291673,-1.1257692389590719,-1.7638597034784298,0.6380904645193579,0,False,-0.7999999999999999,divergent
OLIG1_Hsapiens-jaspar2016-OLIG1-MA0826.1,OLIG1,10,0.010548195549530905,0.003547219087817148,0.5623308841323433,-0.7709543408114281,1.3332852249437714,0,False,0.0303030303030303,tumor-gain
OLIG1_Hsapiens-jaspar2018-OLIG1-MA0826.1,OLIG1,10,0.0031411375441474407,0.0007871669440728436,1.4885982287078003,0.6879626615112963,0.8006355671965041,0,False,-0.23636363636363633,tumor-gain
OLIG1_Hsapiens-jolma2013-OLIG1,OLIG1,7,0.002363906680713643,0.000541900013114809,0.9615311897099823,0.7115750681267048,0.2499561215832775,0,False,0.6071428571428572,neutral
OLIG2_1	OLIG2_jolma_DBD_M338,OLIG2,6,0.13405014747253197,0.13405014747253197,0.0,0.0,0.0,0,True,0.8857142857142858,neutral
OLIG2_2	OLIG2_jolma_full_M339,OLIG2,9,0.09981941078604065,0.04225430855040921,0.12877975466511907,-1.1922970419726844,1.3210767966378034,0,False,-0.15,normal-suppression
OLIG2_Hsapiens-HOCOMOCOv10-OLIG2_HUMAN.H10MO.D,OLIG2,9,1.0,0.7360899764727011,-0.34907487499923456,-0.5824358897563602,0.23336101475712562,0,False,0.0,neutral
OLIG2_Hsapiens-SwissRegulon-OLIG2.SwissRegulon,OLIG2,8,0.2758714939481606,0.13870438274808242,0.5875885154733663,0.48710912863984795,0.10047938683351837,0,False,-0.4761904761904762,neutral
OLIG2_Hsapiens-cisbp_1.02-M5691_1.02,OLIG2,7,0.05208162408256871,0.018956265638056795,0.2817798855524508,-0.7634951033596706,1.0452749889121216,0,False,-0.25,normal-suppression
OLIG2_Hsapiens-cisbp_1.02-M5692_1.02,OLIG2,8,0.04577063465020621,0.03163227634344375,-0.16544826897893633,-1.4735905775252363,1.3081423085463,0,False,-0.023809523809523815,normal-suppression
OLIG2_Hsapiens-jaspar2016-OLIG2-MA0678.1,OLIG2,7,0.019088558146131092,0.019088558146131092,0.0,0.0,0.0,0,True,0.5357142857142858,neutral
OLIG2_Hsapiens-jaspar2018-OLIG2-MA0678.1,OLIG2,7,0.012201883335516752,0.012201883335516752,0.0,0.0,0.0,0,True,0.5,neutral
OLIG2_Hsapiens-jolma2013-OLIG2,OLIG2,4,0.017772892380898107,0.017772892380898107,0.0,0.0,0.0,0,True,0.39999999999999997,neutral
OLIG2_Hsapiens-jolma2013-OLIG2-2,OLIG2,8,0.007358442353165959,0.005862268006457506,0.18168610933982515,0.043460624663752605,0.13822548467607254,0,False,0.7619047619047621,neutral
OLIG3_1	OLIG3_jolma_DBD_M340,OLIG3,8,0.08369205490941904,0.06527542459086232,0.15127412903683723,-0.37995132260548325,0.5312254516423205,0,False,-0.04761904761904763,other
OLIG3_Hsapiens-HOCOMOCOv10-OLIG3_HUMAN.H10MO.D,OLIG3,5,0.2611177317364949,0.2611177317364949,0.0,0.0,0.0,0,True,0.0,neutral
OLIG3_Hsapiens-SwissRegulon-OLIG3.SwissRegulon,OLIG3,8,0.012100652603236173,0.012100652603236173,0.0,0.0,0.0,0,True,0.4761904761904762,neutral
OLIG3_Hsapiens-cisbp_1.02-M5693_1.02,OLIG3,8,0.049052205610640685,0.01650258926197836,0.9251837729648175,0.7846842529741306,0.14049951999068688,0,False,-0.14285714285714288,neutral
OLIG3_Hsapiens-hPDI-OLIG3,OLIG3,6,1.0,0.41758889021033946,0.7683489247486677,-1.2001229611989932,1.9684718859476609,0,False,-0.6571428571428573,tumor-gain
OLIG3_Hsapiens-jaspar2016-OLIG3-MA0827.1,OLIG3,7,0.03869349539855679,0.02126247761214547,0.6632369766991095,0.6197262290240066,0.04351074767510288,0,False,0.21428571428571433,neutral
OLIG3_Hsapiens-jaspar2018-OLIG3-MA0827.1,OLIG3,7,0.017760228317082582,0.007372564535323162,0.18037813196167665,-0.9063296206476125,1.0867077526092892,0,False,-0.7500000000000002,normal-suppression
OLIG3_Hsapiens-jolma2013-OLIG3,OLIG3,8,0.018132303198066052,0.010732992893086815,0.9426881575690463,-0.9170987159176627,1.859786873486709,0,False,-0.30952380952380953,tumor-gain
ONEC2_Hsapiens-HOCOMOCOv10-ONEC2_HUMAN.H10MO.D,ONECUT2,8,0.7504367357125045,0.04200742538049596,-0.1834139667625592,-0.9568160413479476,0.7734020745853885,0,False,-0.3333333333333334,normal-suppression
ONEC3_Hsapiens-HOCOMOCOv10-ONEC3_HUMAN.H10MO.D,ONECUT3,4,1.0,0.2337084696025539,0.42061822024411616,-0.8889885894607463,1.3096068097048625,0,False,-0.39999999999999997,normal-suppression
ONECUT1_Hsapiens-SwissRegulon-ONECUT1.SwissRegulon,ONECUT1,10,1.0,0.5993139624547754,1.0442667526846607,-1.100830099106635,2.145096851791296,0,False,-0.07878787878787878,tumor-gain
ONECUT1_Hsapiens-jaspar2018-ONECUT1-MA0679.1,ONECUT1,2,0.2590255456118818,0.2590255456118818,0.0,0.0,0.0,0,True,,neutral
ONECUT1_Hsapiens-jolma2013-ONECUT1,ONECUT1,2,0.16549672438750196,0.16549672438750196,0.0,0.0,0.0,0,True,,neutral
ONECUT1_Hsapiens-jolma2013-ONECUT1-2,ONECUT1,2,0.16393537186340462,0.16393537186340462,0.0,0.0,0.0,0,True,,neutral
ONECUT2_Hsapiens-jaspar2018-ONECUT2-MA0756.1,ONECUT2,2,0.24172111064402593,0.24172111064402593,0.0,0.0,0.0,0,True,,neutral
ONECUT2_Hsapiens-jolma2013-ONECUT2,ONECUT2,3,0.12388911003653967,0.12388911003653967,0.0,0.0,0.0,0,True,,neutral
OSR1_1	Osr1_bulyk_sc09-primary,OSR1,4,0.44756541880942713,0.44756541880942713,0.0,0.0,0.0,0,True,0.7999999999999999,neutral
OSR1_Hsapiens-SwissRegulon-OSR1.SwissRegulon,OSR1,4,0.38267307064003553,0.09368731179338785,-0.47913736336822726,-0.7430323678964743,0.26389500452824705,0,False,-0.19999999999999998,neutral
OSR2_1	Osr2_bulyk_sc09-primary,OSR2,9,0.782414503224064,0.38223132793813247,-0.19005913335600857,-0.9692192583560196,0.7791601250000111,0,False,-0.11666666666666665,normal-suppression
OSR2_Hsapiens-SwissRegulon-OSR2.SwissRegulon,OSR2,7,0.8732769860563464,0.36844557467272854,0.1481610182567385,-0.4821726951985091,0.6303337134552476,0,False,0.5357142857142858,other
OTP_1	Otp_bulyk_cell08-3496.1,OTP,4,0.980503984612429,0.4836336859230825,0.47504743194145693,0.24419707580938807,0.23085035613206886,0,False,-0.19999999999999998,neutral
OTP_Hsapiens-SwissRegulon-OTP.SwissRegulon,OTP,5,0.9367361156753202,0.41496080517098605,0.4426381470965532,-0.7723777844547655,1.2150159315513187,0,False,-0.49999999999999994,normal-suppression
OTUD4_Hsapiens-hPDI-OTUD4,OTUD4,3,1.0,1.0,0.0,0.0,0.0,0,True,,neutral
OTX1_1	Otx1_bulyk_cell08-2325.1,OTX1,4,0.7274648686097703,0.6836367039432004,-0.0039919555249769605,-1.2081543532315855,1.2041623977066085,0,False,-0.39999999999999997,normal-suppression
OTX1_2	OTX1_jolma_DBD_M612,OTX1,7,1.0,0.6167932423380397,0.40969973333529436,-0.5165129424338476,0.926212675769142,0,False,0.07142857142857144,normal-suppression
OTX1_3	OTX1_jolma_DBD_M613,OTX1,6,1.0,1.0,0.0,0.0,0.0,0,True,0.8857142857142858,neutral
OTX1_4	Otx1_jolma_DBD_M616,OTX1,9,0.7687334380579641,0.6805037097619369,0.5204030999755043,0.05809087864240068,0.46231222133310357,0,False,-0.21666666666666667,neutral
OTX1_5	Otx1_jolma_DBD_M617,OTX1,7,0.1387938901935381,0.08892539030242977,0.28900266702261795,-1.6348625010205988,1.9238651680432168,0,False,-0.8214285714285715,normal-suppression
OTX1_Hsapiens-HOCOMOCOv10-OTX1_HUMAN.H10MO.D,OTX1,8,0.6675531914893617,0.4009584664536741,0.04646838571494016,-0.0024854484487921696,0.04895383416373233,0,False,0.4458154907584889,neutral
OTX1_Hsapiens-SwissRegulon-OTX1.SwissRegulon,OTX1,10,0.6126675151178388,0.4467042880683976,0.38870395203637337,0.05082943300408103,0.3378745190322923,0,False,0.3939393939393939,neutral
OTX1_Hsapiens-jaspar2016-OTX1-MA0711.1,OTX1,9,0.21997828770389427,0.13731701592348844,0.13753890925913947,-0.7849560813463454,0.9224949906054849,0,False,0.0,normal-suppression
OTX1_Hsapiens-jaspar2018-OTX1-MA0711.1,OTX1,10,0.050330025553658356,0.050330025553658356,0.0,0.0,0.0,0,True,0.33333333333333326,neutral
OTX1_Hsapiens-jolma2013-OTX1,OTX1,7,0.7777885944176276,0.48109234325839834,0.33730409659137145,-0.21135667327705301,0.5486607698684245,0,False,-0.21428571428571433,other
OTX1_Hsapiens-jolma2013-OTX1-2,OTX1,10,0.022792277072131203,0.018647128738953394,-0.08860169028047957,-0.45284403842820287,0.36424234814772327,0,False,0.6969696969696969,neutral
OTX2_1	Otx2_bulyk_cell08-3441.1,OTX2,7,0.6564341071532085,0.5450191834023599,0.4718037762459016,0.2503088098741662,0.22149496637173538,0,False,0.28571428571428575,neutral
OTX2_2	OTX2_jolma_DBD_M614,OTX2,6,0.9277623939258599,0.9277623939258599,0.0,0.0,0.0,0,True,0.3714285714285715,neutral
OTX2_3	OTX2_jolma_DBD_M615,OTX2,8,0.4784363812032215,0.4784363812032215,0.0,0.0,0.0,0,True,0.4761904761904762,neutral
OTX2_Hsapiens-HOCOMOCOv10-OTX2_HUMAN.H10MO.C,OTX2,5,0.5100683664987192,0.3961572672601593,0.13643040341593235,-0.2722072334841025,0.40863763690003485,0,False,0.6,neutral
OTX2_Hsapiens-SwissRegulon-OTX2.SwissRegulon,OTX2,6,0.008139095802812189,0.006030855384695069,0.039323068672900606,-0.9871628867142935,1.0264859553871941,0,False,-0.48571428571428577,normal-suppression
OTX2_Hsapiens-jaspar2016-OTX2-MA0712.1,OTX2,7,0.04623592643773967,0.04623592643773967,0.0,0.0,0.0,0,True,0.5357142857142858,neutral
OTX2_Hsapiens-jaspar2018-OTX2-MA0712.1,OTX2,7,0.02618009381173632,0.022550480060367466,0.0954776421194781,-0.37444860754681136,0.4699262496662895,0,False,-0.21428571428571433,neutral
OTX2_Hsapiens-jolma2013-OTX2,OTX2,7,0.9520626492716543,0.6400180123323715,-0.22453961727881075,-0.49328855732690946,0.2687489400480987,0,False,0.10714285714285716,neutral
OTX2_Hsapiens-jolma2013-OTX2-2,OTX2,3,0.020184451985562023,0.014451895871039537,-0.15452244382955732,-1.6702566130674712,1.5157341692379138,0,False,,normal-suppression
OTX_1	OTX_transfac_M01117,OTX,5,0.5012468827930174,0.5012468827930174,0.0,0.0,0.0,0,True,,neutral
OVOL1_Hsapiens-HOCOMOCOv10-OVOL1_HUMAN.H10MO.C,OVOL1,10,1.0,0.5008734714250072,0.5879416552925287,0.31715229080757484,0.2707893644849539,0,False,0.4587349021359835,neutral
OVOL1_Hsapiens-SwissRegulon-OVOL1.SwissRegulon,OVOL1,8,0.16763775595139024,0.16763775595139024,0.0,0.0,0.0,0,True,0.084343471224579,neutral
OVOL2_1	MOVO-B_transfac_M01104,OVOL2,5,0.4744596223205522,0.33422103861517977,-0.42359288695227565,-0.5886836183950366,0.16509073144276093,0,False,0.6,neutral
Oct-1_Hsapiens-UniPROBE-Oct_1.UP00399,POU2AF1,9,0.04966298640517301,0.0209227557428239,0.7080056809880986,-0.5098945414349177,1.2179002224230162,0,False,-0.15,tumor-gain
P53_Hsapiens-HOCOMOCOv10-P53_HUMAN.H10MO.B,TP53,10,0.9622641509433963,0.03403929363669104,0.7675815540530707,-0.6154373369655665,1.3830188910186372,0,False,-0.43030303030303024,tumor-gain
P5F1B_Hsapiens-HOCOMOCOv10-P5F1B_HUMAN.H10MO.D,P5F1B,6,1.0,0.5089463830832041,0.23291196642425702,0.11399455237609132,0.11891741404816569,0,False,0.8857142857142858,neutral
P63_Hsapiens-HOCOMOCOv10-P63_HUMAN.H10MO.A,TP63,8,0.5460642189481193,0.1035922086562766,0.21442342469765674,-0.5403183867902596,0.7547418114879163,0,False,0.6666666666666669,normal-suppression
P63_Hsapiens-HOCOMOCOv10-P63_HUMAN.H10MO.S,TP63,10,1.0,1.0,0.0,0.0,0.0,0,True,0.4654858923613699,neutral
P73_Hsapiens-HOCOMOCOv10-P73_HUMAN.H10MO.A,TP73,10,0.2898300090189576,0.03701096472890469,-0.3026115265194993,-0.5946751847556988,0.2920636582361995,0,False,-0.2121212121212121,neutral
P73_Hsapiens-HOCOMOCOv10-P73_HUMAN.H10MO.S,TP73,7,1.0,0.7504678727386157,0.04604070483171477,-1.6938600256665846,1.7399007304982994,0,False,-0.3214285714285715,normal-suppression
PAX1_1	Pax-1_transfac_M00326,PAX1,2,1.0,0.250936329588015,1.8012033206415148,1.4706432833247995,0.33056003731671524,0,False,,neutral
PAX1_2	PAX1_jolma_DBD_M195,PAX1,10,1.0,0.5682270695986903,0.4621503211325631,0.04592497314992129,0.4162253479826418,0,False,0.09090909090909088,neutral
PAX1_Hsapiens-HOCOMOCOv10-PAX1_HUMAN.H10MO.D,PAX1,10,1.0,1.0,0.0,0.0,0.0,0,True,0.006060606060606061,neutral
PAX1_Hsapiens-SwissRegulon-PAX1.SwissRegulon,PAX1,10,0.2833337098154856,0.17463072628542234,0.33568570100268874,-0.5170973501257201,0.8527830511284089,0,False,-0.2121212121212121,normal-suppression
PAX1_Hsapiens-jaspar2016-PAX1-MA0779.1,PAX1,10,0.4101332287130178,0.34726235195056643,0.3710517794290634,-0.5025391201943844,0.8735908996234478,0,False,0.07878787878787878,normal-suppression
PAX1_Hsapiens-jaspar2018-PAX1-MA0779.1,PAX1,10,0.4489823514580736,0.21054345075351316,-0.21209525999729356,-0.7275943118562745,0.515499051858981,0,False,0.34545454545454546,normal-suppression
PAX1_Hsapiens-jolma2013-PAX1,PAX1,10,0.3630778141847267,0.22424253861623297,-0.09301830404699687,-0.41252772133767646,0.3195094172906796,0,False,0.16363636363636364,neutral
PAX2_1	Pax-2_transfac_M00098,PAX2,9,0.04626274267262294,0.002387238883630506,3.1506409908982307,1.2391909122391849,1.9114500786590458,0,False,-0.2333333333333333,tumor-gain
PAX2_3	Pax2_jaspar_MA0067.1,PAX2,10,1.0,0.6554611549942662,-0.1814309995024235,-0.9378665182992715,0.756435518796848,0,False,0.09203146787097731,normal-suppression
PAX2_4	PAX2_jolma_DBD_M196,PAX2,10,0.9161570771245517,0.6166900938513946,0.4632312805545615,0.2247941469070137,0.2384371336475478,0,False,0.05454545454545454,neutral
PAX2_Hsapiens-HOCOMOCOv10-PAX2_HUMAN.H10MO.D,PAX2,9,1.0,2.6260852211512187e-05,-0.7187057460018479,-1.1295355122149464,0.4108297662130985,0,False,-0.13333333333333333,neutral
PAX2_Hsapiens-HOCOMOCOv10-PAX2_HUMAN.H10MO.S,PAX2,10,1.0,0.8623442769633154,1.763606109230475,1.14118075304303,0.6224253561874449,0,False,-0.23636363636363633,tumor-gain
PAX2_Hsapiens-SwissRegulon-PAX2.SwissRegulon,PAX2,10,0.9695532014148263,0.9695532014148263,0.0,0.0,0.0,0,True,0.41818181818181815,neutral
PAX2_Hsapiens-jolma2013-PAX2,PAX2,10,0.8451015826435352,0.30977360716182806,0.1593106306043081,-0.2885493999722494,0.4478600305765575,0,False,-0.24848484848484845,neutral
PAX3_1	Pax-3_transfac_M00327,PAX3,9,0.021195150787698073,0.00016446451926025772,0.5296102124660239,-1.1966930656691706,1.7263032781351946,0,False,-0.26666666666666666,tumor-gain
PAX3_2	Pax-3_transfac_M00360,PAX3,9,1.0,0.9002606226417543,1.7193577462798975,0.037273339856976104,1.6820844064229215,0,False,0.16666666666666669,tumor-gain
PAX3_3	PAX3_jolma_DBD_M197,PAX3,3,0.5109128866957677,0.5109128866957677,0.0,0.0,0.0,0,True,,neutral
PAX3_Hsapiens-HOCOMOCOv10-PAX3_HUMAN.H10MO.D,PAX3,5,0.834085404762108,0.5871136649922369,0.5903729546416125,-0.2852143314308463,0.8755872860724588,0,False,0.19999999999999998,tumor-gain
PAX3_Hsapiens-SwissRegulon-PAX3.SwissRegulon,PAX3,8,0.2421261173506734,0.1875604448050793,2.390671465679564,-0.1995144484571649,2.590185914136729,0,False,0.28571428571428575,tumor-gain
PAX3_Hsapiens-hPDI-PAX3,PAX3,9,1.0,1.0,0.0,0.0,0.0,0,True,,neutral
PAX3_Hsapiens-jaspar2016-PAX3-MA0780.1,PAX3,2,0.007006888706361627,0.006781702476057608,0.6898862263813126,-0.6409999344880858,1.3308861608693983,0,False,,tumor-gain
PAX3_Hsapiens-jaspar2018-PAX3-MA0780.1,PAX3,4,0.004289313925582148,0.004289313925582148,0.0,0.0,0.0,0,True,0.19999999999999998,neutral
PAX3_Hsapiens-jolma2013-PAX3,PAX3,4,0.0037790509433167523,0.0032982354303129446,-0.08415037613471248,-0.09091063264704703,0.006760256512334556,0,False,0.39999999999999997,neutral
PAX4_1	Pax-4_transfac_M00373,PAX4,10,0.07390144776981167,0.07390144776981167,0.0,0.0,0.0,0,True,0.5878787878787878,neutral
PAX4_2	Pax-4_transfac_M00377,PAX4,3,0.6673681859932081,0.5565410199556541,0.4803911600523634,-0.24722999979344557,0.7276211598458089,0,False,,other
PAX4_3	Pax-4_transfac_M00378,PAX4,4,0.7149782563928627,0.3979967085275609,-0.09897352440582645,-1.3911151961981694,1.2921416717923428,0,False,0.19999999999999998,normal-suppression
PAX4_4	Pax-4_transfac_M00380,PAX4,9,0.0008050955117783269,6.083217405785472e-05,0.342404982544062,-0.18783747334170856,0.5302424558857706,0,False,-0.5333333333333333,other
PAX4_5	Pax4_jaspar_MA0068.1,PAX4,8,0.00015491641614602975,2.4942176070231633e-05,-0.1982069020807818,-1.5935350013598348,1.395328099279053,0,False,-0.4047619047619048,normal-suppression
PAX4_6	Pax4_bulyk_cell08-3989.2,PAX4,6,0.5340310493005268,0.20875193799520614,0.21209316458002217,-0.6918774250473086,0.9039705896273308,0,False,-0.2,normal-suppression
PAX4_8	PAX4_jolma_full_M199,PAX4,4,0.26824499709734895,0.10141222876354959,0.7835411580263995,0.2803404806574861,0.5032006773689133,0,False,0.6000000000000001,tumor-gain
PAX4_Hsapiens-HOCOMOCOv10-PAX4_HUMAN.H10MO.D,PAX4,5,1.0,0.9830069865560969,0.5590984570122821,-0.8862694328879162,1.4453678899001983,0,False,0.3,tumor-gain
PAX4_Hsapiens-SwissRegulon-PAX4.SwissRegulon,PAX4,4,7.392873837631545e-05,7.392873837631545e-05,0.0,0.0,0.0,0,True,0.7999999999999999,neutral
PAX4_Hsapiens-jaspar2016-PAX4-MA0068.2,PAX4,4,0.047080684583194844,0.008606815573987453,4.179049616903186,2.931831574543444,1.2472180423597425,0,False,-0.7999999999999999,tumor-gain
PAX4_Hsapiens-jaspar2018-PAX4-MA0068.2,PAX4,6,0.01232801897105911,0.010906337051038495,0.17313568894205544,-0.33026141825192434,0.5033971071939798,0,False,-0.5428571428571429,other
PAX4_Hsapiens-jolma2013-PAX4,PAX4,3,0.017858205719630975,0.005976854025912821,-0.46149766140746173,-0.4732674074194245,0.01176974601196279,0,False,,neutral
PAX4_Hsapiens-jolma2013-PAX4-2,PAX4,3,0.004295617499346275,0.003306931148664344,0.5725221798239798,0.46647097844269525,0.10605120138128454,0,False,,neutral
PAX5_Hsapiens-HOCOMOCOv10-PAX5_HUMAN.H10MO.A,PAX5,9,0.08239881130576987,7.513561070895677e-05,-0.17218557163327036,-0.5293239665847715,0.3571383949515012,0,False,-0.65,neutral
PAX5_Hsapiens-HOCOMOCOv10-PAX5_HUMAN.H10MO.S,PAX5,9,1.0,0.38789302800772213,0.11594475682074401,-0.10510018517004648,0.2210449419907905,0,False,-0.09999999999999999,neutral
PAX5_Hsapiens-JASPAR_2014-PAX5-MA0014.2,PAX5,10,0.6855308239691403,0.06197929536157854,0.35384751380610746,-0.07740910344967177,0.43125661725577924,0,False,-0.05454545454545454,neutral
PAX5_Hsapiens-SwissRegulon-PAX5.SwissRegulon,PAX5,10,0.16390040195905872,0.09877159071382106,0.33114912653798867,-2.9956249738655694,3.326774100403558,0,False,-0.38181818181818183,normal-suppression
PAX5_Hsapiens-jaspar2016-PAX5-MA0014.2,PAX5,8,0.7843639935788388,0.17018401680032424,-0.14739782480121344,-0.47496120375914563,0.3275633789579322,0,False,-0.1666666666666667,neutral
PAX5_Hsapiens-jaspar2018-PAX5-MA0014.2,PAX5,10,0.37914188904159873,0.007592407286920857,0.2871387059768082,0.18963994422633115,0.09749876175047703,0,False,0.10303030303030303,neutral
PAX5_Hsapiens-jaspar2018-PAX5-MA0014.3,PAX5,10,1.0,0.8912000633017837,0.3514095238957075,-0.07491917700448666,0.42632870090019415,0,False,0.6121212121212121,neutral
PAX5_Hsapiens-jolma2013-PAX5,PAX5,10,0.7933193615952728,0.11718166642666945,0.5959092640760967,0.2510982220195232,0.3448110420565735,0,False,-0.12727272727272726,neutral
PAX5_disc1 PAX5_GM12891_encode-Myers_seq_hsa_v041610.1-C20_r1:MEME#3#Intergenic,PAX5,10,0.3024656991123415,0.05649707884825093,0.1372415429384154,-0.1798573103499926,0.31709885328840803,0,False,0.6727272727272726,neutral
PAX5_disc2 PAX5_GM12891_encode-Myers_seq_hsa_v041610.1-C20_r1:MDscan#1#Intergenic,PAX5,10,1.0,0.2318180950485005,1.3098126243520127,0.8240901649112763,0.48572245944073644,0,False,-0.04242424242424241,neutral
PAX5_disc3 PAX5_GM12878_encode-Myers_seq_hsa_N19_r1:MEME#1#Intergenic,PAX5,10,0.5915773446319378,0.2269707502786023,3.4759908511257165,1.3591914003058896,2.116799450819827,0,False,-0.23636363636363633,tumor-gain
PAX5_disc4 PAX5_GM12892_encode-Myers_seq_hsa_v041610.1-C20_r1:MEME#1#Intergenic,PAX5,10,0.3449582515141532,0.3449582515141532,0.0,0.0,0.0,0,True,0.12727272727272726,neutral
PAX5_known1	PAX5_1	Pax-5_transfac_M00143,PAX5,10,0.07472246776651456,0.0006323832258137241,0.950498057448373,0.13000938040235943,0.8204886770460136,0,False,0.2727272727272727,tumor-gain
PAX5_known2	PAX5_2	Pax-5_transfac_M00144,PAX5,9,0.0374080229783979,0.004184156567535124,0.4402942657214611,-1.28266875992907,1.722963025650531,0,False,-0.08333333333333334,normal-suppression
PAX5_known3	PAX_1	Pax_transfac_M00808,PAX5,9,1.0,0.7005988023952096,-0.5346278465599598,-1.089054798351701,0.5544269517917412,0,False,-0.04184137043778616,divergent
PAX5_known4	PAX5_3	Pax5_jaspar_MA0014.1,PAX5,9,0.7507485052328068,0.02285392255197838,-0.40346893001954354,-0.4356865321918352,0.03221760217229164,0,False,0.18333333333333335,neutral
PAX5_known5	PAX5_4	PAX5_jolma_DBD_M200,PAX5,10,0.7648702684254337,0.02941407452485513,0.5408317278167823,0.12240807851067405,0.4184236493061083,0,False,-0.43030303030303024,neutral
PAX6_1	Pax-6_transfac_M00097,PAX6,7,0.6704573899603016,0.2227117664644373,-0.153236893612015,-0.5043299709294413,0.35109307731742634,0,False,0.3214285714285715,neutral
PAX6_2	Pax-6_transfac_M00979,PAX6,8,1.0,1.0,0.0,0.0,0.0,0,True,0.28571428571428575,neutral
PAX6_3	Pax6_jaspar_MA0069.1,PAX6,10,1.0,0.8574356522236664,0.6711180226624088,-0.8148608442781523,1.4859788669405611,0,False,0.4159196446032918,tumor-gain
PAX6_4	Pax6_bulyk_cell08-3838.3,PAX6,2,0.8525242214751796,0.8525242214751796,0.0,0.0,0.0,0,True,,neutral
PAX6_5	PAX6_jolma_DBD_M201,PAX6,7,0.9795685024628346,0.6258223450122937,0.11999645109883456,-1.0353076450821257,1.1553040961809602,0,False,0.1785714285714286,normal-suppression
PAX6_Hsapiens-HOCOMOCOv10-PAX6_HUMAN.H10MO.D,PAX6,8,1.0,0.7084057645937316,0.6066732148562838,0.5605459464467166,0.04612726840956716,0,False,0.2380952380952381,neutral
PAX6_Hsapiens-SwissRegulon-PAX6.SwissRegulon,PAX6,7,0.5150453488756577,0.2320539238327965,0.5006301888367435,-0.09744608846452799,0.5980762773012714,0,False,-0.3571428571428572,tumor-gain
PAX6_Hsapiens-jolma2013-PAX6,PAX6,6,0.81882238918697,0.7486790512388164,0.2152649761804859,-0.4688925201128674,0.6841574962933533,0,False,0.2,other
PAX7_1	Pax7_bulyk_cell08-3783.1,PAX7,7,0.4112674115916724,0.03924805291197802,-0.697964688406046,-1.1964184694312217,0.4984537810251757,0,False,-0.5,neutral
PAX7_2	PAX7_jolma_DBD_M202,PAX7,6,0.1403761933721738,0.08743565817236759,0.6613559471884316,-0.33492915251791333,0.9962850997063449,0,False,-0.7142857142857143,tumor-gain
PAX7_3	PAX7_jolma_full_M203,PAX7,6,0.011928005809630247,0.005425539641644177,0.5705593356156164,-0.1746437683872505,0.7452031040028669,0,False,0.5428571428571429,tumor-gain
PAX7_Hsapiens-HOCOMOCOv10-PAX7_HUMAN.H10MO.D,PAX7,2,0.6016827516238407,0.6016827516238407,0.0,0.0,0.0,0,True,,neutral
PAX7_Hsapiens-SwissRegulon-PAX7.SwissRegulon,PAX7,6,0.13417451245243647,0.031917668505862605,1.1448975133790547,0.21348422450595003,0.9314132888731046,0,False,-0.942857142857143,tumor-gain
PAX7_Hsapiens-jaspar2016-PAX7-MA0680.1,PAX7,4,0.005320404294688115,0.0036985468762797233,0.3091356606934018,-0.7584015528129324,1.0675372135063341,0,False,-0.39999999999999997,normal-suppression
PAX7_Hsapiens-jaspar2018-PAX7-MA0680.1,PAX7,5,0.002589367864421462,0.0014085314084624615,-0.4272891528175466,-0.5019194114613611,0.0746302586438145,0,False,0.7,neutral
PAX7_Hsapiens-jolma2013-PAX7,PAX7,5,0.02077890499285821,0.014638861860697579,1.3187680127190369,-0.0011579539261210553,1.319925966645158,0,False,-0.3,tumor-gain
PAX7_Hsapiens-jolma2013-PAX7-2,PAX7,4,0.001078798595866296,0.001078798595866296,0.0,0.0,0.0,0,True,0.39999999999999997,neutral
PAX8_1	Pax-8_transfac_M00328,PAX8,5,0.003986782842802232,0.00031722586776495383,-0.036259951599989335,-1.2012659752026986,1.1650060236027093,0,False,-0.09999999999999999,normal-suppression
PAX8_2	Pax-8_transfac_M00717,PAX8,10,0.3861880699983704,0.017012612197611653,1.7522507332689101,0.2737684889885506,1.4784822442803596,0,False,-0.23636363636363633,tumor-gain
PAX8_Hsapiens-HOCOMOCOv10-PAX8_HUMAN.H10MO.D,PAX8,9,0.7568538717485462,0.4751000262777312,2.454653386787031,0.939950604501281,1.5147027822857497,0,False,0.38333333333333336,tumor-gain
PAX8_Hsapiens-SwissRegulon-PAX8.SwissRegulon,PAX8,10,0.19891086645808212,0.19891086645808212,0.0,0.0,0.0,0,True,0.2727272727272727,neutral
PAX9_1	PAX9_jolma_DBD_M204,PAX9,10,0.43846771696214293,0.4201323362142504,0.04050174162962862,-0.04653771785079475,0.08703945948042338,0,False,0.33333333333333326,neutral
PAX9_Hsapiens-SwissRegulon-PAX9.SwissRegulon,PAX9,10,0.17466942340341152,0.17466942340341152,0.0,0.0,0.0,0,True,0.1515151515151515,neutral
PAX9_Hsapiens-jaspar2016-PAX9-MA0781.1,PAX9,10,0.26497979288210455,0.12943070702770884,0.701055945497739,0.08286859945240042,0.6181873460453385,0,False,0.13939393939393938,tumor-gain
PAX9_Hsapiens-jaspar2018-PAX9-MA0781.1,PAX9,10,0.214327631516252,0.19137319549944354,0.7875298023733748,-0.08305228191975227,0.870582084293127,0,False,-0.5030303030303029,tumor-gain
PAX9_Hsapiens-jolma2013-PAX9,PAX9,10,0.20492005909831146,0.13451379575202937,0.28685112103785204,-0.2653585186757401,0.5522096397135922,0,False,-0.13939393939393938,other
PAXIP1_Hsapiens-hPDI-PAXIP1,PAXIP1,3,1.0,0.28663147381937465,-0.7613077487161539,-1.6903921180688464,0.9290843693526925,0,False,,divergent
PBX1_1	Pbx-1_transfac_M00096,PBX1,3,1.0,1.0,0.0,0.0,0.0,0,True,,neutral
PBX1_2	Pbx-1b_transfac_M00124,PBX1,6,1.0,0.563509385555289,-0.8901633514562972,-1.6174931895764448,0.7273298381201476,0,False,0.5428571428571429,divergent
PBX1_3	Pbx-1_transfac_M01017,PBX1,8,1.0,0.9003000002991031,-0.9255149165541201,-1.9372798511449514,1.0117649345908313,0,False,0.4047619047619048,divergent
PBX1_4	PBX1_jaspar_MA0070.1,PBX1,4,0.6258429791399144,0.6258429791399144,0.0,0.0,0.0,0,True,-0.10540925533894598,neutral
PBX1_5	Pbx1_bulyk_cell08-3203.1,PBX1,5,0.9558516693654959,0.030668609485051512,2.157544448406431,0.4422225684482048,1.715321879958226,0,False,-0.7,tumor-gain
PBX1_Hsapiens-HOCOMOCOv10-PBX1_HUMAN.H10MO.B,PBX1,9,1.0,0.2152283834685725,0.4953548285984315,0.26833067169261243,0.22702415690581906,0,False,-0.39999999999999997,neutral
PBX1_Hsapiens-JASPAR_2014-PBX1-MA0070.1,PBX1,6,0.2613142313635232,0.2613142313635232,0.0,0.0,0.0,0,True,0.26482044885142486,neutral
PBX1_Hsapiens-JASPAR_CORE-PBX1-MA0070.1,PBX1,4,0.279053502610378,0.279053502610378,0.0,0.0,0.0,0,True,,neutral
PBX1_Hsapiens-SwissRegulon-PBX1.SwissRegulon,PBX1,6,0.08762580905476733,0.08745246731593642,0.6144188559243918,0.543222803632177,0.07119605229221482,0,False,0.5768179036829705,neutral
PBX1_Hsapiens-jaspar2016-PBX1-MA0070.1,PBX1,7,0.20986189183343829,0.11651609885994985,-0.5304074708699927,-0.8068198257108855,0.27641235484089277,0,False,0.0181848241863327,neutral
PBX1_Hsapiens-jaspar2018-PBX1-MA0070.1,PBX1,5,0.13973572796715364,0.10508810659457729,0.5012636320541176,-0.7774280336158488,1.2786916656699665,0,False,-0.05129891760425771,tumor-gain
PBX2_Hsapiens-HOCOMOCOv10-PBX2_HUMAN.H10MO.C,PBX2,8,1.0,0.4386850372403218,0.3409212561095662,-1.3173028916482892,1.6582241477578554,0,False,-0.036147201953390995,normal-suppression
PBX2_Hsapiens-SwissRegulon-PBX2.SwissRegulon,PBX2,6,0.8554035686399246,0.8554035686399246,0.0,0.0,0.0,0,True,-0.08571428571428573,neutral
PBX2_Hsapiens-jaspar2018-PBX2-MA1113.1,PBX2,9,1.0,0.8157887818028727,1.2552154820989356,0.6083791064068469,0.6468363756920887,0,False,0.0,tumor-gain
PBX3_Hsapiens-HOCOMOCOv10-PBX3_HUMAN.H10MO.B,PBX3,10,1.0,0.5704721246642556,0.17614532717123904,-0.29888581148989984,0.4750311386611389,0,False,-0.33333333333333326,neutral
PBX3_Hsapiens-SwissRegulon-PBX3.SwissRegulon,PBX3,7,0.9101256084496298,0.8449915580017736,-0.27241709404566133,-1.0961154508115376,0.8236983567658762,0,False,0.1785714285714286,normal-suppression
PBX3_Hsapiens-jaspar2018-PBX3-MA1114.1,PBX3,9,0.653396753326133,0.5851132509850029,0.36146209553255776,0.009381248823967044,0.3520808467085907,0,False,0.5333333333333333,neutral
PBX3_disc1 PBX3_GM12878_encode-Myers_seq_hsa_r1:MEME#1#Intergenic,PBX3,10,0.8429271195265265,0.23867841622202743,-0.19408218174462433,-0.4858053676220831,0.29172318587745877,0,False,-0.4424242424242424,neutral
PBX3_disc2 PBX3_GM12878_encode-Myers_seq_hsa_r1:MDscan#1#Intergenic,PBX3,9,1.0,0.7863137706604637,-0.22304087800387426,-0.9996831073198024,0.7766422293159281,0,False,0.3666666666666667,normal-suppression
PBX3_disc3 PBX3_GM12878_encode-Myers_seq_hsa_r1:MEME#3#Intergenic,PBX3,10,0.1218499946222527,0.1218499946222527,0.0,0.0,0.0,0,True,0.35757575757575755,neutral
PBX3_known1	PBX_1	Pbx_transfac_M00998,PBX3,7,1.0,0.5011224755524825,0.7902516852016078,0.15155226245005426,0.6386994227515536,0,False,0.14824986333222023,tumor-gain
PCK2_Hsapiens-hPDI-PCK2,PCK2,6,1.0,1.0,0.0,0.0,0.0,0,True,0.898645105261295,neutral
PDCD11_Hsapiens-hPDI-PDCD11,PDCD11,8,0.16743006350215311,0.042014285597918574,0.8965252925779332,0.15963147372103095,0.7368938188569023,0,False,-0.2060946741117706,tumor-gain
PDE6H_Hsapiens-hPDI-PDE6H,PDE6H,5,0.6672212978369384,0.250936329588015,0.42313614527645116,0.15548612514235613,0.267650020134095,0,False,0.15389675281277312,neutral
PDLIM5_Hsapiens-hPDI-PDLIM5,PDLIM5,3,0.33422103861517977,0.11170370265300948,0.6078140462065692,0.3560276422034619,0.2517864040031073,0,False,,neutral
PDS5A_Hsapiens-hPDI-SCC-112,PDS5A,8,1.0,0.6672212978369385,-0.22605238374875652,-2.9417840219873312,2.7157316382385748,0,False,-0.36514837167011077,normal-suppression
PDX1_1	IPF1_transfac_M00436,PDX1,9,1.0,1.0,0.0,0.0,0.0,0,True,0.1863389981249825,neutral
PDX1_2	IPF1_transfac_M01013,PDX1,10,0.8574686431014823,0.8574686431014823,0.0,0.0,0.0,0,True,0.11550205329921227,neutral
PDX1_3	Pdx1_jaspar_MA0132.1,PDX1,6,1.0,0.03433112221829961,-0.1997999274903026,-1.0031176956898524,0.8033177681995498,0,False,-0.7142857142857143,normal-suppression
PDX1_4	Ipf1_bulyk_cell08-3815.1,PDX1,8,0.5214765753693119,0.1260777530330451,0.12324677775430465,-0.03475664374898568,0.15800342150329033,0,False,0.1666666666666667,neutral
PDX1_5	PDX1_jolma_DBD_M618,PDX1,6,0.7553120389479558,0.5600381313548108,-0.4261799409992502,-1.7063687960893974,1.2801888550901472,0,False,-0.3142857142857143,normal-suppression
PDX1_6	PDX1_jolma_DBD_M619,PDX1,4,0.027497121674440246,0.0128816404855924,0.5999931457110077,0.15332636838420563,0.44666677732680204,0,False,0.0,neutral
PDX1_Hsapiens-HOCOMOCOv10-PDX1_HUMAN.H10MO.C,PDX1,3,0.40475047523954044,0.3643817320725925,0.5363777456068878,0.30362855792357935,0.23274918768330843,0,False,,neutral
PDX1_Hsapiens-SwissRegulon-PDX1.SwissRegulon,PDX1,8,0.1511135906688989,0.14205685192654394,0.7459672215754848,-0.21190653966875067,0.9578737612442354,0,False,0.13173888881045848,tumor-gain
PDX1_Hsapiens-jaspar2016-PDX1-MA0132.2,PDX1,5,0.002174594367872907,0.002174594367872907,0.0,0.0,0.0,0,True,0.7,neutral
PDX1_Hsapiens-jaspar2018-PDX1-MA0132.2,PDX1,5,0.0009323014314559961,0.0006034162796515679,0.5353479000901612,-0.04451106617356601,0.5798589662637272,0,False,0.19999999999999998,tumor-gain
PDX1_Hsapiens-jolma2013-PDX1,PDX1,3,0.39313104030237184,0.0693164900163178,0.6200012165804815,0.29653172853784704,0.3234694880426344,0,False,,neutral
PDX1_Hsapiens-jolma2013-PDX1-2,PDX1,2,0.00020101469357934666,7.480871572016645e-05,0.625365176104283,0.27009844986169274,0.35526672624259026,0,False,,neutral
PEBB_Hsapiens-HOCOMOCOv10-PEBB_HUMAN.H10MO.C,PEBB,8,1.0,1.0,0.0,0.0,0.0,0,True,-0.0242464322484436,neutral
PGAM2_Hsapiens-hPDI-PGAM2,PGAM2,2,0.33422103861517977,0.33422103861517977,0.0,0.0,0.0,0,True,,neutral
PGR_Hsapiens-SwissRegulon-PGR.SwissRegulon,PGR,5,0.057253911593927106,0.05306400273144622,-0.21661450169361327,-0.70491228341779,0.4882977817241767,0,False,-0.39999999999999997,neutral
PHLDA2_Hsapiens-hPDI-PHLDA2,PHLDA2,4,0.33422103861517977,0.11170370265300948,0.5931951941576007,-0.05381232431721092,0.6470075184748116,0,False,,tumor-gain
PHOX2A_1	Phox2a_bulyk_cell08-3947.1,PHOX2A,4,0.3991910712552738,0.2685870069686038,-0.38177569648587845,-0.5344934503712644,0.15271775388538594,0,False,0.0,neutral
PHOX2A_2	PHOX2A_jolma_DBD_M620,PHOX2A,2,0.6687780759438924,0.6687780759438924,0.0,0.0,0.0,0,True,,neutral
PHOX2A_Hsapiens-SwissRegulon-PHOX2A.SwissRegulon,PHOX2A,2,0.027583774988985982,0.027583774988985982,0.0,0.0,0.0,0,True,,neutral
PHOX2A_Hsapiens-hPDI-PHOX2A,PHOX2A,2,0.7781721384205857,0.7781721384205857,0.0,0.0,0.0,0,True,,neutral
PHOX2A_Hsapiens-jaspar2016-PHOX2A-MA0713.1,PHOX2A,4,0.042730577434890726,0.041975666525372976,-0.031253375859901476,-1.0424946435296047,1.0112412676697033,0,False,0.39999999999999997,normal-suppression
PHOX2A_Hsapiens-jaspar2018-PHOX2A-MA0713.1,PHOX2A,5,0.04554905077791538,0.03417650327213015,0.2094571038376513,0.19798131001800867,0.011475793819642616,0,False,0.7,neutral
PHOX2B_1	Phox2b_bulyk_cell08-3948.1,PHOX2B,2,0.2567079989827957,0.08350754665011523,0.5858357748384211,-0.6668612643402938,1.2526970391787149,0,False,,tumor-gain
PHOX2B_2	PHOX2B_jolma_DBD_M621,PHOX2B,2,0.1796780504357102,0.1796780504357102,0.0,0.0,0.0,0,True,,neutral
PHOX2B_3	PHOX2B_jolma_full_M622,PHOX2B,3,0.14819228538926546,0.1387304628104409,-0.20278359166334003,-0.46409266944842975,0.2613090777850897,0,False,,neutral
PHOX2B_Hsapiens-SwissRegulon-PHOX2B.SwissRegulon,PHOX2B,2,0.802287876381393,0.13192269082321134,0.1852002132409019,-1.0559117197281647,1.2411119329690665,0,False,,normal-suppression
PHOX2B_Hsapiens-jolma2013-PHOX2B,PHOX2B,3,0.03627488521182367,0.02658484917016613,-0.20584405377073256,-0.973488512645265,0.7676444588745325,0,False,,normal-suppression
PHOX2B_Hsapiens-jolma2013-PHOX2B-2,PHOX2B,6,0.04210447460812841,0.02512513193268868,-0.04654139819389601,-1.3975017752897256,1.3509603770958296,0,False,-0.08571428571428573,normal-suppression
PHX2A_Hsapiens-HOCOMOCOv10-PHX2A_HUMAN.H10MO.D,PHOX2A,2,0.01570807721693901,0.01570807721693901,0.0,0.0,0.0,0,True,,neutral
PICK1_Hsapiens-hPDI-PICK1,PICK1,2,1.0,1.0,0.0,0.0,0.0,0,True,,neutral
PIK3C3_Hsapiens-hPDI-PIK3C3,PIK3C3,2,1.0,1.0,0.0,0.0,0.0,0,True,,neutral
PIT1_Hsapiens-HOCOMOCOv10-PIT1_HUMAN.H10MO.C,PIT1,4,0.7065383260946125,0.3680074307873846,1.0665432551375027,0.8258027246951555,0.24074053044234722,0,False,-0.39999999999999997,neutral
PITX1_1	Pitx1_bulyk_cell08-2312.1,PITX1,3,0.19669005651101987,0.19669005651101987,0.0,0.0,0.0,0,True,,neutral
PITX1_2	PITX1_jolma_DBD_M623,PITX1,6,1.0,0.7673890078192886,0.07638674725663258,-0.48447826561343516,0.5608650128700677,0,False,-0.2,other
PITX1_3	PITX1_jolma_full_M624,PITX1,6,0.8233056728239851,0.766603587025153,-0.3118781357735418,-0.5891533559011553,0.27727522012761346,0,False,0.6,neutral
PITX1_4	PITX1_jolma_full_M739,PITX1,4,0.08430214126309747,0.05242277208545363,0.42994205882599884,0.11044975095439612,0.3194923078716027,0,False,0.39999999999999997,neutral
PITX1_Hsapiens-HOCOMOCOv10-PITX1_HUMAN.H10MO.D,PITX1,8,1.0,0.4603304905671863,0.33657387265067074,-0.40123594737457274,0.7378098200252434,0,False,-0.07142857142857144,other
PITX1_Hsapiens-SwissRegulon-PITX1.SwissRegulon,PITX1,9,0.1377775668616135,0.051655631207746286,-0.03677757377373792,-1.4383906535312732,1.4016130797575352,0,False,-0.06666666666666667,normal-suppression
PITX1_Hsapiens-hPDI-PITX1,PITX1,3,0.5007488766849718,0.10062991808731178,0.6244946250835323,-0.7277371402110052,1.3522317652945375,0,False,,tumor-gain
PITX1_Hsapiens-jolma2013-PITX1,PITX1,6,0.1423017004636257,0.12039526093903612,0.6771532390855658,-0.26057209628129685,0.9377253353668626,0,False,0.4285714285714286,tumor-gain
PITX1_Hsapiens-jolma2013-PITX1-2,PITX1,4,0.2718911878435659,0.2718911878435659,0.0,0.0,0.0,0,True,0.7999999999999999,neutral
PITX1_Hsapiens-jolma2013-PITX1-3,PITX1,5,0.05081855279481197,0.017656368055882343,0.9333463841921324,0.27279665120224733,0.6605497329898851,0,False,0.19999999999999998,tumor-gain
PITX2_1	Pitx2_transfac_M00482,PITX2,6,1.0,0.7505612377762412,-0.11770843627091739,-0.34761784356792175,0.22990940729700438,0,False,-0.26482044885142486,neutral
PITX2_2	Pitx2_bulyk_cell08-2274.3,PITX2,5,0.5203820133422885,0.5203820133422885,0.0,0.0,0.0,0,True,0.8999999999999998,neutral
PITX2_Hsapiens-HOCOMOCOv10-PITX2_HUMAN.H10MO.D,PITX2,6,1.0,0.5014126641183314,-0.16824392867370672,-0.392141442678736,0.2238975140050293,0,False,0.2,neutral
PITX2_Hsapiens-SwissRegulon-PITX2.SwissRegulon,PITX2,7,0.5465606626260189,0.4810605917766564,1.0899066343489328,0.0332225752258219,1.0566840591231108,0,False,-0.14285714285714288,tumor-gain
PITX3_1	Pitx3_bulyk_cell08-3497.2,PITX3,8,1.0,1.0,0.0,0.0,0.0,0,True,0.5714285714285715,neutral
PITX3_2	PITX3_jolma_DBD_M625,PITX3,6,0.40702287355407996,0.27925117940000016,-0.035647953163335404,-0.646473914383837,0.6108259612205016,0,False,-0.6,normal-suppression
PITX3_Hsapiens-HOCOMOCOv10-PITX3_HUMAN.H10MO.D,PITX3,3,0.15922811050687083,0.15922811050687083,0.0,0.0,0.0,0,True,,neutral
PITX3_Hsapiens-SwissRegulon-PITX3.SwissRegulon,PITX3,7,0.08530326833626672,0.07208189915903905,0.2427071571849942,0.04824135975554815,0.19446579742944603,0,False,0.4642857142857144,neutral
PITX3_Hsapiens-jaspar2016-PITX3-MA0714.1,PITX3,5,0.24264875742516617,0.19463186423197804,-0.46904498714319764,-1.0344039160008378,0.5653589288576402,0,False,-0.7999999999999999,normal-suppression
PITX3_Hsapiens-jaspar2018-PITX3-MA0714.1,PITX3,6,0.17709592167333257,0.17709592167333257,0.0,0.0,0.0,0,True,0.3142857142857143,neutral
PITX3_Hsapiens-jolma2013-PITX3,PITX3,10,0.09865179386692585,0.07464652286133626,-0.3313232734375619,-1.8212577408719788,1.4899344674344168,0,False,0.28484848484848485,normal-suppression
PKM_Hsapiens-hPDI-PKM2,PKM,2,1.0,1.0,0.0,0.0,0.0,0,True,,neutral
PKNOX1_1	Pknox1_bulyk_cell08-2364.2,PKNOX1,9,0.8784126203142779,0.45668125314615704,0.1464673830400231,-2.422898884362529,2.569366267402552,0,False,0.18333333333333335,normal-suppression
PKNOX1_2	PKNOX1_jolma_DBD_M171,PKNOX1,6,0.01229258562346228,0.004267229132057002,0.15895412059998432,-0.22399066425014497,0.3829447848501293,0,False,0.08571428571428573,neutral
PKNOX1_Hsapiens-SwissRegulon-PKNOX1.SwissRegulon,PKNOX1,9,0.8258061842623566,0.3206125077460217,-0.03190673137685237,-0.6748594333561403,0.6429527019792879,0,False,-0.39999999999999997,normal-suppression
PKNOX1_Hsapiens-jaspar2016-PKNOX1-MA0782.1,PKNOX1,8,0.002887655812992944,0.0014258905282789583,0.2849003642142887,-0.8205071396185046,1.1054075038327933,0,False,0.14285714285714288,normal-suppression
PKNOX1_Hsapiens-jaspar2018-PKNOX1-MA0782.1,PKNOX1,8,0.0015936371531248862,0.000244399796987208,0.44578617839195467,-0.3958919297640448,0.8416781081559994,0,False,-0.14285714285714288,other
PKNOX1_Hsapiens-jolma2013-PKNOX1,PKNOX1,8,0.0003920888055625439,0.00014844941456339773,-0.15972679387070812,-0.6400390973241548,0.48031230345344667,0,False,0.11904761904761905,neutral
PKNOX2_1	Pknox2_bulyk_cell08-3077.2,PKNOX2,4,0.6585439829876553,0.620250732342045,-0.5746608437458612,-0.9201101612667381,0.3454493175208768,0,False,0.39999999999999997,neutral
PKNOX2_2	PKNOX2_jolma_DBD_M172,PKNOX2,9,0.008199418222651082,0.0015989155196710454,0.139436535068694,-0.38411504465957197,0.5235515797282659,0,False,-0.5333333333333333,other
PKNOX2_3	Pknox2_jolma_DBD_M173,PKNOX2,5,0.002212887593116929,0.001361558761490424,1.402902322689221,0.9374149603634997,0.4654873623257213,0,False,0.8999999999999998,neutral
PKNOX2_Hsapiens-SwissRegulon-PKNOX2.SwissRegulon,PKNOX2,9,0.8873659616430264,0.49814519415497466,-0.17543398108945146,-1.3921049105906396,1.2166709295011882,0,False,0.15,normal-suppression
PKNOX2_Hsapiens-hPDI-PKNOX2,PKNOX2,5,1.0,0.004711026159640559,0.0604822770015808,-0.5764814749946467,0.6369637519962276,0,False,-0.4103913408340617,normal-suppression
PKNOX2_Hsapiens-jaspar2016-PKNOX2-MA0783.1,PKNOX2,9,0.0008287277910176324,0.00010787301640699154,0.33450612496607796,-0.11690585100505488,0.4514119759711328,0,False,-0.38333333333333336,neutral
PKNOX2_Hsapiens-jaspar2018-PKNOX2-MA0783.1,PKNOX2,8,0.00036175896742041353,0.00015294281308898675,1.2985202652405687,1.280791482262503,0.017728782978065682,0,False,0.28571428571428575,neutral
PKNOX2_Hsapiens-jolma2013-PKNOX2,PKNOX2,6,0.0004824086294749858,0.0001927456289329546,0.22093976957390993,-0.10412578620715819,0.3250655557810681,0,False,0.4285714285714286,neutral
PKNX1_Hsapiens-HOCOMOCOv10-PKNX1_HUMAN.H10MO.D,PKNOX1,8,0.8003593531643027,0.7505612372162634,-0.6184941706554345,-0.6916264752597352,0.07313230460430065,0,False,0.1939714579875488,neutral
PKNX2_Hsapiens-HOCOMOCOv10-PKNX2_HUMAN.H10MO.D,PKNOX2,10,0.8395988783803051,0.6523776334766366,-0.12962016494009757,-0.19797593577946723,0.06835577083936967,0,False,0.5393939393939393,neutral
PLAG1_Hsapiens-HOCOMOCOv10-PLAG1_HUMAN.H10MO.D,PLAG1,2,0.27041152604403934,0.27041152604403934,0.0,0.0,0.0,0,True,,neutral
PLAG1_Hsapiens-JASPAR_2014-PLAG1-MA0163.1,PLAG1,3,0.12598326882257446,0.06308598034400499,0.007526545798130991,-0.13754297884078862,0.14506952463891962,0,False,,neutral
PLAG1_Hsapiens-SwissRegulon-PLAG1.SwissRegulon,PLAG1,4,0.778393351800554,0.778393351800554,0.0,0.0,0.0,0,True,0.10540925533894598,neutral
PLAG1_Hsapiens-jaspar2016-PLAG1-MA0163.1,PLAG1,2,0.07262091596518765,0.07262091596518765,0.0,0.0,0.0,0,True,,neutral
PLAG1_Hsapiens-jaspar2018-PLAG1-MA0163.1,PLAG1,2,0.06308598034400499,0.05052912498793204,0.47339992539890224,-1.7088681965691754,2.1822681219680775,0,False,,normal-suppression
PLAGL1_Hsapiens-SwissRegulon-PLAGL1.SwissRegulon,PLAGL1,4,0.20457553788198984,0.0932991507643676,0.4510658458745264,0.3493635806832359,0.1017022651912905,0,False,0.0,neutral
PLAGL1_Hsapiens-hPDI-PLAGL1,PLAGL1,4,0.5562458398047478,0.09324780434216443,0.5649918868172055,-0.9253409605025898,1.4903328473197952,0,False,-0.7999999999999999,tumor-gain
PO2F2_Hsapiens-HOCOMOCOv10-PO2F2_HUMAN.H10MO.D,POU2F2,3,0.5067818006314081,0.5067818006314081,0.0,0.0,0.0,0,True,,neutral
PO2F3_Hsapiens-HOCOMOCOv10-PO2F3_HUMAN.H10MO.D,POU2F3,8,1.0,0.29671244277985914,0.19153854459796593,-0.36881675504042616,0.560355299638392,0,False,-0.19047619047619052,other
PO3F1_Hsapiens-HOCOMOCOv10-PO3F1_HUMAN.H10MO.C,POU3F1,6,0.7504678727386156,0.2785525970480786,0.019581862145232477,-0.40307797396289424,0.42265983610812674,0,False,0.08571428571428573,neutral
PO3F2_Hsapiens-HOCOMOCOv10-PO3F2_HUMAN.H10MO.D,POU3F1,5,1.0,0.429630685869101,2.530598035500972,-0.6556201557025274,3.1862181912034995,0,False,-0.8999999999999998,tumor-gain
PO4F1_Hsapiens-HOCOMOCOv10-PO4F1_HUMAN.H10MO.D,POU4F1,3,0.4690136071791682,0.40165224986118375,0.4145494525769351,-0.4541818713405279,0.868731323917463,0,False,,other
PO4F2_Hsapiens-HOCOMOCOv10-PO4F2_HUMAN.H10MO.D,POU4F2,4,1.0,0.5008423285705363,-0.6718677092159974,-1.4742860369978217,0.8024183277818243,0,False,0.632455532033676,divergent
PO5F1_Hsapiens-HOCOMOCOv10-PO5F1_HUMAN.H10MO.A,POU5F1,8,1.0,0.6948453608247424,0.03387585797828864,-0.11919731707718974,0.15307317505547838,0,False,0.1666666666666667,neutral
PO6F1_Hsapiens-HOCOMOCOv10-PO6F1_HUMAN.H10MO.D,POU6F1,4,0.7148560022811516,0.28714000570288023,0.3783039830357128,-0.16433869308494076,0.5426426761206535,0,False,0.0,other
PO6F2_Hsapiens-HOCOMOCOv10-PO6F2_HUMAN.H10MO.D,POU6F2,8,0.8923105419364278,0.4231101345218987,0.31812579054704176,-1.0296491953770164,1.3477749859240582,0,False,-0.6190476190476191,normal-suppression
POLE3_Hsapiens-hPDI-POLE3,POLE3,3,1.0,1.0,0.0,0.0,0.0,0,True,,neutral
POLI_Hsapiens-hPDI-POLI,POLI,2,1.0,1.0,0.0,0.0,0.0,0,True,,neutral
POU1F1_2	Pit-1_transfac_M00802,POU1F1,4,0.23905636728165736,0.23905636728165736,0.0,0.0,0.0,0,True,1.0,neutral
POU1F1_4	POU1F1_jolma_DBD_M205,POU1F1,3,0.6152479857914632,0.6152479857914632,0.0,0.0,0.0,0,True,,neutral
POU1F1_5	POU1F1_jolma_DBD_M206,POU1F1,3,0.6030923050722944,0.3940471310240969,1.6674633268122152,-1.7333470144758811,3.4008103412880963,0,False,,tumor-gain
POU1F1_Hsapiens-SwissRegulon-POU1F1.SwissRegulon,POU1F1,2,0.4474832192520584,0.4474832192520584,0.0,0.0,0.0,0,True,,neutral
POU1F1_Hsapiens-jolma2013-POU1F1,POU1F1,6,0.12965902939874777,0.004645110857487496,0.9061601270988486,0.20711366383545493,0.6990464632633937,0,False,-0.3714285714285715,tumor-gain
POU2F1_Hsapiens-SwissRegulon-POU2F1.SwissRegulon,POU2F1,9,0.023676055222280345,0.002939759761264534,0.0463763287776013,-0.4708192278872778,0.5171955566648792,0,False,-0.2833333333333333,other
POU2F1_Hsapiens-jaspar2016-POU2F1-MA0785.1,POU2F1,5,0.3830829065405996,0.29579444589816056,0.10981599599431768,-2.065742026415299,2.175558022409617,0,False,-0.6,normal-suppression
POU2F1_Hsapiens-jaspar2018-POU2F1-MA0785.1,POU2F1,6,0.2891780702645765,0.23649758612434427,-0.15733894964199818,-2.041807224113886,1.884468274471888,0,False,-0.6571428571428573,normal-suppression
POU2F1_Hsapiens-jolma2013-POU2F1,POU2F1,6,0.22843895130389436,0.22332919372687424,-0.823964623790803,-1.9526629994389137,1.1286983756481108,0,False,0.2,divergent
POU2F1_Hsapiens-jolma2013-POU2F1-2,POU2F1,5,0.5687835724280925,0.2512234844703189,0.627878096175296,-0.27844463378664164,0.9063227299619376,0,False,-0.9999999999999999,tumor-gain
POU2F2_1	Pou2f2_bulyk_cell08-3748.1,POU2F2,3,0.7819196722343342,0.7819196722343342,0.0,0.0,0.0,0,True,,neutral
POU2F2_2	POU2F2_jolma_DBD_M209,POU2F2,7,0.8047076310632674,0.5357909053942258,0.48615386439674646,-0.22428391745840717,0.7104377818551536,0,False,-0.14285714285714288,other
POU2F2_3	POU2F2_jolma_DBD_M210,POU2F2,5,1.0,0.9275273942920819,-0.2636878050801579,-1.258079408507631,0.9943916034274731,0,False,-0.09999999999999999,normal-suppression
POU2F2_4	Pou2f2_jolma_DBD_M231,POU2F2,4,0.3520140993453465,0.34868838933364676,0.491297793597383,-0.9075471869743039,1.398844980571687,0,False,-0.19999999999999998,normal-suppression
POU2F2_5	Pou2f2_jolma_DBD_M232,POU2F2,4,0.012645724002104054,0.005358500313866581,0.20432410528556094,-0.3697718690981306,0.5740959743836915,0,False,0.7999999999999999,other
POU2F2_Hsapiens-JASPAR_2014-POU2F2-MA0507.1,POU2F2,2,0.661219144561679,0.661219144561679,0.0,0.0,0.0,0,True,,neutral
POU2F2_Hsapiens-SwissRegulon-POU2F2.SwissRegulon,POU2F2,9,0.34354076216771273,0.29085934356633497,0.5375321270668599,-2.444643239342605,2.982175366409465,0,False,-0.016666666666666666,tumor-gain
POU2F2_Hsapiens-jaspar2016-POU2F2-MA0507.1,POU2F2,5,0.48285354961918714,0.36980256427059804,-0.8113247267837104,-1.7459557215302095,0.9346309947464991,0,False,-0.49999999999999994,divergent
POU2F2_Hsapiens-jaspar2018-POU2F2-MA0507.1,POU2F2,5,0.38893404414157556,0.38893404414157556,0.0,0.0,0.0,0,True,0.6,neutral
POU2F2_Hsapiens-jolma2013-POU2F2,POU2F2,5,0.3694798044063501,0.2635138993132481,0.753890749514258,0.4109695819170031,0.34292116759725494,0,False,0.39999999999999997,neutral
POU2F2_Hsapiens-jolma2013-POU2F2-2,POU2F2,2,0.5397009036356593,0.5397009036356593,0.0,0.0,0.0,0,True,,neutral
POU2F2_disc1 POU2F2_GM12891_encode-Myers_seq_hsa_r1:Weeder#2#Intergenic,POU2F2,7,0.2744291046013283,0.07874654692100944,0.25686987852257226,-0.03993130796936941,0.29680118649194165,0,False,-0.28571428571428575,neutral
POU2F2_disc2 POU2F2_GM12891_encode-Myers_seq_hsa_r1:AlignACE#1#Intergenic,POU2F2,2,0.44486931414525605,0.21159733554095714,0.21916552147464324,-0.14274138638354106,0.3619069078581843,0,False,,neutral
POU2F2_known1	POU2F1_1	Oct-1_transfac_M00135,POU2F2,3,0.5623691382895395,0.5623691382895395,0.0,0.0,0.0,0,True,,neutral
POU2F2_known10	POU2F1_9	Oct-1_transfac_M00342,POU2F2,6,1.0,0.3347844510095451,-0.542885683557624,-1.773160003505688,1.2302743199480641,0,False,-0.14285714285714288,divergent
POU2F2_known11	POU_2	Octamer_transfac_M00795,POU2F2,7,1.0,0.5194964922373855,0.9959168728262923,-0.63251251054181,1.6284293833681023,0,False,-0.36037498507822363,tumor-gain
POU2F2_known12	POU2F1_10	Oct-1_transfac_M00930,POU2F2,3,0.3927308245457058,0.3927308245457058,0.0,0.0,0.0,0,True,,neutral
POU2F2_known13	POU2F1_11	Oct-1_bulyk_nbt06-Oct-1,POU2F2,8,0.004980399424748134,9.72325649788292e-06,-0.06296470442013495,-0.8931081781155588,0.8301434736954239,0,False,-0.6904761904761906,normal-suppression
POU2F2_known14	POU2F1_12	Pou2f1_bulyk_cell08-3081.2,POU2F2,2,0.6607733818311917,0.022081205568893758,0.37622641765817977,0.056318913258601,0.31990750439957877,0,False,,neutral
POU2F2_known15	POU2F1_13	POU2F1_jolma_DBD_M207,POU2F2,4,0.9776333554073687,0.5753755556625172,0.15068923794052344,0.1105738615055275,0.040115376434995936,0,False,0.39999999999999997,neutral
POU2F2_known2	POU2F1_2	Oct-1_transfac_M00136,POU2F2,7,0.9233194895511408,0.9233194895511408,0.0,0.0,0.0,0,True,0.8214285714285715,neutral
POU2F2_known3	POU2F1_3	Oct-1_transfac_M00137,POU2F2,4,0.45446142630443936,0.10773715560726864,1.3953910725958971,1.0228246258329086,0.37256644676298856,0,False,-0.7999999999999999,neutral
POU2F2_known4	POU2F1_4	Oct-1_transfac_M00138,POU2F2,7,0.002269757861205804,3.0376027246184815e-06,0.8237577303919273,-0.04358393237962495,0.8673416627715523,0,False,-0.6071428571428572,tumor-gain
POU2F2_known5	POU2F1_5	Oct-1_transfac_M00161,POU2F2,6,1.0,0.6674426346285015,-0.4191243897981465,-1.3814910976467136,0.9623667078485671,0,False,0.20291986247835694,normal-suppression
POU2F2_known6	POU2F1_6	Oct-1_transfac_M00162,POU2F2,8,1.0,1.0,0.0,0.0,0.0,0,True,0.5819143739626463,neutral
POU2F2_known7	POU2F1_7	Oct-1_transfac_M00195,POU2F2,3,0.9003000002991031,0.5012468827930174,0.11295243647925539,-0.36986528727296786,0.48281772375222326,0,False,,neutral
POU2F2_known8	POU_1	OCT-x_transfac_M00210,POU2F2,8,1.0,1.0,0.0,0.0,0.0,0,True,0.09523809523809526,neutral
POU2F2_known9	POU2F1_8	Oct-1_transfac_M00248,POU2F2,4,0.786476868327402,0.786476868327402,0.0,0.0,0.0,0,True,0.9486832980505139,neutral
POU2F3_1	Pou2f3_bulyk_cell08-3986.2,POU2F3,5,1.0,1.0,0.0,0.0,0.0,0,True,0.3,neutral
POU2F3_3	POU2F3_jolma_DBD_M212,POU2F3,2,0.7820933095130228,0.7820933095130228,0.0,0.0,0.0,0,True,,neutral
POU2F3_Hsapiens-SwissRegulon-POU2F3.SwissRegulon,POU2F3,2,0.3386031651913884,0.3386031651913884,0.0,0.0,0.0,0,True,,neutral
POU2F3_Hsapiens-jolma2013-POU2F3,POU2F3,3,0.016796606620324072,0.010428842892303081,0.3282818890484829,0.28392374261092745,0.044358146437555424,0,False,,neutral
POU3F1_2	POU3F1_jolma_DBD_M213,POU3F1,4,0.7369333226069346,0.38329892474004257,0.5770049610979094,-0.43023559974763165,1.007240560845541,0,False,-0.7999999999999999,tumor-gain
POU3F1_3	POU3F1_jolma_DBD_M214,POU3F1,2,0.5037946494645593,0.2889296503484534,0.2769361652456241,0.2730482608547194,0.003887904390904695,0,False,,neutral
POU3F1_Hsapiens-SwissRegulon-POU3F1.SwissRegulon,POU3F1,4,0.11342335032471057,0.11342335032471057,0.0,0.0,0.0,0,True,0.39999999999999997,neutral
POU3F1_Hsapiens-jaspar2016-POU3F1-MA0786.1,POU3F1,5,0.31809216460145046,0.24152982249643817,-0.34214696031117314,-1.8485168279614839,1.5063698676503108,0,False,-0.3,normal-suppression
POU3F1_Hsapiens-jaspar2018-POU3F1-MA0786.1,POU3F1,2,0.16931001092941092,0.16931001092941092,0.0,0.0,0.0,0,True,,neutral
POU3F2_1	Brn-2_transfac_M00145,POU3F2,6,1.0,0.6673313373253493,-0.15669419634562753,-1.424879587790422,1.2681853914447943,0,False,0.11595420713048968,normal-suppression
POU3F2_2	POU3F2_transfac_M00463,POU3F2,3,1.0,1.0,0.0,0.0,0.0,0,True,,neutral
POU3F2_3	POU3F2_transfac_M00464,POU3F2,2,0.7504354251793672,0.12580116479424555,0.7547800768557398,0.7072540141155007,0.04752606274023907,0,False,,neutral
POU3F2_4	Pou3f2_bulyk_cell08-2824.1,POU3F2,3,0.5767670151203693,0.27289009154370963,-0.2352495583069965,-0.5811446428557786,0.3458950845487821,0,False,,neutral
POU3F2_6	POU3F2_jolma_DBD_M216,POU3F2,4,0.47328792514570467,0.19794991069686746,0.355225721467635,-0.5332178851852046,0.8884436066528396,0,False,-0.7999999999999999,normal-suppression
POU3F2_Hsapiens-SwissRegulon-POU3F2.SwissRegulon,POU3F2,2,0.9016153821950407,0.9016153821950407,0.0,0.0,0.0,0,True,,neutral
POU3F2_Hsapiens-hPDI-POU3F2,POU3F2,2,1.0,0.6006389776357828,0.9492085855240041,0.0969736405763682,0.8522349449476359,0,False,,tumor-gain
POU3F2_Hsapiens-jaspar2016-POU3F2-MA0787.1,POU3F2,3,0.20636465850055474,0.20636465850055474,0.0,0.0,0.0,0,True,,neutral
POU3F2_Hsapiens-jaspar2018-POU3F2-MA0787.1,POU3F2,7,0.14681896466616146,0.0929802805462683,0.27523360252013346,0.19461674342729474,0.08061685909283872,0,False,0.07142857142857144,neutral
POU3F2_Hsapiens-jolma2013-POU3F2-2,POU3F2,4,0.09416201416921194,0.06790715780220287,-0.7493567597760016,-1.4682012095634045,0.7188444497874029,0,False,-0.39999999999999997,divergent
POU3F3_3	POU3F3_jolma_DBD_M218,POU3F3,2,0.6565487414382568,0.41837889511024634,0.4311818510469353,0.41109496262948925,0.020086888417446047,0,False,,neutral
POU3F3_4	POU3F3_jolma_DBD_M219,POU3F3,2,0.5494507821182761,0.5494507821182761,0.0,0.0,0.0,0,True,,neutral
POU3F3_Hsapiens-SwissRegulon-POU3F3.SwissRegulon,POU3F3,2,0.17301794672157086,0.17301794672157086,0.0,0.0,0.0,0,True,,neutral
POU3F3_Hsapiens-jaspar2016-POU3F3-MA0788.1,POU3F3,6,0.5043997518533019,0.30855314734201134,0.16566926439129687,-0.5241040842937121,0.6897733486850091,0,False,-0.5428571428571429,normal-suppression
POU3F3_Hsapiens-jaspar2018-POU3F3-MA0788.1,POU3F3,4,0.2210770439086559,0.2210770439086559,0.0,0.0,0.0,0,True,1.0,neutral
POU3F3_Hsapiens-jolma2013-POU3F3,POU3F3,5,0.2392709477748242,0.21403038591660234,-0.9519308513931198,-1.2353670173938056,0.2834361660006858,0,False,0.49999999999999994,neutral
POU3F3_Hsapiens-jolma2013-POU3F3-2,POU3F3,2,0.2391721696628335,0.18173757950611116,0.0998058643222509,0.05085963151653968,0.04894623280571122,0,False,,neutral
POU3F4_1	Pou3f4_bulyk_cell08-3773.1,POU3F4,2,0.4902704038133623,0.4902704038133623,0.0,0.0,0.0,0,True,,neutral
POU3F4_2	POU3F4_jolma_DBD_M220,POU3F4,4,0.05846151516115831,0.023546347226503568,0.22005578540380544,-0.3636893047660892,0.5837450901698946,0,False,0.19999999999999998,other
POU3F4_3	POU3F4_jolma_DBD_M221,POU3F4,2,0.2979162524486197,0.2979162524486197,0.0,0.0,0.0,0,True,,neutral
POU3F4_Hsapiens-SwissRegulon-POU3F4.SwissRegulon,POU3F4,4,0.13593490150325888,0.12967051281975925,-0.2953323055403876,-1.106524067496502,0.8111917619561144,0,False,0.0,normal-suppression
POU3F4_Hsapiens-jaspar2016-POU3F4-MA0789.1,POU3F4,3,0.011686450297626098,0.006821798264478881,-0.27851973201945834,-1.223548958474319,0.9450292264548608,0,False,,normal-suppression
POU3F4_Hsapiens-jaspar2018-POU3F4-MA0789.1,POU3F4,5,0.005400151396603966,0.005201304988949372,0.46029800054059744,-0.7503661390505707,1.2106641395911681,0,False,0.09999999999999999,normal-suppression
POU3F4_Hsapiens-jolma2013-POU3F4,POU3F4,4,0.004002909349414008,0.004002909349414008,0.0,0.0,0.0,0,True,0.39999999999999997,neutral
POU3F4_Hsapiens-jolma2013-POU3F4-2,POU3F4,2,0.19155857712857535,0.19155857712857535,0.0,0.0,0.0,0,True,,neutral
POU4F1_Hsapiens-jaspar2018-POU4F1-MA0790.1,POU4F1,2,0.21102828352622913,0.21102828352622913,0.0,0.0,0.0,0,True,,neutral
POU4F1_Hsapiens-jolma2013-POU4F1,POU4F1,4,0.2477842494006833,0.22974760230144173,0.867977383380831,-0.4739385961901488,1.3419159795709796,0,False,0.0,tumor-gain
POU4F2_1	POU4F2_jolma_DBD_M223,POU4F2,6,1.0,0.44577573271981596,-0.02314510019877647,-0.11666086063468663,0.09351576043591016,0,False,-0.3142857142857143,neutral
POU4F2_2	POU4F2_jolma_full_M224,POU4F2,2,0.28214646014283473,0.28214646014283473,0.0,0.0,0.0,0,True,,neutral
POU4F2_Hsapiens-SwissRegulon-POU4F2.SwissRegulon,POU4F2,10,0.4449520113041612,0.3077130408830492,0.5720768711382419,-0.12496798741780152,0.6970448585560434,0,False,-0.5393939393939393,tumor-gain
POU4F2_Hsapiens-jaspar2016-POU4F2-MA0683.1,POU4F2,6,0.16130770202395583,0.16130770202395583,0.0,0.0,0.0,0,True,0.5428571428571429,neutral
POU4F2_Hsapiens-jaspar2018-POU4F2-MA0683.1,POU4F2,4,0.09112019528481084,0.0672194135242264,-0.010584228978406583,-0.9742304221132232,0.9636461931348166,0,False,0.19999999999999998,normal-suppression
POU4F2_Hsapiens-jolma2013-POU4F2,POU4F2,6,0.20733715071666511,0.1490696735908611,0.35309200095035514,-1.006046933978399,1.3591389349287541,0,False,-0.028571428571428574,normal-suppression
POU4F2_Hsapiens-jolma2013-POU4F2-2,POU4F2,5,0.0778161570373303,0.03767475818702882,0.061090074357372244,-0.4617813493602033,0.5228714237175756,0,False,-0.39999999999999997,other
POU4F3_1	Pou4f3_bulyk_cell08-2791.1,POU4F3,9,0.6758557484267559,0.275490266435536,-0.38478592360559283,-0.9733150072820859,0.588529083676493,0,False,-0.18333333333333335,normal-suppression
POU4F3_2	POU4F3_jolma_DBD_M225,POU4F3,5,0.5200077528941202,0.40228908461314267,0.5080648160542224,-0.8985775942825276,1.40664241033675,0,False,-0.19999999999999998,tumor-gain
POU4F3_Hsapiens-SwissRegulon-POU4F3.SwissRegulon,POU4F3,4,0.16811936613924952,0.1294469027675336,-0.12874222252097073,-1.144118148608419,1.0153759260874484,0,False,0.39999999999999997,normal-suppression
POU4F3_Hsapiens-jaspar2016-POU4F3-MA0791.1,POU4F3,5,0.4148932610415064,0.4148932610415064,0.0,0.0,0.0,0,True,0.09999999999999999,neutral
POU4F3_Hsapiens-jaspar2018-POU4F3-MA0791.1,POU4F3,5,0.23862308517191486,0.21574748156612927,0.8324858614160772,-0.612471898980337,1.4449577603964143,0,False,-0.7999999999999999,tumor-gain
POU4F3_Hsapiens-jolma2013-POU4F3,POU4F3,5,0.271690397602429,0.271690397602429,0.0,0.0,0.0,0,True,0.3,neutral
POU5F1B_Hsapiens-jaspar2016-POU5F1B-MA0792.1,POU5F1,8,0.03927482301878634,0.025936182203204764,-0.33105659606669163,-0.9580518558622656,0.6269952597955739,0,False,-0.1666666666666667,normal-suppression
POU5F1B_Hsapiens-jaspar2018-POU5F1B-MA0792.1,POU5F1,6,0.020106305570107945,0.015831134436895565,2.927766581475593,1.2036120526202232,1.72415452885537,0,False,-0.6571428571428573,tumor-gain
POU5F1P1_Hsapiens-jolma2013-POU5F1P1,POU5F1,3,0.011822542956894843,0.011822542956894843,0.0,0.0,0.0,0,True,,neutral
POU5F1P1_Hsapiens-jolma2013-POU5F1P1-2,POU5F1,2,0.1895503557171988,0.1895503557171988,0.0,0.0,0.0,0,True,,neutral
POU5F1_Hsapiens-SwissRegulon-POU5F1.SwissRegulon,POU5F1,6,0.008009153318077803,0.0003313961644978971,0.5183307681913865,0.07936331517458843,0.438967453016798,0,False,0.028571428571428574,neutral
POU5F1_Hsapiens-jaspar2018-POU5F1-MA1115.1,POU5F1,5,0.9298660996324686,0.9298660996324686,0.0,0.0,0.0,0,True,0.7,neutral
POU5F1_disc1 POU5F1_H1-hESC_encode-Myers_seq_hsa_v041610.2-SC-9081_r1:MEME#2#Intergenic,POU5F1,5,1.0,1.0,0.0,0.0,0.0,0,True,0.8999999999999998,neutral
POU5F1_disc2 POU5F1_H1-hESC_encode-Myers_seq_hsa_v041610.2-SC-9081_r1:Trawler#1#Intergenic,POU5F1,5,1.0,1.0,0.0,0.0,0.0,0,True,0.9999999999999999,neutral
POU5F1_known1	POU5F1_1	Oct-4-(POU5F1)_transfac_M01124,POU5F1,10,1.0,0.7959183673469387,0.2975971123225307,-0.904154616238708,1.2017517285612387,0,False,0.6,normal-suppression
POU5F1_known2	POU5F1_2	Oct-4-(POU5F1)_transfac_M01125,POU5F1,6,1.0,0.8338333338318384,-0.107800347356165,-0.8825921616754316,0.7747918143192667,0,False,-0.05797710356524484,normal-suppression
POU5F1_known3	POU5F1_3	Pou5f1_jaspar_MA0142.1,POU5F1,7,1.0,0.21271196296445408,0.044339119904669384,-0.23927002703846556,0.28360914694313494,0,False,-0.14285714285714288,neutral
POU5F1_known4	POU5F1B_1	POU5F1P1_jolma_DBD_M226,POU5F1,5,0.0757516822707119,0.04411457035001428,-0.23111762991740278,-1.1424408868124694,0.9113232568950665,0,False,-0.6,normal-suppression
POU5F1_known5	POU5F1B_2	POU5F1P1_jolma_DBD_M227,POU5F1,2,0.26460917544449736,0.26460917544449736,0.0,0.0,0.0,0,True,,neutral
POU6F1_1	POU6F1_transfac_M00465,POU6F1,2,1.0,0.14383561643835616,-0.7400751223706636,-1.5764041082790514,0.8363289859083878,0,False,,divergent
POU6F1_2	Pou6f1_bulyk_cell08-1731.2,POU6F1,9,0.7999742742314427,0.7127240990173364,0.4190676588765217,-0.2269348473663896,0.6460025062429113,0,False,-0.2833333333333333,other
POU6F1_3	Pou6f1_bulyk_cell08-3733.1,POU6F1,10,0.7599206236064939,0.6945002862100471,0.3452796951634383,-0.21281644638769281,0.5580961415511312,0,False,0.23636363636363633,other
POU6F1_Hsapiens-SwissRegulon-POU6F1.SwissRegulon,POU6F1,7,0.7890743317869273,0.5593788325773373,0.8785939988790216,-0.29754371731252355,1.1761377161915452,0,False,0.21428571428571433,tumor-gain
POU6F1_Hsapiens-jaspar2018-POU6F1-MA0628.1,POU6F1,3,0.07792470914135816,0.029927731998209965,0.33613144749924184,-0.2847674079784638,0.6208988554777056,0,False,,other
POU6F2_1	POU6F2_jolma_DBD_M228,POU6F2,2,0.5546571310803947,0.5546571310803947,0.0,0.0,0.0,0,True,,neutral
POU6F2_3	POU6F2_jolma_full_M230,POU6F2,3,0.6912911328876176,0.6912911328876176,0.0,0.0,0.0,0,True,,neutral
POU6F2_Hsapiens-SwissRegulon-POU6F2.SwissRegulon,POU6F2,3,0.10710248771958943,0.07110756424890505,-0.5108417501699161,-1.466135040866362,0.955293290696446,0,False,,divergent
POU6F2_Hsapiens-jaspar2018-POU6F2-MA0793.1,POU6F2,4,0.17673699051593184,0.17673699051593184,0.0,0.0,0.0,0,True,0.19999999999999998,neutral
POU6F2_Hsapiens-jolma2013-POU6F2,POU6F2,3,0.10051490986098903,0.09931880434738843,-0.2638636617277883,-0.5865847815618624,0.32272111983407414,0,False,,neutral
POU6F2_Hsapiens-jolma2013-POU6F2-2,POU6F2,2,0.3939631199129083,0.3939631199129083,0.0,0.0,0.0,0,True,,neutral
POU6F2_Hsapiens-jolma2013-POU6F2-3,POU6F2,7,0.11812333378226901,0.01859211483418862,0.2521280871128542,-0.06223934389461124,0.31436743100746545,0,False,0.5714285714285715,neutral
PPARA::RXRA_Hsapiens-jaspar2018-PPARA::RXRA-MA1148.1,PPARA,8,0.3682910514268897,0.08063471841851788,0.4085102706755328,-0.8827411492575065,1.2912514199330394,0,False,0.04761904761904763,normal-suppression
PPARA_1	PPARalpha:RXRalpha_transfac_M00242,PPARA,3,0.33488526925700296,0.33488526925700296,0.0,0.0,0.0,0,True,,neutral
PPARA_2	PPARalpha:RXRalpha_transfac_M00518,PPARA,10,0.7505905656398604,0.46753715540168883,0.35991463139024826,0.07563640838821609,0.2842782230020322,0,False,-0.23100410659842455,neutral
PPARA_3	PPAR_transfac_M00528,PPARA,2,0.4772079694321488,0.42957730803148425,-0.6761215141525995,-0.7176523884656485,0.04153087431304903,0,False,,neutral
PPARA_4	PPAR-direct-repeat-1_transfac_M00763,PPARA,10,1.0,0.4300377799835338,0.3200553327245642,0.31364243248091206,0.006412900243652153,0,False,0.4620082131968491,neutral
PPARA_Hsapiens-HOCOMOCOv10-PPARA_HUMAN.H10MO.C,PPARA,5,0.20893257771264767,0.17346833350552723,0.34193553902002427,-0.27492201116135506,0.6168575501813793,0,False,-0.19999999999999998,other
PPARA_Hsapiens-HOCOMOCOv10-PPARA_HUMAN.H10MO.S,PPARA,7,0.5645389556192631,0.22075641504049853,-0.3382331062118857,-0.5603747790989282,0.2221416728870425,0,False,0.48650622985560193,neutral
PPARA_Hsapiens-SwissRegulon-PPARA.SwissRegulon,PPARA,8,0.03981536765058514,0.012286905501009792,1.025953270151303,0.6114717171653434,0.41448155298595957,0,False,-0.523809523809524,neutral
PPARD_Hsapiens-HOCOMOCOv10-PPARD_HUMAN.H10MO.D,PPARD,8,1.0,0.20607410114614405,0.6149633892415777,-0.3152981796441318,0.9302615688857094,0,False,0.036827146210517726,tumor-gain
PPARD_Hsapiens-SwissRegulon-PPARD.SwissRegulon,PPARD,5,0.6509366533136101,0.22144099647464283,0.4194914124347664,0.41566810813530064,0.0038233042994657573,0,False,-0.3,neutral
PPARG::RXRA_Hsapiens-jaspar2016-PPARG::RXRA-MA0065.1,PPARG,10,1.0,0.833900838800764,-0.06459102490729415,-0.5007589430016285,0.4361679180943343,0,False,0.24618298195866545,neutral
PPARG::RXRA_Hsapiens-jaspar2018-PPARG::RXRA-MA0065.1,PPARG,10,1.0,0.5273357491728375,0.1231438119849739,-0.6675970187808936,0.7907408307658675,0,False,-0.24848484848484845,normal-suppression
PPARG_Hsapiens-HOCOMOCOv10-PPARG_HUMAN.H10MO.A,PPARG,5,0.5336785112456681,0.3475817655140026,0.2931066840923454,-1.1203907197228633,1.4134974038152088,0,False,-0.49999999999999994,normal-suppression
PPARG_Hsapiens-HOCOMOCOv10-PPARG_HUMAN.H10MO.S,PPARG,2,0.7281480329096187,0.3831267581585618,-0.15772367477900015,-0.736032089903224,0.5783084151242238,0,False,,normal-suppression
PPARG_Hsapiens-JASPAR_2014-PPARG-MA0066.1,PPARG,5,0.4626957322689589,0.23199383145675423,0.39883384892145346,0.05717658335488769,0.3416572655665658,0,False,-0.7,neutral
PPARG_Hsapiens-JASPAR_CORE-PPARG-MA0066.1,PPARG,5,0.5011639507815087,0.17342886128062707,0.2270794792705324,-0.8903113503279073,1.1173908295984396,0,False,-0.7999999999999999,normal-suppression
PPARG_Hsapiens-SwissRegulon-PPARG.SwissRegulon,PPARG,10,0.7800796259307401,0.49098796973710246,-0.12497705995299181,-0.7338784910362055,0.6089014310832137,0,False,-0.006060606060606061,normal-suppression
PPARG_Hsapiens-jaspar2016-PPARG-MA0066.1,PPARG,7,0.5283567695084865,0.2062802181493821,0.8621442930313983,-0.8618513963695787,1.7239956894009771,0,False,-0.10714285714285716,tumor-gain
PPARG_Hsapiens-jaspar2018-PPARG-MA0066.1,PPARG,6,0.29296738669470795,0.1565883111047666,0.08684695777559558,-0.8035673380579734,0.890414295833569,0,False,-0.6571428571428573,normal-suppression
PPP1R10_Hsapiens-hPDI-PPP1R10,PPP1R10,2,1.0,0.33422103861517977,1.574885751053993,1.43554979595985,0.1393359550941431,0,False,,neutral
PPP2R3B_Hsapiens-hPDI-PPP2R3B,PPP2R3B,3,1.0,1.0,0.0,0.0,0.0,0,True,,neutral
PPP5C_Hsapiens-hPDI-PPP5C,PPP5C,5,1.0,1.0,0.0,0.0,0.0,0,True,0.7,neutral
PQBP1_Hsapiens-hPDI-PQBP1,PQBP1,8,1.0,0.8574076714672766,-0.21082387197157149,-0.8182830252177008,0.6074591532461293,0,False,-0.036827146210517726,normal-suppression
PRD14_Hsapiens-HOCOMOCOv10-PRD14_HUMAN.H10MO.C,PRD14,4,0.8451025056947609,0.5513389142945668,0.44751163555313467,-0.3147303558284854,0.7622419913816201,0,False,-1.0,other
PRDM14_Hsapiens-SwissRegulon-PRDM14.SwissRegulon,PRDM1,10,0.9143051328270452,0.6818677824164573,0.2802732376420786,-0.1766703442721723,0.4569435819142509,0,False,-0.09090909090909088,neutral
PRDM1_Hsapiens-HOCOMOCOv10-PRDM1_HUMAN.H10MO.C,PRDM1,2,0.4641982835869164,0.4641982835869164,0.0,0.0,0.0,0,True,,neutral
PRDM1_Hsapiens-JASPAR_2014-PRDM1-MA0508.1,PRDM1,3,0.47316882710533076,0.2789542273063641,0.5775626858663689,0.4217871632171397,0.15577552264922923,0,False,,neutral
PRDM1_Hsapiens-SwissRegulon-PRDM1.SwissRegulon,PRDM1,2,0.26838039259452084,0.23117939560780154,1.2419089063325743,-0.08702233245846658,1.328931238791041,0,False,,tumor-gain
PRDM1_Hsapiens-jaspar2016-PRDM1-MA0508.1,PRDM1,2,0.2579948675924057,0.2436933228575058,1.8947241310764407,0.4414300480781618,1.453294082998279,0,False,,tumor-gain
PRDM1_Hsapiens-jaspar2018-PRDM1-MA0508.2,PRDM1,8,1.0,1.0,0.0,0.0,0.0,0,True,0.4761904761904762,neutral
PRDM1_disc1 PRDM1_HeLa-S3_encode-Snyder_seq_hsa_IgG-rab-Val90_r1:MDscan#1#Intergenic,PRDM1,6,1.0,0.4937882625488924,-0.2884802408705811,-1.2301294455477296,0.9416492046771485,0,False,0.2571428571428572,normal-suppression
PRDM1_disc2 PRDM1_HeLa-S3_encode-Snyder_seq_hsa_IgG-rab-Val90_r1:MDscan#3#Intergenic,PRDM1,8,0.7606128311522502,0.4086907353613212,0.506074585584036,-0.8910201693292389,1.3970947549132748,0,False,0.09523809523809526,tumor-gain
PRDM1_known1	PRDM1_1	BLIMP1_transfac_M01066,PRDM1,6,1.0,0.6007176276960449,-0.8179920511562448,-0.9387231914976238,0.120731140341379,0,False,0.11595420713048968,neutral
PRDM1_known2	PRDM1_2	PRDM1_jolma_full_M25,PRDM1,2,0.8760731281344634,0.7305955680889586,0.14973688251672013,-0.08867789593660204,0.23841477845332215,0,False,,neutral
PRDM4_1	PRDM4_jolma_full_M742,PRDM4,7,0.1827731697482864,0.016869512980493915,0.22413547735911768,-0.624422808266645,0.8485582856257626,0,False,0.3571428571428572,normal-suppression
PRDM4_Hsapiens-SwissRegulon-PRDM4.SwissRegulon,PRDM4,6,0.002360403946818749,0.0019116865980363749,-0.030176733679282353,-0.4748382640591002,0.4446615303798178,0,False,0.3142857142857143,neutral
PRDM4_Hsapiens-jolma2013-PRDM4,PRDM4,6,0.009382397564110677,0.005871077103204,-0.2828626503846237,-0.9489745683983396,0.6661119180137158,0,False,0.6,normal-suppression
PRDX5_Hsapiens-hPDI-PRDX5,PRDX5,2,1.0,1.0,0.0,0.0,0.0,0,True,,neutral
PRGR_Hsapiens-HOCOMOCOv10-PRGR_HUMAN.H10MO.C,PRGR,8,1.0,1.0,0.0,0.0,0.0,0,True,0.5628843430992316,neutral
PRGR_Hsapiens-HOCOMOCOv10-PRGR_HUMAN.H10MO.S,PRGR,5,0.1934864428911591,0.1934864428911591,0.0,0.0,0.0,0,True,0.09999999999999999,neutral
PRKRIR_Hsapiens-hPDI-PRKRIR,PRKRIR,4,1.0,0.6673320026613433,0.7163564090918636,0.0832014182253917,0.6331549908664719,0,False,0.21081851067789195,tumor-gain
PRNP_Hsapiens-hPDI-PRNP,PRNP,2,1.0,1.0,0.0,0.0,0.0,0,True,,neutral
PROP1_3	PROP1_jolma_full_M627,PROP1,4,0.19036067773468476,0.11896094452404238,0.8401141905196708,0.028496557764450786,0.81161763275522,0,False,-0.39999999999999997,tumor-gain
PROP1_Hsapiens-SwissRegulon-PROP1.SwissRegulon,PROP1,3,0.06543592883587236,0.06512136881243878,0.9170670878418234,0.27079170965741156,0.6462753781844119,0,False,,tumor-gain
PROP1_Hsapiens-jaspar2016-PROP1-MA0715.1,PROP1,2,0.04766249229029773,0.0461911891851135,0.5517874067227861,0.08385991604183207,0.4679274906809541,0,False,,neutral
PROP1_Hsapiens-jaspar2018-PROP1-MA0715.1,PROP1,4,0.027177774802138472,0.020400967415143852,-0.1551414307240777,-1.4473744603664205,1.2922330296423428,0,False,-0.7999999999999999,normal-suppression
PROX1_1	PROX1_jolma_DBD_M233,PROX1,6,1.0,0.28570280314325247,-0.5315372046098867,-0.9480647428360145,0.41652753822612776,0,False,-0.14285714285714288,neutral
PROX1_Hsapiens-HOCOMOCOv10-PROX1_HUMAN.H10MO.D,PROX1,7,0.48922452057272836,0.005325684440849941,0.10669060167340227,-0.026284774281960816,0.1329753759553631,0,False,-0.39285714285714296,neutral
PROX1_Hsapiens-SwissRegulon-PROX1.SwissRegulon,PROX1,9,0.039160817476263224,0.03901555317279142,1.8533698238587213,1.028720306260528,0.8246495175981934,0,False,-0.21666666666666667,tumor-gain
PROX1_Hsapiens-jaspar2016-PROX1-MA0794.1,PROX1,8,0.2604266963494566,0.19688579301891995,0.40880970261122646,-0.808631211596098,1.2174409142073244,0,False,-0.3333333333333334,normal-suppression
PROX1_Hsapiens-jaspar2018-PROX1-MA0794.1,PROX1,9,0.11656422568323076,0.06844338082979622,0.7475400473144636,-0.48161237370686005,1.2291524210213236,0,False,-0.39999999999999997,tumor-gain
PROX1_Hsapiens-jolma2013-PROX1,PROX1,9,0.052797556051320735,0.05226814360313943,0.48800487918450386,-0.18751176768090766,0.6755166468654115,0,False,0.45,other
PRRX1_3	PRRX1_jolma_full_M629,PRRX1,4,0.039802173550907934,0.02037942439235414,-0.22927399490440625,-1.070223460515049,0.8409494656106427,0,False,-1.0,normal-suppression
PRRX1_4	PRRX1_jolma_full_M630,PRRX1,2,0.12776957849498297,0.12776957849498297,0.0,0.0,0.0,0,True,,neutral
PRRX1_Hsapiens-HOCOMOCOv10-PRRX1_HUMAN.H10MO.D,PRRX1,6,1.0,0.33422103861517977,0.18686187317371217,-0.31475029467453564,0.5016121678482478,0,False,-0.46291004988627577,other
PRRX1_Hsapiens-SwissRegulon-PRRX1.SwissRegulon,PRRX1,2,0.022346648647385656,0.02085081950555678,-0.6448027284965697,-1.1873801970650997,0.54257746856853,0,False,,divergent
PRRX1_Hsapiens-hPDI-PRRX1,PRRX1,4,0.33422103861517977,0.33422103861517977,0.0,0.0,0.0,0,True,0.632455532033676,neutral
PRRX1_Hsapiens-jaspar2016-PRRX1-MA0716.1,PRRX1,3,0.0061421942500417635,0.003157667200841903,-0.6733391544418506,-1.0617241603130707,0.38838500587122016,0,False,,neutral
PRRX1_Hsapiens-jolma2013-PRRX1,PRRX1,4,0.005788190303548161,0.002026754015994836,-0.1154384181599244,-1.6671075254385024,1.551669107278578,0,False,0.0,normal-suppression
PRRX1_Hsapiens-jolma2013-PRRX1-2,PRRX1,7,0.00576708232498685,0.0029518006884600646,-0.7416343065278093,-0.889685137614226,0.1480508310864167,0,False,0.0,neutral
PRRX2_1	S8_transfac_M00099,PRRX2,4,0.7964356101794545,0.3802689506167918,-0.918668783194342,-2.033495106454004,1.114826323259662,0,False,-0.7999999999999999,divergent
PRRX2_2	Prrx2_jaspar_MA0075.1,PRRX2,2,0.0014221595038042365,0.0014221595038042365,0.0,0.0,0.0,0,True,,neutral
PRRX2_3	Prrx2_bulyk_cell08-3072.1,PRRX2,4,0.8897603705195328,0.4336470329726023,0.1757501557001867,-0.4222329773437242,0.5979831330439109,0,False,0.39999999999999997,other
PRRX2_4	PRRX2_jolma_full_M631,PRRX2,3,0.04913714362160384,0.027851376310027123,0.5115002238528645,-0.057414468686590475,0.568914692539455,0,False,,tumor-gain
PRRX2_5	Prrx2_jolma_DBD_M632,PRRX2,2,0.021798795631620918,0.01603015382516099,0.20143718014482506,-0.7885785355480425,0.9900157156928675,0,False,,normal-suppression
PRRX2_Hsapiens-HOCOMOCOv10-PRRX2_HUMAN.H10MO.C,PRRX2,5,0.6930043363137498,0.05765280159822078,-0.5314391975481135,-0.8406626683832864,0.3092234708351729,0,False,0.5642880936468347,neutral
PRRX2_Hsapiens-jolma2013-PRRX2,PRRX2,3,0.00874653145478565,0.003618030307568611,-2.159359740368977,-3.1325410752251366,0.9731813348561595,0,False,,divergent
PSMA6_Hsapiens-hPDI-PSMA6,PSMA6,2,0.10062991808731178,0.10062991808731178,0.0,0.0,0.0,0,True,,neutral
PSMC2_Hsapiens-hPDI-PSMC2,PSMC2,9,1.0,1.0,0.0,0.0,0.0,0,True,-0.025993762245501817,neutral
PTCD1_Hsapiens-hPDI-PTCD1,PTCD1,8,1.0,0.4451842602872086,-0.2153615650444627,-0.48761077455101864,0.27224920950655596,0,False,0.0,neutral
PTEN_1	DEC_transfac_M00997,PTEN,10,1.0,0.5012468827930174,1.0787121651860887,0.7813137263142739,0.29739843887181483,0,False,0.0,neutral
PTF1A_1	PTF1-beta_transfac_M00657,PTF1A,10,1.0,0.7504354251793672,0.11732808293184123,0.06974448530958204,0.047583597622259194,0,False,0.4151994368861456,neutral
PTF1A_Hsapiens-HOCOMOCOv10-PTF1A_HUMAN.H10MO.C,PTF1A,10,0.5634355507739379,0.00908762575733338,0.050178234332498135,-1.5268515303668495,1.5770297646993476,0,False,-0.1515151515151515,normal-suppression
PTF1A_Hsapiens-SwissRegulon-PTF1A.SwissRegulon,PTF1A,10,0.9217190496692634,0.06499543438432626,0.7261825017316089,-0.9787858300886106,1.7049683318202196,0,False,-0.3696969696969697,tumor-gain
PTF1A_Hsapiens-cisbp_1.02-M6441_1.02,PTF1A,10,0.2492799588868087,0.05105139388007278,0.2232410239401611,0.17001859053124782,0.05322243340891328,0,False,0.11515151515151514,neutral
PTPMT1_Hsapiens-hPDI-PTPMT1,PTPMT1,3,0.40083882564409884,0.40083882564409884,0.0,0.0,0.0,0,True,,neutral
PURA_Hsapiens-HOCOMOCOv10-PURA_HUMAN.H10MO.D,PURA,2,0.2018030968475388,0.00670980833960596,0.9227113988183656,0.4670830505632106,0.455628348255155,0,False,,neutral
PURG_Hsapiens-hPDI-PURG,PURG,6,0.6006389776357828,0.20074618293819105,-0.12892945889529497,-0.5017907502259223,0.3728612913306274,0,False,-0.4928053803045812,neutral
Pax6_Hsapiens-JASPAR_2014-Pax6-MA0069.1,PAX6,9,0.4808112672255141,0.39151937010949894,0.17958416114183864,-0.4617420840427705,0.6413262451846091,0,False,0.23431167445160245,other
Pax6_Hsapiens-JASPAR_CORE-Pax6-MA0069.1,PAX6,9,0.6805494549375073,0.39151937010949894,1.4482158480674692,0.6099394838800368,0.8382763641874323,0,False,-0.3613572969308877,tumor-gain
Pax6_Hsapiens-jaspar2016-Pax6-MA0069.1,PAX6,9,0.33570232357010366,0.33570232357010366,0.0,0.0,0.0,0,True,0.4937281711658766,neutral
Pax6_Hsapiens-jaspar2018-Pax6-MA0069.1,PAX6,7,0.2770409097286307,0.1513136133098591,-0.22954793636137014,-0.8557747831920448,0.6262268468306746,0,False,0.0,normal-suppression
RAB14_Hsapiens-hPDI-RAB14,RAB14,8,1.0,0.286495878243821,-0.5686004373187877,-1.695065546819901,1.1264651095011131,0,False,-0.29371543043730824,divergent
RAB2A_Hsapiens-hPDI-RAB2A,RAB2A,3,1.0,1.0,0.0,0.0,0.0,0,True,,neutral
RAB7A_Hsapiens-hPDI-RAB7A,RAB7A,4,1.0,0.06296904150710489,0.13910048540201897,-0.9698372656451366,1.1089377510471556,0,False,-0.9486832980505139,normal-suppression
RAD21_Hsapiens-SwissRegulon-RAD21.SwissRegulon,RAD21,10,0.696937902756781,0.4469118263877958,0.284282829401317,-0.002082003922744991,0.286364833324062,0,False,-0.35757575757575755,neutral
RAD21_disc1 RAD21_GM12878_encode-Snyder_seq_hsa_IgG-rab_r1:MEME#3#Intergenic,RAD21,9,0.5833772932418968,0.10468769376132799,0.20808136157464993,-0.07820469642033147,0.2862860579949814,0,False,-0.35,neutral
RAD21_disc10 RAD21_SK-N-SH-RA_encode-Myers_seq_hsa_v041610.2_r1:AlignACE#3#Intergenic,RAD21,2,0.8206975795193401,0.5568481423667129,-0.18676048186686237,-0.8508935362027654,0.6641330543359031,0,False,,normal-suppression
RAD21_disc2 RAD21_HepG2_encode-Snyder_seq_hsa_IgG-rab_r1:Weeder#2#Intergenic,RAD21,9,1.0,0.4040877602452115,-0.01838227269142171,-0.3057310210570072,0.2873487483655855,0,False,0.3,neutral
RAD21_disc3 RAD21_GM12878_encode-Snyder_seq_hsa_IgG-rab_r1:Trawler#2#Intergenic,RAD21,9,1.0,0.16741837000229526,0.917302743623904,-0.2791911492794983,1.1964938929034021,0,False,-0.09244023874976197,tumor-gain
RAD21_disc4 RAD21_HeLa-S3_encode-Snyder_seq_hsa_IgG-rab_r1:Trawler#1#Intergenic,RAD21,10,1.0,0.39083849719834907,0.713347467983114,0.47565614098551384,0.23769132699760015,0,False,-0.23636363636363633,neutral
RAD21_disc5 RAD21_SK-N-SH-RA_encode-Myers_seq_hsa_v041610.2_r1:AlignACE#2#Intergenic,RAD21,8,0.47197251712315785,0.08146946245575563,-0.38949981272223766,-0.43526000350596206,0.0457601907837244,0,False,0.0,neutral
RAD21_disc6 RAD21_HepG2_encode-Snyder_seq_hsa_IgG-rab_r1:AlignACE#3#Intergenic,RAD21,8,0.6292032660206083,0.1412171573907193,0.6629134143544134,-0.030121838124528746,0.6930352524789422,0,False,0.14285714285714288,tumor-gain
RAD21_disc7 RAD21_H1-hESC_encode-Myers_seq_hsa_v041610.2_r1:AlignACE#2#Intergenic,RAD21,7,0.3033244068106942,0.2709593748912639,0.06686442260905655,-0.4007995904644917,0.46766401307354827,0,False,0.28571428571428575,neutral
RAD21_disc8 RAD21_HepG2_encode-Myers_seq_hsa_v041610.1_r1:AlignACE#1#Intergenic,RAD21,7,1.0,1.0,0.0,0.0,0.0,0,True,0.9642857142857145,neutral
RAD21_disc9 RAD21_K562_encode-Snyder_seq_hsa_r1:Trawler#3#Intergenic,RAD21,10,1.0,0.39304759420744645,0.11311316884165244,-1.0987844551756827,1.2118976240173351,0,False,-0.4620082131968491,normal-suppression
RAN_Hsapiens-hPDI-RAN,RAN,2,1.0,1.0,0.0,0.0,0.0,0,True,,neutral
RARA(var.2)_Hsapiens-jaspar2016-RARA(var.2)-MA0730.1,RARA,8,0.2883515250003206,0.23575986424465528,0.42106775098640326,0.2651122987321257,0.15595545225427754,0,False,0.7619047619047621,neutral
RARA(var.2)_Hsapiens-jaspar2018-RARA(var.2)-MA0730.1,RARA,7,0.23985197957800644,0.23985197957800644,0.0,0.0,0.0,0,True,0.14285714285714288,neutral
RARA::RXRA_Hsapiens-jaspar2016-RARA::RXRA-MA0159.1,RARA,8,0.6160638869692087,0.25143475006238086,-0.6336557755994195,-1.499948358738368,0.8662925831389484,0,False,0.023809523809523815,divergent
RARA::RXRA_Hsapiens-jaspar2018-RARA::RXRA-MA0159.1,RARA,8,0.6352239691299387,0.49442291202477734,-0.10726543379039184,-0.2945729413846388,0.18730750759424697,0,False,-0.1666666666666667,neutral
RARA::RXRG_Hsapiens-jaspar2018-RARA::RXRG-MA1149.1,RARA,9,0.5028486698340718,0.5028486698340718,0.0,0.0,0.0,0,True,0.41666666666666663,neutral
RARA_1	Rara_bulyk_sc09-primary,RARA,9,0.5996135423331744,0.19182743979402156,1.1102961934886753,-0.2546349930173102,1.3649311865059854,0,False,-0.5833333333333334,tumor-gain
RARA_10	Rara_jolma_DBD_M717,RARA,6,0.04340547021011137,0.021009354451083245,0.489058596846505,-0.08009407220056376,0.5691526690470687,0,False,0.08571428571428573,other
RARA_2	RARA_jolma_DBD_M693,RARA,5,1.0,0.9966976905002151,0.6634161397007372,-2.5553752041745024,3.21879134387524,0,False,-0.3,tumor-gain
RARA_3	RARA_jolma_DBD_M694,RARA,5,1.0,1.0,0.0,0.0,0.0,0,True,0.19999999999999998,neutral
RARA_4	RARA_jolma_DBD_M695,RARA,6,1.0,0.740372119324213,0.438352625675214,-0.7905857279794725,1.2289383536546865,0,False,0.14285714285714288,normal-suppression
RARA_5	RARA_jolma_full_M696,RARA,7,0.3184669099641373,0.15930054472616562,-0.6475256073157742,-1.594134561007941,0.9466089536921667,0,False,-0.03571428571428572,divergent
RARA_6	RARA_jolma_full_M697,RARA,8,0.7596769702032861,0.3705486199460842,0.34704171465791306,-0.9838705888910712,1.3309123035489843,0,False,-0.07142857142857144,normal-suppression
RARA_7	RARA_jolma_full_M698,RARA,4,0.8473503857886919,0.5309435316533948,1.021661143898201,-0.7876991073519365,1.8093602512501374,0,False,-1.0,tumor-gain
RARA_8	Rara_jolma_DBD_M715,RARA,5,0.891844518214869,0.6314704733526602,0.6614865043667674,-0.38500543350248617,1.0464919378692534,0,False,-0.6,tumor-gain
RARA_9	Rara_jolma_DBD_M716,RARA,5,1.0,1.0,0.0,0.0,0.0,0,True,0.49999999999999994,neutral
RARA_Hsapiens-HOCOMOCOv10-RARA_HUMAN.H10MO.C,RARA,7,0.4057072109386976,0.18765472967721988,-0.6158581459810191,-0.6547208777507577,0.038862731769738645,0,False,0.28571428571428575,neutral
RARA_Hsapiens-SwissRegulon-RARA.SwissRegulon,RARA,10,0.9571903026488686,0.08982621475276424,0.8509371724924648,0.5293181776616352,0.32161899483082956,0,False,-0.11515151515151514,neutral
RARA_Hsapiens-hPDI-RARA,RARA,3,1.0,0.33444259567387685,0.5506417738030135,-0.925047634665971,1.4756894084689844,0,False,,tumor-gain
RARA_Hsapiens-jaspar2016-RARA-MA0729.1,RARA,7,0.31596300730365884,0.31596300730365884,0.0,0.0,0.0,0,True,-0.10714285714285716,neutral
RARA_Hsapiens-jaspar2018-RARA-MA0729.1,RARA,9,0.1731812436448547,0.13493319909121587,0.15291350069416976,-2.1784683563687848,2.3313818570629543,0,False,-0.31666666666666665,normal-suppression
RARA_Hsapiens-jolma2013-RARA,RARA,7,0.41415240406745546,0.2914147411320744,0.24549129956189397,-0.6759347933272501,0.9214260928891441,0,False,-0.1785714285714286,normal-suppression
RARA_Hsapiens-jolma2013-RARA-2,RARA,7,0.1265949083280082,0.11434791851489158,-0.4961581724081491,-0.5863704026683141,0.090212230260165,0,False,0.7857142857142859,neutral
RARA_Hsapiens-jolma2013-RARA-3,RARA,8,0.17798735448621897,0.16127055942787183,-0.09941137573660072,-1.6865069518585274,1.5870955761219268,0,False,-0.38095238095238104,normal-suppression
RARA_Hsapiens-jolma2013-RARA-4,RARA,8,0.052170994441474695,0.05073190093406743,0.26485043892665144,-0.7325409112505823,0.9973913501772338,0,False,-0.3571428571428572,normal-suppression
RARA_Hsapiens-jolma2013-RARA-5,RARA,8,0.6306718255364053,0.3460787769799392,0.5672024021992436,0.19104914783412472,0.3761532543651188,0,False,0.19047619047619052,neutral
RARA_Hsapiens-jolma2013-RARA-6,RARA,4,0.33008737727090953,0.2514927815026523,1.8445713935948558,-1.1406476308970577,2.9852190244919132,0,False,-0.39999999999999997,tumor-gain
RARB_1	Rarb_jolma_DBD_M718,RARB,6,1.0,0.07039534698605915,1.298030753228562,0.7313687774220404,0.5666619758065216,0,False,-0.6571428571428573,tumor-gain
RARB_2	Rarb_jolma_DBD_M719,RARB,7,1.0,0.5607200166173021,0.3944751662356621,-0.8505734022312843,1.2450485684669463,0,False,-0.28571428571428575,normal-suppression
RARB_3	Rarb_jolma_DBD_M720,RARB,6,0.8407873762675598,0.3252634020780427,-0.33665427228925265,-0.4694424928850346,0.13278822059578194,0,False,-0.028571428571428574,neutral
RARB_4	RARB_jolma_full_M819,RARB,3,0.060315874601588895,0.0594293802316634,-0.5624804557508282,-0.6161464967249278,0.05366604097409966,0,False,,neutral
RARB_Hsapiens-HOCOMOCOv10-RARB_HUMAN.H10MO.D,RARB,10,1.0,0.8753272659269408,0.16639979405460353,-0.4133723716659881,0.5797721657205916,0,False,-0.23287026454855295,other
RARB_Hsapiens-SwissRegulon-RARB.SwissRegulon,RARB,4,0.014039475736310614,0.014039475736310614,0.0,0.0,0.0,0,True,0.39999999999999997,neutral
RARB_Hsapiens-jolma2013-RARB,RARB,3,0.028483937547790078,0.026481683102045114,-0.048478485589127866,-0.26797401134025617,0.2194955257511283,0,False,,neutral
RARG_1	RARG_jolma_DBD_M699,RARG,6,1.0,0.37077067056823215,0.254898532425738,-1.2999089013449305,1.5548074337706685,0,False,-0.3142857142857143,normal-suppression
RARG_2	RARG_jolma_DBD_M700,RARG,5,0.8830095713777643,0.8830095713777643,0.0,0.0,0.0,0,True,0.3,neutral
RARG_3	RARG_jolma_DBD_M701,RARG,5,1.0,0.7220631067355203,0.691859271411722,-0.5214974407993269,1.213356712211049,0,False,0.09999999999999999,tumor-gain
RARG_4	RARG_jolma_full_M702,RARG,7,0.09017818896317957,0.052893841777899624,-0.6566927195511968,-1.2280190988862498,0.571326379335053,0,False,0.28571428571428575,divergent
RARG_5	RARG_jolma_full_M703,RARG,7,1.0,0.7996945353005745,0.4436235759844791,-0.1726899316325888,0.6163135076170679,0,False,-0.4642857142857144,other
RARG_6	RARG_jolma_full_M704,RARG,7,0.7562618902012719,0.5337882286587617,0.4162500844513246,-2.072770288674784,2.4890203731261087,0,False,0.14285714285714288,normal-suppression
RARG_7	Rarg_jolma_DBD_M721,RARG,5,0.5050552850904203,0.13816455151983242,0.24066363787135875,-0.6355424083248024,0.8762060461961612,0,False,-0.49999999999999994,normal-suppression
RARG_8	Rarg_jolma_DBD_M722,RARG,2,0.8349629121241718,0.4530213292279128,0.46980203066308945,-0.6095174400645786,1.079319470727668,0,False,,normal-suppression
RARG_9	Rarg_jolma_DBD_M723,RARG,7,0.7774533834449953,0.18156385725973453,0.14168292302994964,-0.5922898278895958,0.7339727509195455,0,False,-0.6785714285714287,normal-suppression
RARG_Hsapiens-HOCOMOCOv10-RARG_HUMAN.H10MO.C,RARG,7,0.5725142974846114,0.037953336200932206,0.6237434518907424,0.225423838544145,0.39831961334659743,0,False,0.21428571428571433,neutral
RARG_Hsapiens-HOCOMOCOv10-RARG_HUMAN.H10MO.S,RARG,9,0.38180607732179334,0.045098452240426704,-0.13743926200421053,-0.5317027675913426,0.3942635055871321,0,False,0.26666666666666666,neutral
RARG_Hsapiens-SwissRegulon-RARG.SwissRegulon,RARG,7,0.016802550417502143,0.016802550417502143,0.0,0.0,0.0,0,True,0.42857142857142866,neutral
RARG_Hsapiens-jolma2013-RARG,RARG,6,0.23855316511155852,0.18998109228102178,-0.08829432976930635,-0.3189281381721644,0.23063380840285808,0,False,0.028571428571428574,neutral
RARG_Hsapiens-jolma2013-RARG-2,RARG,5,0.5428166371109733,0.32834832582185897,0.9612845031484102,-0.04084138597266958,1.0021258891210798,0,False,-0.7999999999999999,tumor-gain
RARG_Hsapiens-jolma2013-RARG-3,RARG,4,0.501322599601164,0.501322599601164,0.0,0.0,0.0,0,True,0.39999999999999997,neutral
RARG_Hsapiens-jolma2013-RARG-4,RARG,10,0.022641197437097475,0.022641197437097475,0.0,0.0,0.0,0,True,0.4787878787878787,neutral
RARG_Hsapiens-jolma2013-RARG-5,RARG,6,0.35595452604765915,0.33293646876922117,-0.023325620706141418,-1.2044822596651716,1.1811566389590302,0,False,0.028571428571428574,normal-suppression
RARG_Hsapiens-jolma2013-RARG-6,RARG,6,0.390464552378186,0.3410191065375582,-0.06453833692591641,-0.5993586080705541,0.5348202711446377,0,False,-0.6,normal-suppression
RAR_1	T3R_transfac_M00963,RARA,10,1.0,0.7505612377762412,-0.1310601626723209,-0.7578914993543954,0.6268313366820745,0,False,0.6261427099904665,normal-suppression
RAX2_1	RAXL1_jolma_DBD_M633,RAX,7,0.0330392447361907,0.018527035501973148,0.1407520600501717,-0.5260942337997218,0.6668462938498935,0,False,-0.21428571428571433,normal-suppression
RAX2_Hsapiens-HOCOMOCOv10-RAX2_HUMAN.H10MO.D,RAX,2,0.7310527920456988,0.3898617175387355,0.1358710447016993,-0.01744315691875855,0.15331420162045786,0,False,,neutral
RAX2_Hsapiens-SwissRegulon-RAX2.SwissRegulon,RAX,8,0.007274347293288479,0.004648944473258865,0.5606340572359205,-1.0575938438895203,1.6182279011254408,0,False,0.2142857142857143,tumor-gain
RAX2_Hsapiens-jaspar2016-RAX2-MA0717.1,RAX,9,0.019999823650353826,0.0029406774570257606,0.07907531762428947,-1.0634138167231983,1.142489134347488,0,False,-0.16666666666666669,normal-suppression
RAX2_Hsapiens-jaspar2018-RAX2-MA0717.1,RAX,7,0.00967682171788507,0.007605684442896736,0.642377126506081,-0.44514115974749496,1.087518286253576,0,False,0.14285714285714288,tumor-gain
RAXL1_Hsapiens-jolma2013-RAXL1,RAX,3,0.008065844805185917,0.008065844805185917,0.0,0.0,0.0,0,True,,neutral
RAX_1	Rax_bulyk_cell08-3443.1,RAX,10,0.5093417458222483,0.14582984600741877,-0.026317246289087486,-0.31419292232586155,0.28787567603677405,0,False,-0.13939393939393938,neutral
RAX_2	RAX_jolma_DBD_M634,RAX,5,0.27868634029606765,0.27868634029606765,0.0,0.0,0.0,0,True,0.49999999999999994,neutral
RAX_Hsapiens-SwissRegulon-RAX.SwissRegulon,RAX,9,0.9334908415262172,0.2558764935935358,0.5341078476030249,0.0789617286200074,0.4551461189830175,0,False,-0.33333333333333337,neutral
RAX_Hsapiens-hPDI-RAX,RAX,9,1.0,0.07082840405888562,1.2626377104550102,0.865050692081358,0.3975870183736522,0,False,-0.38494060802763264,neutral
RAX_Hsapiens-jaspar2016-RAX-MA0718.1,RAX,6,0.27594703989062186,0.12643217411426644,-0.3145412036468696,-0.3441478850866435,0.029606681439773908,0,False,0.14285714285714288,neutral
RAX_Hsapiens-jaspar2018-RAX-MA0718.1,RAX,5,0.13142341377375222,0.07502700051747406,0.7241275456305536,0.0756593991040665,0.6484681465264871,0,False,-0.7,tumor-gain
RAX_Hsapiens-jolma2013-RAX,RAX,3,0.05199137722170109,0.010090504885161316,-0.7577686069640414,-1.3215017527044997,0.5637331457404583,0,False,,divergent
RBBP5_Hsapiens-hPDI-RBBP5,RBBP5,4,1.0,1.0,0.0,0.0,0.0,0,True,,neutral
RBM17_Hsapiens-hPDI-RBM17,RBM17,2,1.0,1.0,0.0,0.0,0.0,0,True,,neutral
RBM22_Hsapiens-hPDI-RBM22,RBM22,2,0.3348852677086797,0.2513102071375098,1.7525304639490011,1.1302995506299094,0.6222309133190917,0,False,,tumor-gain
RBM8A_Hsapiens-hPDI-RBM8A,RBM8A,7,0.7504367357125045,0.0671957212291673,0.8026084249189238,0.2717569048764068,0.530851520042517,0,False,0.25,tumor-gain
RBMS1_Hsapiens-hPDI-RBMS1,RBMS1,2,1.0,1.0,0.0,0.0,0.0,0,True,,neutral
RBPJ_1	RBP-Jkappa_transfac_M01111,RBPJ,4,1.0,0.4293865905848788,0.1437144489854974,-0.007916769811821284,0.1516312187973187,0,False,0.0,neutral
RBPJ_2	RBP-Jkappa_transfac_M01112,RBPJ,9,1.0,0.8005385464630961,0.010611082308817658,-0.6993033262800563,0.709914408588874,0,False,0.15,normal-suppression
RBPJ_Hsapiens-SwissRegulon-RBPJ.SwissRegulon,RBPJ,8,1.0,0.16985202109733266,0.2940601883649974,-0.7180375344852103,1.0120977228502077,0,False,-0.8333333333333335,normal-suppression
RBPJ_Hsapiens-jaspar2018-RBPJ-MA1116.1,RBPJ,10,1.0,0.90279070724907,-0.20475714444189902,-1.372564967345183,1.167807822903284,0,False,-0.05454545454545454,normal-suppression
RCOR1_Hsapiens-SwissRegulon-RCOR1.SwissRegulon,RCOR1,5,0.7273519465790066,0.5745099486270081,0.04035307673775925,-0.8656529648512654,0.9060060415890246,0,False,-0.7999999999999999,normal-suppression
RELA_Hsapiens-JASPAR_2014-RELA-MA0107.1,REL,10,0.013894950977711571,0.007536195067656656,1.2205626960928604,0.4702335159762096,0.7503291801166507,0,False,-0.05454545454545454,tumor-gain
RELA_Hsapiens-JASPAR_CORE-RELA-MA0107.1,REL,10,0.023992094521317717,0.016385350131978876,0.244637871181297,-0.20818251894096937,0.4528203901222664,0,False,-0.030488371665955208,neutral
RELA_Hsapiens-SwissRegulon-RELA.SwissRegulon,REL,9,0.29134792103870855,0.0918825709776306,-3.1400735735557923,-5.155095305904796,2.0150217323490036,0,False,-0.8666666666666667,divergent
RELA_Hsapiens-jaspar2016-RELA-MA0107.1,REL,10,0.010436775025070594,0.006571804435046016,0.33509178315795835,-0.6599969009487762,0.9950886841067346,0,False,-0.09090909090909088,normal-suppression
RELA_Hsapiens-jaspar2018-RELA-MA0107.1,REL,10,0.005788058468442744,0.005788058468442744,0.0,0.0,0.0,0,True,0.4545454545454545,neutral
RELB_Hsapiens-HOCOMOCOv10-RELB_HUMAN.H10MO.C,REL,6,1.0,0.46573628690413615,-0.09483686164213612,-0.422071468446698,0.3272346068045619,0,False,0.08571428571428573,neutral
RELB_Hsapiens-SwissRegulon-RELB.SwissRegulon,REL,5,0.3222062187579424,0.21485683154673146,-4.415305782081745,-5.014735723120908,0.5994299410391628,0,False,0.0,divergent
RELB_Hsapiens-jaspar2018-RELB-MA1117.1,REL,10,1.0,0.8293875910959481,-0.015415236345167845,-0.38109581417774413,0.3656805778325763,0,False,0.16363636363636364,neutral
REL_1	c-Rel_transfac_M00053,REL,10,0.5217924357176091,0.23235624367780067,2.093204646074446,0.05914770733795156,2.0340569387364944,0,False,-0.13373921960961418,tumor-gain
REL_2	REL_jaspar_MA0101.1,REL,7,0.2613394317107934,0.2613394317107934,0.0,0.0,0.0,0,True,0.39285714285714296,neutral
REL_Hsapiens-HOCOMOCOv10-REL_HUMAN.H10MO.C,REL,7,0.9566611770824287,0.6966282395770119,-1.6098668419210203,-2.484012953082279,0.874146111161259,0,False,-0.642857142857143,divergent
REL_Hsapiens-JASPAR_2014-REL-MA0101.1,REL,10,0.12583216649740445,0.09341451112891958,-0.03094069328335063,-0.9098120204425806,0.87887132715923,0,False,-0.16363636363636364,normal-suppression
REL_Hsapiens-JASPAR_CORE-REL-MA0101.1,REL,10,0.1571570772510527,0.10152740341419587,2.8236697493034946,1.1638232404603028,1.6598465088431917,0,False,-0.2127669402880226,tumor-gain
REL_Hsapiens-SwissRegulon-REL.SwissRegulon,REL,9,0.06772324698674831,0.0634950365236936,2.2544985139664804,0.5741309096337985,1.6803676043326818,0,False,0.09205101496312953,tumor-gain
REL_Hsapiens-jaspar2016-REL-MA0101.1,REL,9,0.0940422416697479,0.06734696301036627,0.5893226443135998,0.013507204906841793,0.5758154394067581,0,False,-0.11666666666666665,tumor-gain
REL_Hsapiens-jaspar2018-REL-MA0101.1,REL,10,0.08405333213103125,0.06734696301036627,-2.0825705682661337,-2.406740202231249,0.32416963396511544,0,False,0.6626170426112704,neutral
REST_Hsapiens-JASPAR_2014-REST-MA0138.2,REST,2,0.1633781212594597,0.10436659856249882,0.3428873100279248,-0.38561428212756876,0.7285015921554936,0,False,,other
REST_Hsapiens-SwissRegulon-REST.SwissRegulon,REST,2,0.46114502265840923,0.46114502265840923,0.0,0.0,0.0,0,True,,neutral
REST_Hsapiens-jaspar2016-REST-MA0138.1,REST,10,0.7783196630458876,0.7783196630458876,0.0,0.0,0.0,0,True,0.12158110873601292,neutral
REST_Hsapiens-jaspar2016-REST-MA0138.2,REST,2,0.23448578778942036,0.18742758560848435,-0.33047363880503344,-1.2651698703561334,0.9346962315510999,0,False,,normal-suppression
REST_Hsapiens-jaspar2018-REST-MA0138.1,REST,10,0.2601997968190948,0.18062371538355593,0.4207580980299175,0.17756900942380313,0.24318908860611435,0,False,-0.0790277206784084,neutral
REST_Hsapiens-jaspar2018-REST-MA0138.2,REST,3,0.20483287113830798,0.17888050032527653,0.8653198199454404,-0.0652410853165503,0.9305609052619906,0,False,,tumor-gain
REST_disc1 REST_GM12878_encode-Myers_seq_hsa_PCR2x_r1:MEME#2#Intergenic,REST,6,0.3840195067370365,0.3539367429418034,0.49249536613594264,0.3231023389944989,0.16939302714144372,0,False,0.5428571428571429,neutral
REST_disc10 REST_H1-hESC_encode-Myers_seq_hsa_v041610.2_r1:Trawler#3#Intergenic,REST,7,1.0,0.09004091216156382,0.03214960954267734,-1.3665241847911398,1.3986737943338172,0,False,-0.8928571428571429,normal-suppression
REST_disc2 REST_U87_encode-Myers_seq_hsa_PCR2x_r1:MDscan#2#Intergenic,REST,10,1.0,1.0,0.0,0.0,0.0,0,True,0.33333333333333326,neutral
REST_disc3 REST_PFSK-1_encode-Myers_seq_hsa_PCR2x_r1:MEME#1#Intergenic,REST,9,1.0,0.716024340770791,-0.18099253255719597,-1.8087223277489701,1.6277297951917742,0,False,0.38333333333333336,normal-suppression
REST_disc4 REST_GM12878_encode-Myers_seq_hsa_PCR2x_r1:AlignACE#1#Intergenic,REST,8,0.759620281310295,0.6456345408899979,0.2532593729712802,-1.1491147316261423,1.4023741045974225,0,False,0.261904761904762,normal-suppression
REST_disc5 REST_HepG2_encode-Myers_seq_hsa_PCR2x_r1:AlignACE#2#Intergenic,REST,6,1.0,0.45110465527373705,1.0735810511304917,-1.6444413071807953,2.718022358311287,0,False,-0.8285714285714287,tumor-gain
REST_disc6 REST_H1-hESC_encode-Myers_seq_hsa_v041610.2_r1:Trawler#2#Intergenic,REST,9,1.0,0.20095932918870524,-0.008211356532682157,-0.4202716154926439,0.41206025895996173,0,False,0.4602550748156477,neutral
REST_disc7 REST_H1-hESC_encode-Myers_seq_hsa_r1:Trawler#2#Intergenic,REST,6,1.0,0.447210845326468,-0.7539793654606254,-0.791540680141872,0.03756131468124657,0,False,0.14285714285714288,neutral
REST_disc8 REST_HeLa-S3_encode-Myers_seq_hsa_r1:AlignACE#2#Intergenic,REST,7,1.0,1.0,0.0,0.0,0.0,0,True,0.39285714285714296,neutral
REST_disc9 REST_HTB-11_encode-Myers_seq_hsa_PCR2x_r1:AlignACE#2#Intergenic,REST,4,0.9724795561030974,0.49297641945087545,-1.121253107352944,-1.4332728269571662,0.31201971960422226,0,False,0.39999999999999997,neutral
REST_known2	REST_2	NRSE_transfac_M00325,REST,2,0.500748127434784,0.500748127434784,0.0,0.0,0.0,0,True,,neutral
REST_known3	REST_3	NRSF_transfac_M01028,REST,10,1.0,0.6256548847105929,0.10369099122912058,-0.5424757380439181,0.6461667292730388,0,False,-0.3939393939393939,normal-suppression
RFC3_Hsapiens-hPDI-RFC3,RFC3,5,0.40083882564409884,0.40083882564409884,0.0,0.0,0.0,0,True,0.6708203932499368,neutral
RFX1_Hsapiens-HOCOMOCOv10-RFX1_HUMAN.H10MO.C,RFX1,7,1.0,0.6673320026613433,-0.19772205587211614,-1.206242804421891,1.0085207485497747,0,False,0.09009374626955591,normal-suppression
RFX1_Hsapiens-SwissRegulon-RFX1.SwissRegulon,RFX1,9,0.43298193642454597,0.2275328662903125,0.3693034933791832,-0.001815670914407573,0.3711191642935908,0,False,-0.42018290340800896,neutral
RFX2_1	RFX2_jolma_DBD_M234,RFX2,4,0.5186640640599288,0.5186640640599288,0.0,0.0,0.0,0,True,0.19999999999999998,neutral
RFX2_2	RFX2_jolma_DBD_M235,RFX2,10,1.0,0.4803129540332216,0.6009362348324773,-0.2324551655562869,0.8333914003887641,0,False,0.05454545454545454,tumor-gain
RFX2_3	Rfx2_jolma_DBD_M242,RFX2,10,0.25581088313498795,0.17989189946935802,0.0033984642873235984,-1.1728542288519037,1.1762526931392272,0,False,0.05454545454545454,normal-suppression
RFX2_4	Rfx2_jolma_DBD_M243,RFX2,9,0.29061190382587504,0.29061190382587504,0.0,0.0,0.0,0,True,0.049999999999999996,neutral
RFX2_Hsapiens-HOCOMOCOv10-RFX2_HUMAN.H10MO.C,RFX2,6,0.7212587177849266,0.19267649079515414,-0.1961992014269108,-0.4533028868950713,0.25710368546816054,0,False,-0.14285714285714288,neutral
RFX2_Hsapiens-JASPAR_2014-RFX2-MA0600.1,RFX2,9,0.8868302748595434,0.36021865436004735,0.14235624033172045,-0.35831538429659043,0.5006716246283109,0,False,-0.06666666666666667,other
RFX2_Hsapiens-SwissRegulon-RFX2.SwissRegulon,RFX2,10,0.7110596925501306,0.35359827446785913,-0.23940612577760634,-1.429269899055802,1.1898637732781956,0,False,0.0303030303030303,normal-suppression
RFX2_Hsapiens-jaspar2016-RFX2-MA0600.1,RFX2,9,0.8694318900069518,0.5985450119002377,0.9912033212612236,0.004367625517457276,0.9868356957437663,0,False,-0.38333333333333336,tumor-gain
RFX2_Hsapiens-jaspar2016-RFX2-MA0600.2,RFX2,10,0.1567058574848717,0.147820492759024,0.7649231922157024,-0.6642448670938157,1.429168059309518,0,False,0.17575757575757575,tumor-gain
RFX2_Hsapiens-jaspar2018-RFX2-MA0600.1,RFX2,10,0.8031039935000613,0.4803478096209819,-0.32788677320728415,-0.6688827918743807,0.34099601866709656,0,False,-0.34545454545454546,neutral
RFX2_Hsapiens-jaspar2018-RFX2-MA0600.2,RFX2,9,0.11056228813698539,0.05773681379716417,0.19064879321254774,-0.6722355387818229,0.8628843319943706,0,False,-0.31666666666666665,normal-suppression
RFX2_Hsapiens-jolma2013-RFX2,RFX2,10,0.07666940072431416,0.05946556275678599,-0.18309748770397094,-0.6359235443664021,0.45282605666243114,0,False,0.01818181818181818,neutral
RFX2_Hsapiens-jolma2013-RFX2-2,RFX2,10,0.06766504201750626,0.06766504201750626,0.0,0.0,0.0,0,True,0.1515151515151515,neutral
RFX3_1	Rfx3_bulyk_sc09-primary,RFX3,10,0.017675726412680882,0.001712506070812005,1.4584405115989043,0.3341720392091343,1.12426847238977,0,False,-0.07878787878787878,tumor-gain
RFX3_2	RFX3_jolma_DBD_M236,RFX3,6,0.3966473618353854,0.28274015514175954,-0.20937095640137082,-0.5731071381866168,0.363736181785246,0,False,-0.7714285714285715,neutral
RFX3_3	RFX3_jolma_DBD_M237,RFX3,9,0.35702505857946654,0.35702505857946654,0.0,0.0,0.0,0,True,-0.15,neutral
RFX3_4	Rfx3_jolma_DBD_M244,RFX3,9,0.1242167329958624,0.09763500707658904,0.43712334818285214,-0.8635324043212849,1.3006557525041371,0,False,0.18333333333333335,normal-suppression
RFX3_Hsapiens-HOCOMOCOv10-RFX3_HUMAN.H10MO.B,RFX3,7,0.865600138735341,0.35164793642329717,1.450083613635335,0.28518895555507123,1.1648946580802637,0,False,-0.1785714285714286,tumor-gain
RFX3_Hsapiens-SwissRegulon-RFX3.SwissRegulon,RFX3,4,0.16102929007047959,0.1284430759766047,0.11899124860710798,-0.639527828338368,0.7585190769454759,0,False,-0.6000000000000001,normal-suppression
RFX3_Hsapiens-hPDI-RFX3,RFX3,9,1.0,0.0839237974162912,0.3934531931780534,0.29214283878654146,0.10131035439151193,0,False,-0.13176156917368248,neutral
RFX3_Hsapiens-jaspar2016-RFX3-MA0798.1,RFX3,8,0.21001688481757885,0.15051721956452077,0.2012674611903495,-0.028579550019113057,0.22984701120946255,0,False,0.38095238095238104,neutral
RFX3_Hsapiens-jaspar2018-RFX3-MA0798.1,RFX3,9,0.17512954511256448,0.12865401899644424,0.2137174990648211,-0.7385775143528814,0.9522950134177025,0,False,0.3,normal-suppression
RFX3_Hsapiens-jolma2013-RFX3,RFX3,9,0.19180408942711014,0.19180408942711014,0.0,0.0,0.0,0,True,-0.13333333333333333,neutral
RFX3_Hsapiens-jolma2013-RFX3-2,RFX3,8,0.08982705200195101,0.07556019751430718,-0.8521828886811563,-2.9981906519067625,2.1460077632256063,0,False,0.7857142857142858,divergent
RFX4_Hsapiens-HOCOMOCOv10-RFX4_HUMAN.H10MO.D,RFX4,8,1.0,0.7172456112909235,0.26336576809735956,-0.6129751591084869,0.8763409272058464,0,False,0.30952380952380953,normal-suppression
RFX4_Hsapiens-SwissRegulon-RFX4.SwissRegulon,RFX4,9,0.1467921642897526,0.1467921642897526,0.0,0.0,0.0,0,True,0.16666666666666669,neutral
RFX4_Hsapiens-jaspar2016-RFX4-MA0799.1,RFX4,10,0.4252622684251878,0.188597105976604,0.291290348240806,-0.2328599921758412,0.5241503404166472,0,False,-0.13939393939393938,other
RFX4_Hsapiens-jaspar2018-RFX4-MA0799.1,RFX4,8,0.2693019043042487,0.24373205635315973,0.18384200666342457,-0.3013986010895942,0.4852406077530188,0,False,0.8333333333333335,neutral
RFX4_Hsapiens-jolma2013-RFX4,RFX4,9,0.2641636472043481,0.23765903769268693,0.34393327955308994,-0.6544797843278279,0.9984130638809179,0,False,-0.06666666666666667,normal-suppression
RFX4_Hsapiens-jolma2013-RFX4-2,RFX4,10,0.20814624896737993,0.100243113894124,-0.27237791706134296,-0.3810185847805857,0.10864066771924275,0,False,-0.13939393939393938,neutral
RFX5_Hsapiens-HOCOMOCOv10-RFX5_HUMAN.H10MO.A,RFX5,9,0.018715341385034726,0.006526938438269657,0.03215661729526113,-0.7052674353839534,0.7374240526792145,0,False,0.2333333333333333,normal-suppression
RFX5_Hsapiens-JASPAR_2014-RFX5-MA0510.1,RFX5,10,1.0,0.4338213842167424,0.4235710207612732,-0.8160563318058758,1.2396273525671488,0,False,-0.2121212121212121,normal-suppression
RFX5_Hsapiens-SwissRegulon-RFX5.SwissRegulon,RFX5,9,0.15984450134700873,0.027376784109349708,1.5156542760447405,0.912203976809121,0.6034502992356194,0,False,-0.2833333333333333,tumor-gain
RFX5_Hsapiens-jaspar2016-RFX5-MA0510.1,RFX5,10,0.7211024138557752,0.7211024138557752,0.0,0.0,0.0,0,True,0.8666666666666665,neutral
RFX5_Hsapiens-jaspar2016-RFX5-MA0510.2,RFX5,7,0.18481127083426252,0.17566734342462131,0.551415659605574,-0.0803988067089219,0.6318144663144959,0,False,0.0,tumor-gain
RFX5_Hsapiens-jaspar2018-RFX5-MA0510.1,RFX5,10,0.7909544444554628,0.554581017094379,-0.0022040398232219404,-0.0625805433095087,0.06037650348628676,0,False,0.5515151515151515,neutral
RFX5_Hsapiens-jaspar2018-RFX5-MA0510.2,RFX5,9,0.1542930632717219,0.13593446299284304,0.41908954283087724,-0.5699225142039094,0.9890120570347867,0,False,0.31666666666666665,normal-suppression
RFX5_Hsapiens-jolma2013-RFX5,RFX5,8,0.08891254291756316,0.0786897001927436,-0.18273823972153386,-0.44985018835471857,0.2671119486331847,0,False,-0.30952380952380953,neutral
RFX5_Hsapiens-jolma2013-RFX5-2,RFX5,9,0.30317888917066405,0.17642543882565917,1.188471405432732,0.0048352337370476395,1.1836361716956845,0,False,-0.13333333333333333,tumor-gain
RFX5_Hsapiens-jolma2013-RFX5-3,RFX5,7,0.175736438439712,0.10464246839644133,0.5009273919330558,0.13631076308941145,0.3646166288436443,0,False,0.21428571428571433,neutral
RFX5_disc1 RFX5_H1-hESC_encode-Snyder_seq_hsa_IgG-rab-N-494_r1:MDscan#1#Intergenic,RFX5,10,1.0,0.907913728003701,0.24299864943594282,-0.022336060010715333,0.26533470944665816,0,False,0.12727272727272726,neutral
RFX5_disc2 RFX5_GM12878_encode-Snyder_seq_hsa_IgG-mus-N-494_r1:MEME#1#Intergenic,RFX5,10,1.0,0.2624908485856905,0.3393475818654374,-0.1595874817185611,0.49893506358399853,0,False,-0.35757575757575755,neutral
RFX5_disc3 RFX5_GM12878_encode-Snyder_seq_hsa_IgG-mus-N-494_r1:Trawler#2#Intergenic,RFX5,4,1.0,0.1774383078730905,-0.4650107855816935,-0.7936530624089208,0.32864227682722724,0,False,0.6000000000000001,neutral
RFX5_known1	RFX1_1	RFX1_transfac_M00280,RFX5,7,0.4178303393213573,0.10717449402461497,0.9565459051744153,-0.15681734598467137,1.1133632511590867,0,False,-0.1785714285714286,tumor-gain
RFX5_known2	RFX1_2	RFX1_transfac_M00281,RFX5,8,0.7279904846852662,0.6619849421202079,0.12853894350095,-0.11410827437435057,0.24264721787530058,0,False,0.523809523809524,neutral
RFX5_known3	RFX1_3	RFX1-(EF-C)_transfac_M00626,RFX5,8,1.0,0.6673313373253493,0.1804022900039379,-0.17599818453374338,0.3564004745376813,0,False,-0.15118578920369088,neutral
RFX5_known4	RFX1_4	RFX_transfac_M00975,RFX5,10,1.0,0.7506234413965087,0.6273950196649579,0.2717025024007966,0.35569251726416135,0,False,0.1553274492268008,neutral
RFX5_known5	RFX4_1	Rfx4_bulyk_sc09-primary,RFX5,9,1.0,0.9514530262523687,0.35807600023137187,-0.11969171561079968,0.47776771584217154,0,False,-0.26666666666666666,neutral
RFX5_known6	RFX4_2	RFX4_jolma_DBD_M238,RFX5,8,0.6255771067588397,0.3945787258222462,-0.018202503261802148,-0.6144363488547936,0.5962338455929914,0,False,-0.2380952380952381,normal-suppression
RFX5_known7	RFX4_3	RFX4_jolma_DBD_M239,RFX5,9,0.34739837776640453,0.20997337193339316,0.25367255571746705,-0.4330030447973757,0.6866756005148428,0,False,-0.16666666666666669,other
RFX5_known8	RFX5_1	RFX5_jolma_DBD_M240,RFX5,9,0.48285907335286715,0.2338543961338292,1.139898440283946,0.1289313848609023,1.0109670554230437,0,False,-0.15,tumor-gain
RFX5_known9	RFX5_2	RFX5_jolma_DBD_M241,RFX5,10,0.7035547617872047,0.4986390273289884,-0.19532095167759483,-0.7482496948902853,0.5529287432126904,0,False,0.6727272727272726,normal-suppression
RFX7_1	Rfxdc2_bulyk_sc09-primary,RFX7,10,0.7015100232996659,0.1661384120547387,-0.10853942260300516,-0.8487588772653667,0.7402194546623615,0,False,-0.05454545454545454,normal-suppression
RFX7_Hsapiens-SwissRegulon-RFX7.SwissRegulon,RFX7,10,0.7586676463823365,0.45215705946650453,0.25542424926631435,-0.4047024142232142,0.6601266634895285,0,False,-0.3696969696969697,other
RFXANK_Hsapiens-hPDI-RFXANK,RFXANK,6,1.0,0.25149700598802394,1.2446809816772975,-0.3790603969233992,1.6237413786006967,0,False,-0.2,tumor-gain
RHOXF1_1	Rhox11_bulyk_cell08-1765.2,RHOXF1,9,0.618803058352052,0.028569309386040194,0.3215723122870029,-0.4618561800470993,0.7834284923341022,0,False,0.11666666666666665,other
RHOXF1_2	Rhox11_bulyk_cell08-2205.1,RHOXF1,4,0.2229616402115088,0.08351817603707176,0.1653277492122866,-0.7250773406361407,0.8904050898484273,0,False,-0.39999999999999997,normal-suppression
RHOXF1_3	RHOXF1_jolma_DBD_M635,RHOXF1,8,1.0,0.2956630936659513,0.6091383368441113,-0.12309549034717855,0.7322338271912899,0,False,-0.14285714285714288,tumor-gain
RHOXF1_4	RHOXF1_jolma_DBD_M636,RHOXF1,10,0.969399081088013,0.5591547128245309,0.23879069641664774,-0.27708410026855973,0.5158747966852075,0,False,-0.35757575757575755,other
RHOXF1_5	RHOXF1_jolma_full_M637,RHOXF1,10,0.40522111705702957,0.3361383037743615,1.054599699066902,0.17430383760453125,0.8802958614623707,0,False,0.309090909090909,tumor-gain
RHOXF1_6	RHOXF1_jolma_full_M638,RHOXF1,7,0.3978190117335885,0.3639844610809376,0.29149133738087885,-0.09183614752722602,0.38332748490810487,0,False,0.5357142857142858,neutral
RHOXF1_7	Rhox11_jolma_DBD_M639,RHOXF1,8,1.0,0.8617796566273961,1.8406789902713747,0.7528129643193548,1.0878660259520199,0,False,0.4761904761904762,tumor-gain
RHOXF1_Hsapiens-SwissRegulon-RHOXF1.SwissRegulon,RHOXF1,5,0.15550908288484555,0.15385465763044243,-0.15275839139233374,-0.1853807722436543,0.03262238085132055,0,False,0.7999999999999999,neutral
RHOXF1_Hsapiens-jaspar2016-RHOXF1-MA0719.1,RHOXF1,7,0.5220268087038954,0.34349352261158184,-0.009468481167493154,-0.7288645287243627,0.7193960475568696,0,False,-0.42857142857142866,normal-suppression
RHOXF1_Hsapiens-jaspar2018-RHOXF1-MA0719.1,RHOXF1,7,0.2862639828219248,0.2862639828219248,0.0,0.0,0.0,0,True,0.9285714285714288,neutral
RHOXF1_Hsapiens-jolma2013-RHOXF1,RHOXF1,5,0.24637092375593037,0.24523124505769478,0.8944451861034118,0.0970303817509164,0.7974148043524955,0,False,0.0,tumor-gain
RHOXF1_Hsapiens-jolma2013-RHOXF1-2,RHOXF1,6,0.2356011065522474,0.18766621572964345,-0.07790850585768544,-0.9258086457253535,0.847900139867668,0,False,0.2571428571428572,normal-suppression
RHOXF1_Hsapiens-jolma2013-RHOXF1-3,RHOXF1,7,0.13621041843019233,0.08568473156289004,-0.1997875845651402,-1.1000588130717284,0.9002712285065881,0,False,-0.642857142857143,normal-suppression
RHOXF1_Hsapiens-jolma2013-RHOXF1-4,RHOXF1,9,0.19314363415094118,0.10670794257104425,-0.572423128687902,-0.7783683053275895,0.20594517663968748,0,False,0.049999999999999996,neutral
RHOXF2_1	Rhox6_bulyk_cell08-4251.1,RHOXF2,8,0.46241026098728544,0.12610818052723316,-0.39958140188899566,-1.5720095419755857,1.1724281400865901,0,False,0.1666666666666667,normal-suppression
RHOXF2_Hsapiens-SwissRegulon-RHOXF2.SwissRegulon,RHOXF2,7,0.8180418184275697,0.11611105954036466,0.4142873914033576,-0.3128456001134018,0.7271329915167594,0,False,-0.42857142857142866,other
RHXF1_Hsapiens-HOCOMOCOv10-RHXF1_HUMAN.H10MO.D,RHXF1,7,1.0,1.0,0.0,0.0,0.0,0,True,0.5,neutral
RNASEH2C_Hsapiens-hPDI-RNASEH2C,RNASEH2C,7,1.0,1.0,0.0,0.0,0.0,0,True,,neutral
RNF114_Hsapiens-hPDI-ZNF313,ZNF3,2,1.0,0.250936329588015,1.0543912813554415,0.7157199864440368,0.3386712949114047,0,False,,neutral
RORA(var.2)_Hsapiens-jaspar2016-RORA(var.2)-MA0072.1,RORA,5,0.5465033972832717,0.47176897001852075,0.4031776465238407,-0.42578356302429077,0.8289612095481315,0,False,-0.6,other
RORA(var.2)_Hsapiens-jaspar2018-RORA(var.2)-MA0072.1,RORA,3,0.44873960274989527,0.2863186206187758,0.6684920266878687,0.4304529750068143,0.23803905168105438,0,False,,neutral
RORA_1	RORalpha1_transfac_M00156,RORA,7,1.0,0.5410476303008065,-0.27181160589954284,-1.0858827894473095,0.8140711835477668,0,False,-0.10714285714285716,normal-suppression
RORA_1_Hsapiens-JASPAR_2014-RORA_1-MA0071.1,RORA,5,0.17895024950178656,0.12198252269595912,0.25095119414574857,-0.16303121650930236,0.4139824106550509,0,False,-0.7,neutral
RORA_1_Hsapiens-JASPAR_CORE-RORA_1-MA0071.1,RORA,7,0.31925646211360503,0.31925646211360503,0.0,0.0,0.0,0,True,0.5357142857142858,neutral
RORA_2	RORalpha2_transfac_M00157,RORA,9,1.0,0.9232887153386667,0.8084994213222029,0.5018066634399994,0.3066927578822035,0,False,0.06666666666666667,neutral
RORA_2_Hsapiens-JASPAR_2014-RORA_2-MA0072.1,RORA,3,0.6931574102485427,0.6931574102485427,0.0,0.0,0.0,0,True,,neutral
RORA_2_Hsapiens-JASPAR_CORE-RORA_2-MA0072.1,RORA,4,0.6674647512636339,0.6070442177141417,-0.017471292537912183,-0.3425092747260891,0.3250379821881769,0,False,0.0,neutral
RORA_3	RORalpha_transfac_M01138,RORA,10,1.0,0.5721617639257067,0.5685861821411149,0.23302255368422917,0.3355636284568857,0,False,,neutral
RORA_4	RORA:1_jaspar_MA0071.1,RORA,6,0.6371882086167802,0.501039501039501,0.41511049809880857,0.3403949960032841,0.07471550209552447,0,False,0.2571428571428572,neutral
RORA_5	RORA:2_jaspar_MA0072.1,RORA,4,1.0,1.0,0.0,0.0,0.0,0,True,1.0,neutral
RORA_6	RORA_jolma_DBD_M705,RORA,3,0.48052866755266277,0.41298824825100433,-0.09512686354681754,-0.13066406124778662,0.03553719770096908,0,False,,neutral
RORA_7	RORA_jolma_DBD_M706,RORA,9,1.0,0.4087680101687104,0.14924780302296203,-1.4708933065220444,1.6201411095450065,0,False,-0.5,normal-suppression
RORA_Hsapiens-HOCOMOCOv10-RORA_HUMAN.H10MO.B,RORA,4,1.0,0.6481177404691842,0.18389652498478376,-1.2283058988239643,1.412202423808748,0,False,-0.39999999999999997,normal-suppression
RORA_Hsapiens-SwissRegulon-RORA.SwissRegulon,RORA,6,0.08725440235547254,0.06413483945898626,0.40772730956573205,-0.5739600284479519,0.9816873380136839,0,False,-0.5428571428571429,normal-suppression
RORA_Hsapiens-jaspar2016-RORA-MA0071.1,RORA,7,0.12810947752711482,0.0962810359054714,1.6916247772074327,-0.371841870032861,2.063466647240294,0,False,-0.25,tumor-gain
RORA_Hsapiens-jaspar2018-RORA-MA0071.1,RORA,6,0.09971956560974866,0.08095492537396076,0.7316021175824268,0.08309481974916115,0.6485072978332657,0,False,-0.7714285714285715,tumor-gain
RORA_Hsapiens-jolma2013-RORA,RORA,5,0.32994499433399593,0.3294389112074768,0.23114220764435753,-0.2448226910493531,0.4759648986937106,0,False,0.49999999999999994,neutral
RORA_Hsapiens-jolma2013-RORA-2,RORA,10,0.3928152480701194,0.3405960824094602,0.7487389444951142,-0.7710683158616987,1.519807260356813,0,False,-0.006060606060606061,tumor-gain
RORB_Hsapiens-jaspar2018-RORB-MA1150.1,RORB,8,0.9938837920489296,0.803405476074309,-0.20626091515367295,-1.4017199396156403,1.1954590244619674,0,False,0.09523809523809526,normal-suppression
RORC_Hsapiens-SwissRegulon-RORC.SwissRegulon,RORC,8,0.6308904242225589,0.42125912864728216,1.1292924344288247,0.40200560318609213,0.7272868312427325,0,False,-0.5628843430992316,tumor-gain
RORG_Hsapiens-HOCOMOCOv10-RORG_HUMAN.H10MO.C,RORG,6,1.0,0.5631552943068393,0.7220021748986888,0.3390761201226816,0.38292605477600716,0,False,-0.09258200997725516,neutral
RPL35_Hsapiens-hPDI-RPL35,RPL35,5,0.5007488766849718,0.2507494375012611,0.03807663565546885,-0.38868940576354716,0.42676604141901603,0,False,-0.35909242322980395,neutral
RPL6_Hsapiens-hPDI-RPL6,RPL6,5,0.028148886260839962,0.009407950001958496,-0.8254476914223379,-1.4109420258292436,0.5854943344069057,0,False,,divergent
RPP25_Hsapiens-hPDI-RPP25,RPP25,7,1.0,0.6006389776357828,0.11106261545909529,-0.5508668156506443,0.6619294311097397,0,False,0.3779644730092273,normal-suppression
RPS4X_Hsapiens-hPDI-RPS4X,RPS4X,4,0.33422103861517977,0.11170370265300948,-0.6755907870692677,-0.8524428531974462,0.1768520661281785,0,False,,neutral
RREB1_1	RREB-1_transfac_M00257,RREB1,2,0.37585767974372253,0.37585767974372253,0.0,0.0,0.0,0,True,,neutral
RREB1_Hsapiens-HOCOMOCOv10-RREB1_HUMAN.H10MO.D,RREB1,3,0.19336229641458283,0.07804028530984196,0.6403963120158367,-0.5777417860006234,1.21813809801646,0,False,,tumor-gain
RREB1_Hsapiens-SwissRegulon-RREB1.SwissRegulon,RREB1,5,0.061751366216576696,0.01587012484946918,0.6285583074378784,-0.02988455531717297,0.6584428627550514,0,False,-0.9999999999999999,tumor-gain
RUNX1_1	Evi-1_transfac_M00011,RUNX1,6,0.08455392809587217,0.005721016978250275,2.1707061943084356,-2.4006718337185564,4.571378028026992,0,False,-0.3768511731740915,tumor-gain
RUNX1_3	Evi-1_transfac_M00079,RUNX1,2,0.2736521785553581,0.2736521785553581,0.0,0.0,0.0,0,True,,neutral
RUNX1_5	Evi-1_transfac_M00081,RUNX1,4,1.0,1.0,0.0,0.0,0.0,0,True,0.7999999999999999,neutral
RUNX1_9	RUNX1_jaspar_MA0002.2,RUNX1,6,1.0,0.5968137254901962,0.5860211969361758,0.057907517323491975,0.5281136796126839,0,False,0.7142857142857143,tumor-gain
RUNX1_Hsapiens-HOCOMOCOv10-RUNX1_HUMAN.H10MO.A,RUNX1,9,0.9735973597359734,0.6044798337799231,0.40187472892886156,-0.2384885579757887,0.6403632869046503,0,False,-0.3666666666666667,other
RUNX1_Hsapiens-SwissRegulon-RUNX1.SwissRegulon,RUNX1,9,0.4100686836339121,0.35213102932048046,0.6796874034445335,-0.058256011788895924,0.7379434152334294,0,False,0.11666666666666665,tumor-gain
RUNX1_Hsapiens-jaspar2016-RUNX1-MA0002.1,RUNX1,6,1.0,0.4554954289368905,0.24628133615817208,-0.8019242902883584,1.0482056264465305,0,False,-0.2571428571428572,normal-suppression
RUNX1_Hsapiens-jaspar2018-RUNX1-MA0002.1,RUNX1,6,0.41761954094945525,0.2576731682919775,-0.2954747061834849,-1.2034363937117292,0.9079616875282442,0,False,-0.2571428571428572,normal-suppression
RUNX2_1	AML1a_transfac_M00271,RUNX2,9,1.0,0.038769908414578474,0.21326434012333634,-0.4319180114551496,0.6451823515784859,0,False,0.12552411131335847,other
RUNX2_2	core-binding-factor_transfac_M00722,RUNX2,4,0.40107733992626077,0.12598312823284702,0.6799718936498427,0.2538365529753279,0.42613534067451475,0,False,,neutral
RUNX2_3	Osf2_transfac_M00731,RUNX2,4,1.0,0.250936329588015,1.1538145034560998,-0.8717491964143401,2.02556369987044,0,False,-0.316227766016838,tumor-gain
RUNX2_4	RUNX2_jolma_DBD_M245,RUNX2,7,1.0,1.0,0.0,0.0,0.0,0,True,0.39285714285714296,neutral
RUNX2_5	RUNX2_jolma_DBD_M246,RUNX2,8,1.0,0.5398495664872733,0.16047291788556947,-0.7619938464875242,0.9224667643730937,0,False,0.2142857142857143,normal-suppression
RUNX2_6	RUNX2_jolma_DBD_M247,RUNX2,6,0.28351273637282687,0.1846120319762642,0.35046583183142455,-0.5089666208798634,0.859432452711288,0,False,0.028571428571428574,normal-suppression
RUNX2_Hsapiens-HOCOMOCOv10-RUNX2_HUMAN.H10MO.B,RUNX2,7,1.0,0.70651248789364,-0.22378210350407085,-0.27402587166968245,0.0502437681656116,0,False,0.1785714285714286,neutral
RUNX2_Hsapiens-JASPAR_2014-RUNX2-MA0511.1,RUNX2,9,1.0,0.2838698366569504,0.04940402352711052,-0.8956296673480362,0.9450336908751467,0,False,-0.15,normal-suppression
RUNX2_Hsapiens-SwissRegulon-RUNX2.SwissRegulon,RUNX2,5,0.40461206364904656,0.25558587551676076,-0.2988869529708465,-1.9080827419198814,1.609195788949035,0,False,-0.49999999999999994,normal-suppression
RUNX2_Hsapiens-jaspar2016-RUNX2-MA0511.1,RUNX2,9,0.8738914836216574,0.8329657405856733,-0.21137940174074987,-0.6318359035156651,0.4204565017749152,0,False,0.016666666666666666,neutral
RUNX2_Hsapiens-jaspar2016-RUNX2-MA0511.2,RUNX2,7,0.13113227310648243,0.13113227310648243,0.0,0.0,0.0,0,True,0.14285714285714288,neutral
RUNX2_Hsapiens-jaspar2018-RUNX2-MA0511.1,RUNX2,10,0.6398605661711849,0.5357137483697317,0.0501005466769497,-1.7110289630700741,1.7611295097470239,0,False,-0.38181818181818183,normal-suppression
RUNX2_Hsapiens-jaspar2018-RUNX2-MA0511.2,RUNX2,8,0.0860914248777976,0.04990763359247994,-0.11790348127141052,-0.8670730788941441,0.7491695976227336,0,False,-0.6666666666666669,normal-suppression
RUNX2_Hsapiens-jolma2013-RUNX2,RUNX2,10,0.3179339920875269,0.3179339920875269,0.0,0.0,0.0,0,True,0.406060606060606,neutral
RUNX2_Hsapiens-jolma2013-RUNX2-2,RUNX2,8,0.5645327953550161,0.29232309860760974,-0.20950867915759244,-0.7343058372937111,0.5247971581361187,0,False,-0.04761904761904763,normal-suppression
RUNX2_Hsapiens-jolma2013-RUNX2-3,RUNX2,5,0.06331487757650907,0.031309843021908236,0.36879686970268566,-0.7941235467462546,1.1629204164489404,0,False,0.0,normal-suppression
RUNX3_1	RUNX3_jolma_DBD_M248,RUNX3,6,0.48481457586554916,0.22671511040813921,0.13781839607171742,-0.04048809582518415,0.17830649189690156,0,False,-0.2571428571428572,neutral
RUNX3_2	RUNX3_jolma_DBD_M249,RUNX3,4,0.5851471079109246,0.5851471079109246,0.0,0.0,0.0,0,True,0.39999999999999997,neutral
RUNX3_3	RUNX3_jolma_DBD_M250,RUNX3,5,0.4785466721694787,0.297264710744991,1.2401439782524009,0.908585127848958,0.3315588504034429,0,False,0.09999999999999999,neutral
RUNX3_4	RUNX3_jolma_full_M251,RUNX3,5,0.3845381080836147,0.3845381080836147,0.0,0.0,0.0,0,True,0.39999999999999997,neutral
RUNX3_Hsapiens-HOCOMOCOv10-RUNX3_HUMAN.H10MO.C,RUNX3,4,1.0,0.468806744949477,-0.2916983820535536,-0.4806056151413443,0.18890723308779073,0,False,0.0,neutral
RUNX3_Hsapiens-SwissRegulon-RUNX3.SwissRegulon,RUNX3,4,0.20860539137401043,0.16806285454601563,0.30990360144600215,-0.8344132729106436,1.1443168743566456,0,False,0.19999999999999998,normal-suppression
RUNX3_Hsapiens-jaspar2016-RUNX3-MA0684.1,RUNX3,6,0.1228058539096922,0.09557540679344297,-0.11868507267235802,-1.5443126704915722,1.425627597819214,0,False,-0.8285714285714287,normal-suppression
RUNX3_Hsapiens-jaspar2018-RUNX3-MA0684.1,RUNX3,6,0.09303302366561471,0.08185249194867639,0.25066716953323076,0.025773902365816892,0.22489326716741387,0,False,-0.5428571428571429,neutral
RUNX3_Hsapiens-jolma2013-RUNX3,RUNX3,7,0.26954522281335874,0.26954522281335874,0.0,0.0,0.0,0,True,0.42857142857142866,neutral
RUNX3_Hsapiens-jolma2013-RUNX3-2,RUNX3,7,0.11691086567791385,0.07016083125789481,0.6788565457907855,0.05286721746028223,0.6259893283305032,0,False,-0.14285714285714288,tumor-gain
RUNX3_Hsapiens-jolma2013-RUNX3-3,RUNX3,9,0.5416607191396856,0.10864243541369166,-0.2804853907153926,-0.5312059679081542,0.25072057719276164,0,False,-0.21666666666666667,neutral
RUNX3_Hsapiens-jolma2013-RUNX3-4,RUNX3,9,0.08070879296469534,0.057796811445327174,-0.08612454785616645,-1.138547140162743,1.0524225923065764,0,False,-0.3,normal-suppression
RUNX_1	AML_transfac_M00769,RUNX,9,0.800676339633638,0.2789837328717173,0.023989133233309107,-0.5436987942453717,0.5676879274786808,0,False,-0.15256428831468233,normal-suppression
RUNX_2	PEBP_transfac_M00984,RUNX,9,1.0,0.57234527986794,-1.5383825838835274,-2.9103859146819926,1.3720033307984651,0,False,-0.8235584906796976,divergent
RXR::RAR_DR5_Hsapiens-JASPAR_2014-RXR::RAR_DR5-MA0159.1,RXRA,6,0.5566884628172445,0.4592899858569736,0.2405922780560576,-0.06823749290340737,0.30882977095946496,0,False,-0.2571428571428572,neutral
RXR::RAR_DR5_Hsapiens-JASPAR_CORE-RXR::RAR_DR5-MA0159.1,RXRA,7,1.0,0.28696397546166863,0.47020957829484683,-1.0695620054454638,1.5397715837403105,0,False,-0.21428571428571433,normal-suppression
RXRA::VDR_Hsapiens-JASPAR_2014-RXRA::VDR-MA0074.1,RXRA,10,0.42938659058487877,0.21522869004379208,-0.28526028508670115,-0.8186891967514648,0.5334289116647637,0,False,0.024618298195866545,normal-suppression
RXRA::VDR_Hsapiens-JASPAR_CORE-RXRA::VDR-MA0074.1,RXRA,10,0.5012468827930174,0.5012468827930174,0.0,0.0,0.0,0,True,,neutral
RXRA::VDR_Hsapiens-jaspar2016-RXRA::VDR-MA0074.1,RXRA,10,0.2867332382310984,0.21522869004379208,0.4029031921782704,-0.41709461039510487,0.8199978025733753,0,False,-0.02525784101413608,other
RXRA::VDR_Hsapiens-jaspar2018-RXRA::VDR-MA0074.1,RXRA,10,0.251248437509717,0.12578105298551373,0.2942231156368748,-0.226978248906093,0.5212013645429678,0,False,-0.3840979778938776,other
RXRA_Hsapiens-HOCOMOCOv10-RXRA_HUMAN.H10MO.C,RXRA,5,0.12552123906474633,0.12552123906474633,0.0,0.0,0.0,0,True,0.6,neutral
RXRA_Hsapiens-SwissRegulon-RXRA.SwissRegulon,RXRA,10,0.5522240917522252,0.2592242796399582,-0.09821868085844854,-0.883275777373489,0.7850570965150404,0,False,-0.17575757575757575,normal-suppression
RXRA_Hsapiens-jolma2013-RXRA,RXRA,7,0.0022801802648735087,0.0022801802648735087,0.0,0.0,0.0,0,True,0.6785714285714287,neutral
RXRA_Hsapiens-jolma2013-RXRA-2,RXRA,10,0.13255466164015584,0.08001769243508244,-0.04058744362390902,-0.38220665414626726,0.3416192105223582,0,False,0.33333333333333326,neutral
RXRA_Hsapiens-jolma2013-RXRA-3,RXRA,7,0.0046129312130055245,0.0030169610001253328,0.47013898057556247,0.38973961037167987,0.0803993702038826,0,False,-0.10714285714285716,neutral
RXRA_Hsapiens-jolma2013-RXRA-4,RXRA,9,0.0728646657879052,0.07165955137352734,0.359765608086638,-0.327489338185621,0.687254946272259,0,False,-0.08333333333333334,other
RXRA_disc1 PPARGC1A_HepG2_encode-Snyder_seq_hsa_forskolin_r1:MDscan#2#Intergenic,RXRA,8,0.9601450720826912,0.20785339546938766,0.4162408950661965,-0.7297948784989161,1.1460357735651125,0,False,-0.5509080804800991,normal-suppression
RXRA_disc2 RXRA_GM12878_encode-Myers_seq_hsa_r1:MEME#3#Intergenic,RXRA,5,0.0686945051315864,0.02538573701651968,0.1295115923041021,-0.3336234535834756,0.4631350458875777,0,False,0.3,neutral
RXRA_disc3 RXRA_GM12878_encode-Myers_seq_hsa_r1:MDscan#1#Intergenic,RXRA,5,0.36761439460090134,0.21095371967801363,0.46332408831671723,-1.5282155741890708,1.991539662505788,0,False,-0.8999999999999998,normal-suppression
RXRA_disc4 RXRA_GM12878_encode-Myers_seq_hsa_r1:MEME#1#Intergenic,RXRA,10,0.6871303055893501,0.3666119615540099,-0.6179572193957155,-0.7342585059884686,0.11630128659275318,0,False,-0.01818181818181818,neutral
RXRA_disc5 RXRA_GM12878_encode-Myers_seq_hsa_r1:Trawler#2#Intergenic,RXRA,10,1.0,1.0,0.0,0.0,0.0,0,True,-0.09090909090909088,neutral
RXRA_known1	PPARG_1	PPARgamma:RXRalpha_transfac_M00512,RXRA,10,0.8100292553191488,0.6612664001128313,0.4478570362070782,-0.9098601068113515,1.3577171430184296,0,False,-0.04242424242424241,normal-suppression
RXRA_known10	RXRA_6	RXRA_jolma_DBD_M707,RXRA,3,0.024204226060967397,0.024204226060967397,0.0,0.0,0.0,0,True,,neutral
RXRA_known11	RXRA_7	RXRA_jolma_DBD_M708,RXRA,7,0.9067318599343527,0.5213243883715497,0.36559085319769963,-1.4754499684739086,1.8410408216716083,0,False,-0.14285714285714288,normal-suppression
RXRA_known12	RXRA_8	RXRA_jolma_full_M709,RXRA,6,0.0102175856371278,0.004156779114959424,0.3965277259295995,-0.9284195172114933,1.324947243141093,0,False,-0.48571428571428577,normal-suppression
RXRA_known13	RXRA_9	RXRA_jolma_full_M710,RXRA,8,0.43510584105851796,0.17121614378304012,-0.4207419644079495,-0.726130625947066,0.30538866153911653,0,False,0.07142857142857144,neutral
RXRA_known14	RXRA_10	Rxra_jolma_DBD_M724,RXRA,6,0.023208982260339798,0.01708430564698848,0.31329137244613225,-0.8801767916307811,1.1934681640769134,0,False,0.028571428571428574,normal-suppression
RXRA_known15	RXRA_11	Rxra_jolma_DBD_M725,RXRA,9,0.5486224528497586,0.04196741986337362,0.243144293354224,-0.3184801596055661,0.56162445295979,0,False,-0.25,other
RXRA_known3	RXRA_1	RXR-(PXR:RXR)_transfac_M01152,RXRA,7,0.9631009924457844,0.6978943225125331,1.1228483020468336,0.840962010310935,0.28188629173589863,0,False,0.6546536707079773,neutral
RXRA_known4	RXRA_2	PXR-(PXR:RXR)_transfac_M01153,RXRA,10,0.534296751094621,0.22941986031309697,-0.2183315345400657,-1.7467002415542374,1.5283687070141716,0,False,-0.2121212121212121,normal-suppression
RXRA_known5	PPARG_3	PPARG_jaspar_MA0066.1,RXRA,5,0.4380404620381054,0.19928547993785173,-0.2467279119925847,-0.7658872227390263,0.5191593107464416,0,False,0.0,normal-suppression
RXRA_known6	RXRA_3	NR1H2::RXRA_jaspar_MA0115.1,RXRA,8,1.0,0.29515418502202645,-0.0033250438435543355,-0.19608607496101027,0.19276103111745593,0,False,-0.13173888881045848,neutral
RXRA_known7	PPARG_4	PPARG::RXRA_jaspar_MA0065.2,RXRA,8,1.0,0.9348899515271746,0.22568873950220966,-0.08818425374273722,0.3138729932449469,0,False,0.261904761904762,neutral
RXRA_known8	RXRA_4	RXR::RAR:DR5_jaspar_MA0159.1,RXRA,9,1.0,0.7152200112658345,-0.12640001492557087,-0.23837330357564465,0.11197328865007378,0,False,0.48535989707831934,neutral
RXRA_known9	RXRA_5	Rxra_bulyk_sc09-primary,RXRA,10,0.6723371048510816,0.6723371048510816,0.0,0.0,0.0,0,True,0.10303030303030303,neutral
RXRB_1	RXRB_jolma_DBD_M711,RXRB,7,0.007687474147869634,0.0038497515880844403,0.7994841898053938,-0.05340988652800068,0.8528940763333945,0,False,-0.25,tumor-gain
RXRB_2	Rxrb_jolma_DBD_M726,RXRB,6,0.006689247220149811,0.006129988164432295,1.040321814268449,-0.0695364807610021,1.109858295029451,0,False,0.3714285714285715,tumor-gain
RXRB_Hsapiens-HOCOMOCOv10-RXRB_HUMAN.H10MO.C,RXRB,10,1.0,0.4015559545182525,0.14464401428727222,-0.8880739212427877,1.03271793553006,0,False,-0.3292744139923163,normal-suppression
RXRB_Hsapiens-SwissRegulon-RXRB.SwissRegulon,RXRB,10,0.2991495462963738,0.2131273390269654,0.5152516428814681,-0.8371543426510608,1.352405985532529,0,False,-0.06666666666666665,tumor-gain
RXRB_Hsapiens-jaspar2016-RXRB-MA0855.1,RXRB,6,0.003280775435705908,0.0020326156739615994,0.014684269367982054,-0.4042393610516906,0.4189236304196727,0,False,0.48571428571428577,neutral
RXRB_Hsapiens-jaspar2018-RXRB-MA0855.1,RXRB,8,0.003418843558504335,0.0013913254051649555,1.3346220561652826,0.367520851291498,0.9671012048737846,0,False,0.1666666666666667,tumor-gain
RXRB_Hsapiens-jolma2013-RXRB,RXRB,7,0.001046014807914507,0.0002709432814284392,0.5974931312970684,-2.291686120569126,2.8891792518661945,0,False,-0.7500000000000002,tumor-gain
RXRG_1	RXRG_jolma_DBD_M712,RXRG,9,0.010846346454069148,0.0067541832150448235,0.24175743589641618,-0.7610722604048001,1.0028296963012164,0,False,0.16666666666666669,normal-suppression
RXRG_2	RXRG_jolma_DBD_M713,RXRG,7,0.11419312812816941,0.06575104065153783,0.007969516825422959,-0.3747560258093923,0.3827255426348153,0,False,-0.642857142857143,neutral
RXRG_3	RXRG_jolma_full_M714,RXRG,10,0.003101187853867867,0.0024083543045826856,0.15455858015442356,-0.14224095424667538,0.29679953440109896,0,False,-0.3077287274483318,neutral
RXRG_Hsapiens-HOCOMOCOv10-RXRG_HUMAN.H10MO.B,RXRG,8,1.0,0.2990108263883471,-0.01438267154463144,-0.15371371911353335,0.1393310475689019,0,False,-0.13173888881045848,neutral
RXRG_Hsapiens-SwissRegulon-RXRG.SwissRegulon,RXRG,8,1.0,0.33820151506726837,2.2112421621797096,0.7373825590276047,1.4738596031521047,0,False,0.1666666666666667,tumor-gain
RXRG_Hsapiens-jaspar2016-RXRG-MA0856.1,RXRG,9,0.006190773866748364,0.0035503820945743383,0.015104452881419674,-0.013228088222901837,0.028332541104321513,0,False,0.26666666666666666,neutral
RXRG_Hsapiens-jaspar2018-RXRG-MA0856.1,RXRG,7,0.005746569948772892,0.005746569948772892,0.0,0.0,0.0,0,True,0.25,neutral
RXRG_Hsapiens-jolma2013-RXRG,RXRG,7,0.003143957716670279,0.0008514401241221715,0.40274357953213435,-1.4986128012153792,1.9013563807475136,0,False,-0.7857142857142859,normal-suppression
RXRG_Hsapiens-jolma2013-RXRG-2,RXRG,10,0.058855535735070914,0.029694005312659616,0.16632598733938583,-0.2895859102100572,0.45591189754944306,0,False,-0.28484848484848485,neutral
RXRG_Hsapiens-jolma2013-RXRG-3,RXRG,10,0.0024088519681671324,0.0011106040429766494,-0.04428150890154974,-0.6522364324325505,0.6079549235310008,0,False,0.024541724765593954,normal-suppression
RXRG_Hsapiens-jolma2013-RXRG-4,RXRG,9,0.3347746549143522,0.09161165878989068,-0.157838439546589,-0.49168483626996917,0.3338463967233802,0,False,-0.2542738138578039,neutral
SCRT1_1	SCRT1_jolma_DBD_M26,SCRT1,10,1.0,0.8227070316545272,-0.16378654114868246,-0.9982925984561484,0.8345060573074659,0,False,0.309090909090909,normal-suppression
SCRT1_Hsapiens-HOCOMOCOv10-SCRT1_HUMAN.H10MO.D,SCRT1,10,1.0,0.4641675159436435,-0.21000831876042467,-0.42714650889740513,0.21713819013698046,0,False,-0.2606060606060606,neutral
SCRT1_Hsapiens-SwissRegulon-SCRT1.SwissRegulon,SCRT1,9,0.37160705255176696,0.30572431628441143,0.01640926913056934,-0.926796246678575,0.9432055158091444,0,False,-0.2833333333333333,normal-suppression
SCRT1_Hsapiens-jaspar2016-SCRT1-MA0743.1,SCRT1,10,0.6476271425337532,0.4770492361611347,-0.5962639701074056,-1.1666966021777982,0.5704326320703926,0,False,-0.38181818181818183,divergent
SCRT1_Hsapiens-jaspar2018-SCRT1-MA0743.1,SCRT1,9,0.5798520141492263,0.3647719364541446,0.2805181056969905,0.08104960375547876,0.19946850194151172,0,False,0.41666666666666663,neutral
SCRT1_Hsapiens-jolma2013-SCRT1,SCRT1,10,0.4232807434980155,0.4232807434980155,0.0,0.0,0.0,0,True,0.5393939393939393,neutral
SCRT2_1	SCRT2_jolma_DBD_M27,SCRT2,10,1.0,0.41193859000870575,0.12561218243238678,-0.19879017116385755,0.32440235359624436,0,False,-0.38181818181818183,neutral
SCRT2_Hsapiens-HOCOMOCOv10-SCRT2_HUMAN.H10MO.D,SCRT2,9,0.44587246486652676,0.2952087571983151,0.2803637981149382,-0.06959841603780262,0.34996221415274087,0,False,-0.3,neutral
SCRT2_Hsapiens-SwissRegulon-SCRT2.SwissRegulon,SCRT2,9,0.0941168257737793,0.09128356161097012,0.5940787186223455,-0.6231990445084002,1.2172777631307459,0,False,0.2833333333333333,tumor-gain
SCRT2_Hsapiens-jaspar2016-SCRT2-MA0744.1,SCRT2,7,0.23551956074774605,0.19220687182839283,-0.20255558941338642,-0.4077740311902153,0.2052184417768289,0,False,-0.5714285714285715,neutral
SCRT2_Hsapiens-jaspar2018-SCRT2-MA0744.1,SCRT2,9,0.1980682389003152,0.09591219553880803,0.34626332216821565,-0.2858551501067812,0.6321184722749968,0,False,0.25,other
SCRT2_Hsapiens-jolma2013-SCRT2,SCRT2,7,0.11736195475430772,0.09701964073962449,0.41705445880880565,-0.8422924300727042,1.2593468888815098,0,False,-0.3214285714285715,normal-suppression
SEF1_1	SEF-1_transfac_M00214,SEF1,8,1.0,0.26706692869730825,-0.1078115670759833,-0.673542948824843,0.5657313817488597,0,False,-0.07229440390678199,normal-suppression
SEMA4A_Hsapiens-hPDI-SEMA4A,SEMA4A,10,1.0,0.6673320026613433,0.22255736374634863,-1.474365610132323,1.6969229738786717,0,False,-0.3212510468732028,normal-suppression
SETDB1_disc1 SETDB1_K562b_encode-Snyder_seq_hsa_r1:MEME#3#Intergenic,SETDB1,9,0.333475085648705,0.333475085648705,0.0,0.0,0.0,0,True,0.5499999999999999,neutral
SF3B1_Hsapiens-hPDI-SF3B1,SF3B1,3,1.0,1.0,0.0,0.0,0.0,0,True,,neutral
SFT2D1_Hsapiens-hPDI-SFT2D1,SFT2D1,7,0.4553376906318083,0.27349356498012767,-0.07177923885373777,-1.3817191958756108,1.309939957021873,0,False,-0.41833001326703784,normal-suppression
SHOX2_1	Shox2_bulyk_cell08-2641.2,SHOX,9,0.8889618913379501,0.3539438504950206,0.3293112330703177,0.008485922470555737,0.32082531059976194,0,False,-0.08333333333333334,neutral
SHOX2_2	SHOX2_jolma_DBD_M640,SHOX,4,0.00975043509364528,0.003368736076217454,0.2738375751481353,-0.7355753876084419,1.009412962756577,0,False,-1.0,normal-suppression
SHOX2_3	Shox2_jolma_DBD_M642,SHOX,7,0.003572996457207375,0.0033110213376569934,0.5459178191899521,-0.8740673461968107,1.4199851653867628,0,False,-0.10714285714285716,tumor-gain
SHOX2_Hsapiens-HOCOMOCOv10-SHOX2_HUMAN.H10MO.D,SHOX,5,0.7451164713791129,0.2756242919205166,0.29953508781177535,-0.3561421485630581,0.6556772363748334,0,False,-0.49999999999999994,other
SHOX2_Hsapiens-SwissRegulon-SHOX2.SwissRegulon,SHOX,10,0.7049139737542952,0.02323099599631046,-0.1903787943917955,-0.39961758409048115,0.20923878969868565,0,False,0.13939393939393938,neutral
SHOX2_Hsapiens-jolma2013-SHOX2,SHOX,4,0.0017257850228946257,0.0008928500056762272,-0.074462861027481,-1.454936968087947,1.380474107060466,0,False,-0.7999999999999999,normal-suppression
SHOX_1	SHOX_jolma_DBD_M641,SHOX,2,0.007328647504234179,0.007328647504234179,0.0,0.0,0.0,0,True,,neutral
SHOX_Hsapiens-SwissRegulon-SHOX.SwissRegulon,SHOX,8,0.0008127100631716736,0.0001798954715291157,0.21030894805391623,-0.23302935597695937,0.4433383040308756,0,False,0.5952380952380953,neutral
SHOX_Hsapiens-jaspar2016-SHOX-MA0630.1,SHOX,6,0.0656506447831184,0.04658384452376555,-0.055823219833785895,-0.26035501383338366,0.20453179399959776,0,False,0.028571428571428574,neutral
SHOX_Hsapiens-jaspar2018-SHOX-MA0630.1,SHOX,6,0.04539730340154679,0.04539730340154679,0.0,0.0,0.0,0,True,0.6571428571428573,neutral
SHOX_Hsapiens-jolma2013-SHOX,SHOX,6,0.0009875296487599117,0.00036554946799833627,0.07470606669556336,-0.12261718366644438,0.19732325036200773,0,False,0.3714285714285715,neutral
SIN3A_Hsapiens-SwissRegulon-SIN3A.SwissRegulon,SIN3A,6,0.23947732331628316,0.04713164878063688,0.24050202548356225,-0.19515359858789877,0.435655624071461,0,False,-0.3142857142857143,neutral
SIN3A_disc1 SIN3A_H1-hESC_encode-Myers_seq_hsa_r1:MEME#2#Intergenic,SIN3A,10,1.0,0.39261155470035175,0.21028458785976056,-0.005928537051590174,0.21621312491135075,0,False,0.3696969696969697,neutral
SIN3A_disc2 SIN3A_K562_encode-Myers_seq_hsa_v041610.1_r1:MDscan#1#Intergenic,SIN3A,10,1.0,0.269929166607992,0.10233124423677917,-0.8248454425827659,0.9271766868195451,0,False,-0.5030303030303029,normal-suppression
SIN3A_disc3 SIN3A_H1-hESC_encode-Myers_seq_hsa_r1:Trawler#3#Intergenic,SIN3A,4,1.0,1.0,0.0,0.0,0.0,0,True,0.19999999999999998,neutral
SIN3A_disc4 SIN3A_H1-hESC_encode-Myers_seq_hsa_r1:Trawler#2#Intergenic,SIN3A,5,0.2866311066825206,0.13439564428365286,-0.25217989293391846,-0.35006733797510114,0.09788744504118269,0,False,0.6,neutral
SIN3A_disc5 SIN3A_H1-hESC_encode-Myers_seq_hsa_r1:AlignACE#2#Intergenic,SIN3A,6,1.0,0.889322355293006,0.1658153780007683,-0.8266224188411218,0.99243779684189,0,False,-0.02898855178262242,normal-suppression
SIN3A_disc6 SIN3A_H1-hESC_encode-Myers_seq_hsa_r1:AlignACE#3#Intergenic,SIN3A,3,0.6485230211154963,0.3212340460363905,0.5769793386402072,0.28755751893010956,0.28942181971009767,0,False,,neutral
SIN3A_disc7 SIN3A_H1-hESC_encode-Myers_seq_hsa_r1:AlignACE#1#Intergenic,SIN3A,5,0.9584727745846943,0.6281720212075639,1.071928857614743,-0.6983008624132466,1.7702297200279897,0,False,-0.09999999999999999,tumor-gain
SIRT6_disc1 SIRT6_K562_encode-Snyder_seq_hsa_r1:MDscan#1#Intergenic,SIRT6,9,0.47034438635133013,0.10103448993723883,-0.20202852777432226,-0.6443404142922388,0.44231188651791653,0,False,0.7,neutral
SIX1_Hsapiens-SwissRegulon-SIX1.SwissRegulon,SIX1,7,0.7460210895382723,0.28136509311984365,0.7156202870609141,-0.31737498375352335,1.0329952708144374,0,False,-0.10714285714285716,tumor-gain
SIX1_Hsapiens-jaspar2018-SIX1-MA1118.1,SIX1,9,1.0,0.3867441970271596,-0.3981606821255522,-0.5976577775011008,0.1994970953755486,0,False,0.19999999999999998,neutral
SIX2_Hsapiens-SwissRegulon-SIX2.SwissRegulon,SIX2,8,0.8718782437736732,0.3760715832761833,-0.05151050521176642,-0.9095457462616388,0.8580352410498724,0,False,-0.3571428571428572,normal-suppression
SIX2_Hsapiens-jaspar2018-SIX2-MA1119.1,SIX2,7,0.8579803566367514,0.8579803566367514,0.0,0.0,0.0,0,True,0.39285714285714296,neutral
SIX3_Hsapiens-SwissRegulon-SIX3.SwissRegulon,SIX3,9,0.9973550396289335,0.6245408151127155,0.5035304964607057,-0.22106995235606958,0.7246004488167752,0,False,-0.2333333333333333,tumor-gain
SIX4_Hsapiens-SwissRegulon-SIX4.SwissRegulon,SIX4,6,0.5367929869355098,0.026281770726180296,1.0935802148284337,0.6413631206053182,0.4522170942231155,0,False,-0.3142857142857143,neutral
SIX5_Hsapiens-SwissRegulon-SIX5.SwissRegulon,SIX5,10,1.0,0.9603567888999012,0.03859498896378202,-0.5156598487306525,0.5542548376944345,0,False,0.10303030303030303,normal-suppression
SIX5_disc1 SIX5_GM12878_encode-Myers_seq_hsa_r1:MEME#1#Intergenic,SIX5,7,1.0,0.1485293001497264,-0.2095944764774452,-0.39784970388902385,0.18825522741157866,0,False,-0.396412483586046,neutral
SIX5_disc2 SIX5_H1-hESC_encode-Myers_seq_hsa_r1:MDscan#1#Intergenic,SIX5,6,0.22291055553290515,0.13621594565375578,0.5128161817931396,-0.1605456581819993,0.6733618399751389,0,False,-0.6,tumor-gain
SIX5_disc3 SIX5_H1-hESC_encode-Myers_seq_hsa_r1:Trawler#2#Intergenic,SIX5,8,1.0,0.012074064064412577,0.11974397537792426,-1.4554010699838629,1.5751450453617872,0,False,-0.9066867635238646,normal-suppression
SIX5_known1	SIX6_1	Six6_bulyk_sc09-primary,SIX5,5,0.7988191713976587,0.7988191713976587,0.0,0.0,0.0,0,True,0.3,neutral
SIX5_known2	SIX1_1	Six1_bulyk_cell08-0935.2,SIX5,5,0.8838202897980841,0.8838202897980841,0.0,0.0,0.0,0,True,0.7,neutral
SIX5_known3	SIX2_1	Six2_bulyk_cell08-2307.2,SIX5,7,0.9951983556860131,0.7606737998190749,1.990283785656918,1.027965011000719,0.962318774656199,0,False,-0.21428571428571433,tumor-gain
SIX5_known4	SIX3_1	Six3_bulyk_cell08-1732.2,SIX5,2,0.9131237741364665,0.9131237741364665,0.0,0.0,0.0,0,True,,neutral
SIX5_known5	SIX4_1	Six4_bulyk_cell08-2860.1,SIX5,5,0.4813538000067008,0.3721044728565417,1.352450907243745,-0.6644044974622858,2.016855404706031,0,False,-0.19999999999999998,tumor-gain
SIX5_known7	SIX6_3	Six6_bulyk_cell08-2267.5,SIX5,4,0.33612693634816276,0.31986329770782107,0.3209409116754196,-0.10428997155344713,0.4252308832288667,0,False,-0.6000000000000001,neutral
SIX6_Hsapiens-SwissRegulon-SIX6.SwissRegulon,SIX6,6,0.2914495295027712,0.2172046684550924,-0.23418473394180678,-0.4478183700502363,0.2136336361084295,0,False,0.14285714285714288,neutral
SLC18A1_Hsapiens-hPDI-SLC18A1,SLC18A1,4,0.33422103861517977,0.1677762982689747,0.3584128977234556,0.13585960533634323,0.22255329238711236,0,False,-0.316227766016838,neutral
SMAD1_Hsapiens-HOCOMOCOv10-SMAD1_HUMAN.H10MO.D,SMAD1,10,1.0,0.34384516521443753,0.1733791818045719,-0.2725613224561716,0.4459405042607435,0,False,-0.5286784384345526,neutral
SMAD1_Hsapiens-SwissRegulon-SMAD1.SwissRegulon,SMAD1,10,0.4372637163953248,0.28457432172142433,0.04393876834065933,-0.6044089156132231,0.6483476839538824,0,False,-0.4545454545454545,normal-suppression
SMAD2::SMAD3::SMAD4_Hsapiens-JASPAR_2014-SMAD2::SMAD3::SMAD4-MA0513.1,SMAD3,10,0.443464048834269,0.2912095009335536,0.06105373794263965,-0.28333404363780995,0.3443877815804496,0,False,-0.38181818181818183,neutral
SMAD2::SMAD3::SMAD4_Hsapiens-jaspar2016-SMAD2::SMAD3::SMAD4-MA0513.1,SMAD3,10,0.28776117381576755,0.1688460476711998,0.5210031084379303,-0.2216951533678333,0.7426982618057636,0,False,-0.43030303030303024,tumor-gain
SMAD2::SMAD3::SMAD4_Hsapiens-jaspar2018-SMAD2::SMAD3::SMAD4-MA0513.1,SMAD3,10,0.20286063558667342,0.20191676985231957,0.06320490264987778,-0.7855373070484364,0.8487422096983142,0,False,-0.01818181818181818,normal-suppression
SMAD2_Hsapiens-HOCOMOCOv10-SMAD2_HUMAN.H10MO.C,SMAD2,10,1.0,0.377507146888637,0.20935263204387938,-0.2262833654349209,0.4356359974788003,0,False,0.24848484848484845,neutral
SMAD2_Hsapiens-SwissRegulon-SMAD2.SwissRegulon,SMAD2,10,1.0,0.9825000437498908,0.04891318135656209,-0.1609417365437523,0.20985491790031438,0,False,0.309090909090909,neutral
SMAD2_Hsapiens-hPDI-SMAD2,SMAD2,5,1.0,0.5007488766849718,0.19315431516209597,0.13521125264519562,0.057943062516900345,0,False,0.22360679774997896,neutral
SMAD3_1	SMAD3_transfac_M00701,SMAD3,8,0.40107733992626077,0.2866311066825206,-0.8343021042432401,-1.334134123637099,0.4998320193938588,0,False,-0.28917761562712796,neutral
SMAD3_2	Smad3_bulyk_sc09-primary,SMAD3,6,0.24786362618440774,0.19254240037071266,-0.10517132692708725,-0.4941334264975588,0.38896209957047156,0,False,-0.028571428571428574,neutral
SMAD3_3	SMAD3_jolma_DBD_M161,SMAD3,6,0.2182486344267452,0.09181942974804817,0.43820561007519593,-0.5928424348083643,1.0310480448835602,0,False,-0.028571428571428574,normal-suppression
SMAD3_Hsapiens-HOCOMOCOv10-SMAD3_HUMAN.H10MO.C,SMAD3,9,1.0,0.8624152994187053,0.2330858651480334,0.17680875285363493,0.05627711229439847,0,False,0.7029350233548074,neutral
SMAD3_Hsapiens-SwissRegulon-SMAD3.SwissRegulon,SMAD3,8,0.16175188377594582,0.16175188377594582,0.0,0.0,0.0,0,True,0.07142857142857144,neutral
SMAD3_Hsapiens-hPDI-SMAD3,SMAD3,2,1.0,1.0,0.0,0.0,0.0,0,True,,neutral
SMAD3_Hsapiens-jaspar2016-SMAD3-MA0795.1,SMAD3,9,0.05801586436344098,0.027956034265652283,0.3072044210901512,-0.4029322572112326,0.7101366783013838,0,False,0.09999999999999999,other
SMAD3_Hsapiens-jaspar2018-SMAD3-MA0795.1,SMAD3,8,0.017664036419033694,0.017664036419033694,0.0,0.0,0.0,0,True,0.14285714285714288,neutral
SMAD3_Hsapiens-jolma2013-SMAD3,SMAD3,7,0.00989192369414474,0.004921605982471015,0.6309289962273398,-1.2683163820871513,1.899245378314491,0,False,-0.8571428571428573,tumor-gain
SMAD4_1	SMAD4_transfac_M00733,SMAD4,10,1.0,0.5344858455845785,0.6890070579114896,0.20601401468162775,0.4829930432298619,0,False,0.04321728755030377,neutral
SMAD4_Hsapiens-HOCOMOCOv10-SMAD4_HUMAN.H10MO.C,SMAD4,9,1.0,0.5622326038849275,0.836189712930847,0.13950718816495208,0.6966825247658949,0,False,0.049999999999999996,tumor-gain
SMAD4_Hsapiens-SwissRegulon-SMAD4.SwissRegulon,SMAD4,9,1.0,0.31640296916576494,0.09137696715183863,-0.881208207417954,0.9725851745697927,0,False,-0.16666666666666669,normal-suppression
SMAD4_Hsapiens-hPDI-SMAD4,SMAD4,10,1.0,0.4507789532755575,-0.5416636611893905,-0.7217497470130882,0.18008608582369778,0,False,0.2874738720052164,neutral
SMAD_1	SMAD_transfac_M00792,SMAD1,8,1.0,1.0,0.0,0.0,0.0,0,True,0.06873217490352687,neutral
SMAD_2	SMAD_transfac_M00974,SMAD,10,1.0,0.64369702524316,0.8532073473803246,-0.12590009458654983,0.9791074419668744,0,False,0.12844577259807538,tumor-gain
SMAP2_Hsapiens-hPDI-SMAP1L,SMAP2,7,1.0,0.11170370265300948,0.7734913240753305,0.6315698242040344,0.1419214998712961,0,False,0.0,neutral
SMARCC1_Hsapiens-SwissRegulon-SMARCC1.SwissRegulon,SMARCC1,8,0.11521492440036402,0.08659420966849037,0.4609981176953868,0.1300594998106488,0.330938617884738,0,False,0.11904761904761905,neutral
SMARCC2_Hsapiens-SwissRegulon-SMARCC2.SwissRegulon,SMARCC2,9,0.9471681535123149,0.6834043896535654,-0.7709742932390096,-0.9861519462613089,0.2151776530222993,0,False,-0.016666666666666666,neutral
SMARC_disc1 SMARCB1_HeLa-S3_encode-Snyder_seq_hsa_IgG-mus_r1:MEME#1#Intergenic,SMARCB1,10,0.5563023349064913,0.09516174776859013,0.7878136478789921,0.6259594195862203,0.16185422829277185,0,False,-0.04242424242424241,neutral
SMARC_disc2 SMARCC2_HeLa-S3_encode-Snyder_seq_hsa_IgG-mus_r1:MDscan#1#Intergenic,SMARCB1,4,0.10546609959124233,0.05048856419663173,-0.0015710376496164819,-1.8390521082386766,1.83748107058906,0,False,-1.0,normal-suppression
SMC3_Hsapiens-SwissRegulon-SMC3.SwissRegulon,SMC3,8,1.0,0.7321061678040036,-0.17979382786134135,-0.6341705612495808,0.4543767333882395,0,False,0.5714285714285715,neutral
SMC3_disc1 SMC3_GM12878_encode-Snyder_seq_hsa_IgG-mus-ab9263_r1:MEME#2#Intergenic,SMC3,5,0.9269943419509363,0.6827545681525921,0.1971426007664492,0.038584009854382074,0.15855859091206714,0,False,0.3,neutral
SMC3_disc2 SMC3_HeLa-S3_encode-Snyder_seq_hsa_IgG-rab-ab9263_r1:Trawler#1#Intergenic,SMC3,9,1.0,0.26391635489984505,1.237506125032114,0.477169045342254,0.76033707968986,0,False,0.18566888396533887,tumor-gain
SMC3_disc4 SMC3_GM12878_encode-Snyder_seq_hsa_IgG-mus-ab9263_r1:Weeder#2#Intergenic,SMC3,8,1.0,0.11907991789501161,0.5622825794977967,-0.5263779879948312,1.088660567492628,0,False,-0.023809523809523815,tumor-gain
SMPX_Hsapiens-hPDI-SMPX,SMPX,5,0.5007488766849718,0.5007488766849718,0.0,0.0,0.0,0,True,0.22360679774997896,neutral
SMRC1_Hsapiens-HOCOMOCOv10-SMRC1_HUMAN.H10MO.D,SMRC1,10,0.6407506702412868,0.37462960349936497,-0.1890700726309399,-1.2148242764227386,1.0257542037917986,0,False,-0.01818181818181818,normal-suppression
SMUG1_Hsapiens-hPDI-SMUG1,SMUG1,3,1.0,0.5007488766849718,0.4532081795060544,0.07093207105251689,0.38227610845353754,0,False,,neutral
SNAI1_Hsapiens-HOCOMOCOv10-SNAI1_HUMAN.H10MO.C,SNAI1,7,0.5012468827930174,0.251248437509717,-0.059039400850471296,-0.5983455827006005,0.5393061818501291,0,False,,normal-suppression
SNAI2_1	SNAI2_jolma_DBD_M28,SNAI2,10,1.0,1.0,0.0,0.0,0.0,0,True,0.4787878787878787,neutral
SNAI2_Hsapiens-SwissRegulon-SNAI2.SwissRegulon,SNAI2,9,0.16794143598413627,0.1275693541612277,0.490544075932972,0.31282437958537834,0.17771969634759366,0,False,-0.08333333333333334,neutral
SNAI2_Hsapiens-jaspar2016-SNAI2-MA0745.1,SNAI2,10,0.5734354085153366,0.3885922676444235,0.16142152109772145,-0.6751905123396993,0.8366120334374207,0,False,-0.43030303030303024,normal-suppression
SNAI2_Hsapiens-jaspar2018-SNAI2-MA0745.1,SNAI2,9,0.26908393627764154,0.19580439328524457,0.140780923063119,-0.17972211024852114,0.32050303331164015,0,False,0.41666666666666663,neutral
SNAI2_Hsapiens-jolma2013-SNAI2,SNAI2,9,0.1827311042787196,0.18174078735594076,0.9014238885385985,-0.15868657002775205,1.0601104585663506,0,False,0.25,tumor-gain
SNAPC4_Hsapiens-hPDI-SNAPC4,SNAPC4,3,0.12598326882257446,0.03611077001919699,1.2173827716115482,0.09312359257035886,1.1242591790411893,0,False,,tumor-gain
SNAPC5_Hsapiens-hPDI-SNAPC5,SNAPC5,6,0.8004390341249251,0.8004390341249251,0.0,0.0,0.0,0,True,0.7944613465542746,neutral
SND1_Hsapiens-hPDI-SND1,SND1,9,1.0,0.14353038853760977,0.10900653353468895,-0.36980550841194815,0.47881204194663707,0,False,0.42844216777938476,neutral
SNRPB2_Hsapiens-hPDI-SNRPB2,SNRPB2,6,0.6672212978369385,0.44518426028720853,-0.00404484378294777,-0.9830895495439269,0.9790447057609791,0,False,-0.08827348295047496,normal-suppression
SOCS4_Hsapiens-hPDI-SOCS4,SOCS4,7,1.0,0.5007488766849718,0.23488766668766264,-0.15951743776988342,0.39440510445754606,0,False,,neutral
SOD1_Hsapiens-hPDI-SOD1,SOD1,2,1.0,0.5007488766849718,1.195391618909717,0.520848314250886,0.6745433046588309,0,False,,tumor-gain
SOX10_1	SOX10_transfac_M01131,SOX10,10,1.0,0.31340523544421595,0.2202334072887908,-0.07696902845127132,0.2972024357400621,0,False,0.14067870332170163,neutral
SOX10_10	Sox10_jolma_DBD_M803,SOX10,8,0.034389849352783726,0.003634921286776158,0.36430107364632525,-0.8456355701038608,1.209936643750186,0,False,0.07142857142857144,normal-suppression
SOX10_2	SOX10_jaspar_MA0442.1,SOX10,10,1.0,0.23628230629149558,-0.03996392368250665,-0.23863694984037753,0.19867302615787089,0,False,0.06728111897994425,neutral
SOX10_3	SOX10_jolma_full_M755,SOX10,9,1.0,1.0,0.0,0.0,0.0,0,True,0.0,neutral
SOX10_4	SOX10_jolma_full_M756,SOX10,10,1.0,0.4268918379489876,0.057719667784249376,-1.1404504256924302,1.1981700934766795,0,False,0.2121212121212121,normal-suppression
SOX10_5	SOX10_jolma_full_M757,SOX10,10,1.0,1.0,0.0,0.0,0.0,0,True,0.4787878787878787,neutral
SOX10_6	SOX10_jolma_full_M758,SOX10,10,1.0,0.4542077304989163,0.4141529812982591,-0.3320479739510385,0.7462009552492976,0,False,0.4424242424242424,other
SOX10_7	SOX10_jolma_full_M759,SOX10,5,1.0,0.02874652286289488,0.13776707959810422,-0.5786365327517247,0.7164036123498289,0,False,-0.6,normal-suppression
SOX10_8	Sox10_jolma_DBD_M801,SOX10,10,0.08718940731620757,0.012218053700503963,0.5683965768260257,-0.02995856701557753,0.5983551438416033,0,False,-0.1515151515151515,tumor-gain
SOX10_9	Sox10_jolma_DBD_M802,SOX10,9,0.0037302777900668034,0.0013401168629872914,0.7442565764664141,0.46279349067327397,0.2814630857931401,0,False,0.06666666666666667,neutral
SOX10_Hsapiens-HOCOMOCOv10-SOX10_HUMAN.H10MO.D,SOX10,10,1.0,0.20102269095557684,0.6710047380749484,-0.114918584903126,0.7859233229780744,0,False,-0.309090909090909,tumor-gain
SOX10_Hsapiens-SwissRegulon-SOX10.SwissRegulon,SOX10,10,0.030046785870566504,0.020202486469333716,0.2217516712662727,0.21690641675263542,0.004845254513637293,0,False,0.29268836799317,neutral
SOX10_Hsapiens-jaspar2018-SOX10-MA0442.2,SOX10,7,0.8090933392652162,0.7179483909342504,0.40667949568968664,-0.7589537803411329,1.1656332760308197,0,False,0.14285714285714288,normal-suppression
SOX10_Hsapiens-jolma2013-SOX10,SOX10,10,0.0025626754862877765,0.0007908644260526805,-0.4495279858952318,-1.2089268199176844,0.7593988340224526,0,False,-0.23636363636363633,normal-suppression
SOX10_Hsapiens-jolma2013-SOX10-2,SOX10,8,0.005643738248341707,0.004967827960909812,0.8493898101467371,-0.4770288869469103,1.3264186970936473,0,False,-0.523809523809524,tumor-gain
SOX10_Hsapiens-jolma2013-SOX10-3,SOX10,9,0.006566753959401729,0.000694632833276573,1.0650434376680933,0.3814720222404978,0.6835714154275955,0,False,-0.6276205565667923,tumor-gain
SOX10_Hsapiens-jolma2013-SOX10-4,SOX10,10,0.003280980553056176,0.003280980553056176,0.0,0.0,0.0,0,True,0.0790277206784084,neutral
SOX10_Hsapiens-jolma2013-SOX10-5,SOX10,6,0.00813161067455601,1.822001873973009e-05,0.35690107695343276,-0.26415200903131597,0.6210530859847487,0,False,-0.14285714285714288,other
SOX10_Mmusculus;Rnorvegicus;Hsapiens-jaspar2018-SOX10-MA0442.1,SOX10,10,0.06003994830219719,0.04767143584783196,-0.03338857467944213,-0.4193640938839339,0.3859755192044918,0,False,0.5583257707406319,neutral
SOX11_2	Sox11_jolma_DBD_M804,SOX11,10,0.017440851722423815,0.0040769280057654,0.25865713846424854,-0.9838431398439101,1.2425002783081587,0,False,-0.13939393939393938,normal-suppression
SOX11_Hsapiens-HOCOMOCOv10-SOX11_HUMAN.H10MO.D,SOX11,7,1.0,0.5408029388611909,0.353417939128725,-0.24346462273363867,0.5968825618623637,0,False,0.10714285714285716,other
SOX11_Hsapiens-SwissRegulon-SOX11.SwissRegulon,SOX11,3,0.6626732188596022,0.15466828481795797,0.0983054453775124,-0.130346705496749,0.2286521508742614,0,False,,neutral
SOX12_1	Sox12_bulyk_sc09-primary,SOX12,4,1.0,0.3893419069949507,0.0008561338316147893,-0.1270656642409359,0.1279217980725507,0,False,-0.19999999999999998,neutral
SOX12_Hsapiens-SwissRegulon-SOX12.SwissRegulon,SOX12,2,0.867840261529266,0.867840261529266,0.0,0.0,0.0,0,True,,neutral
SOX13_Hsapiens-HOCOMOCOv10-SOX13_HUMAN.H10MO.D,SOX13,9,1.0,0.3344425956738769,0.22156052680785304,-0.12081054845766738,0.3423710752655204,0,False,-0.6605782590758164,neutral
SOX13_Hsapiens-jaspar2018-SOX13-MA1120.1,SOX13,6,1.0,1.0,0.0,0.0,0.0,0,True,-0.08571428571428573,neutral
SOX14_2	SOX14_jolma_DBD_M760,SOX14,5,1.0,1.0,0.0,0.0,0.0,0,True,0.9999999999999999,neutral
SOX14_3	SOX14_jolma_DBD_M761,SOX14,6,0.4471494143523318,0.44259297340205594,0.2590894978299678,-1.2008364452381246,1.4599259430680924,0,False,-0.028571428571428574,normal-suppression
SOX14_4	SOX14_jolma_DBD_M762,SOX14,4,0.4260678834310423,0.20046025830258882,0.08165779786707042,-0.5887276534367839,0.6703854513038543,0,False,0.19999999999999998,normal-suppression
SOX14_Hsapiens-SwissRegulon-SOX14.SwissRegulon,SOX14,6,0.610608970655472,0.610608970655472,0.0,0.0,0.0,0,True,0.6,neutral
SOX14_Hsapiens-hPDI-SOX14,SOX14,4,0.42938659058487877,0.04813323601450917,0.7640519771538337,-2.2573101179211794,3.021362095075013,0,False,-0.7999999999999999,tumor-gain
SOX14_Hsapiens-jolma2013-SOX14,SOX14,8,0.08548769193320156,0.07964412337299843,0.023546258653854152,-0.8451870111571639,0.8687332698110181,0,False,0.2380952380952381,normal-suppression
SOX14_Hsapiens-jolma2013-SOX14-2,SOX14,6,0.1631209377116046,0.14855425292236507,3.93895065591225,3.404139341392991,0.534811314519259,0,False,0.028571428571428574,tumor-gain
SOX14_Hsapiens-jolma2013-SOX14-3,SOX14,5,0.13143037624856901,0.06896357902511221,0.22739832800833407,-1.3804781999083742,1.6078765279167082,0,False,-0.49999999999999994,normal-suppression
SOX15_2	SOX15_jolma_full_M763,SOX15,6,0.1724728646250193,0.1724728646250193,0.0,0.0,0.0,0,True,0.8285714285714287,neutral
SOX15_3	SOX15_jolma_full_M764,SOX15,4,0.4213168241038714,0.4213168241038714,0.0,0.0,0.0,0,True,0.19999999999999998,neutral
SOX15_4	SOX15_jolma_full_M765,SOX15,7,0.032755397048064315,0.005691877853426379,2.4846484647679237,0.6498585087219806,1.834789956045943,0,False,-0.642857142857143,tumor-gain
SOX15_Hsapiens-HOCOMOCOv10-SOX15_HUMAN.H10MO.D,SOX15,9,1.0,0.024132207285263482,-0.035225964970411125,-0.5076582525047252,0.47243228753431404,0,False,0.09244023874976197,neutral
SOX15_Hsapiens-SwissRegulon-SOX15.SwissRegulon,SOX15,6,1.0,0.01054549471071456,0.6938250237431336,-0.7008345966956474,1.3946596204387811,0,False,-0.6,tumor-gain
SOX15_Hsapiens-jaspar2018-SOX15-MA1152.1,SOX15,7,1.0,0.49873082862717527,0.017803525736574403,-0.21157640411606585,0.22937992985264025,0,False,0.3214285714285715,neutral
SOX15_Hsapiens-jolma2013-SOX15,SOX15,4,0.020649425386566538,0.020649425386566538,0.0,0.0,0.0,0,True,0.7999999999999999,neutral
SOX15_Hsapiens-jolma2013-SOX15-2,SOX15,4,0.02439396707278714,0.01119689941214359,-0.4548014250064231,-0.957045661566509,0.5022442365600859,0,False,-0.19999999999999998,normal-suppression
SOX15_Hsapiens-jolma2013-SOX15-3,SOX15,6,0.004527942337631897,0.0013393908917399757,-0.34088174620119804,-0.5047006589350954,0.16381891273389737,0,False,-0.3714285714285715,neutral
SOX17_2	Sox17_jaspar_MA0078.1,SOX17,10,1.0,0.667808583599647,0.5964181501939833,-0.13947733365475787,0.7358954838487411,0,False,-0.012546646533497349,tumor-gain
SOX17_3	Sox17_bulyk_sc09-primary,SOX17,3,0.6315878868942016,0.6315878868942016,0.0,0.0,0.0,0,True,,neutral
SOX17_4	Sox17_jolma_DBD_M805,SOX17,7,0.22885553052841548,0.04041440637354798,0.1686399815528204,-0.3130179458033601,0.4816579273561805,0,False,-0.39285714285714296,neutral
SOX17_5	Sox17_jolma_DBD_M806,SOX17,6,0.18711441202797463,0.07798410067146473,-0.7925520027902154,-1.8850920129481916,1.0925400101579763,0,False,0.028571428571428574,divergent
SOX17_Hsapiens-HOCOMOCOv10-SOX17_HUMAN.H10MO.D,SOX17,10,1.0,0.5807035221329259,1.0930934390224636,-0.3968986223814024,1.489992061403866,0,False,-0.5957474328064633,tumor-gain
SOX17_Hsapiens-SwissRegulon-SOX17.SwissRegulon,SOX17,7,0.9043356353200093,0.9043356353200093,0.0,0.0,0.0,0,True,0.7142857142857144,neutral
SOX18_1	Sox18_bulyk_sc09-primary,SOX18,5,0.737279771864534,0.737279771864534,0.0,0.0,0.0,0,True,0.3,neutral
SOX18_2	SOX18_jolma_full_M766,SOX18,6,0.9718626129527729,0.37849894471275397,0.024842464081818096,-0.4857432433943089,0.510585707476127,0,False,0.14285714285714288,other
SOX18_3	SOX18_jolma_full_M767,SOX18,5,0.5918274799974856,0.10507470159135679,-0.045306638754731114,-0.45780323309200754,0.4124965943372764,0,False,0.09999999999999999,neutral
SOX18_4	SOX18_jolma_full_M768,SOX18,6,0.7212731248916471,0.03869579684813468,4.504045085191052,3.864918398003121,0.6391266871879311,0,False,0.028571428571428574,tumor-gain
SOX18_Hsapiens-HOCOMOCOv10-SOX18_HUMAN.H10MO.D,SOX18,10,0.3351063829787234,0.12089538527493392,0.2360906347149349,-0.19614773351110742,0.43223836822604234,0,False,-0.018406293574195463,neutral
SOX18_Hsapiens-SwissRegulon-SOX18.SwissRegulon,SOX18,5,0.2472848822876368,0.010305678175817215,0.21188109295909324,-0.04705576890133621,0.25893686186042947,0,False,-0.6,neutral
SOX18_Hsapiens-jolma2013-SOX18,SOX18,6,0.04542675994365589,0.007170020614383315,0.08606719619583447,-0.6787640739864276,0.764831270182262,0,False,-0.6,normal-suppression
SOX18_Hsapiens-jolma2013-SOX18-2,SOX18,6,0.05133199022503213,0.05133199022503213,0.0,0.0,0.0,0,True,0.942857142857143,neutral
SOX18_Hsapiens-jolma2013-SOX18-3,SOX18,8,0.025046495472572195,0.012283851711997109,-1.3271197663900476,-4.004513303631213,2.6773935372411652,0,False,-0.4431217169079058,divergent
SOX1_1	Sox1_bulyk_sc09-primary,SOX1,3,0.4372780194808821,0.30245944108512196,1.6257371985790232,-0.05513895949087274,1.6808761580698959,0,False,,tumor-gain
SOX1_2	Sox1_jolma_DBD_M807,SOX1,7,0.17805420375133382,0.11971062174842635,0.8094411398133534,0.6372760687739467,0.1721650710394067,0,False,-0.1785714285714286,neutral
SOX1_3	Sox1_jolma_DBD_M808,SOX1,6,0.21364153684274192,0.15658990408685322,3.8290576064366344,1.6801441655601193,2.148913440876515,0,False,-0.2,tumor-gain
SOX1_4	Sox1_jolma_DBD_M809,SOX1,9,0.30116305806689697,0.04670953797627094,0.6648247082281576,0.6290423227237014,0.03578238550445623,0,False,0.2333333333333333,neutral
SOX1_Hsapiens-HOCOMOCOv10-SOX1_HUMAN.H10MO.D,SOX1,6,1.0,0.6006389776357828,-0.37863541866373374,-1.0880418812393322,0.7094064625755985,0,False,-0.028571428571428574,normal-suppression
SOX21_1	Sox21_bulyk_sc09-primary,SOX2,2,0.2832226320060661,0.2832226320060661,0.0,0.0,0.0,0,True,,neutral
SOX21_2	SOX21_jolma_DBD_M769,SOX2,8,0.5988284455340974,0.20946673507970778,-0.4594011730515053,-0.7445249798442483,0.28512380679274296,0,False,0.3333333333333334,neutral
SOX21_3	SOX21_jolma_DBD_M770,SOX2,9,0.8284558776202021,0.3985902731141628,0.20806115410623652,-1.0267248090160126,1.234785963122249,0,False,0.38333333333333336,normal-suppression
SOX21_4	SOX21_jolma_DBD_M771,SOX2,9,1.0,0.3635704245783934,-0.19193689662664365,-0.7379580006190242,0.5460211039923806,0,False,0.43333333333333335,normal-suppression
SOX21_5	SOX21_jolma_DBD_M772,SOX2,4,0.504959681061658,0.504959681061658,0.0,0.0,0.0,0,True,0.19999999999999998,neutral
SOX21_Hsapiens-HOCOMOCOv10-SOX21_HUMAN.H10MO.D,SOX2,8,1.0,0.7373826298485769,0.09481080455971226,-1.1894738055251317,1.284284610084844,0,False,-0.04761904761904763,normal-suppression
SOX21_Hsapiens-SwissRegulon-SOX21.SwissRegulon,SOX2,6,0.058602682216960834,0.026086157529141257,0.9957332257925654,0.19267015198542117,0.8030630738071443,0,False,0.08571428571428573,tumor-gain
SOX21_Hsapiens-jaspar2016-SOX21-MA0866.1,SOX2,8,0.11510545650481922,0.07695237445391424,0.5009962972587549,-0.8000993493455055,1.3010956466042605,0,False,-0.1666666666666667,tumor-gain
SOX21_Hsapiens-jaspar2018-SOX21-MA0866.1,SOX2,8,0.0439587853946441,0.036694043096776846,0.14834733886558768,-0.43313186851465973,0.5814792073802474,0,False,0.04761904761904763,other
SOX21_Hsapiens-jolma2013-SOX21,SOX2,9,0.031684738998843456,0.02632375651893468,0.1466411149927021,-1.1042694929021635,1.2509106078948655,0,False,-0.13333333333333333,normal-suppression
SOX21_Hsapiens-jolma2013-SOX21-2,SOX2,8,0.3664799588930273,0.32990390756311955,1.1395727795220032,0.17858579095593324,0.96098698856607,0,False,-0.261904761904762,tumor-gain
SOX21_Hsapiens-jolma2013-SOX21-3,SOX2,5,0.17778314443679175,0.17778314443679175,0.0,0.0,0.0,0,True,0.49999999999999994,neutral
SOX21_Hsapiens-jolma2013-SOX21-4,SOX2,2,0.22477615630837972,0.10096432834544737,0.3167631420606808,-0.20996692989472565,0.5267300719554064,0,False,,other
SOX2_1	Sox2_jaspar_MA0143.1,SOX2,7,1.0,0.5834179174099055,0.27252127031254775,-0.08055945113618342,0.35308072144873115,0,False,0.5714285714285715,neutral
SOX2_2	SOX2_jolma_DBD_M773,SOX2,2,0.46426531721545533,0.46426531721545533,0.0,0.0,0.0,0,True,,neutral
SOX2_3	SOX2_jolma_DBD_M774,SOX2,7,1.0,0.7270023908758171,2.819793900811168,1.0921041447505888,1.7276897560605793,0,False,0.03571428571428572,tumor-gain
SOX2_4	SOX2_jolma_DBD_M775,SOX2,7,1.0,0.6100131360647455,0.030653919373535052,-0.09556567289076646,0.12621959226430152,0,False,0.0,neutral
SOX2_5	SOX2_jolma_full_M776,SOX2,7,0.7404885651840177,0.7404885651840177,0.0,0.0,0.0,0,True,0.7857142857142859,neutral
SOX2_6	SOX2_jolma_full_M777,SOX2,4,0.8060132523337629,0.8060132523337629,0.0,0.0,0.0,0,True,1.0,neutral
SOX2_7	SOX2_jolma_full_M778,SOX2,6,0.3747473270145556,0.3747473270145556,0.0,0.0,0.0,0,True,0.7714285714285715,neutral
SOX2_Hsapiens-HOCOMOCOv10-SOX2_HUMAN.H10MO.B,SOX2,9,0.6017205671499123,0.5132026573821581,0.6692273646937498,0.07877414970364051,0.5904532149901093,0,False,0.6166666666666666,tumor-gain
SOX2_Hsapiens-SwissRegulon-SOX2.SwissRegulon,SOX2,5,0.5221680049796198,0.4891545068645245,0.7108952896103741,-0.332842257320556,1.04373754693093,0,False,-0.3,tumor-gain
SOX2_Hsapiens-jolma2013-SOX2,SOX2,5,0.3894028392050614,0.3476335107516808,0.28600168864180386,-1.1200564323065942,1.4060581209483982,0,False,0.0,normal-suppression
SOX2_Hsapiens-jolma2013-SOX2-2,SOX2,8,0.339016205922319,0.20556706187342996,1.3765655724267598,-0.5447435454297257,1.9213091178564854,0,False,-0.09523809523809526,tumor-gain
SOX2_Hsapiens-jolma2013-SOX2-3,SOX2,6,0.37287969112435987,0.36063923779567886,0.31198716373423313,-0.3432259402103712,0.6552131039446043,0,False,0.08571428571428573,other
SOX2_Hsapiens-jolma2013-SOX2-4,SOX2,4,0.37546201465850193,0.3055603941815719,1.186160438869797,-0.7591122691030134,1.9452727079728105,0,False,-0.39999999999999997,tumor-gain
SOX2_Hsapiens-jolma2013-SOX2-5,SOX2,6,0.429671481902178,0.33851347671978915,1.1896760555434385,-1.4602392216335052,2.6499152771769436,0,False,-0.4285714285714286,tumor-gain
SOX2_Hsapiens-jolma2013-SOX2-6,SOX2,7,0.14591538659040443,0.14591538659040443,0.0,0.0,0.0,0,True,0.5357142857142858,neutral
SOX30_1	Sox30_bulyk_sc09-primary,SOX3,6,1.0,0.17293732692958064,0.37600165085754583,-1.1144019327445653,1.4904035836021112,0,False,-0.14285714285714288,normal-suppression
SOX30_Hsapiens-SwissRegulon-SOX30.SwissRegulon,SOX3,4,0.25587047065967555,0.16956041111167153,-0.21997509111385224,-1.7034212842555163,1.483446193141664,0,False,-0.19999999999999998,normal-suppression
SOX3_1	Sox3_jolma_DBD_M811,SOX3,3,0.6089169192126027,0.3109176697575459,-0.7412524600651248,-1.4863238827062852,0.7450714226411604,0,False,,divergent
SOX3_2	Sox3_jolma_DBD_M812,SOX3,10,0.7373799967360533,0.36886854181085094,-0.0948846993923355,-0.3882286139666627,0.2933439145743272,0,False,0.5151515151515151,neutral
SOX3_3	Sox3_jolma_DBD_M813,SOX3,8,1.0,0.7583860909241575,2.2631879080716053,1.1260306929423682,1.137157215129237,0,False,-0.04761904761904763,tumor-gain
SOX3_Hsapiens-HOCOMOCOv10-SOX3_HUMAN.H10MO.D,SOX3,10,0.7839085995116332,0.49167060194153867,0.9434102462268655,-0.3783201898466377,1.3217304360735032,0,False,-0.13939393939393938,tumor-gain
SOX3_Hsapiens-SwissRegulon-SOX3.SwissRegulon,SOX3,10,1.0,0.36970526979535945,0.347862244925199,-0.440038566545011,0.78790081147021,0,False,0.22424242424242422,other
SOX4_1	Sox4_bulyk_sc09-primary,SOX4,2,0.335118494766969,0.335118494766969,0.0,0.0,0.0,0,True,,neutral
SOX4_2	SOX4_jolma_DBD_M779,SOX4,5,1.0,1.0,0.0,0.0,0.0,0,True,0.0,neutral
SOX4_Hsapiens-HOCOMOCOv10-SOX4_HUMAN.H10MO.C,SOX4,9,1.0,0.500998003992016,0.772704669544037,-0.372207813060379,1.1449124826044161,0,False,-0.2881769890388444,tumor-gain
SOX4_Hsapiens-jaspar2016-SOX4-MA0867.1,SOX4,7,0.0532854871027391,0.03686923695865179,0.12013214641768849,-0.588561690990445,0.7086938374081335,0,False,0.39285714285714296,normal-suppression
SOX4_Hsapiens-jaspar2018-SOX4-MA0867.1,SOX4,6,0.012561971286670038,0.005677888956335028,0.6167939047974726,0.470131986781765,0.14666191801570766,0,False,-0.08571428571428573,neutral
SOX4_Hsapiens-jolma2013-SOX4,SOX4,8,0.008311554540125037,0.0038061939376534655,0.21663077836299494,-1.3791654180640527,1.5957961964270475,0,False,-0.5714285714285715,normal-suppression
SOX5_2	Sox5_jaspar_MA0087.1,SOX5,4,0.5014333793925911,0.37679244093043524,0.10602212147006693,-2.4881599846218663,2.594182106091933,0,False,-0.316227766016838,normal-suppression
SOX5_3	Sox5_bulyk_sc09-primary,SOX5,2,0.37462001170853715,0.37462001170853715,0.0,0.0,0.0,0,True,,neutral
SOX5_Hsapiens-HOCOMOCOv10-SOX5_HUMAN.H10MO.C,SOX5,6,0.884920787141814,0.3350326942258681,1.3366702978281622,-0.21367343090353225,1.5503437287316943,0,False,-0.3714285714285715,tumor-gain
SOX5_Hsapiens-SwissRegulon-SOX5.SwissRegulon,SOX5,5,0.046451437133905434,0.046451437133905434,0.0,0.0,0.0,0,True,0.7,neutral
SOX6_Hsapiens-SwissRegulon-SOX6.SwissRegulon,SOX6,9,0.8846503043743574,0.5543478623719368,0.3010698047765408,0.022637190555350347,0.2784326142211904,0,False,0.19999999999999998,neutral
SOX7_1	Sox7_bulyk_sc09-primary,SOX7,9,0.0050563243815886045,0.0050563243815886045,0.0,0.0,0.0,0,True,-0.11666666666666665,neutral
SOX7_2	SOX7_jolma_full_M780,SOX7,5,1.0,0.3698818348763474,-0.0352356906289484,-0.49391158476018715,0.45867589413123877,0,False,-0.3,neutral
SOX7_3	SOX7_jolma_full_M781,SOX7,5,0.9690537836060067,0.9009477287909152,-0.6217937651556226,-1.5396111811439268,0.9178174159883042,0,False,0.49999999999999994,divergent
SOX7_4	SOX7_jolma_full_M782,SOX7,7,0.9553629455581664,0.754366680356582,2.843414750297733,1.7708221716896324,1.0725925786081005,0,False,-0.3571428571428572,tumor-gain
SOX7_Hsapiens-HOCOMOCOv10-SOX7_HUMAN.H10MO.D,SOX7,4,0.43276981504095485,0.3734738449562811,-0.030025671089317703,-0.3055328205140285,0.27550714942471083,0,False,-0.6000000000000001,neutral
SOX7_Hsapiens-SwissRegulon-SOX7.SwissRegulon,SOX7,5,0.5222127536150999,0.21786663704093195,0.21117999256809647,0.1758332448151239,0.03534674775297256,0,False,0.0,neutral
SOX7_Hsapiens-jolma2013-SOX7,SOX7,5,0.3365067384132168,0.2383131639104256,0.43026097403679486,-0.21905246967680517,0.6493134437136,0,False,0.09999999999999999,other
SOX7_Hsapiens-jolma2013-SOX7-2,SOX7,4,0.5054715822991199,0.4673532125656319,0.7766611524684636,-0.719636846088831,1.4962979985572946,0,False,-0.39999999999999997,tumor-gain
SOX7_Hsapiens-jolma2013-SOX7-3,SOX7,7,0.8203419623225041,0.5466114183222369,0.23597275234092666,-0.021989300835360825,0.2579620531762875,0,False,-0.21428571428571433,neutral
SOX8_1	Sox8_bulyk_sc09-primary,SOX8,6,0.3332717912933484,0.003683474356404874,0.23899000630501485,-0.9873667636612953,1.22635676996631,0,False,-0.8285714285714287,normal-suppression
SOX8_2	SOX8_jolma_DBD_M783,SOX8,10,0.1256405450901533,0.1256405450901533,0.0,0.0,0.0,0,True,0.3939393939393939,neutral
SOX8_3	SOX8_jolma_DBD_M784,SOX8,10,1.0,0.12474268327933491,0.516140009289533,-0.3924872329290465,0.9086272422185795,0,False,-0.19999999999999998,tumor-gain
SOX8_4	SOX8_jolma_DBD_M785,SOX8,9,1.0,1.0,0.0,0.0,0.0,0,True,0.8499999999999999,neutral
SOX8_5	SOX8_jolma_DBD_M786,SOX8,9,1.0,0.37432029830051156,0.027415787022797324,-0.3510940548953092,0.37850984191810655,0,False,-0.06666666666666667,neutral
SOX8_6	SOX8_jolma_DBD_M787,SOX8,10,0.0130226999986857,0.004242253394264144,0.38816420999608836,-0.6865355701237156,1.074699780119804,0,False,-0.06666666666666665,normal-suppression
SOX8_7	SOX8_jolma_full_M788,SOX8,10,0.04924212675724496,0.0071361302061128005,0.42479198836963283,-0.3654792390134992,0.790271227383132,0,False,-0.10303030303030303,other
SOX8_8	SOX8_jolma_full_M789,SOX8,10,0.1108413459139996,0.03983559655681783,1.920069028893354,1.7415116904584609,0.17855733843489308,0,False,0.16363636363636364,neutral
SOX8_9	SOX8_jolma_full_M790,SOX8,8,0.5779220779220778,0.5779220779220778,0.0,0.0,0.0,0,True,-0.09523809523809526,neutral
SOX8_Hsapiens-HOCOMOCOv10-SOX8_HUMAN.H10MO.D,SOX8,10,1.0,1.0,0.0,0.0,0.0,0,True,0.34545454545454546,neutral
SOX8_Hsapiens-SwissRegulon-SOX8.SwissRegulon,SOX8,10,0.965060086535697,0.4042742246126196,0.487605067977732,-0.048658988716284796,0.5362640566940168,0,False,0.19999999999999998,other
SOX8_Hsapiens-jaspar2016-SOX8-MA0868.1,SOX8,9,0.005351124083533133,0.003172907151745746,0.46140073791806296,-1.1774500749753753,1.6388508128934383,0,False,0.1176512129542425,normal-suppression
SOX8_Hsapiens-jaspar2018-SOX8-MA0868.1,SOX8,10,0.0031772368246742923,0.0031772368246742923,0.0,0.0,0.0,0,True,0.23708316203522517,neutral
SOX8_Hsapiens-jolma2013-SOX8,SOX8,10,0.0029131236702706416,0.0012180242614696325,0.4150701305130421,-0.271737483232193,0.686807613745235,0,False,0.17629260766721874,other
SOX8_Hsapiens-jolma2013-SOX8-2,SOX8,10,0.04888958242466649,0.025672864409147577,1.0399878382521863,0.5220273782260518,0.5179604600261345,0,False,0.18787878787878787,tumor-gain
SOX8_Hsapiens-jolma2013-SOX8-3,SOX8,8,0.24254262734181734,0.16835662668940435,-0.34627871003259736,-1.2662098633730732,0.9199311533404758,0,False,-0.3333333333333334,normal-suppression
SOX8_Hsapiens-jolma2013-SOX8-4,SOX8,10,0.2607437834017932,0.1442638663813285,0.4044801573823437,-1.0731759725503291,1.477656129932673,0,False,-0.2727272727272727,normal-suppression
SOX8_Hsapiens-jolma2013-SOX8-5,SOX8,8,0.005007992968990083,0.003004998988991017,0.03283472552076431,-0.9202644706558296,0.9530991961765939,0,False,-0.45509797952703834,normal-suppression
SOX8_Hsapiens-jolma2013-SOX8-6,SOX8,8,0.0006040725488636988,0.0006040725488636988,0.0,0.0,0.0,0,True,0.7952384429746019,neutral
SOX8_Hsapiens-jolma2013-SOX8-7,SOX8,10,0.02244634653933847,0.020956046582249144,0.42815810702773416,-0.6446611101012814,1.0728192171290156,0,False,-0.0303030303030303,normal-suppression
SOX8_Hsapiens-jolma2013-SOX8-8,SOX8,10,0.09493419944391861,0.049920021933093625,-0.08601895626756487,-2.273031611751806,2.1870126554842413,0,False,-0.6,normal-suppression
SOX9_1	SOX9_transfac_M00410,SOX9,4,0.6662292897442903,0.6619109053760938,0.27794522271930455,-0.19011074741937248,0.46805597013867706,0,False,0.0,neutral
SOX9_2	SOX9_jaspar_MA0077.1,SOX9,5,0.7747441274654862,0.7747441274654862,0.0,0.0,0.0,0,True,0.7999999999999999,neutral
SOX9_3	SOX9_jolma_DBD_M136,SOX9,4,0.4721904816906405,0.36635248793236036,-0.0348516626093876,-1.190697106623314,1.1558454440139265,0,False,-0.39999999999999997,normal-suppression
SOX9_4	SOX9_jolma_full_M791,SOX9,6,0.017527469179681947,0.009263670637578655,0.39676774118750185,-0.17775908122495174,0.5745268224124536,0,False,0.3768511731740915,other
SOX9_5	SOX9_jolma_full_M792,SOX9,8,1.0,0.02402302479874614,0.5826859899390114,-2.809519759007244,3.3922057489462554,0,False,-0.523809523809524,tumor-gain
SOX9_6	SOX9_jolma_full_M793,SOX9,6,1.0,0.2934393620915634,1.8822434202808342,-0.2869639095441521,2.169207329824986,0,False,-0.028571428571428574,tumor-gain
SOX9_7	SOX9_jolma_full_M794,SOX9,5,0.2675789338069516,0.1450438036229333,0.31888409929122,-0.5518479058482104,0.8707320051394305,0,False,-0.3,normal-suppression
SOX9_8	SOX9_jolma_full_M795,SOX9,5,0.38152872301669993,0.38152872301669993,0.0,0.0,0.0,0,True,0.09999999999999999,neutral
SOX9_9	SOX9_jolma_full_M796,SOX9,6,1.0,0.5170396256201019,0.8250141652690455,-0.244695647449796,1.0697098127188416,0,False,-0.08571428571428573,tumor-gain
SOX9_Hsapiens-HOCOMOCOv10-SOX9_HUMAN.H10MO.B,SOX9,8,0.9168882978723404,0.4015957446808511,0.27172622600138013,-0.21516580967063043,0.48689203567201056,0,False,0.2380952380952381,neutral
SOX9_Hsapiens-JASPAR_2014-SOX9-MA0077.1,SOX9,8,1.0,0.21210211156634132,0.09157053195326528,-1.3284490789518162,1.4200196109050816,0,False,-0.3571428571428572,normal-suppression
SOX9_Hsapiens-JASPAR_CORE-SOX9-MA0077.1,SOX9,4,0.1308528737332642,0.13003167283782904,-0.3408548856894356,-1.2596345800603783,0.9187796943709428,0,False,0.39999999999999997,normal-suppression
SOX9_Hsapiens-SwissRegulon-SOX9.SwissRegulon,SOX9,2,0.024843865663155943,0.010475416284291985,-0.9172128948759019,-0.965852953838357,0.04864005896245516,0,False,,neutral
SOX9_Hsapiens-jaspar2016-SOX9-MA0077.1,SOX9,6,0.16783785782972113,0.13995771602217516,-0.4827705496446806,-0.5726199288606966,0.08984937921601599,0,False,0.3714285714285715,neutral
SOX9_Hsapiens-jaspar2018-SOX9-MA0077.1,SOX9,7,0.1308528737332642,0.10137771231825449,0.0637391997408898,-1.3292214360060597,1.3929606357469495,0,False,0.23424374030084538,normal-suppression
SOX9_Hsapiens-jolma2013-SOX9,SOX9,4,0.18821226102897565,0.18821226102897565,0.0,0.0,0.0,0,True,0.7999999999999999,neutral
SOX9_Hsapiens-jolma2013-SOX9-2,SOX9,3,0.0023608927990228434,0.0007485295947404694,0.7926028875163288,-0.9586373960754173,1.7512402835917462,0,False,,tumor-gain
SOX9_Hsapiens-jolma2013-SOX9-3,SOX9,7,0.01776273354824435,0.01110556788801115,0.1764172146891824,-0.5741123364221329,0.7505295511113153,0,False,-0.07142857142857144,normal-suppression
SOX9_Hsapiens-jolma2013-SOX9-4,SOX9,5,0.019509445907030916,0.006861576145476931,0.9993275750287536,0.7257899347340201,0.2735376402947335,0,False,0.0,neutral
SOX9_Hsapiens-jolma2013-SOX9-5,SOX9,6,0.12484874484593655,0.12484874484593655,0.0,0.0,0.0,0,True,0.3714285714285715,neutral
SOX9_Hsapiens-jolma2013-SOX9-6,SOX9,3,0.276945275155776,0.19382028431511458,0.7982979666283349,-0.35553665430974357,1.1538346209380785,0,False,,tumor-gain
SOX9_Hsapiens-jolma2013-SOX9-7,SOX9,8,0.2589657415968343,0.24756855060364144,0.8104393148190864,0.3403485389472108,0.4700907758718756,0,False,0.8095238095238096,neutral
SOX_1	SOX_transfac_M01014,SOX1,8,1.0,0.5014970104656137,0.27820788002950736,-0.14186092334979636,0.42006880337930375,0,False,-0.08247860988423227,neutral
SP100_1	Sp100_bulyk_sc09-primary,SP1,3,0.9720261221263587,0.9720261221263587,0.0,0.0,0.0,0,True,,neutral
SP1_Hsapiens-jaspar2016-SP1-MA0079.1,SP1,4,0.25149700598802394,0.25099900000398406,0.5681249946633781,0.17069076278626474,0.39743423187711335,0,False,-0.316227766016838,neutral
SP1_Hsapiens-jaspar2016-SP1-MA0079.3,SP1,3,0.18382500545407146,0.14802292667027758,-0.16089757865631402,-0.7963756994663348,0.6354781208100208,0,False,,normal-suppression
SP1_Hsapiens-jaspar2018-SP1-MA0079.1,SP1,5,0.25099900000398406,0.25099900000398406,0.0,0.0,0.0,0,True,0.20519567041703085,neutral
SP1_Hsapiens-jolma2013-SP1,SP1,3,0.338701361113064,0.338701361113064,0.0,0.0,0.0,0,True,,neutral
SP1_Mmusculus;Rnorvegicus;Hsapiens-jaspar2018-SP1-MA0079.2,SP1,2,0.04989521746171209,0.04989521746171209,0.0,0.0,0.0,0,True,,neutral
SP1_disc1 SP1_H1-hESC_encode-Myers_seq_hsa_r1:MEME#3#Intergenic,SP1,10,0.08609998073496564,0.0038729835939558207,0.17486804551754626,-0.12194186206207198,0.2968099075796182,0,False,-0.29696969696969694,neutral
SP1_disc2 SP1_GM12878_encode-Myers_seq_hsa_r1:Trawler#1#Intergenic,SP1,8,1.0,0.17358188494699409,0.03039601453690653,-0.026319744046974344,0.05671575858388087,0,False,0.523809523809524,neutral
SP1_known1	SP1_1	Sp1_transfac_M00008,SP1,2,0.2509149089672192,0.2151262176396561,-0.15252610733566246,-0.2811573448891739,0.1286312375535114,0,False,,neutral
SP1_known3	SP3_1	Sp3_transfac_M00665,SP1,6,1.0,0.500748127434784,-0.23861507778586982,-0.41392099958601175,0.17530592180014193,0,False,-0.3236694374850748,neutral
SP1_known8	SP1_7	SP1_jolma_DBD_M29,SP1,3,0.8088706307943748,0.8088706307943748,0.0,0.0,0.0,0,True,,neutral
SP1_known9	SP3_2	SP3_jolma_DBD_M30,SP1,5,0.8075159858245494,0.24096304207477812,0.34025653571567754,0.09710451234240201,0.24315202337327552,0,False,-0.7,neutral
SP2_disc1 SP2_K562_encode-Myers_seq_hsa_v041610.2-SC-643_r1:MEME#2#Intergenic,SP2,10,1.0,0.5009586845314333,-0.36207148468823974,-0.6664621931504922,0.3043907084622524,0,False,0.04242424242424241,neutral
SP2_disc2 SP2_K562_encode-Myers_seq_hsa_v041610.2-SC-643_r1:MEME#3#Intergenic,SP2,9,0.1830213682479198,0.020584645780305853,-0.07353115152105034,-0.8837926995587785,0.8102615480377281,0,False,0.35,normal-suppression
SP2_disc3 SP2_K562_encode-Myers_seq_hsa_v041610.2-SC-643_r1:Trawler#3#Intergenic,SP2,8,0.12609238451935081,0.12609238451935081,0.0,0.0,0.0,0,True,0.1697250257391052,neutral
SP3_Hsapiens-jaspar2016-SP3-MA0746.1,SP3,5,0.323143000991478,0.18005144893915329,-0.0573557571323584,-0.5687610603991685,0.5114053032668101,0,False,-0.3,normal-suppression
SP3_Hsapiens-jaspar2018-SP3-MA0746.1,SP3,7,0.20373574726279386,0.15217809273598462,-1.018181777023646,-1.5893084934293407,0.5711267164056946,0,False,-0.39285714285714296,divergent
SP3_Hsapiens-jolma2013-SP3,SP3,7,0.17219587858507113,0.1188442374368772,-0.07355818016558315,-0.7029138730899107,0.6293556929243276,0,False,-0.5,normal-suppression
SP4_2	SP4_jolma_full_M31,SP4,3,0.7576352129397376,0.6565531773798963,-0.062375708704442936,-0.3579395445880238,0.29556383588358087,0,False,,neutral
SP4_Hsapiens-SwissRegulon-SP4.SwissRegulon,SP4,2,3.28400465964239e-06,3.28400465964239e-06,0.0,0.0,0.0,0,True,,neutral
SP4_Hsapiens-jaspar2016-SP4-MA0685.1,SP4,4,0.6309683822494482,0.47809436938101535,-0.13652973342529867,-0.16472910048069336,0.028199367055394692,0,False,0.0,neutral
SP4_Hsapiens-jaspar2018-SP4-MA0685.1,SP4,2,0.5467860396511911,0.5467860396511911,0.0,0.0,0.0,0,True,,neutral
SP8_1	SP8_jolma_DBD_M32,SP8,4,1.0,0.6673781047971867,0.22436595550262162,-0.8085301084196372,1.0328960639222589,0,False,-0.19999999999999998,normal-suppression
SP8_Hsapiens-SwissRegulon-SP8.SwissRegulon,SP8,3,0.15074309978768569,0.12116942259437001,-0.4307048691837508,-0.5802787097672354,0.1495738405834846,0,False,,neutral
SP8_Hsapiens-jaspar2016-SP8-MA0747.1,SP8,6,0.3793053087651821,0.3793053087651821,0.0,0.0,0.0,0,True,0.14285714285714288,neutral
SP8_Hsapiens-jaspar2018-SP8-MA0747.1,SP8,4,0.23476098237558804,0.15106296482291884,-0.28255847702753906,-0.8353837681229203,0.5528252910953813,0,False,-0.7999999999999999,normal-suppression
SP8_Hsapiens-jolma2013-SP8,SP8,5,0.2028147371834024,0.2028147371834024,0.0,0.0,0.0,0,True,0.39999999999999997,neutral
SPAG7_Hsapiens-hPDI-SPAG7,SPAG7,10,1.0,0.5007488766849718,1.1190336630919449,0.3692999498384256,0.7497337132535192,0,False,-0.22110831935702663,tumor-gain
SPDEF_1	Spdef_bulyk_sc09-primary,SPDEF,8,0.747297292770505,0.22410284907406428,2.185124120030098,2.0504896394555243,0.1346344805745736,0,False,0.19047619047619052,neutral
SPDEF_2	SPDEF_jolma_DBD_M117,SPDEF,8,1.0,0.4734370515911476,-0.2272514046230845,-1.055532611808341,0.8282812071852566,0,False,-0.1666666666666667,normal-suppression
SPDEF_3	SPDEF_jolma_DBD_M118,SPDEF,10,1.0,0.33299415392491516,0.7682400709801555,-0.7087679041899272,1.4770079751700826,0,False,-0.17575757575757575,tumor-gain
SPDEF_4	SPDEF_jolma_DBD_M119,SPDEF,4,1.0,0.4989094925322209,-0.6353087185858557,-1.5744449929778639,0.9391362743920082,0,False,0.19999999999999998,divergent
SPDEF_5	SPDEF_jolma_full_M120,SPDEF,10,0.2989241908480121,0.291550190763341,0.08003725090917864,-0.542017388622783,0.6220546395319617,0,False,0.05454545454545454,normal-suppression
SPDEF_6	SPDEF_jolma_full_M121,SPDEF,10,0.4694398245824782,0.19948328982297514,0.6324059701335193,-0.1786895955301384,0.8110955656636577,0,False,-0.29696969696969694,tumor-gain
SPDEF_7	SPDEF_jolma_full_M122,SPDEF,6,1.0,0.5195406568421983,1.496738603752881,0.014852789817525596,1.4818858139353552,0,False,-0.7142857142857143,tumor-gain
SPDEF_Hsapiens-HOCOMOCOv10-SPDEF_HUMAN.H10MO.D,SPDEF,7,0.9302913065682267,0.61073282235508,0.046872205525836166,-0.7903358455606241,0.8372080510864602,0,False,0.3214285714285715,normal-suppression
SPDEF_Hsapiens-SwissRegulon-SPDEF.SwissRegulon,SPDEF,8,0.04316585726923143,0.029895979200575087,1.0093435587990875,0.7572022280202106,0.2521413307788769,0,False,0.5000000000000001,neutral
SPDEF_Hsapiens-jaspar2016-SPDEF-MA0686.1,SPDEF,10,0.13892649797136195,0.13114977989631194,-0.34022750418083,-2.0566865302659694,1.7164590260851393,0,False,-0.04242424242424241,normal-suppression
SPDEF_Hsapiens-jaspar2018-SPDEF-MA0686.1,SPDEF,9,0.09198890205328047,0.09198890205328047,0.0,0.0,0.0,0,True,0.6666666666666667,neutral
SPDEF_Hsapiens-jolma2013-SPDEF,SPDEF,6,0.051285076277443116,0.051285076277443116,0.0,0.0,0.0,0,True,0.6571428571428573,neutral
SPDEF_Hsapiens-jolma2013-SPDEF-2,SPDEF,9,0.15221204443578285,0.14937974789477415,1.0647312346876487,0.019488634816263797,1.045242599871385,0,False,0.26666666666666666,tumor-gain
SPDEF_Hsapiens-jolma2013-SPDEF-3,SPDEF,2,0.35232228021927015,0.35232228021927015,0.0,0.0,0.0,0,True,,neutral
SPDEF_Hsapiens-jolma2013-SPDEF-4,SPDEF,10,0.06357614458525118,0.042074071715442404,-0.3846375292390056,-1.4235874415313599,1.0389499122923542,0,False,-0.2727272727272727,normal-suppression
SPDEF_Hsapiens-jolma2013-SPDEF-5,SPDEF,10,0.13144242786234042,0.10941022768309792,0.068564423037747,-0.23332524861224085,0.30188967164998787,0,False,-0.41818181818181815,neutral
SPDEF_Hsapiens-jolma2013-SPDEF-6,SPDEF,7,0.49452653036264554,0.35180704106955435,0.6671430861777039,-0.5353707165980172,1.2025138027757212,0,False,-0.642857142857143,tumor-gain
SPI1_Hsapiens-JASPAR_CORE-SPI1-MA0080.2,SPI1,6,0.028773826417472066,0.02813023054910641,0.46485559801998205,-0.13859367436823145,0.6034492723882134,0,False,0.08571428571428573,other
SPI1_Hsapiens-SwissRegulon-SPI1.SwissRegulon,SPI1,6,0.004642518007856481,0.003874143627211576,-0.48522252508126446,-1.9761822448989967,1.4909597198177322,0,False,0.3142857142857143,normal-suppression
SPI1_Hsapiens-jaspar2016-SPI1-MA0080.1,SPI1,9,0.5301993716416609,0.040320327412908606,2.5439457629389017,0.7685882419436165,1.7753575209952852,0,False,-0.15,tumor-gain
SPI1_Hsapiens-jaspar2016-SPI1-MA0080.2,SPI1,4,0.01448692154285831,0.01448692154285831,0.0,0.0,0.0,0,True,0.7999999999999999,neutral
SPI1_Hsapiens-jaspar2016-SPI1-MA0080.4,SPI1,5,0.05231058295595393,0.03155853342615096,0.957901742291796,0.11064711729963946,0.8472546249921565,0,False,-0.8999999999999998,tumor-gain
SPI1_Hsapiens-jaspar2018-SPI1-MA0080.1,SPI1,7,0.03951437846975429,0.03951437846975429,0.0,0.0,0.0,0,True,0.6071428571428572,neutral
SPI1_Hsapiens-jaspar2018-SPI1-MA0080.2,SPI1,9,0.008740423509197737,0.008740423509197737,0.0,0.0,0.0,0,True,0.4666666666666666,neutral
SPI1_Hsapiens-jaspar2018-SPI1-MA0080.4,SPI1,7,0.035648996635390874,0.018219440698849614,-0.3820421543487198,-1.4689330584930462,1.0868909041443264,0,False,-0.5714285714285715,normal-suppression
SPI1_Hsapiens-jolma2013-SPI1,SPI1,4,0.016377677277020494,0.012531044404338918,-0.2060201292969232,-1.0336383042656154,0.8276181749686922,0,False,-0.7999999999999999,normal-suppression
SPI1_disc1 SPI1_K562_encode-Myers_seq_hsa_r1:MDscan#2#Intergenic,SPI1,10,1.0,0.15229233725595726,0.5022141368483001,0.11620761282984392,0.38600652401845614,0,False,0.19999999999999998,neutral
SPI1_disc2 SPI1_GM12878_encode-Myers_seq_hsa_r1:MDscan#1#Intergenic,SPI1,6,1.0,0.047389912617075654,0.21177745416517443,-0.46405489108322034,0.6758323452483948,0,False,-0.08571428571428573,other
SPI1_disc3 SPI1_GM12878_encode-Myers_seq_hsa_r1:AlignACE#2#Intergenic,SPI1,3,0.736842105263158,0.291907961428879,0.0011611959212317479,-0.19649924363684357,0.19766043955807533,0,False,,neutral
SPI1_known1	SPI1_1	PU.1_transfac_M00658,SPI1,3,1.0,0.2234300473552357,0.7924225725138466,-1.0573819062785494,1.8498044787923962,0,False,,tumor-gain
SPI1_known2	SPI1_2	SPI1_jaspar_MA0080.2,SPI1,10,1.0,0.15259420831458445,-1.219572156646779,-1.6431278165961227,0.42355565994934374,0,False,0.06079055436800646,neutral
SPI1_known3	SPI1_3	Sfpi1_bulyk_sc09-primary,SPI1,3,0.8371219000282649,0.4543070231395098,-1.8895660294121,-2.7048495632513117,0.8152835338392117,0,False,,divergent
SPI1_known4	SPI1_4	SPI1_jolma_full_M123,SPI1,3,0.5685034817613129,0.25108575119487087,-0.3734381131468437,-1.8163671399151193,1.4429290267682755,0,False,,normal-suppression
SPIB_1	SPIB_jaspar_MA0081.1,SPIB,4,0.6673465146415212,0.18761633032753047,2.076237375382221,1.1322970061075914,0.9439403692746298,0,False,-1.0,tumor-gain
SPIB_2	SPIB_jolma_DBD_M124,SPIB,4,0.28665210184689227,0.22001569724369113,0.21455633594129717,-0.30259983715247335,0.5171561730937705,0,False,0.7999999999999999,other
SPIB_Hsapiens-JASPAR_2014-SPIB-MA0081.1,SPIB,4,0.04707189979397068,0.04707189979397068,0.0,0.0,0.0,0,True,0.7999999999999999,neutral
SPIB_Hsapiens-JASPAR_CORE-SPIB-MA0081.1,SPIB,5,0.141757065434415,0.04100306289957854,-0.04335886897144027,-1.0103148243591533,0.9669559553877131,0,False,-0.09999999999999999,normal-suppression
SPIB_Hsapiens-jaspar2016-SPIB-MA0081.1,SPIB,6,0.02906313879391815,0.016894605046585336,-0.3928820623744197,-0.772229714472436,0.37934765209801635,0,False,0.4058397249567139,neutral
SPIB_Hsapiens-jaspar2018-SPIB-MA0081.1,SPIB,4,0.014879078865212367,0.006137773929752228,-3.284502944362893,-3.341065719939388,0.05656277557649503,0,False,-0.39999999999999997,neutral
SPIB_Hsapiens-jolma2013-SPIB,SPIB,5,0.09873426231889473,0.0735340961937215,-0.07197984980722091,-1.5556081347067945,1.4836282848995737,0,False,0.7,normal-suppression
SPIC_1	SPIC_jolma_full_M125,SPIC,5,0.5774650393648744,0.31411014532394443,0.8390997036288766,-1.1241332592629207,1.9632329628917975,0,False,-0.7,tumor-gain
SPIC_2	Spic_jolma_DBD_M126,SPIC,6,0.1128066436721023,0.1128066436721023,0.0,0.0,0.0,0,True,0.6,neutral
SPIC_Hsapiens-HOCOMOCOv10-SPIC_HUMAN.H10MO.D,SPIC,4,0.6251415908188505,0.22860624871709914,0.2774947101492563,-0.8928498847658602,1.1703445949151166,0,False,0.0,normal-suppression
SPIC_Hsapiens-SwissRegulon-SPIC.SwissRegulon,SPIC,4,0.772386996863678,0.4887031058427965,0.30689768498817777,-0.40141302152488717,0.7083107065130649,0,False,-0.39999999999999997,other
SPIC_Hsapiens-jaspar2016-SPIC-MA0687.1,SPIC,4,0.25374016854864534,0.13569656283649734,-0.2642692812451591,-0.7176023123268768,0.4533330310817177,0,False,0.39999999999999997,neutral
SPIC_Hsapiens-jaspar2018-SPIC-MA0687.1,SPIC,4,0.2269613050540336,0.20819315057690305,2.604901475702255,1.4827134729059221,1.1221880027963327,0,False,-0.39999999999999997,tumor-gain
SPIC_Hsapiens-jolma2013-SPIC,SPIC,5,0.1799041204815137,0.16097598902702592,-0.2514603452732928,-0.7663524741748666,0.5148921289015738,0,False,-0.09999999999999999,normal-suppression
SPZ1_1	Spz1_transfac_M00446,SPZ1,7,0.44974347689173894,0.08197327469479487,-0.548359720855193,-0.9230330979024612,0.3746733770472682,0,False,-0.07142857142857144,neutral
SPZ1_2	Spz1_jaspar_MA0111.1,SPZ1,10,1.0,0.25112368890479836,0.3481827634949544,-0.814087458112866,1.1622702216078205,0,False,-0.40854418032379974,normal-suppression
SPZ1_Hsapiens-HOCOMOCOv10-SPZ1_HUMAN.H10MO.D,SPZ1,10,0.40131710237477547,0.2010257519964151,0.4117201547968209,0.06525762007329942,0.34646253472352145,0,False,-0.07294866524160776,neutral
SRBP1_Hsapiens-HOCOMOCOv10-SRBP1_HUMAN.H10MO.B,SREBF1,9,0.421704792084151,0.421704792084151,0.0,0.0,0.0,0,True,0.6333333333333333,neutral
SRBP2_Hsapiens-HOCOMOCOv10-SRBP2_HUMAN.H10MO.B,SREBF2,6,0.7332897775554056,0.5100564655188911,0.015026215301667123,-0.4886392379428305,0.5036654532444976,0,False,0.3142857142857143,other
SREBF1_Hsapiens-JASPAR_2014-SREBF1-MA0595.1,SREBF1,7,1.0,0.3299408034581992,0.5409508849654618,0.25920647596193375,0.2817444090035281,0,False,-0.10714285714285716,neutral
SREBF1_Hsapiens-SwissRegulon-SREBF1.SwissRegulon,SREBF1,10,0.002393364076686164,0.000976885945566538,1.5956428191269547,0.07718470364905468,1.5184581154779,0,False,-0.41818181818181815,tumor-gain
SREBF1_Hsapiens-cisbp_1.02-M2387_1.02,SREBF1,6,0.572314491410649,0.3068344266057431,1.6766273095799786,1.1083649337168913,0.5682623758630874,0,False,-0.3714285714285715,tumor-gain
SREBF1_Hsapiens-cisbp_1.02-M3944_1.02,SREBF1,10,0.2737176577394464,0.14395776858324993,0.16684650275654084,-1.627214688806904,1.7940611915634448,0,False,-0.2121212121212121,normal-suppression
SREBF1_Hsapiens-cisbp_1.02-M3945_1.02,SREBF1,6,1.0,0.40083882564409884,-0.030109240098286565,-0.2723332052359291,0.24222396513764252,0,False,0.6179143806533246,neutral
SREBF1_Hsapiens-cisbp_1.02-M6487_1.02,SREBF1,8,0.7063615460719627,0.4681606701737469,0.007392917994463436,-2.649815650631595,2.6572085686260585,0,False,-0.261904761904762,normal-suppression
SREBF1_Hsapiens-jaspar2016-SREBF1-MA0595.1,SREBF1,10,0.2708573182899687,0.13506559707054522,2.6426619097073054,1.578646194119661,1.0640157155876444,0,False,-0.23636363636363633,tumor-gain
SREBF1_Hsapiens-jaspar2018-SREBF1-MA0595.1,SREBF1,10,0.16531141973823416,0.1404557158777344,0.23625107546951746,-0.9297290216327476,1.1659800971022651,0,False,0.3939393939393939,normal-suppression
SREBF2(var.2)_Hsapiens-jaspar2016-SREBF2(var.2)-MA0828.1,SREBF2,10,0.00606209922949455,0.002959414845223448,0.6730761503707394,0.10914086967297003,0.5639352806977694,0,False,0.6,tumor-gain
SREBF2(var.2)_Hsapiens-jaspar2018-SREBF2(var.2)-MA0828.1,SREBF2,10,0.0019620304767815813,0.0016296301619425477,-1.0359154471613887,-2.3318760934482503,1.2959606462868616,0,False,-0.5515151515151515,divergent
SREBF2_Hsapiens-JASPAR_2014-SREBF2-MA0596.1,SREBF2,9,0.1489053203852745,0.10311274082521843,-0.2416721154695053,-2.0398541122769434,1.798181996807438,0,False,-0.41666666666666663,normal-suppression
SREBF2_Hsapiens-SwissRegulon-SREBF2.SwissRegulon,SREBF2,10,0.6528380489498349,0.5045015668453773,-0.4163552824278157,-1.8268777319416902,1.4105224495138744,0,False,-0.6242424242424242,normal-suppression
SREBF2_Hsapiens-cisbp_1.02-M2388_1.02,SREBF2,10,0.37622156609972623,0.16090076483442364,0.8249544921132851,-0.9417877979307323,1.7667422900440175,0,False,0.4545454545454545,tumor-gain
SREBF2_Hsapiens-cisbp_1.02-M5866_1.02,SREBF2,10,0.008658059812276244,0.003146256268068064,2.451030254084971,1.8138809054268812,0.6371493486580899,0,False,-0.2727272727272727,tumor-gain
SREBF2_Hsapiens-cisbp_1.02-M6488_1.02,SREBF2,6,0.7335077930584397,0.7335077930584397,0.0,0.0,0.0,0,True,0.8857142857142858,neutral
SREBF2_Hsapiens-jaspar2016-SREBF2-MA0596.1,SREBF2,8,0.08291550301258852,0.0567869725635975,-1.1287749681115065,-1.8235301204244656,0.6947551523129591,0,False,-0.11904761904761905,divergent
SREBF2_Hsapiens-jaspar2018-SREBF2-MA0596.1,SREBF2,9,0.05602139283592887,0.041042222593380646,2.8797580139712613,1.9245221965772188,0.9552358173940425,0,False,-0.4100454302903043,tumor-gain
SREBF2_Hsapiens-jolma2013-SREBF2,SREBF2,9,0.0019632394367385224,0.00021193292151330958,-0.24158792657763356,-1.7974203131202144,1.555832386542581,0,False,-0.4666666666666666,normal-suppression
SREBP_disc1 SREBF1_HepG2_encode-Snyder_seq_hsa_insulin_r1:MEME#2#Intergenic,SREBF1,9,1.0,0.6880803220284087,0.10677917334574286,-0.6575297124474927,0.7643088857932355,0,False,0.09999999999999999,normal-suppression
SREBP_known1	SREBF1_1	SREBP-1_transfac_M00220,SREBF1,10,1.0,0.33499501246882796,0.007972121804675821,-1.0169024152120858,1.0248745370167616,0,False,-0.22424242424242422,normal-suppression
SREBP_known2	SREBF1_2	SREBP-1_transfac_M00221,SREBF1,6,1.0,1.0,0.0,0.0,0.0,0,True,0.5296408977028497,neutral
SREBP_known3	SREBF1_3	SREBP-1_transfac_M00749,SREBF1,6,1.0,0.13410645789550377,1.7797624512698922,0.20088498802109506,1.5788774632487972,0,False,-0.3714285714285715,tumor-gain
SREBP_known4	SREBF_1	SREBP_transfac_M00776,SREBP,10,1.0,0.5013712304873902,-0.21528825003862234,-0.5404311086611626,0.3251428586225403,0,False,-0.6986107936456588,neutral
SREBP_known5	SREBF2_1	SREBF2_jolma_DBD_M341,SREBF2,10,0.08717216264984708,0.02784985046305474,0.3846454418382788,-0.516376791028084,0.9010222328663628,0,False,0.05454545454545454,normal-suppression
SREBP_known6	SREBF1_4	Srebf1_jolma_DBD_M342,SREBF1,9,0.016002805480926675,0.008260014175713691,2.7836469458240325,1.5744604943911114,1.2091864514329211,0,False,-0.2333333333333333,tumor-gain
SRF_Hsapiens-HOCOMOCOv10-SRF_HUMAN.H10MO.A,SRF,10,1.0,0.01753418253061418,-0.31783723537037634,-1.5064654890051274,1.188628253634751,0,False,-0.7454545454545454,normal-suppression
SRF_Hsapiens-JASPAR_2014-SRF-MA0083.2,SRF,7,0.8609641477760849,0.7419378830543736,0.1483633576429914,-0.12270105891221629,0.2710644165552077,0,False,0.5,neutral
SRF_Hsapiens-JASPAR_CORE-SRF-MA0083.1,SRF,8,0.0707615109417832,0.05239973364749267,0.20773712940705563,-0.3427756316814915,0.5505127610885472,0,False,0.07142857142857144,other
SRF_Hsapiens-SwissRegulon-SRF.SwissRegulon,SRF,9,0.7363984208542218,0.2489232598457224,0.309613755936481,-1.1796709610064242,1.489284716942905,0,False,-0.13333333333333333,normal-suppression
SRF_Hsapiens-jaspar2016-SRF-MA0083.1,SRF,8,0.036277688517492954,0.0211245403991454,0.2201852733632976,-0.6146777755432502,0.8348630489065478,0,False,-0.4523809523809524,normal-suppression
SRF_Hsapiens-jaspar2016-SRF-MA0083.2,SRF,7,1.0,0.06661779445087203,0.5036805668534995,-0.5918306918869394,1.095511258740439,0,False,-0.14285714285714288,tumor-gain
SRF_Hsapiens-jaspar2016-SRF-MA0083.3,SRF,6,0.3991643487935254,0.3991643487935254,0.0,0.0,0.0,0,True,0.48571428571428577,neutral
SRF_Hsapiens-jaspar2018-SRF-MA0083.1,SRF,10,0.028807173180631113,0.024299586488872368,-0.9667155591614152,-1.3676192771189766,0.4009037179575614,0,False,0.5515151515151515,neutral
SRF_Hsapiens-jaspar2018-SRF-MA0083.2,SRF,6,0.5879925186885195,0.4429243261515783,-0.014915305949292133,-0.3611672860803235,0.34625198013103137,0,False,0.6,neutral
SRF_Hsapiens-jaspar2018-SRF-MA0083.3,SRF,8,0.3186122904500533,0.18148191648336945,0.5389430733770909,-0.6831904193679257,1.2221334927450167,0,False,-0.07142857142857144,tumor-gain
SRF_Hsapiens-jolma2013-SRF,SRF,6,0.16000100298387712,0.16000100298387712,0.0,0.0,0.0,0,True,0.5428571428571429,neutral
SRF_Hsapiens-jolma2013-SRF-2,SRF,8,0.15518311878474356,0.15123286208151782,0.23072028915568013,-0.13740111843225913,0.36812140758793926,0,False,0.2380952380952381,neutral
SRF_known1	SRF_1	SRF_transfac_M00152,SRF,7,0.857478800306649,0.702039881111162,0.0014647020998931652,-2.1328776485219576,2.134342350621851,0,False,-0.28571428571428575,normal-suppression
SRF_known10	SRF_10	SRF_jolma_full_M160,SRF,8,0.9767351550697368,0.3834715878770265,0.0033058417920864016,-0.7398442924161186,0.743150134208205,0,False,0.07142857142857144,normal-suppression
SRF_known2	SRF_2	SRF_transfac_M00186,SRF,6,0.8185267049027267,0.4302805885150434,0.007836418864002234,-0.5975586916945197,0.6053951105585219,0,False,-0.3825184261187248,normal-suppression
SRF_known3	SRF_3	SRF_transfac_M00215,SRF,9,1.0,0.585940659196827,-0.18507418006779117,-0.48749725094273166,0.30242307087494047,0,False,0.43333333333333335,neutral
SRF_known4	SRF_4	SRF_transfac_M00810,SRF,9,1.0,0.5008227866970487,-0.21774442998080995,-0.39684575163141983,0.17910132165060988,0,False,0.0,neutral
SRF_known5	SRF_5	SRF_transfac_M00922,SRF,8,1.0,0.5283874490635737,1.2633293561037287,-0.559261527058536,1.8225908831622646,0,False,-0.2142857142857143,tumor-gain
SRF_known6	SRF_6	SRF_transfac_M01007,SRF,10,0.46686913904695976,0.011673953881099998,-0.07602003051867637,-0.2947157730685333,0.21869574254985694,0,False,0.1515151515151515,neutral
SRF_known7	SRF_7	SRF_jaspar_MA0083.1,SRF,10,1.0,0.06191335915956631,0.450504383115058,0.00250828325096776,0.4479960998640903,0,False,-0.10303030303030303,neutral
SRF_known9	SRF_9	SRF_jolma_DBD_M159,SRF,9,1.0,0.5797987517513693,0.144373471517784,-0.15586899881993624,0.3002424703377202,0,False,0.7666666666666667,neutral
SRP9_Hsapiens-hPDI-SRP9,SRP9,8,1.0,0.6672212978369384,0.533506271228443,-0.9451714743576184,1.4786777455860614,0,False,-0.09639253854237599,tumor-gain
SRY_2	SRY_transfac_M00160,SRY,3,1.0,0.6373195550997871,0.8241866513619438,-1.5281155552321963,2.35230220659414,0,False,,tumor-gain
SRY_4	Sry_bulyk_sc09-primary,SRY,3,0.2623480491310325,0.2623480491310325,0.0,0.0,0.0,0,True,,neutral
SRY_5	SRY_jolma_DBD_M797,SRY,4,0.025550121917658528,0.014385119352114933,0.9594567873557679,0.21538503977288181,0.7440717475828861,0,False,-1.0,tumor-gain
SRY_6	SRY_jolma_DBD_M798,SRY,7,0.8925756626342884,0.521195234883265,-0.4267016631614347,-1.3562309402712025,0.9295292771097678,0,False,0.5,normal-suppression
SRY_7	SRY_jolma_DBD_M799,SRY,8,0.04870345313747536,0.019947020231934533,1.4306337760402783,0.7266333088651582,0.7040004671751201,0,False,-0.19047619047619052,tumor-gain
SRY_8	SRY_jolma_DBD_M800,SRY,5,1.0,0.18647055029667997,-0.3466124687539224,-0.9858278323528467,0.6392153635989243,0,False,0.19999999999999998,normal-suppression
SRY_Hsapiens-HOCOMOCOv10-SRY_HUMAN.H10MO.B,SRY,5,0.6785545103877645,0.6785545103877645,0.0,0.0,0.0,0,True,0.7,neutral
SRY_Hsapiens-jolma2013-SRY,SRY,6,0.014042308721076684,0.014042308721076684,0.0,0.0,0.0,0,True,0.3714285714285715,neutral
SRY_Hsapiens-jolma2013-SRY-2,SRY,6,0.47701180521254866,0.26485254309730727,-0.07272679098321598,-0.8155192514896042,0.7427924605063883,0,False,-0.3142857142857143,normal-suppression
SRY_Hsapiens-jolma2013-SRY-3,SRY,9,0.009064580007261756,0.003197854280886844,0.04510303529588941,-0.520638252616972,0.5657412879128615,0,False,-0.049999999999999996,normal-suppression
SRY_Hsapiens-jolma2013-SRY-4,SRY,4,0.02101526298996941,0.007658502837743093,1.553998575165387,0.20865078306790574,1.3453477920974812,0,False,-0.7999999999999999,tumor-gain
SSX2_Hsapiens-hPDI-SSX2,SSX2,3,0.500998003992016,0.16744407323834357,0.24666610822029605,-1.0966043965073744,1.3432705047276705,0,False,,normal-suppression
STA5B_Hsapiens-HOCOMOCOv10-STA5B_HUMAN.H10MO.C,STAT5B,5,0.495906696912265,0.495906696912265,0.0,0.0,0.0,0,True,0.09999999999999999,neutral
STAT1::STAT2_Hsapiens-jaspar2016-STAT1::STAT2-MA0517.1,STAT1,9,0.5014275915431207,0.5014275915431207,0.0,0.0,0.0,0,True,0.5,neutral
STAT1::STAT2_Hsapiens-jaspar2018-STAT1::STAT2-MA0517.1,STAT1,8,0.34630211463954347,0.3405324316515628,0.7964405954988368,0.1069187123744318,0.689521883124405,0,False,0.023809523809523815,tumor-gain
STAT1_Hsapiens-HOCOMOCOv10-STAT1_HUMAN.H10MO.A,STAT1,9,0.6050453457417072,0.6050453457417072,0.0,0.0,0.0,0,True,0.8499999999999999,neutral
STAT1_Hsapiens-HOCOMOCOv10-STAT1_HUMAN.H10MO.S,STAT1,8,1.0,0.4747074212391954,1.1710979776495491,0.4869303339840759,0.6841676436654732,0,False,-0.5714285714285715,tumor-gain
STAT1_Hsapiens-JASPAR_2014-STAT1-MA0137.3,STAT1,5,0.4241154285309084,0.3870273962634167,-0.7115703036550253,-1.178787089385084,0.46721678573005876,0,False,0.09999999999999999,neutral
STAT1_Hsapiens-JASPAR_CORE-STAT1-MA0137.2,STAT1,10,0.8387988084439092,0.8387988084439092,0.0,0.0,0.0,0,True,0.3939393939393939,neutral
STAT1_Hsapiens-SwissRegulon-STAT1.SwissRegulon,STAT1,4,1.0,1.0,0.0,0.0,0.0,0,True,1.0,neutral
STAT1_Hsapiens-jaspar2016-STAT1-MA0137.1,STAT1,3,0.376169681846538,0.376169681846538,0.0,0.0,0.0,0,True,,neutral
STAT1_Hsapiens-jaspar2016-STAT1-MA0137.2,STAT1,10,0.6937513496535052,0.2086949611244614,1.8474634292312995,1.8067843016144416,0.04067912761685788,0,False,-0.0303030303030303,neutral
STAT1_Hsapiens-jaspar2016-STAT1-MA0137.3,STAT1,7,0.2912622833990083,0.2111406814350725,0.27609499527582654,0.043028683480552665,0.23306631179527387,0,False,0.8928571428571429,neutral
STAT1_Hsapiens-jaspar2018-STAT1-MA0137.1,STAT1,2,0.28724162508909384,0.2737176577394464,0.44018001383928057,-0.19558638829487293,0.6357664021341535,0,False,,other
STAT1_Hsapiens-jaspar2018-STAT1-MA0137.2,STAT1,9,0.5394429268556551,0.25136461890475126,-1.295838465193963,-1.3130541510498372,0.017215685855874296,0,False,0.09999999999999999,neutral
STAT1_Hsapiens-jaspar2018-STAT1-MA0137.3,STAT1,6,0.17171722480475973,0.17171722480475973,0.0,0.0,0.0,0,True,0.2571428571428572,neutral
STAT2::STAT1_Hsapiens-JASPAR_2014-STAT2::STAT1-MA0517.1,STAT2,10,1.0,0.6689015809949512,1.7798940074399958,0.471157060219234,1.308736947220762,0,False,0.11515151515151514,tumor-gain
STAT2_Hsapiens-HOCOMOCOv10-STAT2_HUMAN.H10MO.B,STAT2,10,1.0,0.9143938538429877,-0.3598041009685754,-1.6711608903476223,1.311356789379047,0,False,0.4545454545454545,normal-suppression
STAT2_Hsapiens-SwissRegulon-STAT2.SwissRegulon,STAT2,9,0.3104436609362636,0.2552684136951539,0.15488159876249663,-0.28466451541695703,0.43954611417945366,0,False,0.48333333333333334,neutral
STAT3_Hsapiens-HOCOMOCOv10-STAT3_HUMAN.H10MO.A,STAT3,5,1.0,1.0,0.0,0.0,0.0,0,True,0.6668859288553503,neutral
STAT3_Hsapiens-JASPAR_2014-STAT3-MA0144.2,STAT3,8,0.7072633408410482,0.4237414258112531,0.5365766979718598,0.18530862410176546,0.35126807387009434,0,False,0.19047619047619052,neutral
STAT3_Hsapiens-SwissRegulon-STAT3.SwissRegulon,STAT3,9,0.3375924824449172,0.13799082979145777,0.04100860650965675,-1.1478437528822059,1.1888523593918625,0,False,-0.049999999999999996,normal-suppression
STAT3_Hsapiens-jaspar2016-STAT3-MA0144.2,STAT3,7,0.329786074577892,0.19758414353577894,1.1938928345327684,-0.010873694722694751,1.2047665292554632,0,False,-0.6071428571428572,tumor-gain
STAT3_Hsapiens-jaspar2018-STAT3-MA0144.2,STAT3,9,0.19830651954994988,0.16373459132446505,0.5990004770301044,-0.8243651781118422,1.4233656551419465,0,False,-0.3666666666666667,tumor-gain
STAT4_Hsapiens-HOCOMOCOv10-STAT4_HUMAN.H10MO.D,STAT4,4,0.6238896836806783,0.4613014086806333,0.08411057387224631,-0.04817454394695435,0.13228511781920066,0,False,0.0,neutral
STAT4_Hsapiens-SwissRegulon-STAT4.SwissRegulon,STAT4,5,0.6227564893138522,0.3762121332410884,0.3050105490802608,-0.776967337518873,1.0819778865991339,0,False,-0.3,normal-suppression
STAT5B_Hsapiens-SwissRegulon-STAT5B.SwissRegulon,STAT5B,4,0.0023195455757811486,0.0023195455757811486,0.0,0.0,0.0,0,True,1.0,neutral
STAT6_Hsapiens-HOCOMOCOv10-STAT6_HUMAN.H10MO.C,STAT6,2,0.8143980697399239,0.8143980697399239,0.0,0.0,0.0,0,True,,neutral
STAT_disc1 STAT1_HeLa-S3_encode-Snyder_seq_hsa_IFNg30_r1:MDscan#1#Intergenic,STAT1,4,0.6882258165763429,0.349202918306993,1.122065761751131,0.8313992409748066,0.2906665207763244,0,False,-0.7999999999999999,neutral
STAT_disc2 STAT3_MCF10A-Er-Src_encode-Snyder_seq_hsa_EtOH-0.01pct-4hr_r1:MDscan#2#Intergenic,STAT3,8,0.5846623338483343,0.49283953814125986,0.13627538244012075,0.08789807548907175,0.048377306951049,0,False,0.38095238095238104,neutral
STAT_disc5 STAT3_MCF10A-Er-Src_encode-Snyder_seq_hsa_EtOH-0.01pct-4hr_r1:Trawler#1#Intergenic,STAT3,6,1.0,0.2443859120428251,-2.84143689701492,-3.760368860634658,0.918931963619738,0,False,-0.4285714285714286,divergent
STAT_disc6 STAT3_MCF10A-Er-Src_encode-Snyder_seq_hsa_EtOH-0.01pct-4hr_r1:Trawler#3#Intergenic,STAT3,9,1.0,0.15221798036575143,-0.8755638499266882,-1.3329900264761991,0.4574261765495109,0,False,0.049999999999999996,neutral
STAT_disc7 STAT3_MCF10A-Er-Src_encode-Snyder_seq_hsa_EtOH-0.01pct-4hr_r1:AlignACE#3#Intergenic,STAT3,6,1.0,0.9110071773951135,0.6908742655769718,-0.11089810561264371,0.8017723711896155,0,False,0.4285714285714286,tumor-gain
STAT_known1	STAT_1	STATx_transfac_M00223,STAT1,6,1.0,0.2513097694211859,-0.12247126528322116,-0.21254628722550054,0.09007502194227937,0,False,0.7714285714285715,neutral
STAT_known10	STAT1_3	STAT1_transfac_M00496,STAT1,8,0.711278511997256,0.6141479099678456,-0.622247578329922,-1.6174242031619346,0.9951766248320126,0,False,0.4000661320993194,divergent
STAT_known11	STAT3_2	STAT3_transfac_M00497,STAT3,10,1.0,0.6978851963746223,0.06581045205863055,-0.13413921134119952,0.19994966339983006,0,False,0.17179207335915764,neutral
STAT_known12	STAT4_1	STAT4_transfac_M00498,STAT4,3,1.0,1.0,0.0,0.0,0.0,0,True,,neutral
STAT_known13	STAT5A_4	STAT5A_transfac_M00499,STAT5A,7,0.8503740648379052,0.5824125107614203,1.991340453049326,-0.7294424350334212,2.720782888082747,0,False,-0.4504687313477795,tumor-gain
STAT_known14	STAT6_2	STAT6_transfac_M00500,STAT6,9,1.0,0.5620544501537079,0.319134595865255,-0.5549826089433105,0.8741172048085655,0,False,-0.5166666666666667,normal-suppression
STAT_known15	STAT_2	STAT_transfac_M00777,STAT2,8,1.0,0.8186755950357253,0.022768671042074494,-0.32366069908989636,0.34642937013197084,0,False,0.07142857142857144,neutral
STAT_known16	STAT3_3	Stat3_jaspar_MA0144.1,STAT3,7,1.0,0.224946546493923,0.560894439663011,-0.3244139201346981,0.8853083597977092,0,False,0.642857142857143,tumor-gain
STAT_known17	STAT1_4	STAT1_jaspar_MA0137.2,STAT1,8,1.0,0.5163598428206259,0.19464195733855658,-0.05084475710353511,0.2454867144420917,0,False,0.2142857142857143,neutral
STAT_known2	STAT1_1	STAT1_transfac_M00224,STAT1,9,0.5002858949768201,0.08837342787003208,-0.5089875386069197,-1.5685932214452407,1.059605682838321,0,False,0.016666666666666666,divergent
STAT_known3	STAT3_1	STAT3_transfac_M00225,STAT3,8,0.5006806821298037,0.11715312945592454,0.6066043417994611,-0.23715144930720536,0.8437557911066664,0,False,-0.5952380952380953,tumor-gain
STAT_known4	STAT5A_1	STAT5A-(homodimer)_transfac_M00457,STAT5A,3,0.7881811060580856,0.7509330623498602,2.341301523306238,0.28470688359410234,2.0565946397121357,0,False,,tumor-gain
STAT_known5	STAT5B_1	STAT5B-(homodimer)_transfac_M00459,STAT5B,6,0.8949915829998332,0.7037540652648263,0.16739874371365096,-0.10738926861045153,0.2747880123241025,0,False,-0.4285714285714286,neutral
STAT_known6	STAT5A_2	STAT5A-(homotetramer)_transfac_M00460,STAT5A,5,0.0006316789436484814,0.00013736290984720694,-0.2935405443049983,-0.5109934075734077,0.2174528632684094,0,False,0.3,neutral
STAT_known7	STAT1_2	STAT1_transfac_M00492,STAT1,9,1.0,0.7082595913977432,-0.650853506137385,-0.8904964455773057,0.23964293943992065,0,False,0.21666666666666667,neutral
STAT_known8	STAT5A_3	STAT5A_transfac_M00493,STAT5A,8,1.0,0.634576907810134,0.05769085799380727,-0.939981264708915,0.9976721227027222,0,False,-0.4191691916696406,normal-suppression
STAT_known9	STAT6_1	STAT6_transfac_M00494,STAT6,3,0.4939701370067069,0.4939701370067069,0.0,0.0,0.0,0,True,,neutral
STAU2_Hsapiens-hPDI-STAU2,STAU2,8,1.0,0.5007488766849718,0.3962397251498136,-0.7618978771925589,1.1581376023423724,0,False,0.09622504486493764,normal-suppression
STF1_Hsapiens-HOCOMOCOv10-STF1_HUMAN.H10MO.B,STF1,8,0.6673320026613433,0.2572969779846347,-0.2657625668528973,-0.7429347722726732,0.47717220541977595,0,False,-0.523809523809524,neutral
SUCLG1_Hsapiens-hPDI-SUCLG1,SUCLG1,3,0.33422103861517977,0.16744407323834357,0.86827952053372,0.6432206967272706,0.22505882380644948,0,False,,neutral
SUH_Hsapiens-HOCOMOCOv10-SUH_HUMAN.H10MO.C,SUH,8,0.9952940955016261,0.8169479115112667,0.6497014881064164,-0.11448375382062856,0.764185241927045,0,False,-0.3333333333333334,tumor-gain
Sox4_Hsapiens-UniPROBE-Sox4.UP00401,SOX4,3,0.4593162574340287,0.29794420839601626,0.837074822693827,-1.8698017209934235,2.7068765436872506,0,False,,tumor-gain
TAF1A_Hsapiens-hPDI-TAF1A,TAF1A,7,1.0,1.0,0.0,0.0,0.0,0,True,0.8153742483272114,neutral
TAF1_Hsapiens-SwissRegulon-TAF1.SwissRegulon,TAF1,10,0.16209707087152744,0.0717904282116179,0.8501156635856326,0.04860927953281634,0.8015063840528163,0,False,-0.3696969696969697,tumor-gain
TAGLN2_Hsapiens-hPDI-TAGLN2,TAGLN2,4,0.5007488766849718,0.5007488766849718,0.0,0.0,0.0,0,True,0.9486832980505139,neutral
TAL1::GATA1_Hsapiens-JASPAR_2014-TAL1::GATA1-MA0140.2,TAL1,9,0.7422874773353967,0.2162041050152057,-0.08318166315506996,-0.8657210986454515,0.7825394354903816,0,False,-0.06666666666666667,normal-suppression
TAL1::TCF3_Hsapiens-JASPAR_2014-TAL1::TCF3-MA0091.1,TAL1,8,0.4772856871317237,0.4297662041437001,-0.2508951736863125,-0.41576497842806287,0.1648698047417504,0,False,0.4047619047619048,neutral
TAL1::TCF3_Hsapiens-JASPAR_CORE-TAL1::TCF3-MA0091.1,TAL1,6,0.6439760751922547,0.51133263126398,-0.2063838793394521,-0.7273467817225701,0.5209629023831179,0,False,-0.08571428571428573,normal-suppression
TAL1::TCF3_Hsapiens-jaspar2016-TAL1::TCF3-MA0091.1,TAL1,7,0.39788364302396806,0.32827346242292693,0.9011128890904356,0.059337134919509586,0.8417757541709261,0,False,0.03571428571428572,tumor-gain
TAL1::TCF3_Hsapiens-jaspar2018-TAL1::TCF3-MA0091.1,TAL1,9,0.3579976078795487,0.2422275671285464,-0.9250033074853187,-1.058152119466944,0.13314881198162543,0,False,-0.19999999999999998,neutral
TAL1_Hsapiens-HOCOMOCOv10-TAL1_HUMAN.H10MO.A,TAL1,8,0.01574247864743495,0.01574247864743495,0.0,0.0,0.0,0,True,0.30952380952380953,neutral
TAL1_Hsapiens-HOCOMOCOv10-TAL1_HUMAN.H10MO.S,TAL1,8,1.0,0.20968345742689534,0.9836494475059633,-0.0886072706910286,1.072256718196992,0,False,-0.2142857142857143,tumor-gain
TAL1_Hsapiens-SwissRegulon-TAL1.SwissRegulon,TAL1,7,0.4328813304183903,0.3536360527950981,0.12590189803895707,-0.3938872087375981,0.5197891067765552,0,False,-0.21428571428571433,other
TAL1_Hsapiens-cisbp_1.02-M6500_1.02,TAL1,10,1.0,0.27878298566561227,-0.085918248799645,-0.8459823112982587,0.7600640624986137,0,False,0.24316221747202585,normal-suppression
TAL1_Hsapiens-cisbp_1.02-M6501_1.02,TAL1,9,0.013345761091431738,0.00012134386621583193,0.9963349751367306,-0.4987501584078788,1.4950851335446094,0,False,-0.5333333333333333,tumor-gain
TAL1_disc1 TAL1_K562_encode-Snyder_seq_hsa_IgG-mus-SC-12984_r1:MEME#3#Intergenic,TAL1,8,0.20520907619759887,0.20520907619759887,0.0,0.0,0.0,0,True,0.19047619047619052,neutral
TAL1_disc2 TAL1_K562_encode-Snyder_seq_hsa_IgG-mus-SC-12984_r1:Trawler#3#Intergenic,TAL1,6,0.23910918774966713,0.20728760108976405,1.0789283065680355,0.07731130755257985,1.0016169990154558,0,False,0.08571428571428573,tumor-gain
TAL1_known1	TAL1_1	Tal-1beta:E47_transfac_M00065,TAL1,10,0.8713826366559486,0.8713826366559486,0.0,0.0,0.0,0,True,0.7696969696969697,neutral
TAL1_known2	TAL1_2	Tal-1alpha:E47_transfac_M00066,TAL1,9,0.9460916442048517,0.9460916442048517,0.0,0.0,0.0,0,True,0.16666666666666669,neutral
TAL1_known3	TAL1_3	Tal-1beta:ITF-2_transfac_M00070,TAL1,10,1.0,0.7150997150997151,0.2551487976456619,0.0652729718104935,0.18987582583516838,0,False,0.5272727272727272,neutral
TAL1_known4	TAL1_4	TAL1_transfac_M00993,TAL1,10,1.0,0.5012468827930174,0.017361552760679487,-0.22244013396971174,0.23980168673039123,0,False,-0.3710777074567971,neutral
TAL1_known5	TAL1_5	TAL1::TCF3_jaspar_MA0091.1,TAL1,10,1.0,0.6133719974263909,0.10269618818786846,-0.3321462870763243,0.4348424752641928,0,False,-0.18787878787878787,neutral
TATA_disc1 TAF1_GM12878_encode-Myers_seq_hsa_r1:MDscan#2#Intergenic,TBP,9,1.0,0.5008565321486208,-0.0400332063497318,-1.129354874873621,1.0893216685238893,0,False,0.03333333333333333,normal-suppression
TATA_disc2 TAF1_GM12891_encode-Myers_seq_hsa_r1:MDscan#1#Intergenic,TBP,8,0.2926683661488056,0.17256660759651243,0.8683136041433557,0.13124233534934127,0.7370712687940144,0,False,-0.6666666666666669,tumor-gain
TATA_disc3 TAF1_GM12892_encode-Myers_seq_hsa_v041610.2_r1:Trawler#2#Intergenic,TBP,8,1.0,0.5817109594438301,-0.02198465121416928,-0.03141831370939603,0.009433662495226751,0,False,0.4285714285714286,neutral
TATA_disc5 TAF1_K562_encode-Myers_seq_hsa_v041610.1_r1:Trawler#3#Intergenic,TBP,2,0.15527555756036823,0.15527555756036823,0.0,0.0,0.0,0,True,,neutral
TATA_disc6 TBP_GM12878_encode-Snyder_seq_hsa_IgG-mus_r1:MEME#1#Intergenic,TBP,10,1.0,0.19019603947610225,-0.06206162749983886,-1.0117316759761454,0.9496700484763065,0,False,0.17575757575757575,normal-suppression
TATA_disc7 TAF1_GM12891_encode-Myers_seq_hsa_r1:MEME#2#Intergenic,TBP,7,0.9322033898305085,0.9322033898305085,0.0,0.0,0.0,0,True,-0.10714285714285716,neutral
TATA_disc8 TAF1_HeLa-S3_encode-Myers_seq_hsa_r1:Weeder#3#Intergenic,TBP,8,1.0,1.0,0.0,0.0,0.0,0,True,0.023809523809523815,neutral
TATA_known2	TBP_2	TATA_transfac_M00252,TBP,7,0.861809521520643,0.6565695897030583,2.8322443406611453,1.2286382587015778,1.6036060819595674,0,False,-0.14285714285714288,tumor-gain
TATA_known4	TBP_4	TBP_transfac_M00980,TBP,3,0.1680532445923461,0.15726490761449122,-0.37297616267479633,-0.8177603536580337,0.44478419098323735,0,False,,neutral
TATA_known5	TBP_5	TBP_jaspar_MA0108.2,TBP,8,0.6711111285268492,0.5512459233520921,3.471214287746033,1.1751564164463102,2.296057871299723,0,False,0.09523809523809526,tumor-gain
TBL1XR1_Hsapiens-SwissRegulon-TBL1XR1.SwissRegulon,TBL1XR1,2,0.41399166395097153,0.41399166395097153,0.0,0.0,0.0,0,True,,neutral
TBPL1_Hsapiens-hPDI-TBPL1,TBP,3,1.0,1.0,0.0,0.0,0.0,0,True,,neutral
TBP_Hsapiens-HOCOMOCOv10-TBP_HUMAN.H10MO.C,TBP,2,1.0,0.457391059896893,-0.5395568805071386,-1.4978603558636547,0.9583034753565162,0,False,,divergent
TBP_Hsapiens-SwissRegulon-TBP.SwissRegulon,TBP,10,0.7682101852251416,0.7682101852251416,0.0,0.0,0.0,0,True,0.11515151515151514,neutral
TBR1_1	TBR1_jolma_DBD_M260,TBR1,4,0.3171535190165552,0.24655543044323885,1.0974336808980218,-0.03872073568415708,1.1361544165821789,0,False,0.39999999999999997,tumor-gain
TBR1_2	TBR1_jolma_full_M261,TBR1,6,1.0,0.40470939462966793,-0.5683039321484911,-0.6967400671012633,0.12843613495277229,0,False,0.7142857142857143,neutral
TBR1_Hsapiens-HOCOMOCOv10-TBR1_HUMAN.H10MO.D,TBR1,5,0.6964545020628118,0.6964545020628118,0.0,0.0,0.0,0,True,0.9999999999999999,neutral
TBR1_Hsapiens-SwissRegulon-TBR1.SwissRegulon,TBR1,7,0.04262484503727065,0.03531364432424441,-0.27332978320759116,-0.9827761454400417,0.7094463622324505,0,False,-0.03571428571428572,normal-suppression
TBR1_Hsapiens-jaspar2016-TBR1-MA0802.1,TBR1,10,0.1007395600626757,0.05197205010971796,0.6965768743762438,-0.007856661492208823,0.7044335358684527,0,False,-0.406060606060606,tumor-gain
TBR1_Hsapiens-jaspar2018-TBR1-MA0802.1,TBR1,7,0.058776131788790875,0.029152727321885303,0.33023275335768304,-0.19758196727822888,0.527814720635912,0,False,-0.39285714285714296,other
TBX15_2	TBX15_jolma_DBD_M263,TBX1,7,0.03190275726403411,0.030151309841716586,1.3186540787956893,0.3278703738447079,0.9907837049509813,0,False,0.5,tumor-gain
TBX15_Hsapiens-SwissRegulon-TBX15.SwissRegulon,TBX1,8,0.0002064445200595393,9.08180007700878e-05,0.18637413036297326,-1.032490266106078,1.2188643964690513,0,False,0.023809523809523815,normal-suppression
TBX15_Hsapiens-jaspar2016-TBX15-MA0803.1,TBX1,8,0.00280883912984584,0.0002477660663621601,0.8255508136352816,0.28844711350188795,0.5371037001333936,0,False,0.0,tumor-gain
TBX15_Hsapiens-jaspar2018-TBX15-MA0803.1,TBX1,7,0.00043983822045670835,0.00018986326982975516,0.7720891317154581,-0.6494329824607906,1.4215221141762489,0,False,-0.42857142857142866,tumor-gain
TBX15_Hsapiens-jolma2013-TBX15,TBX1,8,0.055061128062217406,0.037786346278875164,-0.39054836102282603,-1.396747924069951,1.006199563047125,0,False,0.19047619047619052,normal-suppression
TBX15_Hsapiens-jolma2013-TBX15-2,TBX1,6,0.0002907273634267718,8.223757455400254e-05,-0.35781661603376885,-1.4361658474225591,1.0783492313887904,0,False,-0.08571428571428573,normal-suppression
TBX19_1	TBX19_jolma_DBD_M264,TBX1,4,0.3551383354033481,0.05594926844130489,-0.010084012960699667,-0.5638856309180323,0.5538016179573326,0,False,-0.7999999999999999,normal-suppression
TBX19_Hsapiens-HOCOMOCOv10-TBX19_HUMAN.H10MO.D,TBX1,9,0.5485365813283761,0.06496521536567629,0.08470664809829742,-0.4410538056651822,0.5257604537634797,0,False,-0.6166666666666666,other
TBX19_Hsapiens-SwissRegulon-TBX19.SwissRegulon,TBX1,5,0.37096487809297335,0.37096487809297335,0.0,0.0,0.0,0,True,0.6,neutral
TBX19_Hsapiens-jaspar2016-TBX19-MA0804.1,TBX1,6,0.6723723685444779,0.07164017611284447,0.6409787848753462,-0.00600886819194257,0.6469876530672888,0,False,-0.3142857142857143,tumor-gain
TBX19_Hsapiens-jaspar2018-TBX19-MA0804.1,TBX1,3,0.09408802819701904,0.016543689317157446,0.3168441482063067,-0.12837919042427354,0.4452233386305802,0,False,,neutral
TBX19_Hsapiens-jolma2013-TBX19,TBX1,3,0.3302637988235772,0.09916985683295493,0.07347011762637728,-0.14973551612728786,0.22320563375366514,0,False,,neutral
TBX1_2	TBX1_jolma_DBD_M266,TBX1,7,0.1402944027464182,0.1402944027464182,0.0,0.0,0.0,0,True,0.28571428571428575,neutral
TBX1_3	TBX1_jolma_DBD_M267,TBX1,8,0.011264691018698186,0.005355718090226167,1.6540653671870698,-0.5526517344346135,2.2067171016216833,0,False,-0.4285714285714286,tumor-gain
TBX1_4	TBX1_jolma_DBD_M268,TBX1,3,0.8720182655490013,0.8720182655490013,0.0,0.0,0.0,0,True,,neutral
TBX1_Hsapiens-SwissRegulon-TBX1.SwissRegulon,TBX1,5,0.00012116844397686936,2.0171874760150733e-05,0.603580735362234,-0.08508501161611885,0.6886657469783528,0,False,-0.7,tumor-gain
TBX1_Hsapiens-jaspar2016-TBX1-MA0805.1,TBX1,4,0.0029994809993164834,0.00025629250504243076,0.13595949843915825,0.06865286353937028,0.06730663489978797,0,False,-0.19999999999999998,neutral
TBX1_Hsapiens-jaspar2018-TBX1-MA0805.1,TBX1,7,0.00069204287337071,0.0005902101912622072,-0.24646519551156687,-0.39937870541118287,0.152913509899616,0,False,0.5357142857142858,neutral
TBX1_Hsapiens-jolma2013-TBX1,TBX1,3,0.16400377089039064,0.10811935662291587,-0.12029698298591857,-0.21417722194302355,0.09388023895710498,0,False,,neutral
TBX1_Hsapiens-jolma2013-TBX1-2,TBX1,5,0.03901114305634696,0.03887112696607189,1.2035153064601969,-0.1083525214587596,1.3118678279189564,0,False,0.0,tumor-gain
TBX1_Hsapiens-jolma2013-TBX1-3,TBX1,8,0.0007800071602466459,1.0746385467898039e-05,0.6925498799006595,-1.844163325767272,2.5367132056679313,0,False,-0.3333333333333334,tumor-gain
TBX1_Hsapiens-jolma2013-TBX1-5,TBX1,5,0.3109095230040404,0.2576957079566904,0.2069617637663476,-0.5930765744519543,0.8000383382183018,0,False,0.19999999999999998,normal-suppression
TBX20_1	TBX20_jolma_DBD_M269,TBX20,10,1.0,1.0,0.0,0.0,0.0,0,True,-0.24848484848484845,neutral
TBX20_2	TBX20_jolma_DBD_M270,TBX20,8,0.3179295920253589,0.18302294981246198,-0.01912455484661256,-0.3857441666587852,0.3666196118121726,0,False,0.09523809523809526,neutral
TBX20_3	TBX20_jolma_DBD_M271,TBX20,7,1.0,1.0,0.0,0.0,0.0,0,True,0.21428571428571433,neutral
TBX20_4	TBX20_jolma_full_M272,TBX20,6,1.0,0.29819822115752187,0.273668431691599,-1.7101361354877194,1.9838045671793183,0,False,-0.2571428571428572,normal-suppression
TBX20_5	TBX20_jolma_full_M814,TBX20,9,0.7922909195323224,0.21911927247585558,-0.6093561580348876,-1.3318670800411065,0.7225109220062189,0,False,-0.06666666666666667,divergent
TBX20_Hsapiens-HOCOMOCOv10-TBX20_HUMAN.H10MO.D,TBX20,7,0.3878488046298082,0.08181782462811629,0.0012566523838853402,-1.496732026161588,1.4979886785454732,0,False,-0.1785714285714286,normal-suppression
TBX20_Hsapiens-SwissRegulon-TBX20.SwissRegulon,TBX20,9,0.18718440489458213,0.11731497822680167,0.5502631705256789,-1.303823446019259,1.854086616544938,0,False,-0.3666666666666667,tumor-gain
TBX20_Hsapiens-jaspar2016-TBX20-MA0689.1,TBX20,7,0.0954698405547319,0.0740717440217767,0.12403144007008433,-1.0808518960467897,1.204883336116874,0,False,-0.42857142857142866,normal-suppression
TBX20_Hsapiens-jaspar2018-TBX20-MA0689.1,TBX20,8,0.06706447588021124,0.042937942843291915,-0.16470374935012957,-3.0522481856184758,2.887544436268346,0,False,-0.023809523809523815,normal-suppression
TBX20_Hsapiens-jolma2013-TBX20,TBX20,10,0.1741895950525852,0.14467727910678452,0.5008984585199068,-0.06035432916310556,0.5612527876830123,0,False,0.35757575757575755,tumor-gain
TBX20_Hsapiens-jolma2013-TBX20-2,TBX20,9,0.1555440182346899,0.06518130614647233,0.18822132026427976,-0.46000926790291025,0.64823058816719,0,False,-0.5666666666666667,other
TBX20_Hsapiens-jolma2013-TBX20-3,TBX20,10,0.6319343410578657,0.425471536426783,0.5263205529261938,0.17524480190594716,0.3510757510202467,0,False,0.5030303030303029,neutral
TBX20_Hsapiens-jolma2013-TBX20-4,TBX20,8,0.047751108485497004,0.03259413403141824,-0.19043319562625508,-0.25625762044845785,0.06582442482220277,0,False,-0.07142857142857144,neutral
TBX20_Hsapiens-jolma2013-TBX20-5,TBX20,10,0.23967608369059462,0.1381686708101788,0.38382569600394223,-0.15317501419797502,0.5370007102019172,0,False,-0.10303030303030303,other
TBX21_1	TBX21_jolma_DBD_M273,TBX21,8,0.8785761343770587,0.8785761343770587,0.0,0.0,0.0,0,True,0.6190476190476191,neutral
TBX21_2	TBX21_jolma_DBD_M274,TBX21,8,1.0,0.2142377909372984,0.28590598436437703,-0.5707296226988329,0.85663560706321,0,False,0.1666666666666667,normal-suppression
TBX21_3	TBX21_jolma_DBD_M275,TBX21,6,1.0,0.7804722305161309,0.21347376489884864,0.07094729692578564,0.142526467973063,0,False,0.4285714285714286,neutral
TBX21_4	TBX21_jolma_full_M276,TBX21,9,0.19768386455496684,0.038515919272708046,0.6117755358438516,0.3003561269304047,0.3114194089134469,0,False,0.3,neutral
TBX21_5	TBX21_jolma_full_M277,TBX21,7,0.1403534422722498,0.1403534422722498,0.0,0.0,0.0,0,True,0.03571428571428572,neutral
TBX21_6	TBX21_jolma_full_M278,TBX21,8,1.0,0.29276906975537864,-0.008681215668486689,-0.5022783996467934,0.49359718397830676,0,False,-0.09523809523809526,neutral
TBX21_Hsapiens-HOCOMOCOv10-TBX21_HUMAN.H10MO.D,TBX21,5,0.497730263600119,0.30709011939802905,-0.053951430217002584,-0.9477126845791404,0.8937612543621378,0,False,-0.7,normal-suppression
TBX21_Hsapiens-SwissRegulon-TBX21.SwissRegulon,TBX21,6,0.015537803263227404,0.010313852886875727,-0.3097107519219668,-1.1063363947780507,0.7966256428560838,0,False,0.14285714285714288,normal-suppression
TBX21_Hsapiens-jaspar2016-TBX21-MA0690.1,TBX21,8,0.04124520738931642,0.04124520738931642,0.0,0.0,0.0,0,True,0.19047619047619052,neutral
TBX21_Hsapiens-jaspar2018-TBX21-MA0690.1,TBX21,9,0.03393314446142338,0.02249606142183503,1.354876171386604,-0.000593978705432312,1.3554701500920363,0,False,-0.26666666666666666,tumor-gain
TBX21_Hsapiens-jolma2013-TBX21,TBX21,5,0.34697674864449346,0.21000469090690138,0.15758387996855977,-0.7120318911122958,0.8696157710808556,0,False,-0.7999999999999999,normal-suppression
TBX21_Hsapiens-jolma2013-TBX21-2,TBX21,8,0.0481260376515064,0.0481260376515064,0.0,0.0,0.0,0,True,0.9047619047619048,neutral
TBX21_Hsapiens-jolma2013-TBX21-3,TBX21,9,0.7087128171439969,0.5167637180551151,0.47245806006430285,-0.9516716386182345,1.4241296986825374,0,False,0.09999999999999999,normal-suppression
TBX21_Hsapiens-jolma2013-TBX21-4,TBX21,9,0.02472670881042232,0.015540738197535448,1.0813581985942777,0.8957243127858331,0.18563388580844464,0,False,-0.6166666666666666,neutral
TBX21_Hsapiens-jolma2013-TBX21-5,TBX21,5,0.016978522653073987,0.016978522653073987,0.0,0.0,0.0,0,True,0.0,neutral
TBX21_Hsapiens-jolma2013-TBX21-6,TBX21,8,0.17868182569579633,0.15726920934241298,0.31822403204252575,-0.08925216059810305,0.4074761926406288,0,False,0.38095238095238104,neutral
TBX2_1	TBX2_jolma_full_M279,TBX2,9,0.7867501148422872,0.39417231331574687,0.549243929215154,-0.19989704778629708,0.749140977001451,0,False,0.03333333333333333,tumor-gain
TBX2_2	TBX2_jolma_full_M280,TBX2,6,0.28418500165169414,0.22615576210436786,0.7067360443608903,-0.34114581625958773,1.047881860620478,0,False,0.14285714285714288,tumor-gain
TBX2_Hsapiens-HOCOMOCOv10-TBX2_HUMAN.H10MO.D,TBX2,8,0.03610259589098401,3.664083281465371e-05,0.12187339697372818,-0.5752470906142907,0.6971204875880188,0,False,-0.5000000000000001,normal-suppression
TBX2_Hsapiens-SwissRegulon-TBX2.SwissRegulon,TBX2,7,0.11227047498866022,0.05903378865293852,-0.04991844651233087,-0.4399262095818445,0.3900077630695136,0,False,-0.8214285714285715,neutral
TBX2_Hsapiens-jaspar2016-TBX2-MA0688.1,TBX2,5,0.1490582783993913,0.1490582783993913,0.0,0.0,0.0,0,True,0.49999999999999994,neutral
TBX2_Hsapiens-jaspar2018-TBX2-MA0688.1,TBX2,6,0.19043336456709903,0.12331934475407934,-0.2604242595084085,-1.0362240038165433,0.7757997443081348,0,False,0.2571428571428572,normal-suppression
TBX2_Hsapiens-jolma2013-TBX2,TBX2,5,0.5091765934232331,0.18620176087502205,-0.3842125777434771,-1.814414381606186,1.430201803862709,0,False,-0.9999999999999999,normal-suppression
TBX2_Hsapiens-jolma2013-TBX2-2,TBX2,5,0.1291436436925437,0.1291436436925437,0.0,0.0,0.0,0,True,0.8999999999999998,neutral
TBX3_Hsapiens-HOCOMOCOv10-TBX3_HUMAN.H10MO.D,TBX3,5,0.375998501998,0.0019488604175471125,0.5225370363991592,-1.5905788521197244,2.1131158885188834,0,False,-0.8999999999999998,tumor-gain
TBX3_Hsapiens-SwissRegulon-TBX3.SwissRegulon,TBX3,8,0.23820205647211115,0.03455332676268512,1.2617368721581652,0.02146823395007834,1.240268638208087,0,False,0.2142857142857143,tumor-gain
TBX4_1	TBX4_jolma_DBD_M281,TBX4,8,0.044877811103350956,0.025919735760381712,1.4964175594003284,1.0428388761995948,0.4535786832007336,0,False,0.11904761904761905,neutral
TBX4_2	TBX4_jolma_DBD_M282,TBX4,4,0.36244294282551015,0.338750434957252,0.23313268815056803,-0.5800996698013505,0.8132323579519185,0,False,0.6000000000000001,normal-suppression
TBX4_Hsapiens-HOCOMOCOv10-TBX4_HUMAN.H10MO.D,TBX4,7,0.4115129308465403,0.4115129308465403,0.0,0.0,0.0,0,True,0.10714285714285716,neutral
TBX4_Hsapiens-SwissRegulon-TBX4.SwissRegulon,TBX4,7,0.003089403697516871,0.0009991442920310352,0.5210010391815733,0.34300272225938216,0.1779983169221911,0,False,-0.03571428571428572,neutral
TBX4_Hsapiens-jaspar2016-TBX4-MA0806.1,TBX4,9,0.011478384748381393,0.008768678486741451,2.385112598285705,-0.06056968574721204,2.445682284032917,0,False,0.2833333333333333,tumor-gain
TBX4_Hsapiens-jaspar2018-TBX4-MA0806.1,TBX4,7,0.005710969981327014,0.005656122895382713,2.1230612614575026,0.06822259925040794,2.0548386622070947,0,False,-0.10714285714285716,tumor-gain
TBX4_Hsapiens-jolma2013-TBX4,TBX4,10,0.0062695533564376855,0.004117889807152995,1.1120826994439887,-0.05470449197265102,1.1667871914166397,0,False,0.5151515151515151,tumor-gain
TBX4_Hsapiens-jolma2013-TBX4-2,TBX4,5,0.49348236721910604,0.49348236721910604,0.0,0.0,0.0,0,True,0.49999999999999994,neutral
TBX5_1	TBX5_transfac_M01019,TBX5,8,0.9233070023001021,0.8524849573756804,0.48245393768843003,-1.5008685690526502,1.9833225067410802,0,False,-0.1666666666666667,normal-suppression
TBX5_2	TBX5_transfac_M01020,TBX5,10,1.0,0.500936681807038,0.10433963885416817,-1.2896046317690764,1.3939442706232446,0,False,-0.15902809940714097,normal-suppression
TBX5_3	TBX5_transfac_M01044,TBX5,9,1.0,0.08070410027661812,-0.09654853692222518,-0.1807470366187669,0.08419849969654172,0,False,0.4050957468334666,neutral
TBX5_4	TBX5_jolma_DBD_M283,TBX5,8,0.05721533328465951,0.036001008446044966,-0.13559415549786613,-0.45233312069199927,0.31673896519413314,0,False,-0.28571428571428575,neutral
TBX5_5	TBX5_jolma_DBD_M284,TBX5,2,0.33069416646172556,0.33069416646172556,0.0,0.0,0.0,0,True,,neutral
TBX5_Hsapiens-HOCOMOCOv10-TBX5_HUMAN.H10MO.D,TBX5,6,0.09095542190987399,0.04997589114354413,0.3679510456812221,-0.36271596406769596,0.7306670097489181,0,False,0.6,other
TBX5_Hsapiens-SwissRegulon-TBX5.SwissRegulon,TBX5,10,0.07059933189780666,0.017126705378126782,-0.26981793367245227,-0.7344475332795491,0.4646295996070969,0,False,-0.34545454545454546,neutral
TBX5_Hsapiens-jaspar2016-TBX5-MA0807.1,TBX5,7,0.022138448342643627,0.020367169636110783,0.8913532230186604,0.15631264530747482,0.7350405777111856,0,False,-0.3214285714285715,tumor-gain
TBX5_Hsapiens-jaspar2018-TBX5-MA0807.1,TBX5,9,0.015965502862670955,0.011990474254619425,1.7197059648940207,1.3557169199060695,0.36398904498795126,0,False,0.35,neutral
TBX5_Hsapiens-jolma2013-TBX5,TBX5,8,0.013033253988273829,0.006980326142558427,2.162219496678212,0.20421030148850447,1.9580091951897074,0,False,0.38095238095238104,tumor-gain
TBX5_Hsapiens-jolma2013-TBX5-2,TBX5,4,0.2837613909638053,0.21711978713123437,0.7216617382730354,-1.175737256888304,1.8973989951613395,0,False,0.39999999999999997,tumor-gain
TCEAL2_Hsapiens-hPDI-TCEAL2,TCEAL2,7,1.0,0.5839747229352626,0.0691873543077795,0.052988438991814005,0.016198915315965498,0,False,0.3243374865704013,neutral
TCEAL6_Hsapiens-hPDI-TCEAL6,TCEAL6,7,0.6672212978369384,0.26746599270748456,0.05095101245060494,-1.688433198077239,1.7393842105278439,0,False,-0.14285714285714288,normal-suppression
TCF12_Hsapiens-SwissRegulon-TCF12.SwissRegulon,TCF12,10,0.5917486716087412,0.46132930292062085,-0.013043428700195042,-0.8099700430356267,0.7969266143354317,0,False,-0.006060606060606061,normal-suppression
TCF12_Hsapiens-cisbp_1.02-M4479_1.02,TCF12,10,1.0,0.5298747786296066,0.31030317159431414,-0.7343871991174383,1.0446903707117525,0,False,-0.5757575757575757,normal-suppression
TCF12_Hsapiens-cisbp_1.02-M4513_1.02,TCF12,10,1.0,0.3919102448194422,0.05799653568345042,-0.532003999657247,0.5900005353406974,0,False,0.5030303030303029,normal-suppression
TCF12_Hsapiens-cisbp_1.02-M6288_1.02,TCF12,10,0.7901863401048462,0.2787285944172803,-0.15432425467872105,-0.5473106620475073,0.3929864073687863,0,False,0.0303030303030303,neutral
TCF12_disc1 TCF12_H1-hESC_encode-Myers_seq_hsa_r1:MEME#1#Intergenic,TCF12,10,1.0,0.1875761472857723,-0.3569743571187666,-0.9940479114782399,0.6370735543594732,0,False,-0.6969696969696969,normal-suppression
TCF12_disc2 TCF12_HepG2_encode-Myers_seq_hsa_r1:MDscan#2#Intergenic,TCF12,4,0.6191741242401032,0.34276215018834855,1.4872536073740859,0.7324429658344142,0.7548106415396717,0,False,0.39999999999999997,tumor-gain
TCF12_disc3 TCF12_H1-hESC_encode-Myers_seq_hsa_r1:Trawler#2#Intergenic,TCF12,7,1.0,0.22586840262073293,1.142093324354261,1.0094705549409717,0.13262276941328932,0,False,0.1785714285714286,neutral
TCF12_disc4 TCF12_GM12878_encode-Myers_seq_hsa_r1:Trawler#2#Intergenic,TCF12,8,0.3343534800834081,0.028478191956513108,-0.16268064562765436,-0.9220179481533536,0.7593373025256992,0,False,-0.4761904761904762,normal-suppression
TCF12_disc5 TCF12_H1-hESC_encode-Myers_seq_hsa_r1:AlignACE#3#Intergenic,TCF12,10,0.9209697138593479,0.9209697138593479,0.0,0.0,0.0,0,True,0.11515151515151514,neutral
TCF12_disc6 TCF12_H1-hESC_encode-Myers_seq_hsa_r1:Trawler#1#Intergenic,TCF12,10,1.0,0.2390378537193394,-1.3529943794282704,-2.5223285456077424,1.169334166179472,0,False,-0.01818181818181818,divergent
TCF12_known1	TCF12_1	HEB_transfac_M00698,TCF12,4,1.0,0.6672212978369385,0.23069876601762065,0.08216135155755273,0.1485374144600679,0,False,0.316227766016838,neutral
TCF21_1	Tcf21_jolma_DBD_M350,TCF21,8,1.0,0.5014223720220418,-0.06260714224281046,-0.8981411388601572,0.8355339966173467,0,False,0.09523809523809526,normal-suppression
TCF21_Hsapiens-SwissRegulon-TCF21.SwissRegulon,TCF21,7,0.5113997451722015,0.5113997451722015,0.0,0.0,0.0,0,True,0.25,neutral
TCF3_1	E47_transfac_M00002,TCF3,8,1.0,0.2511439053675451,0.7573789195668874,0.6818909265947594,0.07548799297212805,0,False,-0.4879500364742666,neutral
TCF3_2	E47_transfac_M00071,TCF3,10,0.6167550970129971,0.2173778758408706,-0.010005753112820615,-0.8850234624172925,0.8750177093044719,0,False,-0.2727272727272727,normal-suppression
TCF3_3	E12_transfac_M00693,TCF3,8,0.800439034562996,0.6008780691259921,-0.25610568404086653,-0.5187756973698956,0.26267001332902906,0,False,0.14285714285714288,neutral
TCF3_4	E2A_transfac_M00804,TCF3,9,1.0,0.7508098687364752,0.5430925682325252,0.11335010007355317,0.429742468158972,0,False,-0.008549819600709618,neutral
TCF3_5	E2A_transfac_M00973,TCF3,10,1.0,0.3088616662358572,0.4526949359962586,0.33656175848864645,0.11613317750761215,0,False,-0.1510509824098722,neutral
TCF3_6	Tcfe2a_bulyk_sc09-primary,TCF3,9,0.2441392573016338,0.07289258004619666,0.07267913295322563,-0.8993791219968548,0.9720582549500804,0,False,-0.15,normal-suppression
TCF3_7	TCF3_jolma_DBD_M343,TCF3,10,0.7739209748977298,0.5869104509937622,0.23061926855451148,-0.7887510822987439,1.0193703508532554,0,False,-0.5151515151515151,normal-suppression
TCF3_Hsapiens-SwissRegulon-TCF3.SwissRegulon,TCF3,10,1.0,0.5490196872393305,-0.023916618542737394,-0.6706306854517787,0.6467140669090413,0,False,-0.06666666666666665,normal-suppression
TCF3_Hsapiens-cisbp_1.02-M3154_1.02,TCF3,9,1.0,0.7506856145599602,1.095724998133292,0.7049088426176936,0.39081615551559834,0,False,0.32208016421988495,neutral
TCF3_Hsapiens-cisbp_1.02-M3155_1.02,TCF3,9,0.8337950138504155,0.8337950138504155,0.0,0.0,0.0,0,True,0.31666666666666665,neutral
TCF3_Hsapiens-cisbp_1.02-M5900_1.02,TCF3,10,0.7639725987488841,0.6922967263270197,0.03239532163171427,-1.0153354903020662,1.0477308119337805,0,False,0.13939393939393938,normal-suppression
TCF3_Hsapiens-cisbp_1.02-M6516_1.02,TCF3,10,1.0,0.9525267651519634,0.1564438608857687,-0.18951335412083123,0.3459572150065999,0,False,0.6727272727272726,neutral
TCF3_Hsapiens-hPDI-TCF3,TCF3,6,0.5721009841677372,0.18724838671226912,-1.7652656626739092,-3.693266237256375,1.9280005745824658,0,False,-0.5428571428571429,divergent
TCF3_Hsapiens-jaspar2016-TCF3-MA0522.2,TCF3,10,0.5049009880798304,0.3391225419818401,0.33683714048242525,0.20691696875082277,0.12992017173160247,0,False,0.32121212121212117,neutral
TCF3_Hsapiens-jaspar2018-TCF3-MA0522.2,TCF3,9,0.1484552748628652,0.1484552748628652,0.0,0.0,0.0,0,True,0.26666666666666666,neutral
TCF3_Hsapiens-jolma2013-TCF3,TCF3,10,0.10454278537053198,0.10454278537053198,0.0,0.0,0.0,0,True,0.01818181818181818,neutral
TCF4_1	TCF4_jolma_DBD_M344,TCF4,10,0.8624325168552371,0.6904067209849964,0.4114998810478725,0.31079113601715547,0.10070874503071703,0,False,-0.2727272727272727,neutral
TCF4_2	TCF4_jolma_full_M345,TCF4,8,0.6561408848040524,0.4436718909437798,0.39143027697029226,0.3728423613162117,0.018587915654080578,0,False,0.4285714285714286,neutral
TCF4_Hsapiens-SwissRegulon-TCF4.SwissRegulon,TCF4,6,0.10438128139313699,0.10438128139313699,0.0,0.0,0.0,0,True,0.7714285714285715,neutral
TCF4_Hsapiens-cisbp_1.02-M5901_1.02,TCF4,8,0.8624314961186514,0.8473708887429979,0.2604596706260938,-0.40259759404526924,0.6630572646713631,0,False,-0.07142857142857144,other
TCF4_Hsapiens-cisbp_1.02-M5902_1.02,TCF4,10,0.4634051713348846,0.298822272609376,0.16509356308947398,-0.2787584781626782,0.44385204125215216,0,False,0.28484848484848485,neutral
TCF4_Hsapiens-cisbp_1.02-M6316_1.02,TCF4,9,1.0,0.9459591262601257,0.03800851443692323,-0.6703559306054178,0.708364445042341,0,False,0.5166666666666667,normal-suppression
TCF4_Hsapiens-jaspar2016-TCF4-MA0830.1,TCF4,10,0.23145130558793425,0.23145130558793425,0.0,0.0,0.0,0,True,0.6727272727272726,neutral
TCF4_Hsapiens-jaspar2018-TCF4-MA0830.1,TCF4,10,0.09770617014754658,0.053604818160130005,0.08305054539705599,-0.7187131557967782,0.8017637011938342,0,False,0.4545454545454545,normal-suppression
TCF4_Hsapiens-jolma2013-TCF4,TCF4,9,0.06124431964570056,0.06124431964570056,0.0,0.0,0.0,0,True,0.4666666666666666,neutral
TCF4_Hsapiens-jolma2013-TCF4-2,TCF4,7,0.3999061141345289,0.2866261169933169,0.540200862511866,-0.34880176297597276,0.8890026254878388,0,False,0.07142857142857144,tumor-gain
TCF7L1_1	Tcf3_bulyk_sc09-primary,TCF7,3,0.0638312382585877,0.027195638894041176,-0.154492507562798,-0.6939386801951941,0.5394461726323961,0,False,,normal-suppression
TCF7L1_Hsapiens-SwissRegulon-TCF7L1.SwissRegulon,TCF7,9,0.859832680505104,0.34734334089847213,-0.2995789351026942,-0.6396333497131815,0.34005441461048735,0,False,-0.13333333333333333,neutral
TCF7L1_Hsapiens-jaspar2018-TCF7L1-MA1421.1,TCF7,4,0.057783026275290625,0.038787741716612055,0.6926535272345566,-1.2999280039641545,1.9925815311987112,0,False,-1.0,tumor-gain
TCF7L1_Hsapiens-jolma2013-TCF7L1,TCF7,3,0.032499230397115025,0.032499230397115025,0.0,0.0,0.0,0,True,,neutral
TCF7L2_Hsapiens-JASPAR_2014-TCF7L2-MA0523.1,TCF7,2,0.8396731226715776,0.5832532663017411,0.7157570038161264,-0.9715958795780989,1.6873528833942253,0,False,,tumor-gain
TCF7L2_Hsapiens-SwissRegulon-TCF7L2.SwissRegulon,TCF7,5,0.9261415742923438,0.4680790722897485,-0.12723218926719662,-0.21542861816116185,0.08819642889396523,0,False,-0.19999999999999998,neutral
TCF7L2_Hsapiens-jaspar2016-TCF7L2-MA0523.1,TCF7,2,0.4304669554490734,0.40101142719560573,-0.12081159591160842,-0.6372764598022336,0.5164648638906252,0,False,,normal-suppression
TCF7L2_Hsapiens-jaspar2018-TCF7L2-MA0523.1,TCF7,3,0.39378126223769877,0.39378126223769877,0.0,0.0,0.0,0,True,,neutral
TCF7L2_disc1 TCF7L2_HCT-116_encode-Snyder_seq_hsa_r1:MDscan#1#Intergenic,TCF7,10,0.8552730361645425,0.8427305901077092,-0.5056892358789159,-1.5198452734704568,1.0141560375915408,0,False,0.3696969696969697,divergent
TCF7L2_disc2 TCF7L2_HepG2b_encode-Snyder_seq_hsa_r1:MDscan#1#Intergenic,TCF7,8,1.0,0.2833945031348681,1.01562331110575,0.058304705742421255,0.9573186053633287,0,False,-0.5714285714285715,tumor-gain
TCF7L2_known1	TCF7L2_1	TCF-4_transfac_M00671,TCF7,6,1.0,0.6673313373253493,0.05328912532210326,-1.3886124728320512,1.4419015981541545,0,False,0.5797710356524485,normal-suppression
TCF7L2_known2	LEF1_1	LEF1_transfac_M00805,TCF7,4,0.18278376776831606,0.09198209534512027,0.43594722152599613,-0.39188813634515846,0.8278353578711546,0,False,-0.316227766016838,other
"TCF7L2_known3	LEF1_2	LEF1,-TCF1_transfac_M00978",TCF7,9,0.7782215568862275,0.6258429791399144,0.39437998771324356,0.054802924420935525,0.339577063292308,0,False,0.049999999999999996,neutral
TCF7L2_known4	LEF1_3	LEF1_transfac_M01022,TCF7,7,1.0,1.0,0.0,0.0,0.0,0,True,0.14414999403128945,neutral
TCF7L2_known5	LEF1_4	Lef1_bulyk_sc09-primary,TCF7,7,0.6992854416278886,0.2944198370098821,0.06884639551475079,-0.279004008147489,0.3478504036622398,0,False,-0.4642857142857144,neutral
TCF7L2_known6	TCF7L2_2	Tcf7l2_bulyk_sc09-primary,TCF7,7,0.27096174648657845,0.13154005613739997,-0.17658764440508173,-0.1989007050954572,0.022313060690375475,0,False,0.07142857142857144,neutral
TCF7L2_known7	LEF1_5	LEF1_jolma_DBD_M135,TCF7,5,1.0,0.85596693265422,0.2535066301879341,-0.7446356509437058,0.9981422811316398,0,False,0.3,normal-suppression
TCF7_2	Tcf7_jolma_DBD_M138,TCF7,3,0.09127433293589554,0.09127433293589554,0.0,0.0,0.0,0,True,,neutral
TCF7_Hsapiens-HOCOMOCOv10-TCF7_HUMAN.H10MO.C,TCF7,6,1.0,1.0,0.0,0.0,0.0,0,True,0.20291986247835694,neutral
TCF7_Hsapiens-SwissRegulon-TCF7.SwissRegulon,TCF7,5,0.69928429662597,0.5008383356158247,0.2848660649920144,-0.01686534968910172,0.3017314146811161,0,False,-0.3,neutral
TEAD1_1	TEF-1_transfac_M00704,TEAD1,2,1.0,0.6672212978369385,-4.369693156713894,-4.696319940207229,0.3266267834933352,0,False,,neutral
TEAD1_2	TEAD1_jaspar_MA0090.1,TEAD1,10,1.0,0.7507485052328068,-0.10749130070070209,-1.4510600672593799,1.3435687665586777,0,False,0.19512557866211336,normal-suppression
TEAD1_3	TEAD1_jolma_full_M286,TEAD1,9,1.0,0.6528984873823294,-1.2536385940585457,-2.7395310657792,1.485892471720654,0,False,-0.06666666666666667,divergent
TEAD1_4	TEAD1_jolma_full_M287,TEAD1,9,0.9179350504230261,0.7422725042408074,0.5157956293903424,-0.08480694136079482,0.6006025707511372,0,False,0.25104822262671694,tumor-gain
TEAD1_Hsapiens-HOCOMOCOv10-TEAD1_HUMAN.H10MO.D,TEAD1,10,1.0,0.778276641507785,-0.03805774022687728,-0.29144032640566236,0.25338258617878506,0,False,0.4424242424242424,neutral
TEAD1_Hsapiens-JASPAR_2014-TEAD1-MA0090.1,TEAD1,10,0.3070309914484473,0.25091569499225386,1.2943139846388374,-0.27876051458572704,1.5730744992245644,0,False,-0.14067870332170163,tumor-gain
TEAD1_Hsapiens-JASPAR_CORE-TEAD1-MA0090.1,TEAD1,8,0.5366154815644352,0.5366154815644352,0.0,0.0,0.0,0,True,0.37126414119311024,neutral
TEAD1_Hsapiens-SwissRegulon-TEAD1.SwissRegulon,TEAD1,10,0.4504117624990824,0.3855651139021533,2.478065781213222,1.4446610954934638,1.0334046857197583,0,False,-0.01818181818181818,tumor-gain
TEAD1_Hsapiens-hPDI-TEAD1,TEAD1,4,0.500998003992016,0.500998003992016,0.0,0.0,0.0,0,True,,neutral
TEAD1_Hsapiens-jaspar2016-TEAD1-MA0090.1,TEAD1,9,0.272916708129611,0.18853026541941867,-0.18598625199389054,-2.944343352355645,2.7583571003617546,0,False,-0.04184137043778616,normal-suppression
TEAD1_Hsapiens-jaspar2016-TEAD1-MA0090.2,TEAD1,9,0.5700358045571677,0.5375181630227676,0.07138063667700185,-0.6956414912118635,0.7670221278888654,0,False,0.35,normal-suppression
TEAD1_Hsapiens-jaspar2018-TEAD1-MA0090.1,TEAD1,10,0.1912285805653309,0.1683300066533599,-1.90492988239061,-4.241560677990221,2.336630795599611,0,False,0.146344183996585,divergent
TEAD1_Hsapiens-jaspar2018-TEAD1-MA0090.2,TEAD1,8,0.3095483047357267,0.267953891964558,-0.4320874348355887,-3.562459947416615,3.1303725125810264,0,False,0.11904761904761905,normal-suppression
TEAD1_Hsapiens-jolma2013-TEAD1,TEAD1,7,0.23639308957588337,0.2307598981903908,-0.7896640315055948,-1.2383790974010584,0.4487150658954636,0,False,0.03571428571428572,neutral
TEAD1_Hsapiens-jolma2013-TEAD1-2,TEAD1,8,1.0,0.6417329348427672,1.1066510982064228,0.5844406658698084,0.5222104323366145,0,False,-0.670670706671425,tumor-gain
TEAD2_1	ETF_transfac_M00695,TEAD2,2,0.8005186520233912,0.18278376776831606,0.7955746694122071,-0.7885147401262215,1.5840894095384286,0,False,,tumor-gain
TEAD2_Hsapiens-jaspar2018-TEAD2-MA1121.1,TEAD2,10,1.0,0.5261324659255376,-1.9209829250098536,-3.2287961208559817,1.307813195846128,0,False,0.19999999999999998,divergent
TEAD3_1	TEAD3_jolma_DBD_M288,TEAD3,8,0.8684666696298222,0.7676444686592652,0.2883375405168337,-0.30035327737234435,0.5886908178891781,0,False,0.2142857142857143,other
TEAD3_2	TEAD3_jolma_DBD_M289,TEAD3,7,1.0,0.12328585806199852,-4.404260495132149,-5.587013048065565,1.1827525529334153,0,False,-0.642857142857143,divergent
TEAD3_Hsapiens-HOCOMOCOv10-TEAD3_HUMAN.H10MO.D,TEAD3,4,1.0,1.0,0.0,0.0,0.0,0,True,0.21081851067789195,neutral
TEAD3_Hsapiens-SwissRegulon-TEAD3.SwissRegulon,TEAD3,9,0.007059722521628553,0.005029652237852204,3.308766326420865,1.1940489799017773,2.114717346519088,0,False,0.15,tumor-gain
TEAD3_Hsapiens-jaspar2016-TEAD3-MA0808.1,TEAD3,9,0.09014995915593077,0.03649071360502288,1.240797193460381,-2.429794834442236,3.670592027902617,0,False,-0.4666666666666666,tumor-gain
TEAD3_Hsapiens-jaspar2018-TEAD3-MA0808.1,TEAD3,7,0.03590271275989037,0.017395631274263256,0.7990190834977992,-0.15458438399982868,0.9536034674976278,0,False,0.10714285714285716,tumor-gain
TEAD3_Hsapiens-jolma2013-TEAD3,TEAD3,10,0.8434433276948008,0.8434433276948008,0.0,0.0,0.0,0,True,0.16363636363636364,neutral
TEAD3_Hsapiens-jolma2013-TEAD3-2,TEAD3,9,0.015588542358410392,0.005612710525191913,0.8099415167441558,0.7031965058824502,0.10674501086170562,0,False,0.08333333333333334,neutral
TEAD4_1	TEAD4_jolma_DBD_M290,TEAD4,9,0.6557515611948609,0.5689265822398342,-1.8566748475049115,-3.8165794444077186,1.959904596902807,0,False,-0.09999999999999999,divergent
TEAD4_Hsapiens-HOCOMOCOv10-TEAD4_HUMAN.H10MO.A,TEAD4,10,1.0,0.907070707070707,0.40149316269982505,-0.10170388754296465,0.5031970502427897,0,False,0.4424242424242424,other
TEAD4_Hsapiens-SwissRegulon-TEAD4.SwissRegulon,TEAD4,6,1.0,0.422785915976349,0.08801248728795902,-0.5920031741929941,0.6800156614809532,0,False,-0.08571428571428573,normal-suppression
TEAD4_Hsapiens-jaspar2016-TEAD4-MA0809.1,TEAD4,10,0.4369437104138925,0.4369437104138925,0.0,0.0,0.0,0,True,0.07878787878787878,neutral
TEAD4_Hsapiens-jaspar2018-TEAD4-MA0809.1,TEAD4,6,0.39236820838317116,0.30134563331595404,0.1795530262379673,-0.5077740994212813,0.6873271256592486,0,False,0.3142857142857143,normal-suppression
TEAD4_Hsapiens-jolma2013-TEAD4,TEAD4,6,0.3281535135996568,0.30971591908795476,4.569018638839343,3.815613272392713,0.7534053664466298,0,False,0.2571428571428572,tumor-gain
TEF_2	TEF_jolma_DBD_M394,TEF,4,0.3975616416446141,0.33270206509321854,1.366430152814946,-0.38968777806641375,1.7561179308813597,0,False,-0.39999999999999997,tumor-gain
TEF_3	TEF_jolma_FL_M395,TEF,3,0.6937280168518506,0.6824385761580061,0.29821349642034867,-0.8093284301136222,1.1075419265339708,0,False,,normal-suppression
TEF_Hsapiens-HOCOMOCOv10-TEF_HUMAN.H10MO.D,TEF,5,0.4297120045623034,0.24779621286941417,0.5813134274617375,0.004261918584800955,0.5770515088769366,0,False,-0.3,tumor-gain
TEF_Hsapiens-SwissRegulon-TEF.SwissRegulon,TEF,7,0.056350891430813725,0.029815066695351836,1.5111542163876925,0.7325006368979781,0.7786535794897145,0,False,0.28571428571428575,tumor-gain
TEF_Hsapiens-cisbp_1.02-M4088_1.02,TEF,7,0.8003593531643027,0.5009149891864924,1.259395418130421,-0.23973058158211738,1.4991259997125383,0,False,-0.10714285714285716,tumor-gain
TEF_Hsapiens-cisbp_1.02-M5909_1.02,TEF,7,0.2941877402014348,0.10028088291024619,1.3748015227727797,-0.691622831800322,2.0664243545731016,0,False,-0.4642857142857144,tumor-gain
TEF_Hsapiens-cisbp_1.02-M5910_1.02,TEF,2,0.6937271283103491,0.6888567891092583,0.27642759955399726,0.004287642853771685,0.27213995670022556,0,False,,neutral
TEF_Hsapiens-cisbp_1.02-M6510_1.02,TEF,5,1.0,0.42945318274355226,1.1148590407091463,-0.03517256267636118,1.1500316033855076,0,False,0.0,tumor-gain
TEF_Hsapiens-jaspar2016-TEF-MA0843.1,TEF,5,0.13509092805335868,0.13509092805335868,0.0,0.0,0.0,0,True,0.3,neutral
TEF_Hsapiens-jaspar2018-TEF-MA0843.1,TEF,5,0.0812990945321836,0.0516875046624062,0.5530603114031323,-0.005020599854948076,0.5580809112580803,0,False,-0.49999999999999994,tumor-gain
TEF_Hsapiens-jolma2013-TEF,TEF,6,0.06826502363967019,0.05339822502705791,1.0290297156691213,-0.4444820793759091,1.4735117950450305,0,False,-0.2571428571428572,tumor-gain
TEF_Hsapiens-jolma2013-TEF-2,TEF,4,0.37411499395629827,0.21344323153073316,0.23614265598331874,-0.18531496404259712,0.42145762002591586,0,False,-0.7999999999999999,neutral
TF2LX_Hsapiens-HOCOMOCOv10-TF2LX_HUMAN.H10MO.D,TF2LX,10,1.0,0.4297120045623034,0.2648260692266626,-0.30611514624072134,0.5709412154673839,0,False,-0.17021355223041806,other
TF65_Hsapiens-HOCOMOCOv10-TF65_HUMAN.H10MO.A,TF65,9,0.8931286832435958,0.4431734136564151,-2.497008611307064,-2.5185425220765163,0.021533910769452103,0,False,-0.3666666666666667,neutral
TF7L1_Hsapiens-HOCOMOCOv10-TF7L1_HUMAN.H10MO.D,TCF7L1,10,0.8827048266963837,0.1722017652137841,-0.12184809112162005,-0.44919904256039017,0.32735095143877013,0,False,-0.3696969696969697,neutral
TF7L2_Hsapiens-HOCOMOCOv10-TF7L2_HUMAN.H10MO.A,TCF7L2,7,1.0,0.5839935425827072,0.25948640886188645,0.041942236315294576,0.21754417254659186,0,False,0.07142857142857144,neutral
TFAP2A(var.2)_Hsapiens-jaspar2016-TFAP2A(var.2)-MA0810.1,TFAP2A,6,0.3820405526157696,0.20151787553315098,-0.30262441327543904,-0.4093642761715453,0.10673986289610626,0,False,-0.2,neutral
TFAP2A(var.2)_Hsapiens-jaspar2018-TFAP2A(var.2)-MA0810.1,TFAP2A,6,0.317607067677099,0.28088328052674655,0.6631751324116091,-0.5235229474875751,1.1866980798991842,0,False,-0.14285714285714288,tumor-gain
TFAP2A(var.3)_Hsapiens-jaspar2016-TFAP2A(var.3)-MA0872.1,TFAP2A,8,0.1539957245838316,0.10095292087002575,0.07741330718117018,-0.2302635191566224,0.3076768263377926,0,False,-0.2380952380952381,neutral
TFAP2A(var.3)_Hsapiens-jaspar2018-TFAP2A(var.3)-MA0872.1,TFAP2A,5,0.1462785183280777,0.1462785183280777,0.0,0.0,0.0,0,True,0.9999999999999999,neutral
TFAP2A_Hsapiens-JASPAR_2014-TFAP2A-MA0003.2,TFAP2A,10,0.7553663450141828,0.6223969711467171,0.292553678207761,-0.03179202610822532,0.3243457043159863,0,False,0.6484848484848483,neutral
TFAP2A_Hsapiens-JASPAR_CORE-TFAP2A-MA0003.1,TFAP2A,5,0.5329189750713698,0.44776655074398175,0.05538410788057198,-1.2388966507870987,1.2942807586676706,0,False,-0.49999999999999994,normal-suppression
TFAP2A_Hsapiens-SwissRegulon-TFAP2A.SwissRegulon,TFAP2A,4,0.4196894796733494,0.2980197998242468,0.23299891034283365,-0.23013992807418646,0.4631388384170201,0,False,-0.39999999999999997,neutral
TFAP2A_Hsapiens-cisbp_1.02-M1838_1.02,TFAP2A,10,1.0,0.5747111034895012,0.26393287263920556,-0.27461362713458753,0.5385464997737931,0,False,0.34545454545454546,other
TFAP2A_Hsapiens-cisbp_1.02-M4524_1.02,TFAP2A,10,1.0,0.5026461266124296,0.028423256734357923,-0.11394519454200056,0.14236845127635847,0,False,0.16363636363636364,neutral
TFAP2A_Hsapiens-cisbp_1.02-M5911_1.02,TFAP2A,5,0.9062336008694697,0.3975627026801646,-0.23866287456048235,-0.45110343550100396,0.2124405609405216,0,False,-0.6,neutral
TFAP2A_Hsapiens-cisbp_1.02-M5912_1.02,TFAP2A,5,0.3780350588350958,0.19884958950560447,0.4183022526667878,0.32219391363171557,0.09610833903507221,0,False,-0.6,neutral
TFAP2A_Hsapiens-cisbp_1.02-M5913_1.02,TFAP2A,2,0.4935231477540687,0.4935231477540687,0.0,0.0,0.0,0,True,,neutral
TFAP2A_Hsapiens-cisbp_1.02-M5914_1.02,TFAP2A,7,0.21849029558028063,0.16813492447690198,0.4659576043205705,0.238181209079598,0.22777639524097248,0,False,0.0,neutral
TFAP2A_Hsapiens-cisbp_1.02-M5915_1.02,TFAP2A,8,0.3886689055729117,0.3874487147817193,-0.5845908428396563,-1.0289027558201849,0.4443119129805285,0,False,0.3333333333333334,neutral
TFAP2A_Hsapiens-cisbp_1.02-M5916_1.02,TFAP2A,6,0.35996608354817905,0.35996608354817905,0.0,0.0,0.0,0,True,0.6,neutral
TFAP2A_Hsapiens-cisbp_1.02-M6143_1.02,TFAP2A,7,0.1236406401787834,0.09468074158828516,0.095266810462763,-0.7577139061489349,0.8529807166116978,0,False,-0.03571428571428572,normal-suppression
TFAP2A_Hsapiens-hPDI-TFAP2A,TFAP2A,6,0.500998003992016,0.500998003992016,0.0,0.0,0.0,0,True,,neutral
TFAP2A_Hsapiens-jaspar2016-TFAP2A-MA0003.1,TFAP2A,4,0.5044984972908395,0.37729529155545555,-0.2898040705003929,-0.30856214458779807,0.018758074087405152,0,False,-0.39999999999999997,neutral
TFAP2A_Hsapiens-jaspar2016-TFAP2A-MA0003.2,TFAP2A,10,0.6477657463176937,0.5235759569151209,0.47693071118601654,0.08991232546998064,0.3870183857160359,0,False,0.4545454545454545,neutral
TFAP2A_Hsapiens-jaspar2016-TFAP2A-MA0003.3,TFAP2A,7,0.20967010645180678,0.16233729403456387,-0.19988993494639062,-0.2178727321303869,0.017982797183996285,0,False,0.21428571428571433,neutral
TFAP2A_Hsapiens-jaspar2018-TFAP2A-MA0003.1,TFAP2A,5,0.4196894796733494,0.29425621076288133,-0.4988684065207046,-0.5436218094954172,0.044753402974712586,0,False,-0.3,neutral
TFAP2A_Hsapiens-jaspar2018-TFAP2A-MA0003.2,TFAP2A,10,0.5562030999198023,0.390723382095112,-0.31697631366912504,-0.8427943186761411,0.525818005007016,0,False,0.4787878787878787,normal-suppression
TFAP2A_Hsapiens-jaspar2018-TFAP2A-MA0003.3,TFAP2A,5,0.16865357035540288,0.11616532765829347,0.2874837637610273,-0.5327985086872415,0.8202822724482688,0,False,-0.49999999999999994,normal-suppression
TFAP2A_Hsapiens-jolma2013-TFAP2A,TFAP2A,3,0.2328681815909126,0.21131275578046763,-0.6230635516377074,-1.3762226755332312,0.7531591238955238,0,False,,divergent
TFAP2A_Hsapiens-jolma2013-TFAP2A-2,TFAP2A,6,0.1371167911702833,0.12390645169157662,-0.5591236981744282,-0.8664787501779455,0.3073550520035173,0,False,0.6571428571428573,neutral
TFAP2A_Hsapiens-jolma2013-TFAP2A-3,TFAP2A,4,0.21590204237351007,0.19299285412863157,-0.005644235007424438,-0.5108708938378715,0.5052266588304472,0,False,-0.7999999999999999,normal-suppression
TFAP2A_Hsapiens-jolma2013-TFAP2A-4,TFAP2A,9,0.0946058585807202,0.06208471618850883,0.5628095142188931,-0.3566322806670597,0.9194417948859528,0,False,0.3666666666666667,tumor-gain
TFAP2A_Hsapiens-jolma2013-TFAP2A-5,TFAP2A,9,0.18101475517576182,0.10752877822279377,1.3903348247114433,0.16384331692437284,1.2264915077870704,0,False,0.39999999999999997,tumor-gain
TFAP2A_Hsapiens-jolma2013-TFAP2A-6,TFAP2A,9,0.12516128685140754,0.06368938094157586,0.04948299146727938,-1.0150615592358314,1.0645445507031108,0,False,-0.6166666666666666,normal-suppression
TFAP2B(var.2)_Hsapiens-jaspar2016-TFAP2B(var.2)-MA0812.1,TFAP2B,7,0.1166012835064112,0.08772632365630927,0.2915439157790897,0.12006939115778666,0.17147452462130308,0,False,0.3571428571428572,neutral
TFAP2B(var.2)_Hsapiens-jaspar2018-TFAP2B(var.2)-MA0812.1,TFAP2B,6,0.08352663650204135,0.07276759700788668,0.17428987883885486,-0.2560363660288994,0.4303262448677543,0,False,-0.7714285714285715,neutral
TFAP2B(var.3)_Hsapiens-jaspar2016-TFAP2B(var.3)-MA0813.1,TFAP2B,10,0.32884060383895525,0.3040900780446231,0.6264600360212162,-0.19861395621946334,0.8250739922406796,0,False,0.43030303030303024,tumor-gain
TFAP2B(var.3)_Hsapiens-jaspar2018-TFAP2B(var.3)-MA0813.1,TFAP2B,10,0.2710483271087025,0.08289388928555913,-0.06345746554364423,-0.6827681914252768,0.6193107258816326,0,False,-0.5151515151515151,normal-suppression
TFAP2B_1	Tcfap2b_bulyk_sc09-primary,TFAP2B,9,1.0,1.0,0.0,0.0,0.0,0,True,0.03333333333333333,neutral
TFAP2B_2	TFAP2B_jolma_DBD_M294,TFAP2B,8,0.9109934076046571,0.9109934076046571,0.0,0.0,0.0,0,True,-0.1666666666666667,neutral
TFAP2B_3	TFAP2B_jolma_DBD_M295,TFAP2B,10,0.46778573739991886,0.46778573739991886,0.0,0.0,0.0,0,True,0.43030303030303024,neutral
TFAP2B_4	TFAP2B_jolma_DBD_M296,TFAP2B,8,0.9796580987141624,0.9796580987141624,0.0,0.0,0.0,0,True,0.3333333333333334,neutral
TFAP2B_Hsapiens-SwissRegulon-TFAP2B.SwissRegulon,TFAP2B,10,0.16511852841759814,0.10836868848451572,0.1849474631267837,-0.2680189142787237,0.4529663774055074,0,False,-0.6969696969696969,neutral
TFAP2B_Hsapiens-cisbp_1.02-M5917_1.02,TFAP2B,7,0.3536436960767579,0.2502583676286262,0.3410881070349606,-0.07246815127489714,0.41355625830985776,0,False,0.5357142857142858,neutral
TFAP2B_Hsapiens-cisbp_1.02-M5918_1.02,TFAP2B,8,0.17208837352244596,0.14261790881702102,0.2961509940202162,-0.6317822628344983,0.9279332568547145,0,False,0.19047619047619052,normal-suppression
TFAP2B_Hsapiens-cisbp_1.02-M5919_1.02,TFAP2B,10,0.4001750492957644,0.28083753288916363,0.03150802295578269,-0.3689227235028615,0.4004307464586442,0,False,-0.16363636363636364,neutral
TFAP2B_Hsapiens-cisbp_1.02-M6144_1.02,TFAP2B,3,0.5033022191333086,0.4978106305560209,-0.28194712310884873,-0.9223238220263871,0.6403766989175383,0,False,,normal-suppression
TFAP2B_Hsapiens-jaspar2016-TFAP2B-MA0811.1,TFAP2B,7,0.23650331860541499,0.1722576508022437,0.16342813162623893,-1.3001184725126957,1.4635466041389347,0,False,-0.5,normal-suppression
TFAP2B_Hsapiens-jaspar2018-TFAP2B-MA0811.1,TFAP2B,7,0.15211356517462393,0.11544066858581287,0.1899940326368603,-0.28442810612900954,0.4744221387658698,0,False,-0.25,neutral
TFAP2B_Hsapiens-jolma2013-TFAP2B,TFAP2B,7,0.15692585026684913,0.13846804838040339,0.4785081198579759,-0.2864158837596403,0.7649240036176161,0,False,0.6071428571428572,other
TFAP2B_Hsapiens-jolma2013-TFAP2B-2,TFAP2B,7,0.07617595105152276,0.061824359965898586,0.42378501333231855,-0.0740019656463288,0.4977869789786473,0,False,-0.21428571428571433,neutral
TFAP2B_Hsapiens-jolma2013-TFAP2B-3,TFAP2B,10,0.177475183123914,0.08898334788527827,0.030078570484315434,-0.19304549846966804,0.22312406895398346,0,False,-0.4666666666666666,neutral
TFAP2C(var.2)_Hsapiens-jaspar2016-TFAP2C(var.2)-MA0814.1,TFAP2C,8,0.19807269612879552,0.08989869751819249,0.1621437496654898,0.05988152360061974,0.10226222606487007,0,False,-0.2142857142857143,neutral
TFAP2C(var.2)_Hsapiens-jaspar2018-TFAP2C(var.2)-MA0814.1,TFAP2C,9,0.12842819670646163,0.071366998341705,0.07141164095185186,-0.06468237527003755,0.1360940162218894,0,False,-0.13333333333333333,neutral
TFAP2C(var.3)_Hsapiens-jaspar2016-TFAP2C(var.3)-MA0815.1,TFAP2C,5,0.2378381499909345,0.23501477051904293,-0.3072063836887673,-0.6424876665504949,0.33528128286172765,0,False,-0.3,neutral
TFAP2C(var.3)_Hsapiens-jaspar2018-TFAP2C(var.3)-MA0815.1,TFAP2C,7,0.16020843019684308,0.12807177101375705,-0.5691172305582902,-1.2566633562725136,0.6875461257142234,0,False,0.3571428571428572,divergent
TFAP2C_Hsapiens-JASPAR_2014-TFAP2C-MA0524.1,TFAP2C,9,1.0,1.0,0.0,0.0,0.0,0,True,0.45,neutral
TFAP2C_Hsapiens-SwissRegulon-TFAP2C.SwissRegulon,TFAP2C,7,0.1531459996725585,0.1531459996725585,0.0,0.0,0.0,0,True,0.5714285714285715,neutral
TFAP2C_Hsapiens-cisbp_1.02-M2320_1.02,TFAP2C,10,0.8860445626252873,0.4713309427232585,-0.11480749556996463,-0.13681617532885745,0.022008679758892827,0,False,0.01818181818181818,neutral
TFAP2C_Hsapiens-cisbp_1.02-M2939_1.02,TFAP2C,5,0.5719980281813934,0.39088145322784157,0.48342794097148256,-0.19739111590471003,0.6808190568761926,0,False,-0.39999999999999997,other
TFAP2C_Hsapiens-cisbp_1.02-M4525_1.02,TFAP2C,10,0.76527553449326,0.5864628407119157,0.25942150072155373,-0.3754762913995456,0.6348977921210993,0,False,-0.04242424242424241,other
TFAP2C_Hsapiens-cisbp_1.02-M5920_1.02,TFAP2C,7,0.2666508920217914,0.17553040975231785,0.5026881553617026,-0.3566641540486215,0.8593523094103241,0,False,-0.1785714285714286,tumor-gain
TFAP2C_Hsapiens-cisbp_1.02-M5921_1.02,TFAP2C,8,0.3897563088935093,0.37043942443545935,0.12043081566122013,-0.10832862280787095,0.22875943846909108,0,False,0.4285714285714286,neutral
TFAP2C_Hsapiens-cisbp_1.02-M5922_1.02,TFAP2C,8,0.2721684703531805,0.19571912310830247,0.485953815613103,-0.27757125081451195,0.763525066427615,0,False,-0.04761904761904763,other
TFAP2C_Hsapiens-cisbp_1.02-M5923_1.02,TFAP2C,7,0.2676012106624087,0.23595638154015203,-0.050440020584399024,-0.252153742865244,0.20171372228084497,0,False,0.42857142857142866,neutral
TFAP2C_Hsapiens-cisbp_1.02-M5924_1.02,TFAP2C,6,0.3792290024210062,0.1457753370491317,0.4278282892120879,-0.3779338608643538,0.8057621500764417,0,False,-0.08571428571428573,other
TFAP2C_Hsapiens-cisbp_1.02-M5925_1.02,TFAP2C,9,0.38275968749477046,0.20584250766906972,0.029570001826543228,-0.4974618755755042,0.5270318774020474,0,False,-0.4666666666666666,other
TFAP2C_Hsapiens-cisbp_1.02-M6145_1.02,TFAP2C,7,0.24660047800433027,0.12995279738934415,0.3803559723350979,-0.06902249184786553,0.4493784641829634,0,False,-0.14285714285714288,neutral
TFAP2C_Hsapiens-hPDI-TFAP2C,TFAP2C,2,0.31325278962219777,0.31325278962219777,0.0,0.0,0.0,0,True,,neutral
TFAP2C_Hsapiens-jaspar2016-TFAP2C-MA0524.1,TFAP2C,10,0.7253451890607319,0.49746174110405295,0.09400356054160562,-0.8153001920928387,0.9093037526344443,0,False,-0.29696969696969694,normal-suppression
TFAP2C_Hsapiens-jaspar2016-TFAP2C-MA0524.2,TFAP2C,8,0.18225166280655608,0.12196173368914576,0.09292439371578137,-1.1387380201694781,1.2316624138852594,0,False,-0.09523809523809526,normal-suppression
TFAP2C_Hsapiens-jaspar2018-TFAP2C-MA0524.1,TFAP2C,9,0.5854093305885351,0.25867849160201806,0.26929337838558387,-0.4307258529511278,0.7000192313367117,0,False,-0.5,other
TFAP2C_Hsapiens-jaspar2018-TFAP2C-MA0524.2,TFAP2C,8,0.1735661235687286,0.11272197759833814,-0.03987685836115251,-0.16773846236038661,0.1278616039992341,0,False,-0.38095238095238104,neutral
TFAP2C_Hsapiens-jolma2013-TFAP2C,TFAP2C,8,0.20196636036576782,0.12434568361361271,-0.006311001360494895,-0.14270517036351815,0.13639416900302326,0,False,0.14285714285714288,neutral
TFAP2C_Hsapiens-jolma2013-TFAP2C-2,TFAP2C,9,0.10537272032285613,0.07410117035264767,0.42039464490629086,-0.5283985513437867,0.9487931962500775,0,False,-0.19999999999999998,normal-suppression
TFAP2C_Hsapiens-jolma2013-TFAP2C-3,TFAP2C,7,0.14441382240011494,0.13183693816100986,0.24024817050899433,-0.5612328737812923,0.8014810442902867,0,False,0.28571428571428575,normal-suppression
TFAP2C_Hsapiens-jolma2013-TFAP2C-4,TFAP2C,6,0.23337736660532343,0.08367573063353263,0.17791047610945052,-0.6857972194661751,0.8637076955756257,0,False,-0.6,normal-suppression
TFAP2C_Hsapiens-jolma2013-TFAP2C-5,TFAP2C,6,0.19335202711844657,0.17200399386308818,0.21319096637977203,-0.20920000048368823,0.4223909668634602,0,False,0.2,neutral
TFAP2C_Hsapiens-jolma2013-TFAP2C-6,TFAP2C,9,0.21543051546993885,0.15581149576941297,0.30527332699158943,-1.0603568960121652,1.3656302230037547,0,False,-0.65,normal-suppression
TFAP2D_Hsapiens-SwissRegulon-TFAP2D.SwissRegulon,TFAP2D,2,0.38563145566947005,0.281237498374013,-0.1484996781521205,-0.8210999971808546,0.6726003190287341,0,False,,normal-suppression
TFAP2E_1	Tcfap2e_bulyk_sc09-primary,TFAP2E,10,0.743107297127412,0.46103037896006177,0.6855373252081328,-0.2634980284636117,0.9490353536717445,0,False,-0.4424242424242424,tumor-gain
TFAP2E_Hsapiens-SwissRegulon-TFAP2E.SwissRegulon,TFAP2E,10,0.7837975053054993,0.7837975053054993,0.0,0.0,0.0,0,True,0.38181818181818183,neutral
TFAP2_disc1 TFAP2A_HeLa-S3_encode-Snyder_seq_hsa_r1:MDscan#1#Intergenic,TFAP2A,7,0.9844180801592123,0.7248902815095852,-0.14512921966447748,-1.6088423083759487,1.463713088711471,0,False,0.198206241793023,normal-suppression
TFAP2_disc2 TFAP2A_HeLa-S3_encode-Snyder_seq_hsa_r1:MEME#2#Intergenic,TFAP2A,9,1.0,0.5266242115909473,-0.012167123308010648,-0.102096444238258,0.08992932093024736,0,False,-0.3,neutral
TFAP2_known10	TFAP2C_2	Tcfap2c_bulyk_sc09-primary,TFAP2C,9,1.0,0.06358282759701231,-0.1785585407686413,-0.2043309415778165,0.0257724008091752,0,False,0.03333333333333333,neutral
TFAP2_known11	TFAP2A_6	TFAP2A_jolma_DBD_M291,TFAP2A,6,0.9203050434328768,0.7263007194156992,-0.03267175766361928,-0.960823023376731,0.9281512657131117,0,False,-0.3142857142857143,normal-suppression
TFAP2_known12	TFAP2A_7	TFAP2A_jolma_DBD_M292,TFAP2A,8,1.0,0.6119221639562863,0.1858069589351875,-0.21515909218744356,0.40096605112263106,0,False,0.04761904761904763,neutral
TFAP2_known13	TFAP2A_8	TFAP2A_jolma_DBD_M293,TFAP2A,5,0.8768176671698783,0.7764205712816534,0.6354228683482024,-0.4122137847206296,1.047636653068832,0,False,0.39999999999999997,tumor-gain
TFAP2_known14	TFAP2C_3	TFAP2C_jolma_DBD_M297,TFAP2C,7,0.5072000752101508,0.5072000752101508,0.0,0.0,0.0,0,True,0.1785714285714286,neutral
TFAP2_known15	TFAP2C_4	TFAP2C_jolma_DBD_M298,TFAP2C,9,0.6115914243131235,0.3049580077641446,0.22925807940543697,-0.48657047737440573,0.7158285567798427,0,False,0.33333333333333337,other
TFAP2_known16	TFAP2C_5	TFAP2C_jolma_DBD_M299,TFAP2C,8,0.3854063182555416,0.3404626177897537,0.32535662946482946,-0.667993601203122,0.9933502306679515,0,False,0.07142857142857144,normal-suppression
TFAP2_known17	TFAP2C_6	TFAP2C_jolma_full_M300,TFAP2C,7,0.38180537756388366,0.18369080963495588,0.12641211268767646,-0.34159764984890056,0.468009762536577,0,False,-0.642857142857143,neutral
TFAP2_known18	TFAP2C_7	TFAP2C_jolma_full_M301,TFAP2C,8,0.5750206279584835,0.41424218562346216,0.597715445659361,0.10741791747071712,0.49029752818864386,0,False,0.3571428571428572,neutral
TFAP2_known19	TFAP2C_8	TFAP2C_jolma_full_M302,TFAP2C,9,0.3247754080143525,0.3247754080143525,0.0,0.0,0.0,0,True,0.15,neutral
TFAP2_known20	TFAP2A_9	Tcfap2a_jolma_DBD_M303,TFAP2A,4,0.3601735626692541,0.3377728485242516,0.01507828344362288,-0.7754447725477688,0.7905230559913916,0,False,-0.19999999999999998,normal-suppression
TFAP2_known21	TFAP2A_10	Tcfap2a_jolma_DBD_M304,TFAP2A,6,0.3950219461860733,0.3950219461860733,0.0,0.0,0.0,0,True,0.6,neutral
TFAP2_known22	TFAP2A_11	Tcfap2a_jolma_DBD_M305,TFAP2A,8,0.3119807289797347,0.22450759686053595,0.19774403030610804,-0.759730175184547,0.9574742054906551,0,False,-0.8333333333333335,normal-suppression
TFAP2_known3	TFAP2C_1	AP-2gamma_transfac_M00470,TFAP2C,3,0.5719967978052323,0.45394938956637415,-0.06437399858667713,-0.16692634303714785,0.10255234445047072,0,False,,neutral
TFAP2_known6	TFAP2A_2	AP-2alphaA_transfac_M01045,TFAP2A,10,1.0,0.26303615101212047,0.04759838125231587,-0.20982810959619333,0.2574264908485092,0,False,0.18787878787878787,neutral
TFAP2_known7	TFAP2A_3	AP-2alphaA_transfac_M01047,TFAP2A,10,1.0,0.9525212681404727,-0.06909037036709575,-0.33623212072546077,0.267141750358365,0,False,-0.04321728755030377,neutral
TFAP2_known9	TFAP2A_5	Tcfap2a_bulyk_sc09-primary,TFAP2A,10,0.7549901390959266,0.28688356665435943,0.04819900681319342,-1.5748950166781928,1.6230940234913862,0,False,-0.09090909090909088,normal-suppression
TFAP4_1	AP-4_transfac_M00005,TFAP4,10,1.0,1.0,0.0,0.0,0.0,0,True,-0.11804886141236862,neutral
TFAP4_2	AP-4_transfac_M00175,TFAP4,10,1.0,0.6674426346285015,-0.18792353405180842,-0.4508378111962904,0.262914277144482,0,False,0.3618136134933163,neutral
TFAP4_3	AP-4_transfac_M00176,TFAP4,9,0.5012468827930174,0.250936329588015,0.7415871683455962,0.032892109991592144,0.7086950583540041,0,False,-0.6937819061732104,tumor-gain
TFAP4_4	AP-4_transfac_M00927,TFAP4,10,1.0,1.0,0.0,0.0,0.0,0,True,0.04923659639173309,neutral
TFAP4_5	TFAP4_jolma_DBD_M346,TFAP4,10,1.0,0.7739933847406678,1.3454504360883284,0.9264362475207132,0.4190141885676152,0,False,0.01818181818181818,neutral
TFAP4_6	TFAP4_jolma_full_M347,TFAP4,10,0.2266694574988969,0.2266694574988969,0.0,0.0,0.0,0,True,0.24848484848484845,neutral
TFAP4_Hsapiens-HOCOMOCOv10-TFAP4_HUMAN.H10MO.C,TFAP4,8,0.36844710513796625,0.24620188113731442,0.6835199641819357,-0.6683478504337061,1.351867814615642,0,False,0.10844160586017297,tumor-gain
TFAP4_Hsapiens-SwissRegulon-TFAP4.SwissRegulon,TFAP4,9,0.006122981342768719,0.004366002417602582,1.9273500986809669,1.5854679180080684,0.34188218067289844,0,False,0.41666666666666663,neutral
TFAP4_Hsapiens-cisbp_1.02-M2943_1.02,TFAP4,10,1.0,0.22314722273747864,0.4216259484294099,-0.4128303850156643,0.8344563334450743,0,False,-0.27165152174476653,other
TFAP4_Hsapiens-cisbp_1.02-M2944_1.02,TFAP4,10,1.0,0.6674426338543398,-0.3393491925113971,-0.7998862515292844,0.4605370590178873,0,False,0.5194974338578281,neutral
TFAP4_Hsapiens-cisbp_1.02-M2947_1.02,TFAP4,9,0.5012468827930174,0.3344425956738769,0.2611915320400361,-0.020160280850531353,0.28135181289056743,0,False,0.13801311186847082,neutral
TFAP4_Hsapiens-cisbp_1.02-M5926_1.02,TFAP4,10,0.25720023100993783,0.048674078186508894,-1.958454948149146,-2.456644774900436,0.4981898267512901,0,False,0.1515151515151515,neutral
TFAP4_Hsapiens-cisbp_1.02-M5927_1.02,TFAP4,10,0.037212572944977755,0.02628919954404133,-0.024902643063806674,-0.28270076178744974,0.25779811872364305,0,False,0.6727272727272726,neutral
TFAP4_Hsapiens-cisbp_1.02-M6513_1.02,TFAP4,9,0.7560218249567493,0.3248921429018614,-0.23397731216183248,-0.31788552277360715,0.08390821061177467,0,False,0.03333333333333333,neutral
TFAP4_Hsapiens-jaspar2016-TFAP4-MA0691.1,TFAP4,10,0.019963331775192588,0.01259739586748099,-0.26265538124236626,-0.47271065829768255,0.2100552770553163,0,False,-0.09090909090909088,neutral
TFAP4_Hsapiens-jaspar2018-TFAP4-MA0691.1,TFAP4,10,0.013046541332275707,0.0032998906495976493,0.08316703666783028,-0.19424681195770702,0.2774138486255373,0,False,-0.12727272727272726,neutral
TFAP4_Hsapiens-jolma2013-TFAP4,TFAP4,9,0.019851482697845764,0.01313863070996243,0.8789815470310587,0.4418235285844845,0.4371580184465742,0,False,0.25,neutral
TFAP4_Hsapiens-jolma2013-TFAP4-2,TFAP4,10,0.009650366406445121,0.003795454216237903,1.3738455569570616,0.4522180983652367,0.9216274585918249,0,False,-0.5151515151515151,tumor-gain
TFCP2L1_1	Tcfcp2l1_jaspar_MA0145.1,TFCP2,9,1.0,0.45890871164470404,-0.49060349319162966,-0.8487056339980827,0.3581021408064531,0,False,-0.016666666666666666,neutral
TFCP2L1_Hsapiens-SwissRegulon-TFCP2L1.SwissRegulon,TFCP2,9,0.7275730880224036,0.7275730880224036,0.0,0.0,0.0,0,True,0.6833333333333333,neutral
TFCP2_1	CP2_transfac_M00072,TFCP2,9,1.0,1.0,0.0,0.0,0.0,0,True,,neutral
TFCP2_2	LBP-1_transfac_M00644,TFCP2,6,1.0,0.16743006350215311,1.2136162637340213,0.5888759962294956,0.6247402675045257,0,False,0.4058397249567139,tumor-gain
TFCP2_3	CP2/LBP-1c/LSF_transfac_M00947,TFCP2,10,0.8575284025542674,0.6677188917544485,-0.12406882463243324,-0.765785195100929,0.6417163704684958,0,False,-0.01818181818181818,normal-suppression
TFCP2_4	TFCP2_jolma_full_M62,TFCP2,8,0.16182162900028368,0.07950120028666055,0.18208223115543914,-0.05946174490050957,0.2415439760559487,0,False,0.11904761904761905,neutral
TFCP2_5	TFCP2_jolma_full_M63,TFCP2,8,0.3382694756732148,0.28849586186448106,2.640472897272451,1.8325721308202645,0.8079007664521864,0,False,-0.11904761904761905,tumor-gain
TFCP2_Hsapiens-HOCOMOCOv10-TFCP2_HUMAN.H10MO.D,TFCP2,9,1.0,0.4300926096844325,0.3351230708634963,0.13446373306047213,0.20065933780302417,0,False,-0.12552411131335847,neutral
TFCP2_Hsapiens-SwissRegulon-TFCP2.SwissRegulon,TFCP2,7,0.02285450681962681,0.020810865030614394,0.28686953891289185,-0.4000621814090078,0.6869317203218996,0,False,0.14285714285714288,other
TFCP2_Hsapiens-jaspar2016-TFCP2-MA0145.3,TFCP2,4,0.062172737361475106,0.059771960237817764,1.2021497635517906,0.7193217931407015,0.48282797041108905,0,False,0.7999999999999999,neutral
TFCP2_Hsapiens-jaspar2018-TFCP2-MA0145.3,TFCP2,8,0.04120747569900241,0.02913056165323932,-2.571194602903639,-3.259233931610397,0.6880393287067577,0,False,-0.1666666666666667,divergent
TFCP2_Hsapiens-jolma2013-TFCP2,TFCP2,8,0.03770269598873106,0.025173375359481765,2.765386731545422,2.6448331827711873,0.12055354877423463,0,False,0.023809523809523815,neutral
TFCP2_Hsapiens-jolma2013-TFCP2-2,TFCP2,9,0.13948679523115942,0.04608025352072558,1.745913571211094,0.44088627361610133,1.3050272975949926,0,False,-0.26666666666666666,tumor-gain
TFDP1_Hsapiens-HOCOMOCOv10-TFDP1_HUMAN.H10MO.D,TFDP1,5,0.0009047911393584212,0.0001845678517451558,1.5415054660633207,0.38886640512848664,1.152639060934834,0,False,-0.3,tumor-gain
TFDP1_Hsapiens-HOCOMOCOv10-TFDP1_HUMAN.H10MO.S,TFDP1,7,1.0,1.0,0.0,0.0,0.0,0,True,0.8964214570007953,neutral
TFDP1_Hsapiens-SwissRegulon-TFDP1.SwissRegulon,TFDP1,2,0.0003723882193250955,0.0003723882193250955,0.0,0.0,0.0,0,True,,neutral
TFDP1_Hsapiens-jaspar2018-TFDP1-MA1122.1,TFDP1,7,0.46087817527920977,0.39434173817336543,3.120534239199745,-0.3712249589271385,3.4917591981268834,0,False,-0.7857142857142859,tumor-gain
TFE2_Hsapiens-HOCOMOCOv10-TFE2_HUMAN.H10MO.C,TCF3,7,1.0,0.5696696871610952,0.8740726811525907,0.07581602443671237,0.7982566567158784,0,False,0.10714285714285716,tumor-gain
TFE3_1	TFE3_jolma_DBD_M348,TFE3,9,0.3615244114971122,0.13722768663536555,0.14143955953276494,-1.695238328000663,1.836677887533428,0,False,0.06666666666666667,normal-suppression
TFE3_Hsapiens-HOCOMOCOv10-TFE3_HUMAN.H10MO.C,TFE3,10,0.4553871289824821,0.29258049039068157,1.0485039752891971,-1.6050409494448081,2.653544924734005,0,False,-0.483200763583236,tumor-gain
TFE3_Hsapiens-SwissRegulon-TFE3.SwissRegulon,TFE3,9,0.24885482798155667,0.2295513270597075,-0.15513274840795274,-1.6058735358623253,1.4507407874543725,0,False,0.19999999999999998,normal-suppression
TFE3_Hsapiens-cisbp_1.02-M5930_1.02,TFE3,10,0.1372989161620843,0.08554246510964746,0.05381162500992423,-1.3572948462292773,1.4111064712392016,0,False,-0.35757575757575755,normal-suppression
TFE3_Hsapiens-cisbp_1.02-M6517_1.02,TFE3,10,1.0,0.33006670181049214,0.4605700989276857,-1.3104808680896904,1.7710509670173762,0,False,-0.7575757575757575,normal-suppression
TFE3_Hsapiens-hPDI-TFE3,TFE3,3,0.37587385290117276,0.37587385290117276,0.0,0.0,0.0,0,True,,neutral
TFE3_Hsapiens-jaspar2016-TFE3-MA0831.1,TFE3,10,0.10589469027726744,0.08269358995500084,2.2240727540656535,0.807197438602735,1.4168753154629186,0,False,0.5272727272727272,tumor-gain
TFE3_Hsapiens-jaspar2018-TFE3-MA0831.1,TFE3,10,0.05494527059402616,0.026438976493159363,3.120661252608826,1.2636828240240525,1.8569784285847735,0,False,-0.32121212121212117,tumor-gain
TFE3_Hsapiens-jaspar2018-TFE3-MA0831.2,TFE3,9,1.0,0.8393881453154876,0.1737290664825959,0.1714840401220015,0.0022450263605943988,0,False,0.6166666666666666,neutral
TFE3_Hsapiens-jolma2013-TFE3,TFE3,9,0.05199454471696889,0.05199454471696889,0.0,0.0,0.0,0,True,0.3,neutral
TFEB_1	TFEB_jolma_full_M349,TFEB,9,0.1361599611923347,0.07045610041200205,0.43974408681054444,-1.3605833257960096,1.800327412606554,0,False,0.16666666666666669,normal-suppression
TFEB_Hsapiens-HOCOMOCOv10-TFEB_HUMAN.H10MO.C,TFEB,8,0.012919261552610627,0.003024002954885807,-0.7033347086473897,-2.884861988927793,2.1815272802804033,0,False,-0.30952380952380953,divergent
TFEB_Hsapiens-SwissRegulon-TFEB.SwissRegulon,TFEB,9,0.0033933853944281395,0.0032164293409826625,1.2311683678116516,0.36602491732638287,0.8651434504852688,0,False,0.0,tumor-gain
TFEB_Hsapiens-cisbp_1.02-M5931_1.02,TFEB,10,0.08668364029342675,0.031128377731691786,1.1494078970715966,-1.1974376516347525,2.346845548706349,0,False,-0.5515151515151515,tumor-gain
TFEB_Hsapiens-cisbp_1.02-M6518_1.02,TFEB,10,1.0,0.8164614020359413,0.09119795107125786,-0.5788334023764435,0.6700313534477014,0,False,0.43030303030303024,normal-suppression
TFEB_Hsapiens-hPDI-TFEB,TFEB,8,1.0,0.6676636756397474,-0.03541643068399554,-1.7168095607198641,1.6813931300358687,0,False,0.7229440390678199,normal-suppression
TFEB_Hsapiens-jaspar2016-TFEB-MA0692.1,TFEB,7,0.05664380030554844,0.023794729621404793,0.48785699843754843,-0.9236595236461017,1.41151652208365,0,False,-0.7500000000000002,normal-suppression
TFEB_Hsapiens-jaspar2018-TFEB-MA0692.1,TFEB,9,0.027229828422278255,0.012312582957129196,-0.15328474269812364,-1.0777952527714203,0.9245105100732967,0,False,0.6333333333333333,normal-suppression
TFEB_Hsapiens-jolma2013-TFEB,TFEB,9,0.013331222845559657,0.013205798883333808,1.5384321078263477,0.6283273380619518,0.9101047697643958,0,False,0.19999999999999998,tumor-gain
TFEC_1	TFEC_jolma_DBD_M816,TFEC,7,0.20279455808419514,0.10468541702318396,0.3745046106102263,-2.0481095027368195,2.422614113347046,0,False,-0.4642857142857144,normal-suppression
TFEC_Hsapiens-SwissRegulon-TFEC.SwissRegulon,TFEC,8,0.057652398608599456,0.041340634877691754,2.541482444257646,0.9431827884641629,1.598299655793483,0,False,0.07142857142857144,tumor-gain
TFEC_Hsapiens-cisbp_1.02-M5932_1.02,TFEC,8,0.31435172807016093,0.11238746695693115,-0.667745674847525,-2.1921904108029273,1.5244447359554023,0,False,0.19047619047619052,divergent
TFEC_Hsapiens-jaspar2016-TFEC-MA0871.1,TFEC,8,0.09340835260010448,0.041340634877691754,2.0922018700378886,0.49869082546168675,1.5935110445762017,0,False,-0.30952380952380953,tumor-gain
TFEC_Hsapiens-jaspar2018-TFEC-MA0871.1,TFEC,8,0.06408182163568765,0.0482186954650621,-0.10287540666783707,-0.6023359252925865,0.49946051862474944,0,False,0.7065994945288229,neutral
TFEC_Hsapiens-jolma2013-TFEC,TFEC,7,0.056098216141728025,0.042964394129175416,-0.21619045457034908,-0.6021265854573865,0.38593613088703743,0,False,0.8214285714285715,neutral
TFE_1	TFE_transfac_M01029,TFE,10,1.0,0.21093726861350706,2.1977250865360407,-0.452013668728318,2.6497387552643588,0,False,-0.5260160211159278,tumor-gain
TGIF1_1	TGIF_transfac_M00418,TGIF1,9,1.0,0.7508098687364752,-0.5377109557669003,-1.600578913077371,1.0628679573104707,0,False,-0.27524094128159016,divergent
TGIF1_2	Tgif1_bulyk_cell08-2342.2,TGIF1,7,0.7382057150183856,0.03215349444455651,-0.6516194021272719,-0.8383016347982359,0.18668223267096407,0,False,-0.42857142857142866,neutral
TGIF1_3	TGIF1_jolma_DBD_M174,TGIF1,9,0.005852494241430958,0.00026810777177824587,0.9627216742719273,0.0795715428212516,0.8831501314506758,0,False,-0.13333333333333333,tumor-gain
TGIF1_Hsapiens-HOCOMOCOv10-TGIF1_HUMAN.H10MO.D,TGIF1,10,1.0,0.06400497638064265,1.0360351258071887,0.5501301737902708,0.48590495201691786,0,False,-0.1043023302537743,neutral
TGIF1_Hsapiens-HOCOMOCOv10-TGIF1_HUMAN.H10MO.S,TGIF1,5,0.06766116142781034,0.01512920379752281,-0.5691388543043361,-0.8378254501710835,0.26868659586674737,0,False,-0.15811388300841897,neutral
TGIF1_Hsapiens-SwissRegulon-TGIF1.SwissRegulon,TGIF1,7,0.35828276961332217,0.29359864539112385,0.4223122627306676,-0.6513577006197875,1.0736699633504552,0,False,0.21428571428571433,normal-suppression
TGIF1_Hsapiens-hPDI-TGIF1,TGIF1,8,0.286495878243821,0.027038062045133485,1.0471558088626953,-1.341279363551645,2.38843517241434,0,False,-0.424312564347763,tumor-gain
TGIF1_Hsapiens-jaspar2016-TGIF1-MA0796.1,TGIF1,9,0.00025765050534720495,0.00010794372415354286,3.7472293963057286,1.921480919235716,1.8257484770700125,0,False,0.33333333333333337,tumor-gain
TGIF1_Hsapiens-jaspar2018-TGIF1-MA0796.1,TGIF1,8,0.00012929352294514625,8.3210925150014e-06,0.6527275570061652,-1.2930617235878505,1.9457892805940158,0,False,-0.2142857142857143,tumor-gain
TGIF1_Hsapiens-jolma2013-TGIF1,TGIF1,6,0.0001254947449887423,2.037976434908886e-06,2.8985779976609822,2.243317053173084,0.6552609444878983,0,False,-0.7142857142857143,tumor-gain
TGIF2LX_1	TGIF2LX_jolma_full_M175,TGIF2,9,0.019867050864087958,0.019867050864087958,0.0,0.0,0.0,0,True,0.4100454302903043,neutral
TGIF2LX_Hsapiens-SwissRegulon-TGIF2LX.SwissRegulon,TGIF2,9,0.0019644060473004523,0.0005545041231716737,-0.3131008840323578,-0.33582520577433367,0.02272432174197586,0,False,0.2833333333333333,neutral
TGIF2LX_Hsapiens-jolma2013-TGIF2LX,TGIF2,7,0.0016478889523304614,0.00046606487602983117,1.1990315611188946,-0.13499731142977883,1.3340288725486735,0,False,0.07142857142857144,tumor-gain
TGIF2_1	Tgif2_bulyk_cell08-3451.1,TGIF2,8,1.0,0.7486627273667747,-0.05571810964344817,-0.7236821895390874,0.6679640798956392,0,False,0.30952380952380953,normal-suppression
TGIF2_2	TGIF2_jolma_DBD_M176,TGIF2,7,0.012288368630325331,0.007160818912317871,-0.7822098683252899,-0.8612297713353906,0.07901990301010064,0,False,0.1785714285714286,neutral
TGIF2_Hsapiens-HOCOMOCOv10-TGIF2_HUMAN.H10MO.D,TGIF2,8,1.0,0.4590743399348127,0.03946955829489844,-0.6234862458176134,0.6629558041125118,0,False,-0.7619047619047621,normal-suppression
TGIF2_Hsapiens-SwissRegulon-TGIF2.SwissRegulon,TGIF2,7,0.6425950386393824,0.4735853300394948,-0.5440692880166297,-0.7659933067975127,0.22192401878088297,0,False,0.21428571428571433,neutral
TGIF2_Hsapiens-jaspar2016-TGIF2-MA0797.1,TGIF2,7,0.0048991899031399205,0.0018902486324485711,1.5724165598343605,1.0936469055411806,0.47876965429317986,0,False,-0.28571428571428575,neutral
TGIF2_Hsapiens-jaspar2018-TGIF2-MA0797.1,TGIF2,6,0.003186170406268816,0.001571250472393151,0.6656244910908852,-0.2519761249535345,0.9176006160444197,0,False,0.6571428571428573,tumor-gain
TGIF2_Hsapiens-jolma2013-TGIF2,TGIF2,8,0.0024904160301789176,0.0011081021125085356,0.8284617013736743,0.021824318383377943,0.8066373829902963,0,False,-0.4285714285714286,tumor-gain
THAP1_Hsapiens-HOCOMOCOv10-THAP1_HUMAN.H10MO.D,THAP1,4,0.0023412205110456908,4.932956325925485e-05,-2.350766165494251,-3.2433266717567655,0.8925605062625146,0,False,-0.39999999999999997,divergent
THAP1_Hsapiens-JASPAR_2014-THAP1-MA0597.1,THAP1,10,1.0,0.49503615750102997,0.16323281557492356,-0.35390445606749327,0.5171372716424169,0,False,0.05454545454545454,other
THAP1_Hsapiens-jaspar2016-THAP1-MA0597.1,THAP1,9,0.5275305502385428,0.28645057729581797,0.1499121458752408,-0.23783394354214585,0.38774608941738664,0,False,-0.5666666666666667,neutral
THAP1_Hsapiens-jaspar2018-THAP1-MA0597.1,THAP1,9,0.40147101492965676,0.40147101492965676,0.0,0.0,0.0,0,True,0.5166666666666667,neutral
THAP1_disc1 THAP1_K562_encode-Myers_seq_hsa_v041610.1-SC-98174_r1:MEME#3#Intergenic,THAP1,9,0.23506640343646315,0.006765109610505109,-0.1622863146005222,-1.402358939942227,1.2400726253417047,0,False,-0.5499999999999999,normal-suppression
THAP1_disc2 THAP1_K562_encode-Myers_seq_hsa_v041610.1-SC-98174_r1:Trawler#2#Intergenic,THAP1,8,1.0,0.10098880221867923,-0.667640493845392,-1.175547440757674,0.507906946912282,0,False,0.261904761904762,divergent
THAP5_Hsapiens-hPDI-THAP5,THAP5,8,1.0,0.25099900000398406,0.7458749621993029,0.2210400041131678,0.5248349580861351,0,False,0.0,tumor-gain
THA_Hsapiens-HOCOMOCOv10-THA_HUMAN.H10MO.C,THRA,10,0.84659047326839,0.017722213306836827,-0.42114323340556487,-1.2362275558652367,0.8150843224596718,0,False,-0.12727272727272726,normal-suppression
THA_Hsapiens-HOCOMOCOv10-THA_HUMAN.H10MO.S,THRA,10,1.0,0.5684307061552574,0.1550756148132976,0.03442008163855614,0.12065553317474145,0,False,0.5688312786486196,neutral
THB_Hsapiens-HOCOMOCOv10-THB_HUMAN.H10MO.C,THRB,9,0.8574991093694341,0.6931338703490606,0.008394077531055252,-0.021205059219663334,0.029599136750718586,0,False,0.7,neutral
THB_Hsapiens-HOCOMOCOv10-THB_HUMAN.H10MO.S,THRB,9,1.0,0.4523040292856415,1.6714663443975781,1.1168608745014803,0.5546054698960978,0,False,0.5,tumor-gain
THRA_1	THRA_jolma_FL_M727,THRA,5,1.0,0.42582923777892195,-0.1546080633153825,-0.19725336212207784,0.04264529880669535,0,False,-0.09999999999999999,neutral
THRA_Hsapiens-SwissRegulon-THRA.SwissRegulon,THRA,9,0.39657948765523626,0.2180332830171334,0.16694496021881844,-0.29760063849575213,0.4645455987145706,0,False,-0.435150252552976,neutral
THRA_Hsapiens-hPDI-THRA,THRA,3,0.500998003992016,0.500998003992016,0.0,0.0,0.0,0,True,,neutral
THRA_Hsapiens-jolma2013-THRA,THRA,7,0.5338294762491789,0.5086394383550249,-0.007582166570502207,-0.1830255004647291,0.1754433338942269,0,False,0.3571428571428572,neutral
THRB_1	THRB_jolma_DBD_M728,THRB,9,0.8526119355552222,0.8526119355552222,0.0,0.0,0.0,0,True,0.016666666666666666,neutral
THRB_2	THRB_jolma_DBD_M729,THRB,9,1.0,0.4464966146092223,0.3254505245602257,-0.8424539551130854,1.1679044796733111,0,False,-0.06666666666666667,normal-suppression
THRB_3	THRB_jolma_DBD_M730,THRB,2,0.6645060716486019,0.6645060716486019,0.0,0.0,0.0,0,True,,neutral
THRB_Hsapiens-SwissRegulon-THRB.SwissRegulon,THRB,10,0.426086810660169,0.31509373653757106,-0.04101735836514761,-0.09803919819789596,0.05702183983274835,0,False,0.1515151515151515,neutral
THRB_Hsapiens-jolma2013-THRB,THRB,10,0.47511545692951723,0.28141135591489636,-0.32342806523083306,-1.3511569693784684,1.0277289041476354,0,False,-0.32121212121212117,normal-suppression
THRB_Hsapiens-jolma2013-THRB-2,THRB,8,0.7236756435623054,0.7236756435623054,0.0,0.0,0.0,0,True,0.4047619047619048,neutral
THRB_Hsapiens-jolma2013-THRB-3,THRB,5,0.6427874383355344,0.363824159903702,-0.16074419373594037,-0.9097539158567529,0.7490097221208125,0,False,-0.3,normal-suppression
TIA1_Hsapiens-hPDI-TIA1,TIA1,6,1.0,1.0,0.0,0.0,0.0,0,True,0.6377481392176932,neutral
TIMM44_Hsapiens-hPDI-TIMM44,TIMM44,8,1.0,0.5007488766849718,0.2385779189133775,0.23022202952051934,0.008355889392858168,0,False,,neutral
TIMM8A_Hsapiens-hPDI-TIMM8A,TIMM8A,6,0.6674426338543398,0.6674426338543398,0.0,0.0,0.0,0,True,,neutral
TLX1::NFIC_Hsapiens-JASPAR_2014-TLX1::NFIC-MA0119.1,TLX1,10,0.25607777669464715,0.17980458694924858,0.043347146782393514,-0.963039659991725,1.0063868067741186,0,False,-0.5705951008000594,normal-suppression
TLX1::NFIC_Hsapiens-JASPAR_CORE-TLX1::NFIC-MA0119.1,TLX1,10,0.358182153367154,0.26899337015820124,-0.003438858702039576,-0.3880212625481052,0.3845824038460656,0,False,0.18902790432892227,neutral
TLX1_Hsapiens-HOCOMOCOv10-TLX1_HUMAN.H10MO.D,TLX1,8,0.07115788812367634,0.024608339921676645,0.11712712233584859,-0.2963347872797119,0.4134619096155605,0,False,0.023809523809523815,neutral
TLX1_Hsapiens-HOCOMOCOv10-TLX1_HUMAN.H10MO.S,TLX1,10,1.0,0.6015916667684591,0.976435105721966,0.195007360138764,0.781427745583202,0,False,-0.18787878787878787,tumor-gain
TLX1_Hsapiens-SwissRegulon-TLX1.SwissRegulon,TLX1,8,0.4723360022836923,0.3634527743433687,0.1646745254630099,-0.9310541506290095,1.0957286760920195,0,False,0.30952380952380953,normal-suppression
TLX2_1	Ncx_transfac_M00484,TLX2,7,0.5892018779342723,0.471830985915493,0.5720453634831462,0.4906242533125487,0.08142111017059744,0,False,0.7142857142857144,neutral
TLX2_Hsapiens-SwissRegulon-TLX2.SwissRegulon,TLX2,6,0.2025411151486699,0.2025411151486699,0.0,0.0,0.0,0,True,0.5428571428571429,neutral
TMSB4XP8_Hsapiens-hPDI-TMSL3,TMSB4XP8,4,1.0,1.0,0.0,0.0,0.0,0,True,,neutral
TOB2_Hsapiens-hPDI-TOB2,TOB2,4,0.25112331502745916,0.20095884938074354,0.6247023531765338,0.3168744958607378,0.307827857315796,0,False,,neutral
TOPORS_1	LUN-1_transfac_M00480,TOPORS,9,1.0,0.048706621004566214,0.31511103273973884,-0.5021186215103666,0.8172296542501054,0,False,-0.06694619270045785,normal-suppression
TP53_1	p53_transfac_M00034,TP53,4,0.41749259423779356,0.3085962497355382,0.027778853231564083,-1.1021881488831466,1.1299670021147108,0,False,,normal-suppression
TP53_2	p53_transfac_M00272,TP53,9,1.0,0.5760492790835473,-0.046771718672273095,-2.205187243182834,2.158415524510561,0,False,-0.6865392974160706,normal-suppression
TP53_3	p53-decamer_transfac_M00761,TP53,10,1.0,0.6371225699566625,0.25716922943089865,-0.910832185091309,1.1680014145222077,0,False,0.04242424242424241,normal-suppression
TP53_4	TP53_jaspar_MA0106.1,TP53,6,0.6257962458756372,0.5461555197906363,-0.014624822261239694,-0.7857838661928735,0.7711590439316338,0,False,-0.028571428571428574,normal-suppression
TP53_5	Tp53_jolma_DBD_M734,TP53,7,0.7659899218172853,0.7659899218172853,0.0,0.0,0.0,0,True,0.03571428571428572,neutral
TP53_6	Tp53_jolma_DBD_M735,TP53,8,1.0,0.5227752131420363,1.5946775577438663,0.49549314262738564,1.0991844151164807,0,False,-0.2142857142857143,tumor-gain
TP53_7	Tp53_jolma_DBD_M736,TP53,7,0.8643047174889118,0.5880840259184654,0.05232576341312624,-1.2239573849293612,1.2762831483424875,0,False,-0.642857142857143,normal-suppression
TP53_Hsapiens-JASPAR_2014-TP53-MA0106.2,TP53,10,1.0,0.28780681322642376,1.038037122995255,0.27837594832454426,0.7596611746707107,0,False,-0.4666666666666666,tumor-gain
TP53_Hsapiens-JASPAR_CORE-TP53-MA0106.1,TP53,7,0.30859645079511433,0.30859645079511433,0.0,0.0,0.0,0,True,0.5637295497763137,neutral
TP53_Hsapiens-SwissRegulon-TP53.SwissRegulon,TP53,8,0.6477112828980912,0.399375291312395,0.6788633112619298,0.15863143826496903,0.5202318729969607,0,False,0.5476190476190477,tumor-gain
TP53_Hsapiens-jaspar2016-TP53-MA0106.1,TP53,7,0.29307408276868013,0.19311817308707618,0.5691069128649692,0.18520445286034717,0.383902460004622,0,False,0.3571428571428572,neutral
TP53_Hsapiens-jaspar2016-TP53-MA0106.2,TP53,10,0.29397507264224065,0.1786880897941399,0.6429028377893937,-0.2707207189852342,0.9136235567746279,0,False,-0.5757575757575757,tumor-gain
TP53_Hsapiens-jaspar2016-TP53-MA0106.3,TP53,9,0.5921376979031735,0.5921376979031735,0.0,0.0,0.0,0,True,0.7333333333333334,neutral
TP53_Hsapiens-jaspar2018-TP53-MA0106.1,TP53,7,0.2280156740523917,0.16854178491732785,0.564364836561266,-0.003864370366711144,0.5682292069279772,0,False,0.48650622985560193,tumor-gain
TP53_Hsapiens-jaspar2018-TP53-MA0106.2,TP53,9,0.21511759198565467,0.18508938020314541,0.5862880741041481,-0.2991972282159598,0.8854853023201079,0,False,-0.08333333333333334,tumor-gain
TP53_Hsapiens-jaspar2018-TP53-MA0106.3,TP53,8,0.3188971363159999,0.2435221171862157,-0.6652538096211866,-1.3648849396036853,0.6996311299824987,0,False,-0.2142857142857143,divergent
TP63_1	TP63_jolma_DBD_M733,TP63,10,1.0,0.4123958386838039,0.06250166869235073,-0.19693766604776233,0.25943933474011305,0,False,-0.3696969696969697,neutral
TP63_Hsapiens-JASPAR_2014-TP63-MA0525.1,TP63,10,0.44195238182076796,0.0009726322866455906,-2.4621582579590937,-2.9043062589381767,0.442148000979083,0,False,-0.4545454545454545,neutral
TP63_Hsapiens-SwissRegulon-TP63.SwissRegulon,TP63,9,0.345272069110038,0.01957064208410302,0.8270331671119829,-1.5963363968259974,2.4233695639379804,0,False,-0.45,tumor-gain
TP63_Hsapiens-jaspar2016-TP63-MA0525.1,TP63,10,0.28721994118710326,0.0163246367656858,0.2651405438185294,-1.9636542134352029,2.2287947572537323,0,False,-0.32121212121212117,normal-suppression
TP63_Hsapiens-jaspar2016-TP63-MA0525.2,TP63,10,0.3351101776654094,0.2158673686306242,-0.17030458084226485,-1.4023540113177477,1.2320494304754828,0,False,-0.2606060606060606,normal-suppression
TP63_Hsapiens-jaspar2018-TP63-MA0525.1,TP63,8,0.1645801347767147,0.00020024415568487553,-0.20780009814768627,-1.3205835886141717,1.1127834904664855,0,False,-0.7380952380952381,normal-suppression
TP63_Hsapiens-jaspar2018-TP63-MA0525.2,TP63,10,0.2442166518154557,0.16521691062088126,0.20441654329435066,-1.1612010599070441,1.365617603201395,0,False,-0.6969696969696969,normal-suppression
TP63_Hsapiens-jolma2013-TP63,TP63,9,0.21953580423722052,0.12166265820396507,-0.0594250712477572,-1.1875189435850164,1.128093872337259,0,False,-0.4666666666666666,normal-suppression
TP73_1	Tp73_jolma_DBD_M737,TP73,10,0.9803916985290435,0.3357260966543042,-0.037089427435041254,-1.816277844819043,1.7791884173840018,0,False,-0.11515151515151514,normal-suppression
TP73_Hsapiens-SwissRegulon-TP73.SwissRegulon,TP73,9,1.0,0.6792068589623012,-0.8880735523854398,-0.977900440755596,0.08982688837015618,0,False,0.21666666666666667,neutral
TP73_Hsapiens-hPDI-TP73,TP73,3,0.5562458398047478,0.2787703626823256,0.13462063760003376,-0.7027071174437675,0.8373277550438012,0,False,,normal-suppression
TP73_Hsapiens-jaspar2016-TP73-MA0861.1,TP73,10,0.9927247963049949,0.7223154958415332,-0.047964177351648186,-1.0424716489383445,0.9945074715866964,0,False,-0.34545454545454546,normal-suppression
TP73_Hsapiens-jaspar2018-TP73-MA0861.1,TP73,9,0.657987163378672,0.19729088028747724,-0.14286437809537736,-0.36084931169615475,0.2179849336007774,0,False,-0.26666666666666666,neutral
TPI1_Hsapiens-hPDI-TPI1,TPI1,10,1.0,1.0,0.0,0.0,0.0,0,True,0.4474071525726429,neutral
TPPP_Hsapiens-hPDI-TPPP,TPPP,4,1.0,0.500998003992016,0.06743982132784997,-0.816273573094169,0.883713394422019,0,False,,normal-suppression
TRIM21_Hsapiens-hPDI-TRIM21,TRIM21,7,0.16743006350215311,0.16743006350215311,0.0,0.0,0.0,0,True,0.41825095628565206,neutral
TRIM28_disc1 TRIM28_U2OS_encode-Snyder_seq_hsa_r1:MDscan#3#Intergenic,TRIM28,8,0.8399363058566257,0.6889849070984123,-0.2110681907456065,-0.37765590915165836,0.16658771840605185,0,False,0.2142857142857143,neutral
TRIM28_disc2 TRIM28_K562b_encode-Snyder_seq_hsa_r1:Trawler#3#Intergenic,TRIM28,8,0.42938659058487877,0.1843728441741063,0.783076937855491,-0.12001578924981263,0.9030927271053036,0,False,0.0510809444238797,tumor-gain
TRIM69_Hsapiens-hPDI-TRIM69,TRIM69,8,0.5008734714250072,0.25087423437733747,1.579479433197656,0.9029247000624376,0.6765547331352184,0,False,0.05988131309566294,tumor-gain
TRIP10_Hsapiens-hPDI-TRIP10,TRIP10,4,0.2507494375012611,0.2507494375012611,0.0,0.0,0.0,0,True,,neutral
TSC22D4_Hsapiens-hPDI-TSC22D4,TSC22D4,4,0.5007488766849718,0.2507494375012611,-0.18480246532824104,-0.9334014083993146,0.7485989430710736,0,False,,normal-suppression
TSNAX_Hsapiens-hPDI-TSNAX,TSNAX,2,0.1680532445923461,0.1680532445923461,0.0,0.0,0.0,0,True,,neutral
TSN_Hsapiens-hPDI-TSN,TSN,4,1.0,0.3008041798631912,-0.4204016814151749,-0.6781493795240837,0.2577476981089088,0,False,-0.21081851067789195,neutral
TULP1_Hsapiens-hPDI-TULP1,TULP1,6,1.0,0.06308598034400499,0.6832451599964924,-1.0002241657921502,1.6834693257886426,0,False,-0.6571428571428573,tumor-gain
TWIST1_Hsapiens-SwissRegulon-TWIST1.SwissRegulon,TWIST1,10,0.14736248475701733,0.13268640819521896,0.19199095711638864,-0.07003545955340491,0.26202641666979354,0,False,0.6280604563186774,neutral
TWIST1_Hsapiens-cisbp_1.02-M6527_1.02,TWIST1,10,1.0,0.29075535537879366,0.020792554517377642,-0.4246298284208285,0.4454223829382062,0,False,-0.05504818825631803,neutral
TWIST1_Hsapiens-jaspar2018-TWIST1-MA1123.1,TWIST1,10,0.7628100298316327,0.7628100298316327,0.0,0.0,0.0,0,True,0.4666666666666666,neutral
TWST1_Hsapiens-HOCOMOCOv10-TWST1_HUMAN.H10MO.D,TWST1,10,0.5012468827930174,0.3344425956738769,0.10347809691387017,-0.09272485188251879,0.19620294879638894,0,False,0.4140393356054125,neutral
TYY1_Hsapiens-HOCOMOCOv10-TYY1_HUMAN.H10MO.A,YY1,10,1.0,0.3524416135881105,-0.11426349251033832,-0.6468097121726327,0.5325462196622944,0,False,-0.2727272727272727,normal-suppression
TYY2_Hsapiens-HOCOMOCOv10-TYY2_HUMAN.H10MO.D,YY2,10,1.0,0.47174780793940674,1.212961038311275,-0.37683156230671017,1.5897926006179852,0,False,-0.01818181818181818,tumor-gain
T_1	Brachyury_transfac_M00150,T,8,1.0,0.5509895474080756,-0.09645340295362095,-0.6610539757904068,0.5646005728367859,0,False,-0.261904761904762,normal-suppression
T_2	T_jaspar_MA0009.1,T,10,1.0,0.07275320970042796,0.9075510010168216,-1.1030594393108508,2.0106104403276723,0,False,-0.21884599572482327,tumor-gain
T_3	T_jolma_full_M285,T,9,1.0,1.0,0.0,0.0,0.0,0,True,0.13333333333333333,neutral
T_Hsapiens-SwissRegulon-T.SwissRegulon,T,8,0.04655720105298764,0.018752665558774657,-0.4828179374770304,-0.9621465556163046,0.4793286181392742,0,False,-0.29940656547831473,neutral
T_Hsapiens-jaspar2016-T-MA0009.2,T,10,0.25973917272238245,0.25973917272238245,0.0,0.0,0.0,0,True,0.34545454545454546,neutral
T_Hsapiens-jaspar2018-T-MA0009.2,T,10,0.1984487206533465,0.1869661516129617,0.14183509519981954,-0.02687704948507329,0.16871214468489285,0,False,0.11515151515151514,neutral
T_Hsapiens-jolma2013-T,T,8,0.1493775356841465,0.10959373282735843,0.2232063221143646,-0.6530074760553722,0.8762137981697369,0,False,0.0,normal-suppression
Trp53_Hsapiens-jolma2013-Trp53,TP53,10,0.8997236276011091,0.6372928517645652,-0.29202259296942823,-1.0663020327566428,0.7742794397872146,0,False,-0.32121212121212117,normal-suppression
Trp53_Hsapiens-jolma2013-Trp53-2,TP53,10,0.7140797937372697,0.46294667314554666,0.08107782302882405,-2.3343630431654074,2.4154408661942313,0,False,-0.43030303030303024,normal-suppression
Trp53_Hsapiens-jolma2013-Trp53-3,TP53,9,0.3376177052912101,0.1985477150956607,-0.0925065086890633,-0.9015596935453767,0.8090531848563134,0,False,0.049999999999999996,normal-suppression
Trp73_Hsapiens-jolma2013-Trp73,TP73,10,0.9228817617412086,0.37270098710202254,-0.06904813222701717,-1.5894722005438087,1.5204240683167916,0,False,-0.4787878787878787,normal-suppression
UBE2K_Hsapiens-hPDI-HIP2,UBE2K,3,1.0,1.0,0.0,0.0,0.0,0,True,,neutral
UBE2V1_Hsapiens-hPDI-UBE2V1,UBE2V1,10,1.0,0.7504367357125045,0.3340278226802285,-0.3852520065208933,0.7192798292011218,0,False,0.28322059201851035,other
UBIP1_Hsapiens-HOCOMOCOv10-UBIP1_HUMAN.H10MO.D,UBIP1,3,1.0,0.5012468827930174,-0.14789419609953067,-0.9044938555954283,0.7565996594958976,0,False,,normal-suppression
UBP1_Hsapiens-SwissRegulon-UBP1.SwissRegulon,UBP1,2,0.04107399712322197,0.04107399712322197,0.0,0.0,0.0,0,True,,neutral
UGP2_Hsapiens-hPDI-UGP2,UGP2,2,1.0,1.0,0.0,0.0,0.0,0,True,,neutral
UNCX_1	Uncx4.1_bulyk_cell08-2281.2,UNCX,6,0.5911533189334479,0.18696019350192541,-0.18538160204720677,-0.7595114133068182,0.5741298112596114,0,False,0.4285714285714286,normal-suppression
UNCX_2	UNCX_jolma_DBD_M643,UNCX,5,0.4539579988290635,0.26733969919924466,-0.7573575552224133,-0.8329853212125089,0.07562776599009557,0,False,0.0,neutral
UNCX_4	Uncx_jolma_DBD_M645,UNCX,2,0.20143176665244708,0.1386919086582408,1.1527269995879368,-0.021969266863377298,1.174696266451314,0,False,,tumor-gain
UNCX_5	Uncx_jolma_DBD_M646,UNCX,6,0.13010051430066033,0.028564213522215876,-0.20084403991947325,-1.4835687918294904,1.2827247519100171,0,False,-0.7142857142857143,normal-suppression
UNCX_Hsapiens-SwissRegulon-UNCX.SwissRegulon,UNCX,7,0.008127880930667549,0.003342102969355404,0.8590359294815927,-1.3750334201775973,2.23406934965919,0,False,-0.1785714285714286,tumor-gain
UNCX_Hsapiens-jaspar2016-UNCX-MA0721.1,UNCX,7,0.01330405880014642,0.006142108678307521,0.04445080828638477,-0.31449853372963055,0.3589493420160153,0,False,0.1785714285714286,neutral
UNCX_Hsapiens-jaspar2018-UNCX-MA0721.1,UNCX,5,0.011110131084823538,0.004387287423836819,1.0859744672782805,-0.14499808975679285,1.2309725570350734,0,False,0.09999999999999999,tumor-gain
UNCX_Hsapiens-jolma2013-UNCX,UNCX,4,0.4009758334679115,0.4009758334679115,0.0,0.0,0.0,0,True,0.19999999999999998,neutral
UNCX_Hsapiens-jolma2013-UNCX-2,UNCX,6,0.007275828254376744,0.003782887977245976,0.8864249277995867,-0.05275001133643503,0.9391749391360218,0,False,-0.7714285714285715,tumor-gain
UQCRB_Hsapiens-hPDI-UQCRB,UQCRB,2,0.33422103861517977,0.33422103861517977,0.0,0.0,0.0,0,True,,neutral
USF1_Hsapiens-HOCOMOCOv10-USF1_HUMAN.H10MO.A,USF1,10,0.042525420610355816,0.029074027832303978,0.2712442873394475,-0.6800272868392957,0.9512715741787432,0,False,0.006060606060606061,normal-suppression
USF1_Hsapiens-JASPAR_2014-USF1-MA0093.2,USF1,10,0.677385294174185,0.27243284812592683,0.08099064518527822,-0.2864041052830894,0.3673947504683676,0,False,-0.35757575757575755,neutral
USF1_Hsapiens-JASPAR_CORE-USF1-MA0093.1,USF1,9,0.00531682656475637,0.0008391399451924615,1.789394715712615,-0.5354247558743425,2.3248194715869577,0,False,-0.327742664658247,tumor-gain
USF1_Hsapiens-SwissRegulon-USF1.SwissRegulon,USF1,9,0.1872605046982484,0.06905574276208257,0.11341154480216281,-0.7486233662636378,0.8620349110658005,0,False,-0.2333333333333333,normal-suppression
USF1_Hsapiens-cisbp_1.02-M1917_1.02,USF1,10,1.0,0.6773852941741797,0.028862439410652925,-0.3964036095713845,0.4252660489820374,0,False,0.18787878787878787,neutral
USF1_Hsapiens-cisbp_1.02-M4080_1.02,USF1,8,0.8949690158596798,0.5734375443261442,0.34206548562674355,-1.7981360390884247,2.1402015247151684,0,False,-0.8024095954818835,normal-suppression
USF1_Hsapiens-cisbp_1.02-M4081_1.02,USF1,8,0.7644324121810686,0.2889837972214401,-0.22193950126176795,-1.5570054573326706,1.3350659560709026,0,False,-0.8571428571428572,normal-suppression
USF1_Hsapiens-cisbp_1.02-M4086_1.02,USF1,9,0.24054669827001415,0.15132963143317843,1.8105335135598464,-0.006532949073446238,1.8170664626332926,0,False,0.33333333333333337,tumor-gain
USF1_Hsapiens-cisbp_1.02-M4429_1.02,USF1,4,1.0,0.47193809425675615,-0.0015604911728136668,-0.6972877297414234,0.6957272385686097,0,False,-0.19999999999999998,normal-suppression
USF1_Hsapiens-cisbp_1.02-M4480_1.02,USF1,6,1.0,0.5330134425146826,0.14367837995200625,-0.659702554248119,0.8033809342001252,0,False,-0.6571428571428573,normal-suppression
USF1_Hsapiens-cisbp_1.02-M4514_1.02,USF1,7,0.9008677105046294,0.9008677105046294,0.0,0.0,0.0,0,True,0.28571428571428575,neutral
USF1_Hsapiens-cisbp_1.02-M4578_1.02,USF1,10,0.08015434480337669,0.04217617341173563,0.28440347658534476,-1.1114599254264228,1.3958634020117675,0,False,-0.33333333333333326,normal-suppression
USF1_Hsapiens-cisbp_1.02-M4637_1.02,USF1,6,0.7361477572559367,0.6436058700209644,-0.2775038588857007,-0.7662948091357965,0.4887909502500958,0,False,-0.6571428571428573,neutral
USF1_Hsapiens-cisbp_1.02-M5943_1.02,USF1,10,0.06860428728487787,0.04985299584397525,-0.14988442396189033,-0.6093490835253613,0.459464659563471,0,False,0.5393939393939393,neutral
USF1_Hsapiens-cisbp_1.02-M6530_1.02,USF1,10,0.1700052513954713,0.04214000050327351,0.9882318644790893,-1.7055452004519804,2.6937770649310697,0,False,-0.43030303030303024,tumor-gain
USF1_Hsapiens-jaspar2016-USF1-MA0093.1,USF1,5,0.0009541076568221407,0.0003850573644828912,1.7826585660515297,0.5541234431758183,1.2285351228757113,0,False,0.49999999999999994,tumor-gain
USF1_Hsapiens-jaspar2016-USF1-MA0093.2,USF1,10,0.21310614213386994,0.16162236894217502,-0.7349105108361819,-1.4530134461681048,0.7181029353319229,0,False,0.28484848484848485,divergent
USF1_Hsapiens-jaspar2018-USF1-MA0093.2,USF1,10,0.1513951693044643,0.10948061593102389,-0.18998826874888014,-1.4218640512434724,1.2318757824945923,0,False,0.406060606060606,normal-suppression
USF1_Hsapiens-jolma2013-USF1,USF1,10,0.026811883266753857,0.022541830876313923,1.482955036667428,-0.04583799761303738,1.5287930342804654,0,False,0.4424242424242424,tumor-gain
USF2_Hsapiens-HOCOMOCOv10-USF2_HUMAN.H10MO.A,USF2,9,0.13561441887781736,0.005994149588609426,0.15364367976472565,-1.7996259747632122,1.9532696545279378,0,False,-0.26666666666666666,normal-suppression
USF2_Hsapiens-JASPAR_2014-USF2-MA0526.1,USF2,10,1.0,0.48664719856901034,-0.024909710691278744,-1.0793104704428322,1.0544007597515535,0,False,-0.2606060606060606,normal-suppression
USF2_Hsapiens-SwissRegulon-USF2.SwissRegulon,USF2,9,0.01452074161573701,0.003996303750700806,0.7632034709958032,-0.4342580110427166,1.1974614820385199,0,False,-0.18333333333333335,tumor-gain
USF2_Hsapiens-cisbp_1.02-M2322_1.02,USF2,10,1.0,0.32377127506328085,0.456268526104799,-0.824521450531485,1.280789976636284,0,False,-0.2727272727272727,normal-suppression
USF2_Hsapiens-cisbp_1.02-M4481_1.02,USF2,8,1.0,0.9203715976713951,0.558461921346454,-0.6501349772946686,1.2085968986411226,0,False,0.07142857142857144,tumor-gain
USF2_Hsapiens-cisbp_1.02-M4515_1.02,USF2,5,0.8696714803235571,0.20367087985465163,0.41894094643889873,-0.2801755460335913,0.69911649247249,0,False,-0.09999999999999999,other
USF2_Hsapiens-cisbp_1.02-M4550_1.02,USF2,10,0.26432305984911664,0.20889242620628956,0.5555486284098147,-1.2236729276638083,1.7792215560736229,0,False,0.5151515151515151,tumor-gain
USF2_Hsapiens-cisbp_1.02-M4579_1.02,USF2,9,1.0,0.824006749952414,0.2586262053784186,0.07541553251745672,0.1832106728609619,0,False,0.39999999999999997,neutral
USF2_Hsapiens-cisbp_1.02-M4638_1.02,USF2,10,0.7144417736484746,0.40521868230427704,-0.2958695674094,-0.4621352105743289,0.16626564316492887,0,False,-0.18787878787878787,neutral
USF2_Hsapiens-cisbp_1.02-M6531_1.02,USF2,9,1.0,0.36335988742767095,0.20419945092050884,-1.6141472028372068,1.8183466537577155,0,False,-0.21666666666666667,normal-suppression
USF2_Hsapiens-jaspar2016-USF2-MA0526.1,USF2,10,0.33065726628030684,0.1848012456252539,0.7650721199865075,-0.998266120440513,1.7633382404270206,0,False,-0.406060606060606,tumor-gain
USF2_Hsapiens-jaspar2018-USF2-MA0526.1,USF2,10,0.22216073327148037,0.22216073327148037,0.0,0.0,0.0,0,True,0.2727272727272727,neutral
USF2_Hsapiens-jaspar2018-USF2-MA0526.2,USF2,8,0.8693153220680865,0.7070352064612256,0.14042345923953484,0.07679326747771442,0.06363019176182041,0,False,0.5952380952380953,neutral
USP39_Hsapiens-hPDI-USP39,SP3,9,0.17218488814583682,0.021692415050461874,0.6559835714508786,0.18445572033234658,0.471527851118532,0,False,0.09999999999999999,neutral
UTP18_Hsapiens-hPDI-UTP18,UTP18,5,1.0,1.0,0.0,0.0,0.0,0,True,0.6,neutral
VAMP3_Hsapiens-hPDI-VAMP3,VAMP3,8,1.0,1.0,0.0,0.0,0.0,0,True,,neutral
VAX1_1	Vax1_bulyk_cell08-3499.1,VAX1,4,0.9433291956388781,0.40347624307825813,-0.044930240077233806,-0.722455331845319,0.6775250917680852,0,False,0.0,normal-suppression
VAX1_2	VAX1_jolma_DBD_M647,VAX1,5,0.09479445962140833,0.07114854108203328,-0.22535211910326722,-0.856807213518687,0.6314550944154198,0,False,0.19999999999999998,normal-suppression
VAX1_Hsapiens-HOCOMOCOv10-VAX1_HUMAN.H10MO.D,VAX1,3,0.39923359944888714,0.39923359944888714,0.0,0.0,0.0,0,True,,neutral
VAX1_Hsapiens-SwissRegulon-VAX1.SwissRegulon,VAX1,6,0.9736810647040173,0.9688277094375297,0.36631332619867313,-0.15002372946160597,0.5163370556602791,0,False,-0.08571428571428573,other
VAX1_Hsapiens-jaspar2016-VAX1-MA0722.1,VAX1,2,0.02867538662377203,0.022312411558559925,0.3205278725825917,0.21447056618932317,0.10605730639326852,0,False,,neutral
VAX1_Hsapiens-jaspar2018-VAX1-MA0722.1,VAX1,6,0.02184857937960724,0.02184857937960724,0.0,0.0,0.0,0,True,0.2571428571428572,neutral
VAX1_Hsapiens-jolma2013-VAX1,VAX1,6,0.012374570362011266,0.00876892508078689,-0.513289212509967,-2.038390020688532,1.525100808178565,0,False,0.2571428571428572,divergent
VAX2_1	Vax2_bulyk_cell08-3500.1,VAX2,7,0.5461116539580102,0.14849643091696746,-0.07858436127303119,-0.752226676401945,0.6736423151289138,0,False,0.28571428571428575,normal-suppression
VAX2_2	VAX2_jolma_DBD_M648,VAX2,4,0.06452455495331641,0.04348001399427001,0.07507185467415765,-0.3648804509304634,0.43995230560462106,0,False,-0.7999999999999999,neutral
VAX2_Hsapiens-HOCOMOCOv10-VAX2_HUMAN.H10MO.D,VAX2,7,0.602388874392923,0.36319270302724155,0.1771227397113294,-0.22886399394743295,0.40598673365876237,0,False,0.14285714285714288,neutral
VAX2_Hsapiens-SwissRegulon-VAX2.SwissRegulon,VAX2,7,0.491225501924016,0.10828287575103158,1.0268342310164151,-0.014304678899510904,1.041138909915926,0,False,-0.1785714285714286,tumor-gain
VAX2_Hsapiens-hPDI-VAX2,VAX2,6,0.4769253088778134,0.1860444657734639,-0.15333324387447464,-1.150970338902002,0.9976370950275274,0,False,-0.05797710356524484,normal-suppression
VAX2_Hsapiens-jaspar2016-VAX2-MA0723.1,VAX2,8,0.021160444683293554,0.01906170930216317,0.4588338127783536,-0.4139387359509471,0.8727725487293008,0,False,0.4761904761904762,other
VAX2_Hsapiens-jaspar2018-VAX2-MA0723.1,VAX2,4,0.015445487603294502,0.015445487603294502,0.0,0.0,0.0,0,True,0.39999999999999997,neutral
VAX2_Hsapiens-jolma2013-VAX2,VAX2,7,0.013906643583167358,0.013906643583167358,0.0,0.0,0.0,0,True,0.3214285714285715,neutral
VDR_1	VDR_transfac_M00444,VDR,5,0.6258740038624165,0.3761235026216258,-0.06621244284716815,-0.9140710344421961,0.8478585915950279,0,False,0.6,normal-suppression
VDR_2	VDR_transfac_M00961,VDR,10,1.0,0.3258064226205716,0.46280963586428886,-0.4425961608853762,0.905405796749665,0,False,-0.32218993815043423,other
"VDR_3	VDR,-CAR,-PXR_transfac_M00966",VDR,9,0.40097722379706296,0.11520372976884552,0.20419181216761598,-0.8018469380261323,1.0060387501937482,0,False,0.09999999999999999,normal-suppression
VDR_4	RXRA::VDR_jaspar_MA0074.1,VDR,10,1.0,0.5012468827930174,-0.09041392328904108,-0.4480615445616858,0.3576476212726447,0,False,,neutral
VDR_5	VDR_jolma_full_M731,VDR,9,1.0,0.4483551661971059,1.1139535886249103,-0.49211927184934007,1.6060728604742505,0,False,0.26666666666666666,tumor-gain
VDR_6	Vdr_jolma_DBD_M732,VDR,9,0.7382313755967581,0.346127670291799,-0.08077706396811356,-0.09411683179634563,0.013339767828232069,0,False,0.13333333333333333,neutral
VDR_Hsapiens-HOCOMOCOv10-VDR_HUMAN.H10MO.B,VDR,6,0.6336845002914384,0.44402720150106567,-0.5473166192625306,-0.7787021273491072,0.23138550808657654,0,False,0.7142857142857143,neutral
VDR_Hsapiens-HOCOMOCOv10-VDR_HUMAN.H10MO.S,VDR,7,0.13895051236896702,0.12480974124809703,-0.0971262428429404,-0.8523495608791153,0.7552233180361749,0,False,0.0,normal-suppression
VDR_Hsapiens-SwissRegulon-VDR.SwissRegulon,VDR,9,0.21522869004379208,0.21522869004379208,0.0,0.0,0.0,0,True,0.07093269021319086,neutral
VDR_Hsapiens-jaspar2018-VDR-MA0693.2,VDR,6,0.6960426187816872,0.2695859100426339,-0.035067604585275775,-0.0811383123953725,0.04607070781009673,0,False,0.08571428571428573,neutral
VDR_Hsapiens-jolma2013-VDR,VDR,8,0.27353267073415805,0.2398798325989771,0.46754630109122286,0.2547303608752151,0.21281594021600775,0,False,0.523809523809524,neutral
VENTX_1	VENTX_jolma_DBD_M649,VENTX,4,1.0,1.0,0.0,0.0,0.0,0,True,0.39999999999999997,neutral
VENTX_Hsapiens-HOCOMOCOv10-VENTX_HUMAN.H10MO.D,VENTX,9,0.8258156043845456,0.009920331675978257,0.6265511985190758,0.31029818758344613,0.3162530109356297,0,False,0.18333333333333335,neutral
VENTX_Hsapiens-SwissRegulon-VENTX.SwissRegulon,VENTX,6,0.08320615679440495,0.07310519841094466,0.10583435662138775,-2.456175750683339,2.562010107304727,0,False,-0.7714285714285715,normal-suppression
VENTX_Hsapiens-jaspar2016-VENTX-MA0724.1,VENTX,7,0.28317559867321457,0.21222589482922116,0.6071338358525137,-0.825810462101922,1.4329442979544358,0,False,-0.03571428571428572,tumor-gain
VENTX_Hsapiens-jaspar2018-VENTX-MA0724.1,VENTX,4,0.15208995950709103,0.14959913033212957,0.5222103622135845,0.17206123074732171,0.3501491314662628,0,False,0.6000000000000001,neutral
VENTX_Hsapiens-jolma2013-VENTX,VENTX,6,0.11273213267930773,0.09746775746863046,0.33176711372052253,-0.232827674449671,0.5645947881701936,0,False,0.5428571428571429,other
VENTX_Hsapiens-jolma2013-VENTX-2,VENTX,2,0.33325804132583964,0.27896856605182024,1.37243838117278,-0.5763497765122908,1.9487881576850707,0,False,,tumor-gain
VPS4B_Hsapiens-hPDI-VPS4B,VPS4B,2,1.0,1.0,0.0,0.0,0.0,0,True,,neutral
VSX1_1	Vsx1_bulyk_cell08-1728.1,VSX1,3,0.24825315047314106,0.12950606764290215,0.2389919293291775,-0.7236479140790033,0.9626398434081809,0,False,,normal-suppression
VSX1_2	VSX1_jolma_DBD_M651,VSX1,5,0.034696899102067455,0.009839543212696587,0.8496911182566577,-0.22009120427647086,1.0697823225331284,0,False,-0.9999999999999999,tumor-gain
VSX1_3	VSX1_jolma_full_M652,VSX1,8,1.0,0.6678017307742424,0.6848178006239044,-0.023681056750339696,0.7084988573742441,0,False,0.30952380952380953,tumor-gain
VSX1_4	Vsx1_jolma_DBD_M654,VSX1,3,0.023884439235055267,0.014740875413218304,-1.2796086926599048,-3.1129963327500656,1.8333876400901608,0,False,,divergent
VSX1_Hsapiens-HOCOMOCOv10-VSX1_HUMAN.H10MO.D,VSX1,4,0.8383474643645126,0.6415974946925345,-0.23233542312861885,-0.8878559308249369,0.655520507696318,0,False,-0.39999999999999997,normal-suppression
VSX1_Hsapiens-SwissRegulon-VSX1.SwissRegulon,VSX1,6,0.6235982925402876,0.6235982925402876,0.0,0.0,0.0,0,True,0.6,neutral
VSX1_Hsapiens-hPDI-VSX1,VSX1,8,0.833638329728832,0.4175819349215634,0.42100337417539746,-0.5725561970663537,0.9935595712417512,0,False,-0.6265515005254438,normal-suppression
VSX1_Hsapiens-jaspar2016-VSX1-MA0725.1,VSX1,7,0.010739024609905737,0.010739024609905737,0.0,0.0,0.0,0,True,0.07142857142857144,neutral
VSX1_Hsapiens-jaspar2018-VSX1-MA0725.1,VSX1,7,0.00655965593365912,0.0015203793356433413,-0.1377465327675563,-0.3020046543491493,0.164258121581593,0,False,0.25,neutral
VSX1_Hsapiens-jolma2013-VSX1,VSX1,5,0.003850415406947794,0.0036889890637872803,1.0647007574644696,-0.007290191603067496,1.071990949067537,0,False,-0.19999999999999998,tumor-gain
VSX1_Hsapiens-jolma2013-VSX1-2,VSX1,10,0.7163254509477162,0.6693032402590489,0.3184197811020413,-0.3569778551472351,0.6753976362492764,0,False,0.5515151515151515,other
VSX2_1	CHX10_transfac_M00437,VSX2,7,1.0,0.5012468827930174,0.3831283492693454,-0.23458949931463932,0.6177178485839847,0,False,0.504524979109513,other
VSX2_2	VSX2_jolma_DBD_M653,VSX2,2,0.0078422027974736,0.0078422027974736,0.0,0.0,0.0,0,True,,neutral
VSX2_Hsapiens-SwissRegulon-VSX2.SwissRegulon,VSX2,6,0.0015039834881493829,0.0003493032719160897,0.3600337923881528,-0.4267029643636283,0.7867367567517811,0,False,0.48571428571428577,other
VSX2_Hsapiens-jaspar2016-VSX2-MA0726.1,VSX2,4,0.0033510129697736594,0.0033510129697736594,0.0,0.0,0.0,0,True,0.39999999999999997,neutral
VSX2_Hsapiens-jaspar2018-VSX2-MA0726.1,VSX2,3,0.0010802565199521785,0.0010802565199521785,0.0,0.0,0.0,0,True,,neutral
VSX2_Hsapiens-jolma2013-VSX2,VSX2,2,0.0007599728503647565,0.0007599728503647565,0.0,0.0,0.0,0,True,,neutral
WRNIP1_Hsapiens-SwissRegulon-WRNIP1.SwissRegulon,WRNIP1,4,0.5619284487380527,0.49211052494136615,-1.79246242245587,-3.5126153694366975,1.7201529469808274,0,False,-0.19999999999999998,divergent
WT1_1	WT1_transfac_M01118,WT1,2,0.6674786815609218,0.6674786815609218,0.0,0.0,0.0,0,True,,neutral
XBP1_1	XBP-1_transfac_M00251,XBP1,7,1.0,0.21704388429373933,0.7295492827226375,0.5593803720842494,0.17016891063838813,0,False,0.42857142857142866,neutral
XBP1_2	HTF_transfac_M00538,XBP1,9,0.0051306993368862765,0.0022931734203477383,2.2519632913736305,1.6526856881536114,0.5992776032200191,0,False,0.7333333333333334,tumor-gain
XBP1_3	XBP1_jolma_DBD_M396,XBP1,9,0.12941267246523336,0.0907053001486407,0.6588712216964415,0.15969144390556161,0.4991797777908799,0,False,-0.11666666666666665,neutral
XBP1_4	XBP1_jolma_DBD_M397,XBP1,10,1.0,0.49350272916630383,0.5392226614383728,-0.004976542241130551,0.5441992036795034,0,False,0.006060606060606061,tumor-gain
XBP1_Hsapiens-HOCOMOCOv10-XBP1_HUMAN.H10MO.C,XBP1,8,0.5222726734623743,0.37430945777084634,0.5775659099476004,-0.2686862666889602,0.8462521766365605,0,False,-0.14285714285714288,tumor-gain
XBP1_Hsapiens-SwissRegulon-XBP1.SwissRegulon,XBP1,10,1.0,0.5563008293411552,0.5074309763208689,0.4895476778349902,0.017883298485878663,0,False,0.19999999999999998,neutral
XBP1_Hsapiens-cisbp_1.02-M3447_1.02,XBP1,8,0.01340303567783623,1.3515269948294494e-05,0.35128038881101137,-1.4865461565496567,1.8378265453606681,0,False,-0.5714285714285715,normal-suppression
XBP1_Hsapiens-cisbp_1.02-M4101_1.02,XBP1,8,0.6436969999287405,0.6436969999287405,0.0,0.0,0.0,0,True,0.2142857142857143,neutral
XBP1_Hsapiens-cisbp_1.02-M5952_1.02,XBP1,10,0.12941218892929782,0.08817689494875271,0.3234195796427493,-0.34767117780319634,0.6710907574459457,0,False,0.6363636363636362,other
XBP1_Hsapiens-cisbp_1.02-M5953_1.02,XBP1,10,1.0,0.9711801518229591,1.4413890916698504,-0.04660762231073082,1.4879967139805812,0,False,0.29696969696969694,tumor-gain
XBP1_Hsapiens-cisbp_1.02-M6536_1.02,XBP1,9,1.0,0.4693939283975489,0.3112432895726979,-0.8570816030440364,1.1683248926167342,0,False,-0.16666666666666669,normal-suppression
XBP1_Hsapiens-jaspar2016-XBP1-MA0844.1,XBP1,10,0.545814102412533,0.47927967762982776,0.9549984649982597,-0.22075327916059426,1.1757517441588539,0,False,-0.28484848484848485,tumor-gain
XBP1_Hsapiens-jaspar2018-XBP1-MA0844.1,XBP1,10,0.3656673212845364,0.3656673212845364,0.0,0.0,0.0,0,True,0.43030303030303024,neutral
XBP1_Hsapiens-jolma2013-XBP1,XBP1,10,0.04449436972947602,0.04449436972947602,0.0,0.0,0.0,0,True,0.29696969696969694,neutral
XBP1_Hsapiens-jolma2013-XBP1-2,XBP1,10,0.3755137319579569,0.2636651395525635,0.1538931268354894,-0.12581839756142185,0.27971152439691127,0,False,0.1515151515151515,neutral
XG_Hsapiens-hPDI-XG,XG,3,0.5007488766849718,0.2507494375012611,0.21940764112674696,-1.4503312351501225,1.6697388762768695,0,False,,normal-suppression
XRCC1_Hsapiens-hPDI-XRCC1,XRCC1,7,1.0,0.16743006350215311,0.24123157293603445,-1.202253042287946,1.4434846152239804,0,False,-0.5765999761251578,normal-suppression
YBOX1_Hsapiens-HOCOMOCOv10-YBOX1_HUMAN.H10MO.D,YBOX1,10,1.0,0.836778644459881,0.505794743074418,-0.41024562644509727,0.9160403695195152,0,False,0.2606060606060606,tumor-gain
YBX1_Hsapiens-SwissRegulon-YBX1.SwissRegulon,YBX1,10,0.6315555890505026,0.6315555890505026,0.0,0.0,0.0,0,True,0.33333333333333326,neutral
YEATS4_Hsapiens-hPDI-YEATS4,YEATS4,2,0.625748502994012,0.2849268782696046,1.7007934674452967,0.5943422623739525,1.1064512050713442,0,False,,tumor-gain
YWHAE_Hsapiens-hPDI-YWHAE,YWHAE,4,1.0,1.0,0.0,0.0,0.0,0,True,0.316227766016838,neutral
YWHAZ_Hsapiens-hPDI-YWHAZ,YWHAZ,4,1.0,1.0,0.0,0.0,0.0,0,True,-0.10540925533894598,neutral
YY1_Hsapiens-JASPAR_2014-YY1-MA0095.2,YY1,10,0.5140841634699334,0.22364762594295745,0.18681025565657045,-0.6874000779045125,0.8742103335610829,0,False,-0.2606060606060606,normal-suppression
YY1_Hsapiens-JASPAR_CORE-YY1-MA0095.1,YY1,9,0.16180325729017192,0.023894789221901372,-0.1969620122570492,-0.5088293698619704,0.3118673576049211,0,False,0.10924755488608233,neutral
YY1_Hsapiens-SwissRegulon-YY1.SwissRegulon,YY1,9,0.0028352372892103224,0.001485247648125148,3.1005754932907434,0.8652152333706661,2.2353602599200775,0,False,0.016666666666666666,tumor-gain
YY1_Hsapiens-jaspar2016-YY1-MA0095.1,YY1,9,0.023894789221901372,0.010273703731292059,-0.15858271945931265,-0.7320836941111252,0.5735009746518125,0,False,0.25877458475338283,normal-suppression
YY1_Hsapiens-jaspar2016-YY1-MA0095.2,YY1,10,0.19390991068967703,0.14851063257956468,0.24709948931760922,0.04374684108982756,0.20335264822778165,0,False,0.5272727272727272,neutral
YY1_Hsapiens-jaspar2018-YY1-MA0095.2,YY1,9,0.1451357515567827,0.127310204762871,0.23957782080199955,0.23342254959827924,0.006155271203720308,0,False,0.4666666666666666,neutral
YY1_Hsapiens-jolma2013-YY1,YY1,8,0.614934238974338,0.49782758831842927,0.7399850006502009,-0.3735080626290467,1.1134930632792477,0,False,0.023809523809523815,tumor-gain
YY1_disc1 YY1_NT2-D1_encode-Snyder_seq_hsa_r1:MEME#3#Intergenic,YY1,8,0.06594655867786313,0.002589920461728762,0.21713786844836672,-0.40066336888395576,0.6178012373323225,0,False,0.6190476190476191,other
YY1_disc2 YY1_SK-N-SH-RA_encode-Myers_seq_hsa_v041610.2-C-20_r1:Trawler#2#Intergenic,YY1,4,1.0,0.41754048050899634,0.6335783073323568,-0.7745996377650607,1.4081779450974174,0,False,-0.19999999999999998,tumor-gain
YY1_disc4 YY1_GM12892_encode-Myers_seq_hsa_v041610.1_r1:AlignACE#1#Intergenic,YY1,3,0.07996404759134734,0.06851243934076662,0.18907146981279596,-0.05960714076957917,0.24867861058237511,0,False,,neutral
YY1_known1	YY1_1	YY1_transfac_M00059,YY1,8,0.09447258614894954,0.05209488745471078,-0.062284113476917674,-0.680887465282559,0.6186033518056413,0,False,0.3333333333333334,normal-suppression
YY1_known2	YY1_2	YY1_transfac_M00069,YY1,10,0.600878069125992,0.15104458942392715,-0.13944540338307512,-1.4893012457015868,1.3498558423185116,0,False,0.6969696969696969,normal-suppression
YY1_known3	YY1_3	NF-muE1_transfac_M00651,YY1,10,1.0,1.0,0.0,0.0,0.0,0,True,0.2742511170691474,neutral
YY1_known4	YY1_4	YY1_transfac_M00793,YY1,9,1.0,0.6675180472286798,-0.4005754823603829,-0.653586998804967,0.2530115164445841,0,False,0.17722938923964165,neutral
YY1_known5	YY1_5	YY1_transfac_M01035,YY1,10,1.0,0.8187582068344298,1.5783269030384763,-0.28083749542878594,1.8591643984672623,0,False,-0.0303030303030303,tumor-gain
YY1_known6	YY1_6	YY1_jaspar_MA0095.1,YY1,9,1.0,0.161803973554449,0.5226050189309678,-0.04925115697450716,0.571856175905475,0,False,-0.28091465515038705,tumor-gain
YY1_known7	YY1_7	YY1_jolma_full_M33,YY1,8,1.0,0.6495379445533465,0.8303721820570827,-0.16601193821437438,0.9963841202714572,0,False,-0.523809523809524,tumor-gain
YY2_1	YY2_jolma_DBD_M34,YY2,9,1.0,0.37802444994621387,-0.4315107088111214,-0.8535870274698226,0.4220763186587012,0,False,-0.21666666666666667,neutral
YY2_2	YY2_jolma_full_M35,YY2,10,0.8204504918306601,0.5535277900124137,1.4269995080499995,-1.1300890509215373,2.557088558971537,0,False,-0.33333333333333326,tumor-gain
YY2_Hsapiens-SwissRegulon-YY2.SwissRegulon,YY2,10,0.3512508529156953,0.2986354834191165,0.48092700913506503,-0.44877914938012253,0.9297061585151876,0,False,-0.16363636363636364,other
YY2_Hsapiens-jaspar2016-YY2-MA0748.1,YY2,9,0.39054679640506257,0.2335479110954647,1.2345117070677085,-0.5591683533716824,1.793680060439391,0,False,-0.19999999999999998,tumor-gain
YY2_Hsapiens-jaspar2018-YY2-MA0748.1,YY2,10,0.3386575338421332,0.20487955673491556,-0.3247063093567812,-1.3555177365016835,1.0308114271449023,0,False,-0.18787878787878787,normal-suppression
YY2_Hsapiens-jolma2013-YY2,YY2,10,0.25563891143320755,0.1325528417212571,0.27622160498794157,-0.17963827058119958,0.45585987556914115,0,False,0.29696969696969694,neutral
YY2_Hsapiens-jolma2013-YY2-2,YY2,10,0.5395131513354113,0.29523116941880295,1.2600457606791071,-1.2708849842812482,2.5309307449603553,0,False,-0.24848484848484845,tumor-gain
YY2_Hsapiens-jolma2013-YY2-3,YY2,10,1.0,0.31272271930671347,0.9920607307545373,0.38417722521653913,0.6078835055379981,0,False,0.41818181818181815,tumor-gain
ZBED1_1	ZBED1_jolma_DBD_M36,ZBED1,8,1.0,0.5383326680363051,1.090326688423544,-0.6004468651512097,1.6907735535747537,0,False,0.04761904761904763,tumor-gain
ZBED1_Hsapiens-HOCOMOCOv10-ZBED1_HUMAN.H10MO.D,ZBED1,7,0.6069275130708849,0.6069275130708849,0.0,0.0,0.0,0,True,0.14285714285714288,neutral
ZBED1_Hsapiens-SwissRegulon-ZBED1.SwissRegulon,ZBED1,8,0.04671937764661266,0.030162948688320455,0.7362300451623801,-0.8832864923324315,1.6195165374948117,0,False,-0.1666666666666667,tumor-gain
ZBED1_Hsapiens-hPDI-ZBED1,ZBED1,10,0.15482135996926577,0.011212535167235454,1.252752509887338,0.5056624299467732,0.7470900799405648,0,False,-0.3292941923608177,tumor-gain
ZBED1_Hsapiens-jaspar2016-ZBED1-MA0749.1,ZBED1,10,0.1961972298687355,0.10805910810907816,0.349612594876462,-0.4451733412422943,0.7947859361187564,0,False,-0.06666666666666665,other
ZBED1_Hsapiens-jaspar2018-ZBED1-MA0749.1,ZBED1,8,0.08878988196690846,0.07618550686180148,0.5565513146779226,-0.15403226535151326,0.7105835800294359,0,False,-0.28571428571428575,tumor-gain
ZBED1_Hsapiens-jolma2013-ZBED1,ZBED1,9,0.06499263160264458,0.05366192092705205,-0.18969525717894667,-0.3192802731006113,0.12958501592166463,0,False,0.3,neutral
ZBT18_Hsapiens-HOCOMOCOv10-ZBT18_HUMAN.H10MO.D,ZBTB18,10,1.0,0.4297171631711231,0.21677240642854811,-0.23064817098825088,0.44742057741679897,0,False,0.2978737164032316,neutral
ZBT49_Hsapiens-HOCOMOCOv10-ZBT49_HUMAN.H10MO.D,ZBTB49,5,1.0,0.6385283311141122,-0.038377172421767844,-0.21423602668118363,0.17585885425941578,0,False,0.49999999999999994,neutral
ZBT7A_Hsapiens-HOCOMOCOv10-ZBT7A_HUMAN.H10MO.D,ZBTB7A,5,0.14114770061926532,0.1111734308086911,0.154862621062382,-0.5952366961505783,0.7500993172129603,0,False,0.0,normal-suppression
ZBT7B_Hsapiens-HOCOMOCOv10-ZBT7B_HUMAN.H10MO.D,ZBTB7B,7,0.1926127796207803,0.015804081282525508,0.4579554215197232,0.38097462300866514,0.07698079851105805,0,False,0.3214285714285715,neutral
ZBTB12_1	Zbtb12_bulyk_sc09-primary,ZBTB1,8,0.6677883588395233,0.2507983096576492,0.32399811813790474,-0.2948515028823033,0.618849621020208,0,False,-0.523809523809524,other
ZBTB12_Hsapiens-SwissRegulon-ZBTB12.SwissRegulon,ZBTB1,8,0.7995715016270961,0.5666569216736711,-0.4376771956355153,-0.4533779205540357,0.01570072491852037,0,False,-0.19047619047619052,neutral
ZBTB14_1	ZF5_transfac_M00333,ZBTB1,7,0.5961528985626102,0.5008494064337659,1.0122882249051655,-0.1759436942624299,1.1882319191675954,0,False,0.39285714285714296,tumor-gain
ZBTB14_2	ZF5_transfac_M00716,ZBTB1,4,0.22664634789247828,0.18094904102413428,0.023530571185343647,-0.2798219092709863,0.30335248045632995,0,False,-0.39999999999999997,neutral
ZBTB14_3	Zfp161_bulyk_sc09-primary,ZBTB1,3,0.3011205176250806,0.22406142723535838,0.19095576142255685,-0.6489082839166355,0.8398640453391923,0,False,,normal-suppression
ZBTB16_1	PLZF_transfac_M01075,ZBTB1,9,0.015292578827571835,0.00010600605254916362,-0.0010345003302113765,-0.5903287765865538,0.5892942762563425,0,False,-0.25,normal-suppression
ZBTB16_Hsapiens-SwissRegulon-ZBTB16.SwissRegulon,ZBTB1,4,0.015450265764029716,1.340625280313112e-05,0.30440447550266114,-0.37286898562965337,0.6772734611323146,0,False,0.39999999999999997,other
ZBTB18_1	RP58_transfac_M00532,ZBTB1,8,1.0,0.5961995249406177,1.7953182620194346,-1.318825999335325,3.1141442613547596,0,False,0.07142857142857144,tumor-gain
ZBTB18_2	ZNF238_jolma_DBD_M44,ZBTB1,6,0.9745505166987346,0.5690421378868475,0.07013486149305913,-0.5266673586469613,0.5968022201400205,0,False,-0.6,normal-suppression
ZBTB18_3	ZNF238_jolma_full_M45,ZBTB1,7,1.0,0.6773993164487626,-0.04408220783885839,-1.6012515813235708,1.5571693734847125,0,False,0.1785714285714286,normal-suppression
ZBTB18_Hsapiens-SwissRegulon-ZBTB18.SwissRegulon,ZBTB1,9,0.20115754403814934,0.20115754403814934,0.0,0.0,0.0,0,True,0.4518868007280905,neutral
ZBTB18_Hsapiens-hPDI-ZNF238,ZBTB1,4,0.8752339363693088,0.06338654623009983,0.6208605099656839,-0.14399586004949108,0.7648563700151749,0,False,-1.0,tumor-gain
ZBTB18_Hsapiens-jaspar2016-ZBTB18-MA0698.1,ZBTB1,9,0.4708711382600294,0.4515982169051937,0.9096582832554102,0.01733687912045451,0.8923214041349556,0,False,0.45,tumor-gain
ZBTB18_Hsapiens-jaspar2018-ZBTB18-MA0698.1,ZBTB1,6,0.3851394327626395,0.3201518495846282,-0.012699705963425456,-0.9801813222965349,0.9674816163331095,0,False,-0.7714285714285715,normal-suppression
ZBTB33_Hsapiens-JASPAR_2014-ZBTB33-MA0527.1,ZBTB3,10,1.0,0.3629732458098571,-0.2554976696578762,-0.919904420660573,0.6644067510026967,0,False,-0.28484848484848485,normal-suppression
ZBTB33_Hsapiens-SwissRegulon-ZBTB33.SwissRegulon,ZBTB3,10,1.0,0.8085179598556963,0.1129542450834015,-0.8433806618100648,0.9563349068934662,0,False,0.4787878787878787,normal-suppression
ZBTB33_Hsapiens-jaspar2016-ZBTB33-MA0527.1,ZBTB3,10,0.9208563344611311,0.8636567265927818,-0.2571753419932313,-0.9281718537490385,0.6709965117558072,0,False,0.22424242424242422,normal-suppression
ZBTB33_Hsapiens-jaspar2018-ZBTB33-MA0527.1,ZBTB3,9,0.7638501875943409,0.4231259915022022,-0.31770252758048095,-1.0630923219952488,0.7453897944147678,0,False,0.11666666666666665,normal-suppression
ZBTB33_disc1 ZBTB33_HepG2_encode-Myers_seq_hsa_r1:MDscan#1#Intergenic,ZBTB3,9,0.17494164877229018,0.07361902094420067,0.5375339167569162,-0.1401438855071849,0.6776778022641011,0,False,0.1680731613632036,tumor-gain
ZBTB33_disc2 ZBTB33_HepG2_encode-Myers_seq_hsa_r1:AlignACE#2#Intergenic,ZBTB3,5,0.9670977293402068,0.6838433081494188,-1.4581037225169335,-1.9920735726703653,0.5339698501534318,0,False,-0.39999999999999997,divergent
ZBTB33_disc3 ZBTB33_HepG2_encode-Myers_seq_hsa_r1:Trawler#1#Intergenic,ZBTB3,9,1.0,0.004606943894646829,-2.282989824240411,-2.651061689392205,0.3680718651517938,0,False,-0.21666666666666667,neutral
ZBTB33_disc4 ZBTB33_HepG2_encode-Myers_seq_hsa_v041610.1_r1:Trawler#2#Intergenic,ZBTB3,7,1.0,1.0,0.0,0.0,0.0,0,True,0.6071428571428572,neutral
ZBTB33_known1	ZBTB33_1	KAISO_transfac_M01119,ZBTB3,9,1.0,0.6826205776618888,-0.1510135896587628,-0.8973553377741463,0.7463417481153836,0,False,-0.2928895930645031,normal-suppression
ZBTB3_1	Zbtb3_bulyk_sc09-primary,ZBTB3,9,0.5549952448399269,0.2326476579554672,1.1447657876858663,0.671100597020266,0.4736651906656003,0,False,-0.016666666666666666,neutral
ZBTB3_Hsapiens-SwissRegulon-ZBTB3.SwissRegulon,ZBTB3,9,0.32372762018624096,0.08099307273471776,0.21134202225510726,-0.24604216979213983,0.4573841920472471,0,False,0.3,neutral
ZBTB43_Hsapiens-hPDI-ZBTB43,ZBTB4,3,1.0,1.0,0.0,0.0,0.0,0,True,,neutral
ZBTB49_1	ZBTB49_jolma_DBD_M743,ZBTB4,10,1.0,0.37675167461837833,1.0406671194234431,-0.007714941098919392,1.0483820605223626,0,False,-0.24848484848484845,tumor-gain
ZBTB49_Hsapiens-SwissRegulon-ZBTB49.SwissRegulon,ZBTB4,10,0.3562546665511925,0.3036432910355879,-0.23099593519045888,-2.074125513754329,1.84312957856387,0,False,0.4424242424242424,normal-suppression
ZBTB49_Hsapiens-jolma2013-ZBTB49,ZBTB4,10,0.5246864923729967,0.4678983804502854,-0.7802335586581021,-1.5586007912736082,0.7783672326155061,0,False,0.6121212121212121,divergent
ZBTB4_Hsapiens-HOCOMOCOv10-ZBTB4_HUMAN.H10MO.D,ZBTB4,9,1.0,0.3344425956738769,0.35499532703304637,0.1082282554020019,0.24676707163104447,0,False,0.3361463227264072,neutral
ZBTB4_Hsapiens-HOCOMOCOv10-ZBTB4_HUMAN.H10MO.S,ZBTB4,10,1.0,0.577859899690451,0.4322871228754796,-0.5563922308187508,0.9886793536942304,0,False,-0.33434804902403553,normal-suppression
ZBTB4_Hsapiens-SwissRegulon-ZBTB4.SwissRegulon,ZBTB4,10,1.0,0.433807004823264,0.3881479307491996,0.27511204133796163,0.11303588941123799,0,False,-0.38181818181818183,neutral
ZBTB4_Hsapiens-hPDI-ZBTB4,ZBTB4,6,0.7149779107880871,0.19579634717687722,0.0940473183161148,-0.5640621481262355,0.6581094664423502,0,False,-0.4928053803045812,normal-suppression
ZBTB6_1	ZID_transfac_M00085,ZBTB6,9,0.9376351925053967,0.7504354251793672,-0.044556405909219485,-0.21031308756209216,0.16575668165287266,0,False,-0.08333333333333334,neutral
ZBTB6_Hsapiens-HOCOMOCOv10-ZBTB6_HUMAN.H10MO.D,ZBTB6,10,1.0,0.4651346478339249,0.227085022889048,-1.4109710935812674,1.6380561164703153,0,False,-0.4666666666666666,normal-suppression
ZBTB6_Hsapiens-SwissRegulon-ZBTB6.SwissRegulon,ZBTB6,9,0.9483610532546582,0.328236213992385,0.4273420688419799,-0.03360560735835695,0.46094767620033683,0,False,0.33333333333333337,neutral
ZBTB7A_Hsapiens-SwissRegulon-ZBTB7A.SwissRegulon,ZBTB7A,8,0.1382726535884393,0.09959839700255974,-0.07803540224971253,-0.15220946401077828,0.07417406176106575,0,False,-0.2380952380952381,neutral
ZBTB7A_Hsapiens-jaspar2016-ZBTB7A-MA0750.1,ZBTB7A,8,0.2667422486195016,0.22161869468839376,0.9670500080802859,-0.3779966850152175,1.3450466930955034,0,False,-0.2142857142857143,tumor-gain
ZBTB7A_Hsapiens-jaspar2018-ZBTB7A-MA0750.1,ZBTB7A,10,0.1994482236166862,0.15224082960151777,-0.1332625809268642,-0.5207091004698267,0.3874465195429625,0,False,0.2727272727272727,neutral
ZBTB7A_Hsapiens-jaspar2018-ZBTB7A-MA0750.2,ZBTB7A,10,1.0,0.6793124995665577,-0.4528773825954592,-1.6906066031423026,1.2377292205468433,0,False,-0.29696969696969694,normal-suppression
ZBTB7A_Hsapiens-jolma2013-ZBTB7A,ZBTB7A,8,0.15957380803312085,0.1461346381563673,0.41898238138639593,-0.4836584574435172,0.9026408388299132,0,False,0.261904761904762,other
ZBTB7A_disc1 ZBTB7A_K562_encode-Myers_seq_hsa_v041610.1-SC-34508_r1:MDscan#2#Intergenic,ZBTB7A,5,1.0,0.047901212230866665,0.32180588091000856,0.201174089037288,0.12063179187272055,0,False,0.0,neutral
ZBTB7A_disc2 ZBTB7A_K562_encode-Myers_seq_hsa_v041610.1-SC-34508_r1:Trawler#1#Intergenic,ZBTB7A,9,0.3879461997700608,0.10355218248920402,0.08409727278060974,-0.5551174276147742,0.639214700395384,0,False,0.0,normal-suppression
ZBTB7A_known3	ZBTB7A_2	ZBTB7A_jolma_DBD_M37,ZBTB7A,8,1.0,0.31955035880965527,0.17849909177939752,-0.28838143352462,0.46688052530401747,0,False,0.0,neutral
ZBTB7A_known4	ZBTB7B_2	ZBTB7B_jolma_full_M38,ZBTB7A,8,1.0,0.24738259492907344,0.10456429198095304,-0.28416369083992393,0.38872798282087695,0,False,-0.5714285714285715,neutral
ZBTB7B_Hsapiens-jaspar2016-ZBTB7B-MA0694.1,ZBTB7B,5,0.213737695776887,0.20185931641007362,0.429270319014664,-0.8001055017564068,1.2293758207710708,0,False,-0.3,normal-suppression
ZBTB7B_Hsapiens-jaspar2018-ZBTB7B-MA0694.1,ZBTB7B,7,0.1434170410252275,0.1138895146602219,0.6685773550396396,-0.10723225362676728,0.7758096086664068,0,False,-0.5357142857142858,tumor-gain
ZBTB7B_Hsapiens-jolma2013-ZBTB7B,ZBTB7B,6,0.09839982979416825,0.07652969097590802,0.15230160587913583,-2.126980734428001,2.279282340307137,0,False,-0.7714285714285715,normal-suppression
ZBTB7C_1	ZBTB7C_jolma_full_M39,ZBTB7C,9,0.5566682919830727,0.4551544326183799,0.0032484182411891336,-0.5675386754190584,0.5707870936602476,0,False,0.35,normal-suppression
ZBTB7C_Hsapiens-SwissRegulon-ZBTB7C.SwissRegulon,ZBTB7C,8,0.20093412327852292,0.15741190986470555,0.22848970002375846,-0.4131698735549304,0.6416595735786889,0,False,0.4761904761904762,other
ZBTB7C_Hsapiens-jaspar2016-ZBTB7C-MA0695.1,ZBTB7C,8,0.28376040762552607,0.24813651566659936,-0.10348795330326577,-1.1698123164755614,1.0663243631722956,0,False,0.09523809523809526,normal-suppression
ZBTB7C_Hsapiens-jaspar2018-ZBTB7C-MA0695.1,ZBTB7C,9,0.26780181231915295,0.16637790033855462,-0.4014125915133298,-0.4084361526982425,0.007023561184912708,0,False,-0.18333333333333335,neutral
ZBTB7C_Hsapiens-jolma2013-ZBTB7C,ZBTB7C,10,0.2426705397227329,0.18099195116161804,-0.6087569991121725,-2.156299915242272,1.5475429161300993,0,False,-0.35757575757575755,divergent
ZC3H7A_Hsapiens-hPDI-ZC3H7A,ZC3H7A,9,1.0,0.5007488766849718,0.7739810012822593,-0.10775808412625168,0.881739085408511,0,False,-0.044543540318737404,tumor-gain
ZCCHC14_Hsapiens-hPDI-ZCCHC14,ZCCHC14,2,1.0,1.0,0.0,0.0,0.0,0,True,,neutral
ZDHHC15_Hsapiens-hPDI-ZDHHC15,ZDHHC15,7,1.0,0.500998003992016,0.34898582365328046,-1.7272320719820953,2.076217895635376,0,False,,normal-suppression
ZEB1_Hsapiens-HOCOMOCOv10-ZEB1_HUMAN.H10MO.B,ZEB1,9,1.0,0.9243981058289084,0.49267285473945416,-0.26403595703576266,0.7567088117752168,0,False,-0.21666666666666667,other
ZEB1_Hsapiens-JASPAR_2014-ZEB1-MA0103.2,ZEB1,10,0.571493704385504,0.571493704385504,0.0,0.0,0.0,0,True,0.2727272727272727,neutral
ZEB1_Hsapiens-SwissRegulon-ZEB1.SwissRegulon,ZEB1,9,1.0,1.0,0.0,0.0,0.0,0,True,0.2333333333333333,neutral
ZEB1_Hsapiens-jaspar2016-ZEB1-MA0103.2,ZEB1,10,0.12039589477636968,0.08393686849126464,-0.39671132605743814,-0.9551907077660022,0.558479381708564,0,False,0.04242424242424241,normal-suppression
ZEB1_Hsapiens-jaspar2018-ZEB1-MA0103.2,ZEB1,10,0.05425834442986485,0.02946293740056434,-0.24209808351668,-1.1753205871846912,0.9332225036680113,0,False,-0.35757575757575755,normal-suppression
ZEB1_Hsapiens-jaspar2018-ZEB1-MA0103.3,ZEB1,4,0.8500932384151255,0.8447073667414186,-0.2308411247312737,-0.4015864082752298,0.1707452835439561,0,False,0.6000000000000001,neutral
ZEB1_disc1 ZEB1_GM12878_encode-Myers_seq_hsa_v041610.2-SC-25388_r1:MEME#2#Intergenic,ZEB1,9,1.0,0.37998371078652704,0.10396980760941371,-0.4246107615925,0.5285805692019137,0,False,0.33333333333333337,other
ZEB1_known1	ZEB1_1	AREB6_transfac_M00412,ZEB1,9,1.0,0.5721617639257067,0.28831827415063777,0.05124880935147547,0.2370694647991623,0,False,-0.11666666666666665,neutral
ZEB1_known2	ZEB1_2	AREB6_transfac_M00413,ZEB1,8,1.0,0.3582471821083131,0.3728266193893422,-0.7696987520063665,1.1425253713957086,0,False,-0.790433332862751,normal-suppression
ZEB1_known3	ZEB1_3	AREB6_transfac_M00414,ZEB1,9,1.0,0.6009572219016585,0.1615186166746656,-0.17305967658976074,0.33457829326442634,0,False,0.2677847708018314,neutral
ZEB1_known4	ZEB1_4	AREB6_transfac_M00415,ZEB1,9,1.0,0.7147756501857674,0.302270043657391,0.0880762119586349,0.2141938316987561,0,False,-0.34199278402838473,neutral
ZEB1_known5	ZEB1_5	ZEB1_jaspar_MA0103.1,ZEB1,9,1.0,1.0,0.0,0.0,0.0,0,True,0.33333333333333337,neutral
ZEP1_Hsapiens-HOCOMOCOv10-ZEP1_HUMAN.H10MO.D,HIVEP1,9,1.0,0.42938659058487877,-1.4797472996200627,-2.0933492828651956,0.6136019832451329,0,False,0.3277811406876182,divergent
ZEP2_Hsapiens-HOCOMOCOv10-ZEP2_HUMAN.H10MO.D,HIVEP2,9,1.0,1.0,0.0,0.0,0.0,0,True,0.8655767810204985,neutral
ZFP3_Hsapiens-hPDI-ZFP3,ZFP3,9,0.833638329728832,0.5562673998573201,0.8452805257354914,-0.03501344602327031,0.8802939717587617,0,False,-0.18488047749952394,tumor-gain
ZFX_Hsapiens-HOCOMOCOv10-ZFX_HUMAN.H10MO.C,ZFX,2,0.07897780160843128,0.025438436277514354,-0.08200912370084773,-0.13057218307690593,0.048563059376058204,0,False,,neutral
ZHX3_Hsapiens-hPDI-ZHX3,ZHX3,10,1.0,0.3344425956738769,-0.18411691028072974,-0.400165048384543,0.21604813810381324,0,False,-0.3938927711338647,neutral
ZIC1_1	Zic1_transfac_M00448,ZIC1,8,1.0,0.26432015991600627,0.34993147964321536,-0.30700803136628585,0.6569395110095012,0,False,0.523809523809524,other
ZIC1_Hsapiens-HOCOMOCOv10-ZIC1_HUMAN.H10MO.B,ZIC1,2,0.2755717065892282,0.21824448554039289,-0.091814493747914,-0.7558993510668851,0.664084857318971,0,False,,normal-suppression
ZIC1_Hsapiens-SwissRegulon-ZIC1.SwissRegulon,ZIC1,9,1.0,0.6309266781541845,1.2212997140965787,0.5456071430803779,0.6756925710162007,0,False,-0.15,tumor-gain
ZIC1_Hsapiens-jaspar2018-ZIC1-MA0696.1,ZIC1,2,0.10312048412790123,0.10312048412790123,0.0,0.0,0.0,0,True,,neutral
ZIC1_Hsapiens-jolma2013-ZIC1,ZIC1,2,0.06411410872632038,0.06411410872632038,0.0,0.0,0.0,0,True,,neutral
ZIC2_1	Zic2_transfac_M00449,ZIC2,7,0.4627785593081806,0.4627785593081806,0.0,0.0,0.0,0,True,0.7567874686642697,neutral
ZIC2_Hsapiens-HOCOMOCOv10-ZIC2_HUMAN.H10MO.C,ZIC2,7,0.1656483462427873,0.10455985672957699,1.0469590421630874,-0.5864168033772779,1.6333758455403653,0,False,-0.7387687194103584,tumor-gain
ZIC2_Hsapiens-SwissRegulon-ZIC2.SwissRegulon,ZIC2,10,0.022930621706678856,0.022930621706678856,0.0,0.0,0.0,0,True,0.38181818181818183,neutral
ZIC3_1	Zic3_transfac_M00450,ZIC3,7,0.3192650233254073,0.3192650233254073,0.0,0.0,0.0,0,True,-0.12613124477737825,neutral
ZIC3_4	Zic3_jolma_DBD_M57,ZIC3,2,0.21384999508362226,0.2026903091641992,0.16677806100558087,0.09632397475682601,0.07045408624875486,0,False,,neutral
ZIC3_Hsapiens-HOCOMOCOv10-ZIC3_HUMAN.H10MO.C,ZIC3,7,0.3178600065338656,0.17505862587171847,0.07580412500821726,-0.3215560902380482,0.39736021524626547,0,False,-0.642857142857143,neutral
ZIC3_Hsapiens-SwissRegulon-ZIC3.SwissRegulon,ZIC3,4,0.14977190418247335,0.09811388544302894,-0.16007383297287958,-0.7572562577618622,0.5971824247889826,0,False,-0.19999999999999998,normal-suppression
ZIC3_Hsapiens-jolma2013-ZIC3,ZIC3,5,0.18264938592843685,0.12268948600117126,0.5764463392576634,-0.33732786481500865,0.9137742040726721,0,False,0.19999999999999998,tumor-gain
ZIC4_1	ZIC4_jolma_DBD_M42,ZIC4,2,0.4859195501199371,0.3640035334450874,0.5047160981943123,-0.11812543168732437,0.6228415298816367,0,False,,tumor-gain
ZIC4_Hsapiens-SwissRegulon-ZIC4.SwissRegulon,ZIC4,2,0.1989400380673003,0.11018980366158124,0.393320697143819,0.01793995974268017,0.37538073740113886,0,False,,neutral
ZIC4_Hsapiens-jaspar2016-ZIC4-MA0751.1,ZIC4,6,0.4837601849979945,0.40940992565849915,-0.18870443260669365,-1.3310503352016647,1.1423459025949712,0,False,0.2,normal-suppression
ZIC4_Hsapiens-jaspar2018-ZIC4-MA0751.1,ZIC4,2,0.2217225647560678,0.18793439309483967,0.12501773405206187,-0.11977902955864118,0.24479676361070307,0,False,,neutral
ZIC4_Hsapiens-jolma2013-ZIC4,ZIC4,2,0.20092757816259896,0.16764558511048783,0.09465487139540016,-0.1770643533968427,0.27171922479224286,0,False,,neutral
ZKSC1_Hsapiens-HOCOMOCOv10-ZKSC1_HUMAN.H10MO.C,ZKSCAN1,10,0.3673009227215413,0.23845768998292213,0.16908771697564134,-0.17112677574273352,0.3402144927183749,0,False,0.5757575757575757,neutral
ZKSC3_Hsapiens-HOCOMOCOv10-ZKSC3_HUMAN.H10MO.D,ZKSCAN3,9,1.0,0.4667614646285105,0.048512742011885386,-0.5305123050651619,0.5790250470770473,0,False,0.3666666666666667,normal-suppression
ZKSCAN1_Hsapiens-SwissRegulon-ZKSCAN1.SwissRegulon,ZKSCAN1,10,1.0,0.31508904413221256,0.1523853944932796,-0.14759886896582558,0.29998426345910517,0,False,-0.06666666666666665,neutral
ZKSCAN3_1	ZNF306_jolma_full_M46,ZKSCAN3,10,1.0,0.18472285501805027,0.22125443225209007,0.08590584085884023,0.13534859139324984,0,False,-0.11515151515151514,neutral
ZKSCAN3_Hsapiens-SwissRegulon-ZKSCAN3.SwissRegulon,ZKSCAN3,9,0.07113373029270956,0.06295058826218272,0.4267264867824078,-0.3214455145979645,0.7481720013803723,0,False,-0.15,other
ZKSCAN8_Hsapiens-hPDI-ZNF192,ZKSCAN8,4,0.7504367357125045,0.30080417986319125,0.2572986882459079,-0.828353807878481,1.085652496124389,0,False,-0.39999999999999997,normal-suppression
ZN143_Hsapiens-HOCOMOCOv10-ZN143_HUMAN.H10MO.A,ZNF143,10,0.26528946105700685,0.0014308505174678264,0.018136645198926514,-0.7837206019023283,0.8018572471012548,0,False,0.17575757575757575,normal-suppression
ZN232_Hsapiens-HOCOMOCOv10-ZN232_HUMAN.H10MO.D,ZNF232,2,1.0,1.0,0.0,0.0,0.0,0,True,,neutral
ZN282_Hsapiens-HOCOMOCOv10-ZN282_HUMAN.H10MO.D,ZNF282,3,0.8465787051242728,0.7147746719908737,0.5920364819482281,-0.47047795613404797,1.062514438082276,0,False,,tumor-gain
ZN333_Hsapiens-HOCOMOCOv10-ZN333_HUMAN.H10MO.D,ZNF333,5,1.0,0.4553376906318083,0.1880697452779058,-0.11794848772262857,0.3060182330005344,0,False,0.49999999999999994,neutral
ZN350_Hsapiens-HOCOMOCOv10-ZN350_HUMAN.H10MO.C,ZNF350,8,0.003932240468846768,4.823671597371898e-07,0.2968338013891036,-0.04300149787455898,0.33983529926366257,0,False,-0.7619047619047621,neutral
ZN384_Hsapiens-HOCOMOCOv10-ZN384_HUMAN.H10MO.C,ZNF384,6,1.0,0.6199827500757191,0.7397898220123369,0.08698738916569067,0.6528024328466462,0,False,-0.20291986247835694,tumor-gain
ZN410_Hsapiens-HOCOMOCOv10-ZN410_HUMAN.H10MO.D,ZNF410,7,1.0,0.03452644110928726,0.0501078720362724,-0.927928061577089,0.9780359336133614,0,False,-0.5714285714285715,normal-suppression
ZN423_Hsapiens-HOCOMOCOv10-ZN423_HUMAN.H10MO.D,ZNF423,10,1.0,0.18604446577346387,0.18276772286386908,-0.5858217695551454,0.7685894924190145,0,False,0.2606060606060606,normal-suppression
ZN524_Hsapiens-HOCOMOCOv10-ZN524_HUMAN.H10MO.D,ZNF524,9,0.768331371241885,0.768331371241885,0.0,0.0,0.0,0,True,-0.19999999999999998,neutral
ZN589_Hsapiens-HOCOMOCOv10-ZN589_HUMAN.H10MO.D,ZNF589,9,0.8574483250178183,0.273005273939283,0.19758504469755273,-0.1872509479917926,0.3848359926893453,0,False,0.2437060839766452,neutral
ZN639_Hsapiens-HOCOMOCOv10-ZN639_HUMAN.H10MO.D,ZNF639,9,0.6468170724946105,1.732410105229666e-05,-2.7833956316830535,-3.041032850618134,0.2576372189350806,0,False,-0.41666666666666663,neutral
ZN652_Hsapiens-HOCOMOCOv10-ZN652_HUMAN.H10MO.D,ZNF652,5,0.6048797352694221,0.26177709467712884,0.9615403476926102,0.141131864319496,0.8204084833731142,0,False,-0.09999999999999999,tumor-gain
ZN713_Hsapiens-HOCOMOCOv10-ZN713_HUMAN.H10MO.D,ZNF713,3,0.7142884874388566,0.009746314957881788,0.733893200888134,-0.07030504006458183,0.8041982409527159,0,False,,tumor-gain
ZN784_Hsapiens-HOCOMOCOv10-ZN784_HUMAN.H10MO.D,ZNF784,4,1.0,1.0,0.0,0.0,0.0,0,True,1.0,neutral
ZNF143_Hsapiens-SwissRegulon-ZNF143.SwissRegulon,ZNF143,10,0.850306870914625,0.5802579576891634,0.3681422896593222,-1.265365646772526,1.6335079364318483,0,False,0.6,normal-suppression
ZNF143_Hsapiens-jaspar2016-ZNF143-MA0088.2,ZNF143,9,0.7395584597283845,0.3210205569109494,0.4710105718230406,0.24455252341749364,0.22645804840554698,0,False,0.06666666666666667,neutral
ZNF143_Hsapiens-jaspar2018-ZNF143-MA0088.2,ZNF143,8,0.37690366625525523,0.25914778544789185,0.5827161695696793,0.5055024697720615,0.07721369979761783,0,False,-0.11904761904761905,neutral
ZNF143_Hsapiens-jolma2013-ZNF143,ZNF143,8,0.27300896935771146,0.24040754256031224,-0.664500746981686,-1.6902904254470337,1.0257896784653475,0,False,-0.523809523809524,divergent
ZNF143_disc1 ZNF143_GM12878_encode-Snyder_seq_hsa_16618-1-AP_r1:MDscan#2#Intergenic,ZNF143,8,0.10708387976444203,0.07412363507567482,1.3695188092711028,-0.009872840895008726,1.3793916501661114,0,False,0.04761904761904763,tumor-gain
ZNF143_disc2 ZNF143_GM12878_encode-Snyder_seq_hsa_16618-1-AP_r1:MEME#1#Intergenic,ZNF143,9,1.0,0.7505612377762412,2.049021333707802,1.3079080322405339,0.7411133014672682,0,False,-0.06666666666666667,tumor-gain
ZNF143_disc3 ZNF143_GM12878_encode-Snyder_seq_hsa_16618-1-AP_r1:AlignACE#1#Intergenic,ZNF143,10,0.18833204533845443,0.18833204533845443,0.0,0.0,0.0,0,True,0.38181818181818183,neutral
ZNF143_known1	ZNF143_1	znf143_jaspar_MA0088.1,ZNF143,9,0.48087856223680386,0.18077965907700244,-0.542910195953689,-1.434957770571567,0.8920475746178781,0,False,0.0,divergent
ZNF143_known2	ZNF143_2	ZNF143_jolma_DBD_M43,ZNF143,10,1.0,0.7105437941135168,-0.47263358575222947,-1.3441462035572933,0.8715126178050638,0,False,-0.38181818181818183,normal-suppression
ZNF148_Hsapiens-SwissRegulon-ZNF148.SwissRegulon,ZNF148,3,0.4338358681379265,0.4338358681379265,0.0,0.0,0.0,0,True,,neutral
ZNF160_Hsapiens-hPDI-ZNF160,ZNF16,2,1.0,1.0,0.0,0.0,0.0,0,True,,neutral
ZNF205_Hsapiens-hPDI-ZNF205,ZNF2,3,0.250936329588015,0.06296904150710489,1.4265687046730826,1.1898875913907423,0.23668111328234032,0,False,,neutral
ZNF219_Hsapiens-SwissRegulon-ZNF219.SwissRegulon,ZNF2,2,0.2447035617532864,0.21861238436551914,0.4341742181590693,-1.5371504055137506,1.97132462367282,0,False,,normal-suppression
ZNF232_1	ZNF232_jolma_full_M744,ZNF2,3,0.32199890259283553,0.32199890259283553,0.0,0.0,0.0,0,True,,neutral
ZNF232_Hsapiens-SwissRegulon-ZNF232.SwissRegulon,ZNF2,3,0.21832633933515752,0.21832633933515752,0.0,0.0,0.0,0,True,,neutral
ZNF232_Hsapiens-jolma2013-ZNF232,ZNF2,4,0.22670117334197876,0.22670117334197876,0.0,0.0,0.0,0,True,0.39999999999999997,neutral
ZNF238_Hsapiens-jolma2013-ZNF238,ZNF2,9,0.40692426257144426,0.19603796760272058,-0.397562064018381,-0.6084533848142886,0.21089132079590756,0,False,-0.16666666666666669,neutral
ZNF238_Hsapiens-jolma2013-ZNF238-2,ZNF2,9,0.31266735358202286,0.31151094531810347,-0.6302567844904823,-1.090537895103683,0.46028111061320076,0,False,0.049999999999999996,neutral
ZNF24_Hsapiens-jaspar2018-ZNF24-MA1124.1,ZNF2,7,1.0,0.11025818411788973,0.37372701544633935,0.19546507444426864,0.1782619410020707,0,False,-0.14285714285714288,neutral
ZNF250_Hsapiens-hPDI-ZNF250,ZNF2,6,1.0,0.5008734714250072,0.5804730916972908,0.047896882626673715,0.5325762090706171,0,False,0.6,tumor-gain
ZNF263_Hsapiens-SwissRegulon-ZNF263.SwissRegulon,ZNF2,10,1.0,0.7216561428051816,0.10146157393665266,-0.48889871817875097,0.5903602921154036,0,False,0.33333333333333326,other
ZNF263_disc1 ZNF263_T-REx-HEK293_encode-Snyder_seq_hsa_r1:MEME#1#Intergenic,ZNF2,5,0.9260969976905312,0.10160427807486631,1.8692478172656077,1.1265782489258123,0.7426695683397955,0,False,0.0,tumor-gain
ZNF274_Hsapiens-SwissRegulon-ZNF274.SwissRegulon,ZNF2,6,1.0,1.0,0.0,0.0,0.0,0,True,0.14285714285714288,neutral
ZNF282_1	ZNF282_jolma_DBD_M745,ZNF2,8,1.0,0.9449268592612599,0.5768135811931144,0.10233204861554873,0.4744815325775657,0,False,-0.11904761904761905,neutral
ZNF282_Hsapiens-SwissRegulon-ZNF282.SwissRegulon,ZNF2,9,0.30442191980872607,0.2601100790105516,2.1913181696470376,1.171673059151142,1.0196451104958957,0,False,0.016666666666666666,tumor-gain
ZNF282_Hsapiens-jaspar2018-ZNF282-MA1154.1,ZNF2,8,0.6755843417927256,0.2724695923948595,1.3264710393202532,0.2169886896032985,1.1094823497169548,0,False,0.2380952380952381,tumor-gain
ZNF282_Hsapiens-jolma2013-ZNF282,ZNF2,9,0.4112132871051519,0.22034617857341599,0.16595617224667156,-0.5107149858106852,0.6766711580573568,0,False,-0.09999999999999999,normal-suppression
ZNF304_Hsapiens-hPDI-ZNF304,ZNF3,2,1.0,1.0,0.0,0.0,0.0,0,True,,neutral
ZNF306_Hsapiens-jolma2013-ZNF306,ZNF3,10,0.13571150052232656,0.08343184054910976,0.25324526761138655,-0.4619942833399434,0.71523955095133,0,False,-0.17575757575757575,other
ZNF326_Hsapiens-hPDI-ZNF326,ZNF3,5,0.250936329588015,0.042014285597918574,0.6131727646397034,0.05216932598214132,0.5610034386575621,0,False,-0.6155870112510925,tumor-gain
ZNF333_Hsapiens-SwissRegulon-ZNF333.SwissRegulon,ZNF3,4,0.3345164152617569,0.3345164152617569,0.0,0.0,0.0,0,True,0.7999999999999999,neutral
ZNF350_1	ZBRK1_transfac_M01105,ZNF3,10,1.0,0.7149372862029647,0.0818857061129574,-0.21998925284473111,0.3018749589576885,0,False,-0.5160908565670633,neutral
ZNF350_Hsapiens-SwissRegulon-ZNF350.SwissRegulon,ZNF3,10,0.1835829827199708,0.1835829827199708,0.0,0.0,0.0,0,True,0.6,neutral
ZNF354C_1	ZNF354C_jaspar_MA0130.1,ZNF3,9,1.0,0.2737835875090777,0.37521508970663303,-0.1684834105674366,0.5436985002740696,0,False,-0.049999999999999996,other
ZNF354C_Hsapiens-JASPAR_CORE-ZNF354C-MA0130.1,ZNF3,6,0.058017324280174885,0.007963218184204963,0.4205173425589938,-0.5257672490047084,0.9462845915637021,0,False,-0.7142857142857143,normal-suppression
ZNF35_1	Zfp105_bulyk_sc09-primary,ZNF3,2,0.1364240790156906,0.1364240790156906,0.0,0.0,0.0,0,True,,neutral
ZNF384_1	CIZ_transfac_M00734,ZNF3,2,0.7731280846146631,0.7731280846146631,0.0,0.0,0.0,0,True,,neutral
ZNF384_Hsapiens-SwissRegulon-ZNF384.SwissRegulon,ZNF3,3,0.7498602121848599,0.5981741789738099,0.34614780833157327,-0.39070561870096515,0.7368534270325384,0,False,,other
ZNF385A_Hsapiens-hPDI-ZNF385,ZNF3,7,0.7504367357125045,0.7504367357125045,0.0,0.0,0.0,0,True,0.8366600265340757,neutral
ZNF3_Hsapiens-hPDI-ZNF3,ZNF3,2,0.7165343685710632,0.7165343685710632,0.0,0.0,0.0,0,True,,neutral
ZNF410_1	Zfp410_bulyk_sc09-primary,ZNF41,7,0.6362992684874162,0.6362992684874162,0.0,0.0,0.0,0,True,0.21428571428571433,neutral
ZNF410_2	ZNF410_jolma_DBD_M47,ZNF41,8,1.0,0.832425274660677,0.07804891898744248,-0.787980844552378,0.8660297635398205,0,False,0.023809523809523815,normal-suppression
ZNF410_Hsapiens-SwissRegulon-ZNF410.SwissRegulon,ZNF41,6,0.28942500693012746,0.27485918664674497,0.611128437749175,0.14660005242079613,0.4645283853283789,0,False,-0.2571428571428572,neutral
ZNF410_Hsapiens-jaspar2016-ZNF410-MA0752.1,ZNF41,7,0.4833155933181668,0.3955935437968638,0.05214546357944529,-0.07011026206206622,0.12225572564151152,0,False,-0.14285714285714288,neutral
ZNF410_Hsapiens-jaspar2018-ZNF410-MA0752.1,ZNF41,5,0.36085743433424805,0.31859052132635035,0.1115015535247732,-0.186116912170113,0.2976184656948862,0,False,-0.3,neutral
ZNF410_Hsapiens-jolma2013-ZNF410,ZNF41,7,0.3033637103720089,0.30038735562428437,0.6196557737662637,0.2358108884335606,0.3838448853327031,0,False,0.5357142857142858,neutral
ZNF423_1	Roaz_transfac_M00467,ZNF423,8,1.0,0.8574271457085827,0.428245374342327,-0.2497857139427238,0.6780310882850509,0,False,0.14285714285714288,other
ZNF423_2	Zfp423_jaspar_MA0116.1,ZNF423,9,1.0,0.7819865427661985,-0.3281213909323755,-0.7113255002863729,0.38320410935399735,0,False,-0.48535989707831934,neutral
ZNF423_Hsapiens-SwissRegulon-ZNF423.SwissRegulon,ZNF423,3,0.5951633484279272,0.5951633484279272,0.0,0.0,0.0,0,True,,neutral
ZNF435_Hsapiens-jolma2013-ZNF435,ZNF43,8,0.13198672602798428,0.13198672602798428,0.0,0.0,0.0,0,True,0.6190476190476191,neutral
ZNF503_Hsapiens-hPDI-ZNF503,ZNF503,3,1.0,1.0,0.0,0.0,0.0,0,True,,neutral
ZNF524_1	ZNF524_jolma_full_M48,ZNF524,10,1.0,1.0,0.0,0.0,0.0,0,True,-0.1515151515151515,neutral
ZNF524_2	ZNF524_jolma_full_M49,ZNF524,10,1.0,0.6670594700987972,1.3069405352774819,0.7697095144305407,0.5372310208469412,0,False,-0.33333333333333326,tumor-gain
ZNF524_Hsapiens-SwissRegulon-ZNF524.SwissRegulon,ZNF524,10,0.3282555668556696,0.23149648874846623,-0.014813165153984002,-0.4853756223337924,0.4705624571798084,0,False,0.0303030303030303,neutral
ZNF524_Hsapiens-jolma2013-ZNF524,ZNF524,9,0.0589004024610261,0.03928308275980996,0.30190776312147494,-0.18960397322203043,0.49151173634350537,0,False,0.19999999999999998,neutral
ZNF524_Hsapiens-jolma2013-ZNF524-2,ZNF524,8,0.46198980335620216,0.3369301433284449,0.2612652772100476,-0.3610741193503184,0.6223393965603661,0,False,0.19047619047619052,other
ZNF589_1	SZF1-1_transfac_M01109,ZNF589,10,1.0,0.31340523544421595,0.08039866198409233,-0.15529044003581668,0.235689102019909,0,False,-0.018293022999573125,neutral
ZNF628_1	Zec_transfac_M01081,ZNF628,10,1.0,0.1548209163192792,-0.4525961670199658,-1.0434650013247027,0.5908688343047368,0,False,0.006335334559241807,normal-suppression
ZNF652_1	Zfp652_jolma_DBD_M55,ZNF652,3,1.0,0.8403170270186433,-0.22252849506870018,-0.6571807929762021,0.4346522979075019,0,False,,neutral
ZNF652_Hsapiens-SwissRegulon-ZNF652.SwissRegulon,ZNF652,3,0.6380121587198982,0.6380121587198982,0.0,0.0,0.0,0,True,,neutral
ZNF691_1	Zfp691_bulyk_sc09-primary,ZNF69,8,0.77546412506843,0.4244107790886969,0.426010699148479,0.003612487161813878,0.4223982119866651,0,False,0.4761904761904762,neutral
ZNF691_Hsapiens-SwissRegulon-ZNF691.SwissRegulon,ZNF69,8,0.7427293294676264,0.06920927493600912,0.4198322224818853,-0.5935356556694676,1.0133678781513529,0,False,0.1666666666666667,normal-suppression
ZNF695_Hsapiens-hPDI-ZNF695,ZNF69,6,1.0,0.10073488830137466,0.25074551215384566,-0.5494709737732286,0.8002164859270743,0,False,0.028571428571428574,normal-suppression
ZNF711_Hsapiens-SwissRegulon-ZNF711.SwissRegulon,ZNF711,8,1.0,0.3764779628075744,0.42990546183644246,-0.7365793975031887,1.166484859339631,0,False,0.023809523809523815,normal-suppression
ZNF713_1	ZNF713_jolma_full_M747,ZNF713,2,0.6362370505138744,0.6362370505138744,0.0,0.0,0.0,0,True,,neutral
ZNF713_Hsapiens-jolma2013-ZNF713,ZNF713,4,0.12523100251801927,0.12523100251801927,0.0,0.0,0.0,0,True,0.7999999999999999,neutral
ZNF71_Hsapiens-hPDI-ZNF71,ZNF71,2,1.0,0.33422103861517977,0.7518648173946634,0.44220009006625294,0.30966472732841044,0,False,,neutral
ZNF720_Hsapiens-hPDI-ZNF720,ZNF720,3,1.0,1.0,0.0,0.0,0.0,0,True,,neutral
ZNF75A_1	ZNF75A_jolma_DBD_M52,ZNF75A,9,1.0,0.10013244670048231,0.15286613457375822,0.04347089859070654,0.10939523598305168,0,False,0.16666666666666669,neutral
ZNF75A_Hsapiens-jolma2013-ZNF75A,ZNF75A,8,0.06295857569703511,0.06057789292565705,-1.0476277594460008,-1.6380081092320822,0.5903803497860813,0,False,0.1666666666666667,divergent
ZNF766_Hsapiens-hPDI-ZNF766,ZNF766,5,1.0,0.500998003992016,0.2792677306419476,0.01230166020963948,0.26696607043230813,0,False,0.0,neutral
ZNF76_Hsapiens-hPDI-ZNF76,ZNF76,3,0.1077486950156812,0.1077486950156812,0.0,0.0,0.0,0,True,,neutral
ZNF784_1	ZNF784_jolma_full_M53,ZNF784,8,1.0,1.0,0.0,0.0,0.0,0,True,0.5476190476190477,neutral
ZNF784_Hsapiens-SwissRegulon-ZNF784.SwissRegulon,ZNF784,10,0.008198666013543203,0.005452252828245153,0.5625518896493391,-0.07725338341741991,0.639805273066759,0,False,0.06666666666666665,tumor-gain
ZNF784_Hsapiens-jolma2013-ZNF784,ZNF784,7,0.03211126280621133,0.01808480629997832,-0.24455334089934402,-0.655731383931077,0.411178043031733,0,False,0.396412483586046,neutral
ZNF830_Hsapiens-hPDI-CCDC16,ZNF8,4,0.6672212978369385,0.6672212978369385,0.0,0.0,0.0,0,True,0.39999999999999997,neutral
ZNF8_1	Zfp128_bulyk_sc09-primary,ZNF8,10,0.5271077996317499,0.5271077996317499,0.0,0.0,0.0,0,True,0.6242424242424242,neutral
ZNF8_Hsapiens-SwissRegulon-ZNF8.SwissRegulon,ZNF8,9,0.9804121179848749,0.14248379670053044,0.3517725921692037,-0.9240391413103638,1.2758117334795676,0,False,-0.5666666666666667,normal-suppression
ZRSR2_Hsapiens-hPDI-ZRSR2,ZRSR2,5,0.33422103861517977,0.04807288911588202,-0.5240372676485376,-2.5987475625055447,2.074710294857007,0,False,-0.19999999999999998,divergent
ZSC16_Hsapiens-HOCOMOCOv10-ZSC16_HUMAN.H10MO.D,ZSCAN16,6,0.7783442314086236,0.7783442314086236,0.0,0.0,0.0,0,True,0.8285714285714287,neutral
ZSCA4_Hsapiens-HOCOMOCOv10-ZSCA4_HUMAN.H10MO.D,ZSCAN4,9,1.0,0.4090932740692294,0.824753663233962,-0.09628395965887615,0.9210376228928382,0,False,-0.2833333333333333,tumor-gain
ZSCAN16_1	ZNF435_jolma_full_M746,ZSCAN16,10,1.0,0.20129821669608555,-0.10159501216248479,-0.5460238707966133,0.4444288586341285,0,False,0.26747843921922837,neutral
ZSCAN26_1	Zfp187_bulyk_sc09-primary,ZSCAN2,2,0.7778865473576001,0.6059065029077136,0.2188983468586924,-0.2055698771870448,0.4244682240457372,0,False,,neutral
ZSCAN31_Hsapiens-hPDI-ZNF323,ZSCAN31,8,1.0,1.0,0.0,0.0,0.0,0,True,0.036827146210517726,neutral
ZSCAN4_1	Gm397_bulyk_sc09-primary,ZSCAN4,9,0.6811764904296119,0.594222699075949,-0.3068006356451079,-0.8672235877766673,0.5604229521315593,0,False,0.48333333333333334,normal-suppression
ZSCAN4_2	Zscan4_bulyk_sc09-primary,ZSCAN4,5,0.6406078171289479,0.22478618899489622,-0.3796983699576726,-0.7810085332347244,0.4013101632770518,0,False,-0.19999999999999998,neutral
ZSCAN4_3	ZSCAN4_jolma_full_M54,ZSCAN4,4,1.0,0.1777366554096806,0.7849614497081215,-1.5463475392816084,2.33130898898973,0,False,-0.7999999999999999,tumor-gain
ZSCAN4_Hsapiens-SwissRegulon-ZSCAN4.SwissRegulon,ZSCAN4,6,0.09099037727744673,0.0783190249176291,0.4855601956426855,-0.6580524404202235,1.143612636062909,0,False,-0.6,normal-suppression
ZSCAN4_Hsapiens-jaspar2018-ZSCAN4-MA1155.1,ZSCAN4,8,0.2070132887784348,0.11895418580397048,0.6209611088617135,-0.046405756471896646,0.6673668653336101,0,False,0.04761904761904763,tumor-gain
ZSCAN4_Hsapiens-jolma2013-ZSCAN4,ZSCAN4,9,0.11183564261560842,0.09717391323760932,0.21434993019419293,-0.6364667728563833,0.8508167030505762,0,False,-0.35,normal-suppression
ZSCAN9_Hsapiens-hPDI-ZNF193,ZSCAN9,3,1.0,0.33422103861517977,0.6089779598949369,-1.2036009312937486,1.8125788911886853,0,False,,tumor-gain
ZSWIM1_Hsapiens-hPDI-ZSWIM1,ZSWIM1,4,1.0,0.5007488766849718,0.22301432800517326,-0.36381903955808126,0.5868333675632545,0,False,-0.316227766016838,other
