tf,sensor_log2_selectivity,tf_mrna_log10_ratio
E2F7,4.73127,-0.21524
E2F7,4.07759,-0.21524
E2F8,4.00175,0.20928
E2F7,3.99438,-0.21524
E2F8,3.97281,0.20928
E2F7,3.83776,-0.21524
E2F6,3.74695,0.21414
E2F3,3.74082,0.35972
TFDP1,3.68292,-0.02352
E2F3,3.68289,0.35972
E2F7,3.66918,-0.21524
MYC,3.66121,0.22497
E2F1,3.64633,-0.14567
E2F3,3.64489,0.35972
TFE3,3.64151,-0.02572
TFEB,3.58802,-0.41856
MYC,3.56199,0.22497
MYC,3.55885,0.22497
E2F7,3.49725,-0.21524
JUN,3.48923,0.26082
MYC,3.48216,0.22497
E2F2,3.4648,0.546
E2F1,3.45005,-0.14567
MYC,3.44404,0.22497
E2F7,3.43516,-0.21524
IRF3,3.43181,-0.1629
E2F7,3.43161,-0.21524
E2F8,3.41917,0.20928
E2F7,3.37476,-0.21524
E2F4,3.36384,0.14148
E2F1,3.35499,-0.14567
MXI1,3.35146,0.36623
MYC,3.34094,0.22497
HEY2,3.34067,1.09575
E2F8,3.32598,0.20928
E2F2,3.3204,0.546
MYC,3.31801,0.22497
MYC,3.31616,0.22497
MAX,3.30872,0.13856
E2F4,3.286,0.14148
BHLHE40,3.28331,0.12349
MAX,3.26023,0.13856
E2F8,3.25676,0.20928
MAX,3.249,0.13856
MYC,3.24704,0.22497
MAX,3.23774,0.13856
MYC,3.23767,0.22497
E2F7,3.23292,-0.21524
E2F7,3.20074,-0.21524
SOX9,3.18982,0.21723
E2F2,3.18977,0.546
E2F7,3.18602,-0.21524
E2F7,3.16922,-0.21524
E2F6,3.16579,0.21414
E2F8,3.15734,0.20928
E2F2,3.15584,0.546
IRF3,3.15126,-0.1629
MAX,3.15122,0.13856
E2F7,3.14857,-0.21524
E2F1,3.13646,-0.14567
MAX,3.13611,0.13856
E2F7,3.13348,-0.21524
MLX,3.13239,0.04225
MYC,3.13088,0.22497
E2F7,3.12735,-0.21524
MAX,3.12448,0.13856
TEAD1,3.1217,0.23157
MAX,3.12131,0.13856
MAX,3.12002,0.13856
MYC,3.11711,0.22497
E2F3,3.11166,0.35972
MAX,3.10981,0.13856
MYC,3.10912,0.22497
E2F3,3.10091,0.35972
E2F3,3.10053,0.35972
MNT,3.09494,0.05603
E2F1,3.09105,-0.14567
IRF9,3.08193,0.07959
MYC,3.07364,0.22497
MAX,3.07123,0.13856
MYC,3.06874,0.22497
E2F7,3.06431,-0.21524
MYC,3.06237,0.22497
E2F1,3.06047,-0.14567
E2F6,3.05582,0.21414
TFDP1,3.04364,-0.02352
E2F3,3.04344,0.35972
E2F2,3.04165,0.546
TFDP1,3.03142,-0.02352
MYC,3.02358,0.22497
BCL6,3.02052,-0.46691
BHLHE41,3.01811,-0.53218
E2F8,3.01789,0.20928
MAX,3.01638,0.13856
MYC,3.01255,0.22497
NFIL3,3.00732,0.04188
MAX,2.98877,0.13856
MTF1,2.98791,0.11672
MNT,2.98743,0.05603
MYC,2.98545,0.22497
MYC,2.98541,0.22497
MYC,2.98497,0.22497
MAX,2.98249,0.13856
E2F7,2.97992,-0.21524
E2F4,2.97413,0.14148
E2F7,2.96179,-0.21524
CLOCK,2.95267,0.06464
E2F2,2.94637,0.546
E2F7,2.94207,-0.21524
TFDP1,2.93264,-0.02352
E2F2,2.93151,0.546
MYC,2.92072,0.22497
MAX,2.92013,0.13856
MYC,2.91897,0.22497
MYC,2.91107,0.22497
MAFG,2.91074,-0.03675
E2F6,2.90984,0.21414
MAX,2.90792,0.13856
MYC,2.90448,0.22497
E2F2,2.90178,0.546
MYC,2.90101,0.22497
MLX,2.90091,0.04225
E2F1,2.90088,-0.14567
E2F7,2.89573,-0.21524
USF1,2.89284,-0.13268
BACH1,2.89117,-0.08588
E2F7,2.88343,-0.21524
ATF4,2.88061,0.11374
E2F1,2.87963,-0.14567
E2F6,2.87674,0.21414
E2F4,2.87636,0.14148
MYC,2.87613,0.22497
TLX2,2.87354,1.02462
E2F2,2.87349,0.546
E2F4,2.87306,0.14148
MYC,2.87286,0.22497
E2F4,2.8723,0.14148
MXI1,2.86688,0.36623
E2F2,2.86635,0.546
MYC,2.86517,0.22497
MAX,2.86514,0.13856
E2F6,2.85949,0.21414
MYC,2.85808,0.22497
CLK1,2.85674,0.17066
MYC,2.85604,0.22497
E2F6,2.85584,0.21414
USF1,2.8558,-0.13268
MYC,2.85312,0.22497
MAX,2.84938,0.13856
MYC,2.84894,0.22497
E2F4,2.84672,0.14148
MAX,2.84191,0.13856
TFDP1,2.84097,-0.02352
MYC,2.83987,0.22497
MYC,2.83662,0.22497
CREB3L1,2.83446,-0.29251
MYC,2.8342,0.22497
E2F1,2.83284,-0.14567
E2F6,2.83247,0.21414
MAX,2.82924,0.13856
BHLHE41,2.82561,-0.53218
MAX,2.82556,0.13856
BHLHE41,2.82213,-0.53218
MYC,2.81141,0.22497
MAX,2.80171,0.13856
TFDP1,2.7996,-0.02352
MTF1,2.79666,0.11672
MYC,2.79647,0.22497
MYC,2.79467,0.22497
MECP2,2.79314,0.18722
E2F1,2.79287,-0.14567
MXI1,2.79172,0.36623
MAX,2.7899,0.13856
E2F1,2.78771,-0.14567
BHLHE40,2.7873,0.12349
E2F7,2.78486,-0.21524
MAX,2.78289,0.13856
E2F7,2.78247,-0.21524
MAX,2.78216,0.13856
E2F4,2.77504,0.14148
USF1,2.77446,-0.13268
NFE2,2.77261,0.59563
TBX20,2.76614,1.45484
E2F2,2.7636,0.546
MXI1,2.76083,0.36623
MAX,2.75848,0.13856
MYC,2.75505,0.22497
E2F7,2.755,-0.21524
E2F8,2.75024,0.20928
ARNT,2.74934,0.03492
E2F7,2.74916,-0.21524
CREB3L1,2.74532,-0.29251
MYC,2.74407,0.22497
NRF1,2.74291,-0.06707
E2F1,2.73958,-0.14567
E2F1,2.73726,-0.14567
MAX,2.73402,0.13856
MAX,2.73301,0.13856
MYC,2.72109,0.22497
E2F6,2.72035,0.21414
NFE2L2,2.7176,0.01426
MYC,2.71744,0.22497
E2F2,2.71707,0.546
MTF1,2.71618,0.11672
E2F7,2.71466,-0.21524
E2F7,2.71355,-0.21524
ELK1,2.7089,-0.14318
MYC,2.69757,0.22497
E2F1,2.69607,-0.14567
TEAD3,2.69253,-0.10294
IRF4,2.69203,-0.17271
BHLHE41,2.68614,-0.53218
MYC,2.68544,0.22497
TFAP2A,2.68396,-0.00481
MYC,2.68317,0.22497
E2F8,2.68307,0.20928
MYC,2.68285,0.22497
MAX,2.67652,0.13856
MNT,2.67352,0.05603
E2F1,2.67327,-0.14567
TEAD1,2.66884,0.23157
ATF4,2.66475,0.11374
MYC,2.66314,0.22497
E2F1,2.65783,-0.14567
MYC,2.65532,0.22497
MAX,2.65433,0.13856
MYC,2.65322,0.22497
E2F3,2.65259,0.35972
MXI1,2.65018,0.36623
MYC,2.64721,0.22497
E2F1,2.64009,-0.14567
MAX,2.63949,0.13856
E2F8,2.63906,0.20928
MYC,2.6371,0.22497
E2F1,2.63654,-0.14567
MYC,2.6357,0.22497
RFX3,2.63252,0.21238
E2F1,2.62855,-0.14567
MAX,2.62764,0.13856
MAX,2.62763,0.13856
MAX,2.62731,0.13856
MYC,2.62729,0.22497
IRF3,2.62365,-0.1629
TFE3,2.61874,-0.02572
MYC,2.61765,0.22497
MYC,2.61691,0.22497
NFE2,2.61516,0.59563
SOX18,2.61501,1.26007
MAX,2.61348,0.13856
USF1,2.61032,-0.13268
MYC,2.60963,0.22497
MYC,2.60813,0.22497
MLX,2.60696,0.04225
ETS1,2.60653,0.2381
TFDP1,2.6063,-0.02352
E2F8,2.60613,0.20928
MAX,2.60597,0.13856
MAX,2.60559,0.13856
E2F2,2.60525,0.546
E2F7,2.60496,-0.21524
E2F8,2.60384,0.20928
MYC,2.60337,0.22497
E2F3,2.60318,0.35972
CLOCK,2.60182,0.06464
FOSL1,2.6015,0.12968
E2F4,2.60132,0.14148
MYC,2.59935,0.22497
MAX,2.59848,0.13856
E2F2,2.59737,0.546
HEY1,2.59706,1.16638
E2F8,2.59554,0.20928
MYC,2.59517,0.22497
MAX,2.59198,0.13856
MYC,2.58745,0.22497
E2F8,2.58705,0.20928
ARNT,2.58376,0.03492
HLF,2.5819,1.20049
E2F2,2.58037,0.546
E2F4,2.58024,0.14148
BHLHE40,2.57964,0.12349
E2F3,2.56902,0.35972
E2F6,2.56751,0.21414
CREB3L1,2.56617,-0.29251
MAX,2.56612,0.13856
MXI1,2.56587,0.36623
MYC,2.56499,0.22497
MYC,2.56217,0.22497
E2F3,2.56029,0.35972
MAX,2.56006,0.13856
MYC,2.55907,0.22497
FOSL1,2.55559,0.12968
E2F7,2.55455,-0.21524
MYC,2.55331,0.22497
IRF9,2.54715,0.07959
MYC,2.54573,0.22497
MAX,2.54457,0.13856
E2F3,2.54394,0.35972
MXI1,2.54134,0.36623
SRF,2.54075,-0.18877
MAX,2.53761,0.13856
IRF4,2.53743,-0.17271
MAX,2.5366,0.13856
MLXIPL,2.53644,1.28556
MYC,2.53629,0.22497
MYC,2.53527,0.22497
MYC,2.53513,0.22497
TEAD4,2.53391,0.33182
MAX,2.53348,0.13856
MAX,2.53116,0.13856
MAX,2.53071,0.13856
MYC,2.53003,0.22497
BHLHE40,2.52993,0.12349
MYC,2.52986,0.22497
E2F3,2.52959,0.35972
MAX,2.51865,0.13856
E2F7,2.51843,-0.21524
E2F4,2.51796,0.14148
E2F4,2.51715,0.14148
MAX,2.5168,0.13856
SOX2,2.51679,1.37658
MAX,2.51665,0.13856
USF1,2.51599,-0.13268
MYC,2.5112,0.22497
E2F1,2.50861,-0.14567
IRF4,2.50264,-0.17271
MTF1,2.50264,0.11672
E2F2,2.49873,0.546
MAX,2.4982,0.13856
MTF1,2.49775,0.11672
SIRT6,2.49765,-0.01814
IRF3,2.49717,-0.1629
MAX,2.49655,0.13856
MAX,2.49612,0.13856
MYC,2.49577,0.22497
E2F1,2.49576,-0.14567
MYC,2.49412,0.22497
ATF4,2.49317,0.11374
MLXIPL,2.49243,1.28556
BHLHE40,2.49064,0.12349
MAX,2.48918,0.13856
MYC,2.48458,0.22497
MAX,2.4845,0.13856
ARNT,2.48436,0.03492
E2F1,2.48425,-0.14567
CLOCK,2.48078,0.06464
E2F4,2.48067,0.14148
E2F4,2.47713,0.14148
SIN3A,2.476,0.04933
E2F1,2.47327,-0.14567
CREB3L1,2.46674,-0.29251
MZF1,2.46491,0.10253
MYC,2.46357,0.22497
MYC,2.46215,0.22497
BHLHE40,2.45679,0.12349
MYC,2.45581,0.22497
FOSL2,2.45513,0.07854
E2F6,2.45125,0.21414
TEAD4,2.44985,0.33182
MAX,2.44259,0.13856
NFIC,2.44083,-0.21458
E2F1,2.43677,-0.14567
MNT,2.43554,0.05603
USF2,2.43282,-0.17263
E2F1,2.43171,-0.14567
MLXIPL,2.43169,1.28556
CLOCK,2.42975,0.06464
NFE2,2.42848,0.59563
IRF3,2.42738,-0.1629
MYC,2.42624,0.22497
MAX,2.42602,0.13856
HESX1,2.42578,0.17438
MYC,2.4255,0.22497
MITF,2.42505,0.30426
TEAD4,2.42462,0.33182
E2F7,2.42081,-0.21524
MYC,2.42065,0.22497
MAX,2.41892,0.13856
CLOCK,2.41772,0.06464
MAX,2.41758,0.13856
CLOCK,2.41444,0.06464
E2F1,2.41371,-0.14567
MYC,2.41277,0.22497
MYC,2.41151,0.22497
MYC,2.41098,0.22497
CREB3L1,2.40872,-0.29251
BHLHE41,2.40652,-0.53218
MAX,2.40517,0.13856
E2F1,2.40468,-0.14567
E2F8,2.40448,0.20928
MYC,2.40419,0.22497
MYC,2.40294,0.22497
MYC,2.4026,0.22497
MAX,2.40219,0.13856
IRF7,2.4008,-0.16734
E2F2,2.40044,0.546
NKX2-8,2.39836,1.30963
BACH1,2.39654,-0.08588
E2F7,2.39564,-0.21524
E2F2,2.39562,0.546
E2F7,2.3947,-0.21524
MAX,2.39117,0.13856
E2F4,2.39105,0.14148
MYC,2.39083,0.22497
HAND1,2.38935,0.94118
MYC,2.38843,0.22497
NR2C2,2.38683,0.21475
POU2F2,2.3857,-0.79029
HEY1,2.38222,1.16638
MAX,2.37855,0.13856
MAX,2.37734,0.13856
E2F1,2.37412,-0.14567
TFE3,2.37231,-0.02572
STAT1,2.37222,-0.01743
TFE3,2.37136,-0.02572
MAX,2.36635,0.13856
MYC,2.36609,0.22497
MYC,2.36408,0.22497
E2F3,2.36394,0.35972
CREB3L1,2.36283,-0.29251
ATF4,2.36261,0.11374
MAX,2.36114,0.13856
MAX,2.36077,0.13856
E2F8,2.35725,0.20928
E2F1,2.35393,-0.14567
BHLHE40,2.34974,0.12349
E2F3,2.34911,0.35972
MAX,2.34799,0.13856
MAX,2.34022,0.13856
MYC,2.33699,0.22497
MAFK,2.33624,-0.18717
MYC,2.3358,0.22497
IRF9,2.33557,0.07959
MYC,2.33409,0.22497
MYC,2.33315,0.22497
BHLHE40,2.33269,0.12349
E2F3,2.32878,0.35972
E2F1,2.32796,-0.14567
YY2,2.32677,-0.33904
MAX,2.32651,0.13856
YY2,2.32427,-0.33904
ATF4,2.32316,0.11374
MAX,2.32292,0.13856
BHLHE40,2.32159,0.12349
E2F1,2.32158,-0.14567
E2F2,2.32004,0.546
MYBL2,2.31982,-0.19707
BHLHE40,2.31971,0.12349
MYC,2.3177,0.22497
E2F2,2.31693,0.546
E2F1,2.316,-0.14567
MYC,2.31598,0.22497
CREB3L1,2.31469,-0.29251
YY1,2.31291,0.14859
TEF,2.31267,-0.46806
MYC,2.312,0.22497
CREB3L1,2.31136,-0.29251
FOSL2,2.31003,0.07854
E2F3,2.30854,0.35972
E2F4,2.30769,0.14148
MAX,2.30555,0.13856
MYC,2.30384,0.22497
E2F2,2.30302,0.546
MAX,2.30174,0.13856
MLXIPL,2.30123,1.28556
E2F3,2.30108,0.35972
MYC,2.29789,0.22497
CREB3L1,2.29593,-0.29251
IRF3,2.29454,-0.1629
MTF1,2.29298,0.11672
MYC,2.29046,0.22497
MYC,2.28733,0.22497
MYC,2.2866,0.22497
E2F4,2.28428,0.14148
CREB3L1,2.28214,-0.29251
BHLHE40,2.28165,0.12349
MAX,2.27916,0.13856
MYC,2.27868,0.22497
NR3C2,2.27605,0.66608
TGIF1,2.27499,0.24022
E2F1,2.27249,-0.14567
MAX,2.27189,0.13856
SIRT6,2.27007,-0.01814
HEY2,2.26941,1.09575
MYC,2.26744,0.22497
MLXIPL,2.26624,1.28556
IRF4,2.26593,-0.17271
MYC,2.26409,0.22497
E2F1,2.26167,-0.14567
E2F3,2.26077,0.35972
MITF,2.25829,0.30426
MYC,2.25559,0.22497
E2F1,2.25496,-0.14567
SIN3A,2.25417,0.04933
ATF4,2.25337,0.11374
E2F4,2.25316,0.14148
IRF4,2.2521,-0.17271
MYC,2.25164,0.22497
REST,2.25138,0.20711
ARNT,2.24901,0.03492
MYC,2.24711,0.22497
IRF9,2.24686,0.07959
E2F1,2.24676,-0.14567
E2F3,2.24619,0.35972
MAX,2.24509,0.13856
MYC,2.24034,0.22497
E2F4,2.23937,0.14148
MYC,2.23845,0.22497
ARNT,2.23835,0.03492
E2F2,2.23702,0.546
E2F3,2.23676,0.35972
MYC,2.23641,0.22497
MAX,2.23581,0.13856
ATF3,2.23371,0.74563
CREB3L1,2.23332,-0.29251
MYC,2.2328,0.22497
SIN3A,2.23072,0.04933
MAX,2.22895,0.13856
MAX,2.22609,0.13856
MYC,2.22536,0.22497
MYC,2.22531,0.22497
HEY2,2.21965,1.09575
E2F5,2.21701,0.52151
TFE3,2.21657,-0.02572
E2F5,2.21401,0.52151
ATF4,2.21223,0.11374
MAX,2.21161,0.13856
E2F1,2.21126,-0.14567
MYC,2.211,0.22497
E2F1,2.20514,-0.14567
TEAD3,2.20449,-0.10294
E2F6,2.20431,0.21414
E2F1,2.20422,-0.14567
MYC,2.20393,0.22497
ZNF143,2.20386,-0.08045
E2F1,2.20191,-0.14567
MYC,2.19753,0.22497
CEBPB,2.19719,0.1585
TEAD4,2.19719,0.33182
MYC,2.19448,0.22497
E2F2,2.19259,0.546
MAX,2.19251,0.13856
MYC,2.19235,0.22497
HLF,2.19224,1.20049
MTF1,2.18878,0.11672
MYC,2.18482,0.22497
MAFB,2.18194,0.64383
E2F2,2.1814,0.546
BHLHE40,2.17906,0.12349
MYC,2.17846,0.22497
CREB3L1,2.17419,-0.29251
MXI1,2.17382,0.36623
MLX,2.17334,0.04225
MYC,2.1694,0.22497
HEY2,2.16366,1.09575
MYC,2.16311,0.22497
MYC,2.16118,0.22497
MYC,2.16028,0.22497
CREB3L1,2.15896,-0.29251
MYC,2.1575,0.22497
HIF1A,2.15608,-0.1013
GZF1,2.15497,-0.10714
MYC,2.15413,0.22497
MYC,2.15406,0.22497
MYC,2.15316,0.22497
MXI1,2.15297,0.36623
IRF9,2.15283,0.07959
MYC,2.15247,0.22497
PAX3,2.14981,1.45939
MYC,2.14644,0.22497
MAX,2.14571,0.13856
MYC,2.14508,0.22497
E2F2,2.14496,0.546
ATF4,2.14432,0.11374
HDX,2.1395,0.08585
MYC,2.13893,0.22497
E2F3,2.1374,0.35972
MAX,2.13704,0.13856
BHLHE40,2.13617,0.12349
E2F3,2.13545,0.35972
MEF2C,2.13415,0.40985
JDP2,2.13296,0.49816
MYC,2.13286,0.22497
HSF4,2.13272,1.04243
EOMES,2.13266,1.4624
TGIF1,2.13265,0.24022
IRF2,2.13259,-0.18248
MLX,2.13209,0.04225
TFE3,2.13147,-0.02572
MXI1,2.12808,0.36623
CREB3L1,2.12748,-0.29251
SIRT6,2.12625,-0.01814
MYC,2.12573,0.22497
ATF4,2.12549,0.11374
E2F1,2.12547,-0.14567
FOXB1,2.1252,1.39094
HNF4G,2.12518,0.89252
E2F1,2.12516,-0.14567
MAX,2.12292,0.13856
MYC,2.12237,0.22497
IRF4,2.118,-0.17271
MYC,2.11645,0.22497
MYC,2.11609,0.22497
MITF,2.11569,0.30426
E2F3,2.1155,0.35972
E2F1,2.11507,-0.14567
MYC,2.11499,0.22497
TFEB,2.11103,-0.41856
MYC,2.10939,0.22497
POU2F2,2.10733,-0.79029
TFDP1,2.1063,-0.02352
HEY1,2.10423,1.16638
MAX,2.10421,0.13856
E2F3,2.10228,0.35972
E2F1,2.10207,-0.14567
E2F6,2.10205,0.21414
USF1,2.10167,-0.13268
MYC,2.10149,0.22497
BHLHE40,2.10101,0.12349
MTF1,2.09893,0.11672
E2F3,2.09825,0.35972
MYC,2.09821,0.22497
MXI1,2.09525,0.36623
STAT2,2.0947,0.19114
E2F2,2.09332,0.546
MYC,2.09277,0.22497
E2F1,2.08906,-0.14567
MYC,2.08902,0.22497
MNT,2.08761,0.05603
BHLHE40,2.08576,0.12349
MAX,2.0838,0.13856
CREB3L1,2.082,-0.29251
USF1,2.08195,-0.13268
ATF4,2.07939,0.11374
BHLHE41,2.0771,-0.53218
MTF1,2.07706,0.11672
MAX,2.07654,0.13856
E2F4,2.07443,0.14148
E2F2,2.07277,0.546
ZRSR2,2.07151,-0.31794
BHLHE40,2.07036,0.12349
MGA,2.06882,0.06935
E2F1,2.06824,-0.14567
MYC,2.06584,0.22497
BHLHE40,2.06554,0.12349
MYC,2.06487,0.22497
NFE2,2.06211,0.59563
E2F1,2.06166,-0.14567
E2F3,2.05736,0.35972
E2F1,2.0569,-0.14567
CREB3L1,2.05668,-0.29251
E2F1,2.05656,-0.14567
HEY2,2.0556,1.09575
MYC,2.05518,0.22497
MAX,2.05461,0.13856
HOXB13,2.0545,1.17107
HEY2,2.05448,1.09575
E2F2,2.0541,0.546
E2F1,2.05405,-0.14567
BHLHE41,2.05354,-0.53218
MYC,2.05262,0.22497
E2F1,2.05244,-0.14567
PML,2.04912,-0.11118
E2F1,2.04844,-0.14567
IRF9,2.0471,0.07959
CEBPD,2.04528,0.31811
SIRT6,2.04471,-0.01814
MAX,2.04212,0.13856
ERF,2.0419,-0.20753
MYC,2.04114,0.22497
MYC,2.04013,0.22497
MAX,2.03953,0.13856
MTF1,2.03892,0.11672
MSX2,2.03859,1.37658
MAX,2.03576,0.13856
MYC,2.03451,0.22497
MTF1,2.03333,0.11672
E2F5,2.03332,0.52151
TEAD3,2.02927,-0.10294
E2F7,2.02876,-0.21524
MAX,2.02856,0.13856
BHLHE40,2.02844,0.12349
POU2F1,2.02577,0.47712
HEY1,2.02417,1.16638
E2F7,2.02299,-0.21524
XBP1,2.02096,0.09852
JDP2,2.02039,0.49816
CREB1,2.01686,-0.1189
CEBPD,2.01674,0.31811
MYC,2.01599,0.22497
MYC,2.01502,0.22497
MYC,2.01421,0.22497
E2F1,2.01411,-0.14567
HIF1A,2.01385,-0.1013
AGAP2,2.01354,0.60759
IRF9,2.01294,0.07959
TFE3,2.01251,-0.02572
ESRRA,2.01163,0.36686
FOSL2,2.01128,0.07854
CEBPD,2.01043,0.31811
MXI1,2.0096,0.36623
MXI1,2.00937,0.36623
MXI1,2.00782,0.36623
BHLHE40,2.00709,0.12349
IRF1,2.0043,0.07358
RARA,2.00416,-0.25519
E2F2,2.00308,0.546
MYC,2.00095,0.22497
MEIS1,2.00044,-0.46847
MYC,1.99947,0.22497
E2F5,1.99826,0.52151
E2F1,1.99604,-0.14567
E2F6,1.99382,0.21414
IRF9,1.99217,0.07959
MAX,1.9921,0.13856
IRF9,1.99145,0.07959
MXI1,1.99104,0.36623
MAX,1.99054,0.13856
STAT5A,1.9902,-0.10044
TFEB,1.99018,-0.41856
MYC,1.98924,0.22497
STAT1,1.98824,-0.01743
MYC,1.98791,0.22497
MYC,1.98763,0.22497
E2F1,1.98739,-0.14567
E2F2,1.98637,0.546
MYC,1.98608,0.22497
ARNT,1.98253,0.03492
MYC,1.98123,0.22497
BHLHE40,1.98072,0.12349
E2F2,1.97959,0.546
ATF4,1.97656,0.11374
MAX,1.97323,0.13856
JUND,1.97262,-0.03685
E2F4,1.97227,0.14148
MYC,1.96961,0.22497
FOXL1,1.96876,-0.97272
RUNX2,1.96875,-0.44748
E2F3,1.96812,0.35972
SOX18,1.96711,1.26007
E2F1,1.96652,-0.14567
MAX,1.96529,0.13856
FOSL1,1.96403,0.12968
MAX,1.96398,0.13856
MXI1,1.96372,0.36623
MTF1,1.96364,0.11672
E2F4,1.96262,0.14148
E2F1,1.96161,-0.14567
FOXF2,1.96072,0.41095
RUVBL1,1.96051,0.14361
BHLHE41,1.96025,-0.53218
YY1,1.95903,0.14859
MAX,1.95705,0.13856
NR4A2,1.95572,0.11007
MXI1,1.95538,0.36623
SOX4,1.95505,-0.13172
ARNT,1.95428,0.03492
MTF1,1.95284,0.11672
E2F4,1.95106,0.14148
E2F1,1.94942,-0.14567
E2F2,1.9482,0.546
BHLHE41,1.94771,-0.53218
E2F2,1.94689,0.546
MAX,1.94669,0.13856
USF1,1.94461,-0.13268
NFE2,1.94418,0.59563
SOX15,1.943,-0.29176
BHLHE40,1.94219,0.12349
CREB3L1,1.94127,-0.29251
MAX,1.93753,0.13856
NFE2,1.93689,0.59563
E2F1,1.93656,-0.14567
MYC,1.93577,0.22497
MYC,1.93537,0.22497
IRF9,1.93467,0.07959
USF1,1.93281,-0.13268
MYC,1.93256,0.22497
MAX,1.93084,0.13856
BHLHE40,1.93031,0.12349
VAX1,1.93007,1.0607
E2F3,1.92932,0.35972
USF1,1.92932,-0.13268
E2F2,1.92915,0.546
TEAD3,1.929,-0.10294
MAX,1.92891,0.13856
MAX,1.92788,0.13856
MLX,1.9254,0.04225
NFE2,1.92291,0.59563
MYC,1.92236,0.22497
MTF1,1.9206,0.11672
TRIM28,1.91997,-0.01728
MTF1,1.91833,0.11672
MAX,1.91811,0.13856
PBX2,1.91801,0.47253
MAX,1.91737,0.13856
E2F2,1.91616,0.546
E2F8,1.91489,0.20928
CEBPD,1.91468,0.31811
HLF,1.91397,1.20049
MAX,1.91183,0.13856
USF1,1.91067,-0.13268
ATF4,1.91004,0.11374
MAX,1.90981,0.13856
MYC,1.90752,0.22497
E2F4,1.9065,0.14148
CREB3L1,1.90646,-0.29251
E2F1,1.90595,-0.14567
SOX2,1.90503,1.37658
HEY1,1.90423,1.16638
BHLHE41,1.90341,-0.53218
MAX,1.90253,0.13856
USF1,1.90194,-0.13268
USF1,1.90089,-0.13268
MYC,1.90088,0.22497
MAX,1.90078,0.13856
E2F1,1.90051,-0.14567
MYC,1.90011,0.22497
CXXC1,1.89752,-0.20636
JUND,1.8956,-0.03685
SOX8,1.89529,0.98528
SIRT6,1.89099,-0.01814
MYC,1.8903,0.22497
MLXIPL,1.88935,1.28556
CEBPB,1.88765,0.1585
DLX4,1.88759,1.70529
PKNOX1,1.88702,-0.01682
HOXC6,1.88667,-0.04045
FOS,1.88467,0.11477
CREB3L1,1.88457,-0.29251
BHLHE41,1.88444,-0.53218
TEAD4,1.88372,0.33182
MAFB,1.8822,0.64383
STAT1,1.88117,-0.01743
MAX,1.88053,0.13856
BHLHE40,1.87923,0.12349
EOMES,1.87859,1.4624
IRF2,1.87821,-0.18248
TFEB,1.87629,-0.41856
RXRA,1.87591,0.30198
HDX,1.87515,0.08585
NR2F6,1.87504,-0.07863
E2F1,1.87185,-0.14567
MTF1,1.87128,0.11672
MAX,1.87033,0.13856
HEY2,1.86957,1.09575
E2F3,1.86952,0.35972
USF1,1.86935,-0.13268
IRF2,1.86923,-0.18248
STAT2,1.86917,0.19114
USF1,1.86908,-0.13268
MAX,1.86881,0.13856
MYC,1.86695,0.22497
HEY1,1.8669,1.16638
HEY1,1.86486,1.16638
E2F8,1.86477,0.20928
MYC,1.86446,0.22497
JUND,1.86413,-0.03685
FOXJ3,1.86288,0.24609
USF1,1.86241,-0.13268
FOSL1,1.86078,0.12968
MYC,1.86076,0.22497
SOX2,1.85971,1.37658
BHLHE40,1.85926,0.12349
CREB3L1,1.85925,-0.29251
USF1,1.85913,-0.13268
MYC,1.8587,0.22497
RBBP5,1.85817,0.03327
MEIS1,1.8571,-0.46847
MYC,1.85641,0.22497
IRF1,1.85567,0.07358
MLXIPL,1.85525,1.28556
DDIT3,1.85468,0.31605
MAX,1.8546,0.13856
MYC,1.85043,0.22497
E2F4,1.84847,0.14148
TFE3,1.84626,-0.02572
IRF9,1.84401,0.07959
MYC,1.84382,0.22497
RXRB,1.84356,0.14875
BACH1,1.84321,-0.08588
IRF8,1.84242,0.31482
E2F2,1.84087,0.546
MYC,1.83952,0.22497
MNT,1.83885,0.05603
CREB3L1,1.83712,-0.29251
ARNT,1.83701,0.03492
MLXIPL,1.83461,1.28556
MYC,1.83302,0.22497
BHLHE41,1.83188,-0.53218
CEBPB,1.83075,0.1585
YY2,1.83011,-0.33904
E2F1,1.82926,-0.14567
ELK1,1.82785,-0.14318
BHLHE40,1.82738,0.12349
TCF7,1.8263,0.17771
E2F4,1.82615,0.14148
MYC,1.82548,0.22497
E2F4,1.82518,0.14148
BHLHE40,1.82483,0.12349
USF1,1.82436,-0.13268
E2F8,1.82374,0.20928
MAX,1.82254,0.13856
MXI1,1.82222,0.36623
E2F1,1.82084,-0.14567
FOS,1.81779,0.11477
MAX,1.81562,0.13856
IRF5,1.81527,0.56234
DBP,1.81461,-0.07406
BHLHE41,1.81442,-0.53218
E2F1,1.81424,-0.14567
USF1,1.81199,-0.13268
USF1,1.81102,-0.13268
MNT,1.81083,0.05603
MTF1,1.81048,0.11672
RARG,1.80999,-0.50335
E2F1,1.80867,-0.14567
XBP1,1.80747,0.09852
IRF8,1.80289,0.31482
TFEB,1.80096,-0.41856
DDIT3,1.80082,0.31605
E2F3,1.80022,0.35972
IRF4,1.79898,-0.17271
MYC,1.79788,0.22497
SIX5,1.79694,-0.04506
E2F2,1.79635,0.546
E2F1,1.79571,-0.14567
BHLHE40,1.79564,0.12349
HOXB6,1.79512,0.12505
MXI1,1.79438,0.36623
USF2,1.79191,-0.17263
CEBPA,1.79043,1.86054
USF1,1.78947,-0.13268
E2F3,1.78922,0.35972
CEBPA,1.78816,1.86054
TBP,1.78776,0.01746
MLXIPL,1.78741,1.28556
E2F6,1.78566,0.21414
HNRNPH3,1.78556,0.04128
REL,1.78401,0.12775
TEAD4,1.78394,0.33182
E2F3,1.78366,0.35972
ATF4,1.7835,0.11374
E2F8,1.78203,0.20928
USF1,1.78165,-0.13268
ATF3,1.78089,0.74563
MYC,1.78059,0.22497
HEY1,1.78043,1.16638
IRF5,1.7785,0.56234
E2F3,1.77756,0.35972
ATF3,1.77717,0.74563
E2F2,1.77623,0.546
MYBL1,1.77558,0.21759
MAX,1.7747,0.13856
E2F2,1.77462,0.546
MYC,1.77431,0.22497
POU2F2,1.77308,-0.79029
HEY2,1.77208,1.09575
E2F1,1.77156,-0.14567
HLF,1.76853,1.20049
ELK4,1.76846,0.1604
E2F1,1.76741,-0.14567
MYC,1.76713,0.22497
E2F5,1.76542,0.52151
JUN,1.76499,0.26082
TFE3,1.76474,-0.02572
TFE3,1.76373,-0.02572
NFE2,1.7633,0.59563
YWHAZ,1.76274,0.2477
IRF1,1.76248,0.07358
ATF3,1.76121,0.74563
TFEB,1.76115,-0.41856
TEAD1,1.75951,0.23157
E2F1,1.75906,-0.14567
GABPA,1.75808,-0.14939
CREB3L1,1.75765,-0.29251
BACH1,1.75745,-0.08588
ZNF3,1.7565,0.04979
MYC,1.75426,0.22497
MAX,1.75187,0.13856
MAX,1.75158,0.13856
MAX,1.75151,0.13856
MXI1,1.75076,0.36623
USF2,1.74886,-0.17263
CTCF,1.74854,0.1109
IRF9,1.74783,0.07959
JDP2,1.74763,0.49816
HLF,1.74669,1.20049
TRIM28,1.7466,-0.01728
E2F1,1.74615,-0.14567
BHLHE40,1.73994,0.12349
TEAD4,1.73906,0.33182
USF1,1.73813,-0.13268
MLXIPL,1.73646,1.28556
YY1,1.73528,0.14859
STAT5A,1.73519,-0.10044
TEAD4,1.73463,0.33182
E2F5,1.73386,0.52151
MYC,1.73344,0.22497
CREB3L1,1.73323,-0.29251
MAX,1.73319,0.13856
USF1,1.73236,-0.13268
ZNF143,1.73113,-0.08045
E2F1,1.72939,-0.14567
GATA2,1.72899,-0.05162
HEY1,1.72501,1.16638
NRL,1.7232,0.13212
SRF,1.72313,-0.18877
OLIG2,1.72283,0.79877
SOX1,1.72263,1.77815
HEY1,1.72128,1.16638
TFE3,1.721,-0.02572
STAT1,1.72083,-0.01743
JUN,1.72063,0.26082
BHLHE40,1.72058,0.12349
JUN,1.72008,0.26082
CREB3L1,1.71985,-0.29251
CREB1,1.71966,-0.1189
IRF9,1.71953,0.07959
NFE2,1.71928,0.59563
NFE2,1.71892,0.59563
TGIF1,1.7179,0.24022
JUN,1.71677,0.26082
E2F3,1.7162,0.35972
MXI1,1.71576,0.36623
CREB3L1,1.71557,-0.29251
MYC,1.71489,0.22497
HOXC10,1.71374,0.94574
NFE2L2,1.71331,0.01426
DBP,1.712,-0.07406
USF2,1.71189,-0.17263
MAX,1.71143,0.13856
MXI1,1.71052,0.36623
SRF,1.70831,-0.18877
DLX4,1.70766,1.70529
MYC,1.70758,0.22497
E2F1,1.7073,-0.14567
TFEB,1.70469,-0.41856
BACH1,1.70454,-0.08588
ELF1,1.70448,-0.0385
ATF4,1.70216,0.11374
RARG,1.70193,-0.50335
MLXIPL,1.70171,1.28556
MAX,1.7014,0.13856
E2F4,1.70002,0.14148
USF1,1.69994,-0.13268
RXRB,1.69969,0.14875
ATF3,1.69876,0.74563
ESRRG,1.69855,1.19866
CEBPG,1.69653,0.22789
BHLHE41,1.69471,-0.53218
E2F1,1.69455,-0.14567
ATF3,1.692,0.74563
HEY2,1.69097,1.09575
CTCF,1.69091,0.1109
CREB3L1,1.68722,-0.29251
TFEB,1.6834,-0.41856
BHLHE41,1.68283,-0.53218
CEBPB,1.68141,0.1585
MTF1,1.68082,0.11672
E2F4,1.68018,0.14148
TFEB,1.67844,-0.41856
MYC,1.67832,0.22497
HESX1,1.67676,0.17438
MAFF,1.67623,0.15237
SREBF1,1.67485,-0.15578
MEIS3,1.67222,0.68303
MYC,1.67157,0.22497
FOS,1.67081,0.11477
RORA,1.66965,1.26779
PAX3,1.66913,1.45939
TFEB,1.66905,-0.41856
IRF2,1.6679,-0.18248
MYC,1.66716,0.22497
BHLHE40,1.66715,0.12349
RXRB,1.66569,0.14875
MEIS1,1.66288,-0.46847
CEBPD,1.6625,0.31811
MYC,1.66115,0.22497
MXI1,1.66053,0.36623
BHLHE40,1.66045,0.12349
BHLHE40,1.66037,0.12349
MYC,1.66021,0.22497
BHLHE40,1.65917,0.12349
CEBPB,1.65851,0.1585
CLOCK,1.65833,0.06464
E2F7,1.65758,-0.21524
TEAD4,1.65386,0.33182
MYC,1.6521,0.22497
MAX,1.65207,0.13856
MAFG,1.6514,-0.03675
CREB1,1.65036,-0.1189
E2F1,1.65013,-0.14567
E2F2,1.64936,0.546
MAX,1.64903,0.13856
IRF4,1.64895,-0.17271
E2F1,1.64875,-0.14567
BHLHE40,1.64834,0.12349
E2F2,1.64782,0.546
E2F8,1.64756,0.20928
GMEB2,1.64705,0.07687
MTF1,1.64478,0.11672
SIN3A,1.64467,0.04933
E2F1,1.64406,-0.14567
E2F7,1.64384,-0.21524
CREB3L1,1.64365,-0.29251
USF2,1.64272,-0.17263
SIN3A,1.64179,0.04933
MTF1,1.64082,0.11672
MYC,1.64053,0.22497
MNT,1.63804,0.05603
MYC,1.63698,0.22497
CEBPG,1.63689,0.22789
E2F1,1.6366,-0.14567
ZIC3,1.63629,1.58206
USF2,1.63586,-0.17263
USF1,1.63555,-0.13268
USF1,1.63543,-0.13268
BHLHE40,1.63456,0.12349
E2F1,1.63253,-0.14567
E2F6,1.63218,0.21414
CEBPD,1.63107,0.31811
MTF1,1.62952,0.11672
HIF1A,1.62815,-0.1013
ATF7,1.62675,0.14396
MYC,1.62663,0.22497
ATF4,1.62561,0.11374
MAX,1.62553,0.13856
TGIF2,1.62549,0.13496
E2F5,1.62546,0.52151
E2F1,1.62536,-0.14567
USF1,1.625,-0.13268
E2F1,1.62416,-0.14567
MAX,1.62382,0.13856
HOXD11,1.6233,0.14834
JUND,1.62308,-0.03685
NFKB1,1.6223,-0.02496
RARA,1.62154,-0.25519
HLF,1.61858,1.20049
BHLHE40,1.61742,0.12349
CEBPB,1.61618,0.1585
NRL,1.61593,0.13212
RARA,1.6132,-0.25519
CREB3L1,1.61283,-0.29251
IRF4,1.61244,-0.17271
IRF8,1.61167,0.31482
E2F4,1.60974,0.14148
SIN3A,1.60915,0.04933
MAX,1.60844,0.13856
FOXD3,1.60834,1.66375
MYC,1.6064,0.22497
MYC,1.60598,0.22497
OLIG2,1.6057,0.79877
USF1,1.60446,-0.13268
MNT,1.60271,0.05603
MYC,1.60212,0.22497
MYC,1.59998,0.22497
MXI1,1.59944,0.36623
ZBED1,1.59849,-0.20248
MNX1,1.59837,2.02938
YY1,1.59798,0.14859
CEBPD,1.59783,0.31811
MAX,1.59671,0.13856
MYBL1,1.59617,0.21759
TFE3,1.59583,-0.02572
STAT2,1.59408,0.19114
JDP2,1.59352,0.49816
MYC,1.59246,0.22497
MXI1,1.59214,0.36623
TCF7,1.59055,0.17771
ATF4,1.59,0.11374
RORA,1.5899,1.26779
E2F3,1.58811,0.35972
BHLHE40,1.588,0.12349
BHLHE40,1.58471,0.12349
IRF9,1.58278,0.07959
MYC,1.58252,0.22497
NR2F1,1.58186,-0.40683
MYC,1.58027,0.22497
CEBPB,1.5787,0.1585
CEBPB,1.57828,0.1585
MLXIPL,1.57734,1.28556
NFKB2,1.57733,0.51364
ZBTB4,1.57655,-0.18334
CEBPD,1.57626,0.31811
HOXA3,1.57573,-0.49974
FOSL2,1.5739,0.07854
BARHL2,1.5734,1.83251
NFKB1,1.57301,-0.02496
NFKB1,1.57251,-0.02496
USF1,1.57173,-0.13268
JUND,1.57135,-0.03685
TFE3,1.57072,-0.02572
MYC,1.57065,0.22497
ETS1,1.5699,0.2381
E2F3,1.56964,0.35972
ESRRA,1.5695,0.36686
IRF8,1.56852,0.31482
XBP1,1.56839,0.09852
BHLHE41,1.56828,-0.53218
ARNT,1.56788,0.03492
MLX,1.56781,0.04225
NR2F6,1.56689,-0.07863
SP2,1.56628,-0.07606
E2F2,1.56554,0.546
E2F3,1.56519,0.35972
MYC,1.565,0.22497
RARA,1.56495,-0.25519
JUN,1.56319,0.26082
CEBPA,1.56209,1.86054
MYC,1.56181,0.22497
MTF1,1.56143,0.11672
IRF7,1.56025,-0.16734
HOXB13,1.55999,1.17107
MXI1,1.55827,0.36623
NFE2,1.55783,0.59563
SREBF2,1.55682,0.00057
CEBPB,1.5562,0.1585
E2F2,1.55571,0.546
E2F4,1.55476,0.14148
NFKB1,1.55418,-0.02496
MLX,1.55378,0.04225
E2F3,1.55185,0.35972
MEIS1,1.5511,-0.46847
MAX,1.55044,0.13856
ATF4,1.55033,0.11374
MTF1,1.55024,0.11672
JUND,1.54996,-0.03685
MYC,1.54757,0.22497
EP300,1.54599,0.07356
E2F1,1.54555,-0.14567
BCL6,1.54546,-0.46691
HLF,1.54536,1.20049
FOSL1,1.54464,0.12968
ELK1,1.54425,-0.14318
STAT1,1.54316,-0.01743
HLF,1.54305,1.20049
E2F1,1.54254,-0.14567
MYC,1.54133,0.22497
LHX9,1.54122,-1.03088
MTF1,1.54048,0.11672
SOX9,1.53891,0.21723
E2F3,1.53866,0.35972
IRF3,1.53855,-0.1629
MAFG,1.53811,-0.03675
CREB1,1.53771,-0.1189
HEY1,1.5366,1.16638
HESX1,1.53653,0.17438
SIN3A,1.53445,0.04933
MAX,1.53441,0.13856
CREB5,1.53424,0.13627
MAX,1.53379,0.13856
ARNT,1.53347,0.03492
CREB5,1.53225,0.13627
HLF,1.53194,1.20049
HOXD11,1.53148,0.14834
NFKB1,1.52993,-0.02496
JUN,1.52821,0.26082
REL,1.52782,0.12775
E2F4,1.52679,0.14148
HEY2,1.52649,1.09575
CTCF,1.526,0.1109
IRF9,1.52502,0.07959
BHLHE41,1.52483,-0.53218
E2F1,1.52478,-0.14567
POU2F1,1.52418,0.47712
NFE2,1.52303,0.59563
SOX4,1.52258,-0.13172
NFIA,1.5223,0.15147
REL,1.52226,0.12775
SMAD3,1.522,-0.38086
CREB1,1.52176,-0.1189
E2F5,1.52106,0.52151
TFE3,1.51886,-0.02572
ARNT,1.51871,0.03492
ARNT,1.51826,0.03492
TEAD1,1.5178,0.23157
GABPA,1.51756,-0.14939
E2F4,1.51662,0.14148
USF1,1.5155,-0.13268
HEY2,1.51429,1.09575
E2F2,1.51261,0.546
NKX3-1,1.51189,-0.17361
BCL6,1.50963,-0.46691
BACH2,1.50951,1.29373
SFT2D1,1.50928,0.08654
VAX2,1.5092,-0.14018
BHLHE40,1.5092,0.12349
ELK1,1.50889,-0.14318
THAP1,1.50737,0.30516
MLXIPL,1.50686,1.28556
CEBPB,1.50635,0.1585
ARNT,1.50616,0.03492
RXRA,1.50435,0.30198
TFEB,1.50393,-0.41856
IRF9,1.50294,0.07959
MAX,1.50259,0.13856
E2F4,1.50226,0.14148
NFE2,1.50189,0.59563
TFEB,1.50186,-0.41856
MXI1,1.50145,0.36623
TFE3,1.50123,-0.02572
HAND1,1.50114,0.94118
JUNB,1.49984,0.12824
GMEB2,1.49895,0.07687
HEY1,1.49811,1.16638
USF1,1.49738,-0.13268
MYC,1.49723,0.22497
E2F1,1.49648,-0.14567
BHLHE40,1.49619,0.12349
MTF1,1.49508,0.11672
FOXA1,1.49493,0.59218
EP300,1.49388,0.07356
SOX9,1.4937,0.21723
HOXC10,1.49369,0.94574
NFE2,1.49277,0.59563
MLX,1.4924,0.04225
TRIM28,1.49118,-0.01728
SRF,1.49108,-0.18877
USF1,1.48983,-0.13268
BHLHE40,1.48861,0.12349
USF1,1.4873,-0.13268
FOSL2,1.48639,0.07854
IRF9,1.48613,0.07959
USF1,1.48599,-0.13268
ATF4,1.48534,0.11374
TEAD3,1.48506,-0.10294
FOSB,1.48493,0.22429
NFYB,1.48361,-0.01498
ATF3,1.48274,0.74563
CLOCK,1.48271,0.06464
E2F2,1.48214,0.546
RARG,1.48208,-0.50335
TBX20,1.48075,1.45484
FOS,1.48047,0.11477
ATF4,1.48027,0.11374
MLX,1.48,0.04225
E2F2,1.47961,0.546
MXI1,1.47806,0.36623
MXI1,1.47595,0.36623
HEY1,1.47568,1.16638
ZBED1,1.4754,-0.20248
MTF1,1.4753,0.11672
NFE2,1.47504,0.59563
CEBPD,1.47447,0.31811
USF2,1.47381,-0.17263
USF1,1.47373,-0.13268
TBX1,1.47373,1.76691
BACH2,1.47241,1.29373
HOXB4,1.47202,-0.31825
JUN,1.4719,0.26082
TCF7,1.47185,0.17771
IRF9,1.4717,0.07959
USF1,1.47163,-0.13268
MTF1,1.4699,0.11672
NFIL3,1.46882,0.04188
CEBPB,1.46824,0.1585
ARNT,1.46824,0.03492
E2F1,1.46785,-0.14567
HLF,1.46707,1.20049
MLXIPL,1.46664,1.28556
CEBPB,1.46656,0.1585
USF2,1.46461,-0.17263
IRF5,1.46424,0.56234
MYC,1.46277,0.22497
NR3C1,1.46201,-0.11267
USF1,1.46116,-0.13268
CREB5,1.46034,0.13627
CEBPD,1.4598,0.31811
FOSL2,1.45954,0.07854
RUNX1,1.45945,-0.06798
CEBPB,1.45846,0.1585
SREBF1,1.45764,-0.15578
MAX,1.4573,0.13856
MAX,1.45674,0.13856
MAFB,1.45578,0.64383
TFDP1,1.45474,-0.02352
IRF1,1.45459,0.07358
MYC,1.45446,0.22497
MTF1,1.45329,0.11672
MAX,1.45322,0.13856
IRF4,1.45313,-0.17271
JDP2,1.4531,0.49816
E2F2,1.45191,0.546
MAX,1.45168,0.13856
CEBPD,1.45125,0.31811
GATA2,1.45119,-0.05162
RFX2,1.45039,0.09243
MYC,1.44889,0.22497
HOXC10,1.44872,0.94574
E2F1,1.44533,-0.14567
E2F2,1.44386,0.546
MLX,1.44316,0.04225
DBP,1.44213,-0.07406
MITF,1.44181,0.30426
SREBF2,1.44091,0.00057
EOMES,1.44056,1.4624
NFE2,1.44,0.59563
ONECUT2,1.43885,1.50408
NFE2,1.43832,0.59563
MTF1,1.43811,0.11672
ARHGEF12,1.43721,0.00333
TEAD1,1.43707,0.23157
E2F4,1.4366,0.14148
E2F2,1.43534,0.546
E2F3,1.43412,0.35972
TFEB,1.4339,-0.41856
MAX,1.43383,0.13856
TFE3,1.43295,-0.02572
NFIL3,1.43143,0.04188
JUND,1.42926,-0.03685
NR1D1,1.42921,0.0778
E2F1,1.42841,-0.14567
BHLHE40,1.4279,0.12349
BHLHE41,1.42778,-0.53218
HEY1,1.42684,1.16638
STAT2,1.42481,0.19114
IRF5,1.42362,0.56234
HIF1A,1.42303,-0.1013
CTCF,1.42252,0.1109
ATF4,1.42218,0.11374
MYC,1.42186,0.22497
EN1,1.42142,1.50651
USF1,1.42079,-0.13268
MYC,1.41888,0.22497
CEBPD,1.41831,0.31811
JDP2,1.41784,0.49816
BHLHE41,1.41728,-0.53218
OSR2,1.41643,0.51205
BHLHE41,1.41606,-0.53218
MLX,1.4157,0.04225
MLX,1.41447,0.04225
MLXIPL,1.41374,1.28556
ATF3,1.4132,0.74563
USF1,1.41295,-0.13268
CEBPA,1.41098,1.86054
MAFF,1.41086,0.15237
CREB1,1.41038,-0.1189
MITF,1.41016,0.30426
ATF4,1.40946,0.11374
NRF1,1.4094,-0.06707
ATF2,1.40902,0.19734
ATF3,1.40842,0.74563
TEAD3,1.40819,-0.10294
CEBPG,1.40813,0.22789
E2F7,1.40723,-0.21524
USF1,1.40648,-0.13268
MYC,1.40613,0.22497
FOSL2,1.4058,0.07854
BHLHE40,1.40456,0.12349
IRF2,1.40268,-0.18248
GMEB2,1.40153,0.07687
ATF7,1.40136,0.14396
JDP2,1.40098,0.49816
RXRA,1.40095,0.30198
USF1,1.40087,-0.13268
MYC,1.40027,0.22497
MAX,1.39896,0.13856
IRF8,1.3989,0.31482
E2F1,1.39851,-0.14567
MAX,1.39763,0.13856
TRIM28,1.39738,-0.01728
HEY2,1.39732,1.09575
ZNF143,1.39659,-0.08045
ZBTB3,1.39659,0.39844
USF2,1.39573,-0.17263
MITF,1.39544,0.30426
PAX3,1.39532,1.45939
BACH2,1.39405,1.29373
FOXD1,1.39284,0.21153
GABPA,1.39197,-0.14939
RORA,1.39188,1.26779
E2F1,1.39152,-0.14567
HCFC1,1.3912,0.32821
TEAD3,1.39114,-0.10294
E2F1,1.39044,-0.14567
E2F8,1.38914,0.20928
ETV5,1.38808,0.00428
MAFB,1.38763,0.64383
TFE3,1.3872,-0.02572
E2F7,1.38616,-0.21524
MITF,1.38492,0.30426
MYC,1.38492,0.22497
ATF3,1.38442,0.74563
JDP2,1.38408,0.49816
FOXO4,1.38402,0.05375
JUNB,1.38303,0.12824
IRF7,1.38193,-0.16734
HMX1,1.38105,1.5563
PKNOX2,1.38102,0.45558
SOX4,1.38045,-0.13172
FOSL1,1.38002,0.12968
MTF1,1.37961,0.11672
TFE3,1.37926,-0.02572
CREB3L1,1.37906,-0.29251
MAX,1.37879,0.13856
FOXF1,1.37758,0.17609
NFKB1,1.3775,-0.02496
TBX20,1.37614,1.45484
HOXD13,1.37597,1.61407
YY2,1.37587,-0.33904
MAX,1.37298,0.13856
GRHL1,1.37294,0.60779
ATF3,1.37268,0.74563
MTF1,1.37255,0.11672
JUN,1.37201,0.26082
IRF5,1.3719,0.56234
ARNT,1.3718,0.03492
HDX,1.37179,0.08585
STAT2,1.37088,0.19114
DBP,1.37082,-0.07406
ELK4,1.37031,0.1604
CREB5,1.37025,0.13627
NFKB2,1.37018,0.51364
FOSL1,1.37011,0.12968
MTF1,1.36971,0.11672
NFIL3,1.36951,0.04188
E2F1,1.36926,-0.14567
IRF8,1.36872,0.31482
DBP,1.36582,-0.07406
MYC,1.36462,0.22497
E2F2,1.3641,0.546
MLX,1.36407,0.04225
MAFF,1.36404,0.15237
TEAD4,1.36393,0.33182
MYC,1.36374,0.22497
E2F4,1.36361,0.14148
E2F6,1.36203,0.21414
ATF7,1.36153,0.14396
XBP1,1.36067,0.09852
E2F1,1.35986,-0.14567
ATF2,1.35795,0.19734
SOX2,1.35745,1.37658
TFEB,1.3566,-0.41856
ATF4,1.35622,0.11374
MYC,1.3556,0.22497
JUN,1.35539,0.26082
MTF1,1.35499,0.11672
MAX,1.3543,0.13856
CREB3L2,1.35428,0.15749
HLF,1.35417,1.20049
JUND,1.3538,-0.03685
STAT5B,1.35236,-0.28536
STAT1,1.35201,-0.01743
ZDHHC15,1.35158,1.7796
E2F2,1.35151,0.546
TFE3,1.3514,-0.02572
GABPA,1.35114,-0.14939
ATF4,1.35062,0.11374
NFIL3,1.35045,0.04188
HOXC10,1.35021,0.94574
IRF9,1.35011,0.07959
TFEB,1.34982,-0.41856
ARNT,1.34958,0.03492
GRHL1,1.34949,0.60779
SREBF1,1.34918,-0.15578
MTF1,1.34816,0.11672
MXI1,1.34809,0.36623
E2F4,1.34705,0.14148
CEBPD,1.34593,0.31811
E2F7,1.34587,-0.21524
NKX2-8,1.34574,1.30963
OLIG2,1.34569,0.79877
NFE2L2,1.34543,0.01426
MAFK,1.34508,-0.18717
HLF,1.3449,1.20049
BHLHE41,1.34482,-0.53218
NFKB1,1.34482,-0.02496
E2F1,1.34475,-0.14567
MAFB,1.34426,0.64383
POU2F1,1.34421,0.47712
MTF1,1.34304,0.11672
E2F1,1.34291,-0.14567
MAX,1.34265,0.13856
HOXD13,1.34225,1.61407
RUNX2,1.34201,-0.44748
SIN3A,1.3418,0.04933
JDP2,1.34108,0.49816
MTF1,1.34029,0.11672
MAX,1.34023,0.13856
HESX1,1.33981,0.17438
HLF,1.33948,1.20049
E2F1,1.33911,-0.14567
DBP,1.33904,-0.07406
CHD2,1.33736,0.16413
NR2F1,1.33731,-0.40683
JDP2,1.33668,0.49816
BHLHE40,1.33586,0.12349
CREB3L1,1.33491,-0.29251
MAX,1.3346,0.13856
CREB3L1,1.33437,-0.29251
MTF1,1.33412,0.11672
MTF1,1.33386,0.11672
GMEB2,1.33212,0.07687
IRF4,1.33209,-0.17271
RREB1,1.33014,0.27761
TFE3,1.3299,-0.02572
NKX2-5,1.32972,1.55041
HEY1,1.32924,1.16638
MLXIPL,1.32889,1.28556
RXRB,1.32817,0.14875
ATF3,1.32686,0.74563
BACH1,1.32668,-0.08588
ZNF510,1.32418,0.05108
BHLHE41,1.32324,-0.53218
ELK4,1.32199,0.1604
HOXC10,1.3201,0.94574
CCDC25,1.31978,-0.00134
FOXF2,1.31976,0.41095
BHLHE40,1.31975,0.12349
ATF3,1.31898,0.74563
JUNB,1.31795,0.12824
RARG,1.31702,-0.50335
CREB3L1,1.31559,-0.29251
IRF9,1.31461,0.07959
USF1,1.31418,-0.13268
E2F1,1.31403,-0.14567
NKX6-1,1.31308,1.89061
HEY1,1.31291,1.16638
NFE2,1.31272,0.59563
THAP1,1.31235,0.30516
MNT,1.31189,0.05603
MAFG,1.31188,-0.03675
NR3C1,1.31163,-0.11267
GATA2,1.31134,-0.05162
MYC,1.31007,0.22497
MAFA,1.30976,1.66573
CUX2,1.30947,1.0607
ATF7,1.3086,0.14396
FOXP3,1.30592,0.80403
HOXD11,1.30573,0.14834
CLOCK,1.30536,0.06464
HLF,1.30533,1.20049
MLXIPL,1.30491,1.28556
IRF9,1.30403,0.07959
MYC,1.30399,0.22497
JUND,1.30338,-0.03685
E2F1,1.30337,-0.14567
TFE3,1.30314,-0.02572
TBX20,1.30305,1.45484
FOSB,1.30255,0.22429
MGA,1.30222,0.06935
IRF4,1.30222,-0.17271
JUN,1.30199,0.26082
ATF1,1.30171,-0.08557
DLX2,1.30126,0.70947
FOSL2,1.30123,0.07854
IRF4,1.30084,-0.17271
MSX2,1.3006,1.37658
MLXIPL,1.30023,1.28556
EN2,1.29939,1.5098
STAT1,1.29807,-0.01743
BHLHE40,1.29801,0.12349
FOSL1,1.29774,0.12968
MTF1,1.29669,0.11672
MAFF,1.29632,0.15237
MNT,1.29606,0.05603
ATF4,1.29572,0.11374
ZNF143,1.29567,-0.08045
NFIL3,1.29556,0.04188
E2F1,1.29434,-0.14567
CEBPD,1.29418,0.31811
MYC,1.29387,0.22497
ATF2,1.29377,0.19734
MEF2C,1.29323,0.40985
ATF3,1.29244,0.74563
MEIS1,1.29132,-0.46847
ZNF143,1.29125,-0.08045
ATF3,1.29075,0.74563
MLXIPL,1.29039,1.28556
MTF1,1.2903,0.11672
MTF1,1.29025,0.11672
MEIS1,1.29011,-0.46847
BHLHE40,1.28799,0.12349
ARNT,1.28795,0.03492
HLF,1.28783,1.20049
MLXIPL,1.28761,1.28556
CREM,1.28542,-0.0345
USF1,1.28541,-0.13268
MTF1,1.28481,0.11672
JUND,1.28474,-0.03685
TBX1,1.28451,1.76691
JUN,1.28327,0.26082
RORA,1.28293,1.26779
MAFF,1.28288,0.15237
RXRB,1.28274,0.14875
HEY2,1.28248,1.09575
E2F2,1.28196,0.546
CREB3,1.28177,-0.24841
MYC,1.28139,0.22497
E2F5,1.28076,0.52151
ELK1,1.28063,-0.14318
ATF3,1.28034,0.74563
USF1,1.27928,-0.13268
HOXD11,1.27879,0.14834
PAX2,1.27743,1.0569
TFE3,1.27694,-0.02572
FOXK1,1.27693,0.61424
FOSB,1.27662,0.22429
MLX,1.27657,0.04225
USF2,1.27631,-0.17263
E2F3,1.2762,0.35972
ATF4,1.27557,0.11374
USF2,1.27553,-0.17263
ATF2,1.27538,0.19734
CEBPB,1.27536,0.1585
TBP,1.27487,0.01746
POU5F1,1.27428,-0.17881
PROX1,1.27288,1.25768
ATF2,1.27287,0.19734
HDAC2,1.27283,0.15118
LMX1B,1.27206,1.549
JUND,1.27165,-0.03685
CEBPD,1.27101,0.31811
USF2,1.27092,-0.17263
CREB1,1.27074,-0.1189
YY2,1.27073,-0.33904
IRF4,1.2702,-0.17271
DDIT3,1.26975,0.31605
AFP,1.2692,-0.7863
TP53,1.26825,-0.06103
MYC,1.26749,0.22497
TFEB,1.26723,-0.41856
IRF2,1.26706,-0.18248
HEY2,1.26622,1.09575
BHLHE41,1.26451,-0.53218
ERF,1.26345,-0.20753
FOXF2,1.26336,0.41095
USF1,1.26335,-0.13268
CEBPB,1.2633,0.1585
NR1D1,1.26321,0.0778
CREB3L1,1.26289,-0.29251
TFEB,1.26287,-0.41856
NFIL3,1.26199,0.04188
TBX1,1.26151,1.76691
ATF4,1.26069,0.11374
TEF,1.26069,-0.46806
DBP,1.26029,-0.07406
MTF1,1.26026,0.11672
GMEB2,1.25986,0.07687
MYC,1.25964,0.22497
E2F4,1.25955,0.14148
MAFF,1.25928,0.15237
MYC,1.25891,0.22497
IRF1,1.25882,0.07358
ARNT,1.25734,0.03492
MZF1,1.256,0.10253
USF1,1.25548,-0.13268
CEBPB,1.25518,0.1585
JUN,1.25485,0.26082
MAFK,1.2537,-0.18717
PBX1,1.2525,-0.73611
E2F5,1.25206,0.52151
IRF8,1.25206,0.31482
NR3C1,1.25196,-0.11267
RARA,1.25195,-0.25519
JUNB,1.2518,0.12824
CREB3,1.25106,-0.24841
POU2F1,1.25028,0.47712
BACH1,1.24984,-0.08588
MITF,1.24953,0.30426
HEY1,1.24929,1.16638
CEBPB,1.24634,0.1585
E2F1,1.24622,-0.14567
CREB5,1.24587,0.13627
BHLHE40,1.24566,0.12349
USF1,1.24526,-0.13268
CREB1,1.24509,-0.1189
CEBPB,1.24473,0.1585
IRF3,1.24472,-0.1629
MAX,1.24456,0.13856
RORA,1.24394,1.26779
PBX1,1.2432,-0.73611
HLF,1.24304,1.20049
MITF,1.24235,0.30426
MTF1,1.24186,0.11672
NR2F6,1.2418,-0.07863
IRF1,1.24146,0.07358
MEF2C,1.2411,0.40985
JUN,1.24075,0.26082
HEY2,1.24062,1.09575
BCL11A,1.24004,1.84042
MEF2D,1.2393,-0.06654
MAX,1.23917,0.13856
CREB3L1,1.2388,-0.29251
FOSL2,1.23745,0.07854
REL,1.23713,0.12775
TFEB,1.23484,-0.41856
HEY2,1.23473,1.09575
MAFK,1.23397,-0.18717
TFEB,1.23358,-0.41856
HSF1,1.23333,0.46176
TFE3,1.23257,-0.02572
ATF3,1.23077,0.74563
ATF4,1.22975,0.11374
CEBPB,1.22953,0.1585
XBP1,1.22896,0.09852
USF1,1.22894,-0.13268
NFE2,1.22876,0.59563
POU2F2,1.22869,-0.79029
E2F2,1.22788,0.546
HEY2,1.2252,1.09575
DTL,1.22508,-0.3358
MYC,1.22399,0.22497
FOS,1.22301,0.11477
MLX,1.22247,0.04225
TFEB,1.2219,-0.41856
MYC,1.22183,0.22497
IRF9,1.22169,0.07959
JDP2,1.22143,0.49816
CEBPB,1.2212,0.1585
ARNT,1.22076,0.03492
TEF,1.22025,-0.46806
E2F1,1.22021,-0.14567
USF1,1.21986,-0.13268
HINFP,1.21967,0.09309
BHLHE41,1.21964,-0.53218
HLF,1.21959,1.20049
E4F1,1.2193,0.19447
FOXP1,1.21852,-0.47893
USF1,1.21849,-0.13268
ZBTB3,1.21814,0.39844
E2F6,1.21765,0.21414
RORB,1.21717,1.75358
JUND,1.21671,-0.03685
CEBPB,1.2167,0.1585
MTF1,1.21649,0.11672
PBX1,1.21646,-0.73611
PITX1,1.21589,2.66087
TEAD4,1.21577,0.33182
E4F1,1.21572,0.19447
MAX,1.21538,0.13856
JUN,1.21465,0.26082
MLX,1.21449,0.04225
EGR1,1.2141,0.22639
JUN,1.21377,0.26082
ATF3,1.21345,0.74563
ETV3,1.21344,0.22639
FLI1,1.21326,-2.13898
CREB3L1,1.2129,-0.29251
CREB3L1,1.21214,-0.29251
CREB3L1,1.21188,-0.29251
E2F1,1.21133,-0.14567
BHLHE40,1.211,0.12349
FOSL1,1.2107,0.12968
FOSL2,1.2103,0.07854
E2F2,1.20969,0.546
JDP2,1.20945,0.49816
MSX2,1.20918,1.37658
HEY2,1.20913,1.09575
ARNT,1.20903,0.03492
JUN,1.20862,0.26082
EP300,1.20839,0.07356
TEAD1,1.20826,0.23157
BHLHE40,1.20746,0.12349
ATF4,1.2073,0.11374
MLX,1.20686,0.04225
TFE3,1.20621,-0.02572
JDP2,1.20593,0.49816
NFKB1,1.20448,-0.02496
FOSL1,1.20375,0.12968
ATF3,1.20337,0.74563
NR1H2,1.2031,-0.17777
E2F1,1.20201,-0.14567
SOX2,1.2006,1.37658
NFKB1,1.20041,-0.02496
JUND,1.19968,-0.03685
ISL1,1.19944,1.63749
TEF,1.19869,-0.46806
DBP,1.19845,-0.07406
MAFF,1.19844,0.15237
CREB1,1.19842,-0.1189
TEAD1,1.1983,0.23157
CUX2,1.19794,1.0607
MAFF,1.19773,0.15237
MNT,1.19761,0.05603
CEBPB,1.19745,0.1585
ATF2,1.19664,0.19734
HLF,1.19654,1.20049
REST,1.19644,0.20711
IRF7,1.19598,-0.16734
ELF1,1.19563,-0.0385
CREB3L1,1.19462,-0.29251
E2F4,1.19407,0.14148
E2F1,1.19389,-0.14567
CEBPB,1.19376,0.1585
JDP2,1.19335,0.49816
TFEB,1.19304,-0.41856
JUN,1.19237,0.26082
TCF7,1.19171,0.17771
THRB,1.1906,0.86606
MITF,1.19002,0.30426
NFE2,1.18987,0.59563
JDP2,1.18981,0.49816
E2F3,1.18879,0.35972
NR2F6,1.1882,-0.07863
MNT,1.18767,0.05603
MITF,1.18759,0.30426
IRX3,1.18728,0.16577
E2F5,1.18644,0.52151
MNT,1.18629,0.05603
USF2,1.18484,-0.17263
CREB1,1.18463,-0.1189
MEIS1,1.1845,-0.46847
STAT1,1.18448,-0.01743
MITF,1.18362,0.30426
CREB5,1.18146,0.13627
TFAP2A,1.18115,-0.00481
SOX7,1.18099,0.94009
IRF1,1.18017,0.07358
FOSB,1.18014,0.22429
FOSL1,1.17992,0.12968
HLF,1.17889,1.20049
MLXIPL,1.1775,1.28556
SIN3A,1.17699,0.04933
ATF4,1.17587,0.11374
JDP2,1.17579,0.49816
CREB3L2,1.17555,0.15749
ATF3,1.17489,0.74563
FOS,1.17466,0.11477
MEIS1,1.17362,-0.46847
DBP,1.17328,-0.07406
MEIS1,1.17314,-0.46847
XBP1,1.17261,0.09852
MAX,1.17159,0.13856
JDP2,1.17028,0.49816
POU2F2,1.17019,-0.79029
GMEB2,1.17016,0.07687
MEOX1,1.16984,0.5983
ATF1,1.16971,-0.08557
IRF4,1.16926,-0.17271
MNT,1.16827,0.05603
MLXIPL,1.16789,1.28556
BHLHE40,1.16726,0.12349
IRF9,1.16676,0.07959
MAFF,1.1667,0.15237
CREB1,1.16609,-0.1189
JUND,1.16533,-0.03685
TFAP2A,1.16497,-0.00481
TEF,1.16429,-0.46806
NFKB1,1.16387,-0.02496
ZC3H7A,1.16306,0.06914
TEAD3,1.16261,-0.10294
ATF2,1.16201,0.19734
USF1,1.16197,-0.13268
ELK1,1.16173,-0.14318
BRCA1,1.16108,-0.27515
JDP2,1.16107,0.49816
JUN,1.16086,0.26082
MAX,1.16071,0.13856
HOXC11,1.16054,0.58072
MXI1,1.16005,0.36623
NFKB1,1.1599,-0.02496
USF1,1.15989,-0.13268
MTF1,1.15965,0.11672
CREB3L1,1.15931,-0.29251
TFE3,1.15918,-0.02572
HAND1,1.15827,0.94118
PAX2,1.15776,1.0569
MLXIPL,1.15732,1.28556
JDP2,1.15729,0.49816
NFE2,1.15648,0.59563
TGIF2,1.15639,0.13496
BHLHE41,1.15611,-0.53218
E2F5,1.1561,0.52151
MYC,1.15434,0.22497
MITF,1.15368,0.30426
ATF2,1.15295,0.19734
DDIT3,1.15278,0.31605
AR,1.15249,0.74347
YY1,1.15191,0.14859
CEBPB,1.15139,0.1585
HOXA9,1.15129,0.67702
PAX6,1.15083,0.87769
ARNT,1.15077,0.03492
FOSL1,1.15038,0.12968
TEAD4,1.15012,0.33182
E2F1,1.14992,-0.14567
ATF4,1.14968,0.11374
MYC,1.14936,0.22497
BCL11A,1.14934,1.84042
ATF3,1.14923,0.74563
USF1,1.1492,-0.13268
ELF1,1.14854,-0.0385
NKX2-5,1.1482,1.55041
FOSL1,1.14784,0.12968
CREB1,1.14719,-0.1189
CREB1,1.14684,-0.1189
E2F4,1.14597,0.14148
JUND,1.14551,-0.03685
MAX,1.14551,0.13856
SOX2,1.14524,1.37658
CREB3,1.14496,-0.24841
CEBPB,1.14484,0.1585
NFKB1,1.14431,-0.02496
CEBPB,1.14411,0.1585
PROX1,1.14391,1.25768
HEY1,1.1434,1.16638
HOXD13,1.14299,1.61407
ELF1,1.14245,-0.0385
MAFK,1.1414,-0.18717
ATF3,1.14096,0.74563
SOX2,1.13947,1.37658
USF2,1.1388,-0.17263
TFE3,1.13857,-0.02572
FOSL1,1.13808,0.12968
POU2F2,1.13802,-0.79029
JDP2,1.13769,0.49816
MTF1,1.13673,0.11672
TFE3,1.13653,-0.02572
PKNOX1,1.13601,-0.01682
MYC,1.13586,0.22497
E2F2,1.13575,0.546
MAX,1.13558,0.13856
MNT,1.13535,0.05603
FOXM1,1.13462,-0.09234
LHX9,1.13434,-1.03088
CREB1,1.13425,-0.1189
MYC,1.13421,0.22497
JUND,1.13383,-0.03685
JDP2,1.1336,0.49816
HOXA1,1.13352,0.09858
RFX3,1.13271,0.21238
CLOCK,1.13214,0.06464
CREB3,1.13182,-0.24841
IRF8,1.13173,0.31482
IRF4,1.13161,-0.17271
CEBPA,1.13142,1.86054
MITF,1.12939,0.30426
HDAC2,1.12929,0.15118
ATF3,1.12843,0.74563
CREB1,1.12751,-0.1189
ATF3,1.12695,0.74563
NFKB2,1.12659,0.51364
CEBPD,1.12658,0.31811
JUND,1.12656,-0.03685
JDP2,1.12636,0.49816
USF2,1.12561,-0.17263
BHLHE40,1.12559,0.12349
CEBPD,1.12508,0.31811
E2F4,1.12443,0.14148
MAFK,1.12407,-0.18717
CREB3L2,1.12393,0.15749
RUNX1,1.12356,-0.06798
ATF2,1.12342,0.19734
IRF2,1.12306,-0.18248
MAFB,1.12284,0.64383
CEBPB,1.12266,0.1585
TFAP2C,1.12204,0.6037
ATF5,1.12197,-0.34711
NFKB1,1.12158,-0.02496
MAFB,1.12109,0.64383
VAX2,1.12039,-0.14018
FOS,1.12007,0.11477
THRA,1.12,-0.23344
FOSL2,1.11949,0.07854
JUND,1.11923,-0.03685
ATF7,1.11905,0.14396
IRF7,1.11904,-0.16734
NFATC2,1.11899,0.12494
TCF7,1.11899,0.17771
HSF2,1.1187,0.0708
TFE3,1.11854,-0.02572
CREB1,1.11843,-0.1189
CREB3L1,1.11801,-0.29251
YY1,1.11755,0.14859
POU2F2,1.11714,-0.79029
BHLHE41,1.11676,-0.53218
JUNB,1.11629,0.12824
GLI2,1.11624,0.00519
IRF4,1.11605,-0.17271
JUN,1.11598,0.26082
TFEB,1.11584,-0.41856
ZNF143,1.11578,-0.08045
NR3C1,1.11537,-0.11267
BHLHE40,1.11471,0.12349
REST,1.11444,0.20711
TEAD1,1.11441,0.23157
TBP,1.11437,0.01746
XBP1,1.11322,0.09852
VAX1,1.11285,1.0607
ATF3,1.11277,0.74563
MSX2,1.1127,1.37658
POU2F2,1.11269,-0.79029
CEBPB,1.11264,0.1585
POU2F2,1.1126,-0.79029
GABPA,1.11259,-0.14939
NFIL3,1.11257,0.04188
MAFG,1.11228,-0.03675
ATF1,1.11224,-0.08557
FOS,1.11147,0.11477
ARNT,1.11123,0.03492
MAFK,1.111,-0.18717
E2F2,1.11082,0.546
NFKB1,1.11072,-0.02496
JUN,1.11057,0.26082
TFE3,1.11,-0.02572
MAX,1.10906,0.13856
CREB3L1,1.10888,-0.29251
HLF,1.10815,1.20049
YY2,1.10782,-0.33904
BHLHE41,1.10775,-0.53218
LHX9,1.10749,-1.03088
MLX,1.10731,0.04225
ELK3,1.10689,-0.31483
BACH2,1.10681,1.29373
SOX9,1.10646,0.21723
ATF3,1.10637,0.74563
MAX,1.10585,0.13856
CREB3L1,1.10556,-0.29251
IRF9,1.10414,0.07959
JDP2,1.10393,0.49816
MAFG,1.10336,-0.03675
CREB3,1.10282,-0.24841
TFDP1,1.1024,-0.02352
CENPB,1.102,-0.10852
FOSL1,1.10188,0.12968
FOS,1.10142,0.11477
MYC,1.10104,0.22497
POU5F1,1.10101,-0.17881
JUN,1.1005,0.26082
RUNX2,1.10035,-0.44748
DBP,1.09916,-0.07406
ATF7,1.09903,0.14396
LARP4,1.0989,0.199
NR2C2,1.09829,0.21475
STAT1,1.09802,-0.01743
CREB3,1.09634,-0.24841
SIX5,1.09592,-0.04506
PITX1,1.09576,2.66087
FOSL2,1.09476,0.07854
TFE3,1.09464,-0.02572
RAD21,1.09389,0.33699
FOS,1.09333,0.11477
RARA,1.09187,-0.25519
CEBPB,1.09148,0.1585
SIN3A,1.09094,0.04933
IRF1,1.09061,0.07358
ELK3,1.09044,-0.31483
CREB3L1,1.09015,-0.29251
E2F1,1.08992,-0.14567
ATF3,1.08982,0.74563
MNT,1.08964,0.05603
E2F4,1.08856,0.14148
IRF1,1.08851,0.07358
JUN,1.08845,0.26082
FOSL2,1.08826,0.07854
JUND,1.08791,-0.03685
RUNX2,1.08679,-0.44748
GATA2,1.08638,-0.05162
RUNX1,1.08626,-0.06798
CEBPB,1.08607,0.1585
STAT3,1.08563,-0.16234
FLI1,1.08561,-2.13898
FOXJ3,1.08516,0.24609
MYC,1.08512,0.22497
CREB1,1.08508,-0.1189
FOS,1.08496,0.11477
CEBPB,1.08425,0.1585
FOSL1,1.08422,0.12968
CEBPA,1.08416,1.86054
SOX1,1.08408,1.77815
STAT3,1.08407,-0.16234
SOX9,1.08392,0.21723
MTF1,1.08374,0.11672
TFEB,1.08368,-0.41856
IRF7,1.08235,-0.16734
TIMM44,1.08232,0.20905
CREB1,1.08183,-0.1189
E2F1,1.08081,-0.14567
HLF,1.08079,1.20049
MYC,1.08066,0.22497
STAT3,1.08036,-0.16234
CEBPB,1.08002,0.1585
NFKB1,1.07955,-0.02496
MITF,1.07722,0.30426
MGA,1.07643,0.06935
TIMM44,1.07574,0.20905
JUN,1.07471,0.26082
ATF3,1.07467,0.74563
ARNT,1.07363,0.03492
MYC,1.0726,0.22497
ATF3,1.07248,0.74563
CUX1,1.07221,-0.02564
CREB1,1.07167,-0.1189
E2F4,1.0715,0.14148
NFKB1,1.07058,-0.02496
BCL11A,1.07009,1.84042
E2F3,1.06926,0.35972
EMX2,1.06886,1.14301
USF2,1.06868,-0.17263
E2F4,1.06865,0.14148
STAT2,1.068,0.19114
MGA,1.06797,0.06935
TGIF1,1.0679,0.24022
FOS,1.06788,0.11477
ATF3,1.06756,0.74563
HIC1,1.0672,-0.93177
SIRT6,1.06701,-0.01814
DBP,1.0669,-0.07406
MNT,1.0669,0.05603
E2F8,1.06686,0.20928
TEAD1,1.06661,0.23157
MAF,1.06631,1.50435
ATF3,1.06622,0.74563
TFEB,1.06572,-0.41856
MAFK,1.06569,-0.18717
MDM2,1.06436,0.03939
ELF1,1.06384,-0.0385
NR2F6,1.06363,-0.07863
JUND,1.06358,-0.03685
YY1,1.06357,0.14859
CREB3L1,1.06337,-0.29251
MAFF,1.06294,0.15237
ETS1,1.06279,0.2381
MEF2C,1.06246,0.40985
E4F1,1.06186,0.19447
ELK1,1.06162,-0.14318
STAT3,1.06109,-0.16234
JUN,1.06061,0.26082
HINFP,1.06018,0.09309
HOXA1,1.0601,0.09858
CREB1,1.05985,-0.1189
HESX1,1.05917,0.17438
MYC,1.05915,0.22497
ELK4,1.05885,0.1604
ZBTB3,1.05868,0.39844
E2F3,1.05853,0.35972
NR2C2,1.05844,0.21475
ISL2,1.05839,1.25248
MLXIPL,1.05822,1.28556
ATF2,1.05677,0.19734
IRF9,1.05605,0.07959
MYC,1.05585,0.22497
HSF1,1.05539,0.46176
MAFF,1.05525,0.15237
CEBPB,1.05525,0.1585
CEBPD,1.05465,0.31811
BHLHE40,1.05424,0.12349
MTF1,1.05268,0.11672
CREB5,1.05261,0.13627
ATF3,1.05205,0.74563
CREB5,1.05181,0.13627
TEAD1,1.05131,0.23157
IRF5,1.05129,0.56234
NR2C2,1.05083,0.21475
CEBPB,1.05052,0.1585
NFIL3,1.05024,0.04188
ETV4,1.05017,0.15297
MAFF,1.04922,0.15237
NR2F1,1.04918,-0.40683
XBP1,1.0491,0.09852
ESRRA,1.0486,0.36686
FOXK2,1.04841,0.1105
NFE2,1.04813,0.59563
JUND,1.04754,-0.03685
ATF7,1.0474,0.14396
PDX1,1.04717,1.13033
MLX,1.04717,0.04225
BHLHE40,1.04694,0.12349
CREB3,1.04648,-0.24841
CREB3,1.04618,-0.24841
JDP2,1.04551,0.49816
MEIS2,1.04542,-0.06534
TEAD2,1.04469,-0.33669
RARA,1.04439,-0.25519
TCF7,1.04396,0.17771
JUN,1.04333,0.26082
CEBPA,1.04287,1.86054
HLF,1.04277,1.20049
FOS,1.04237,0.11477
MAFF,1.0422,0.15237
JUNB,1.04216,0.12824
NFIL3,1.04195,0.04188
CREB1,1.04127,-0.1189
RUNX1,1.0411,-0.06798
DDIT3,1.04051,0.31605
NR2F1,1.0405,-0.40683
BRCA1,1.04014,-0.27515
CREB3L2,1.03986,0.15749
MAFK,1.0397,-0.18717
THAP1,1.03962,0.30516
FOSL1,1.03945,0.12968
RAB14,1.03903,0.01434
ELK1,1.03825,-0.14318
FOSL2,1.03816,0.07854
STAT3,1.03755,-0.16234
ZNF143,1.03675,-0.08045
JDP2,1.03624,0.49816
DBP,1.03577,-0.07406
NFKB1,1.0357,-0.02496
JUND,1.03538,-0.03685
CEBPB,1.03498,0.1585
MLX,1.03367,0.04225
CREB1,1.03295,-0.1189
E2F1,1.0329,-0.14567
AHR,1.0329,-0.31593
FOS,1.03271,0.11477
PPARA,1.03262,0.48827
MYC,1.03259,0.22497
SRF,1.03251,-0.18877
ATF3,1.03215,0.74563
RXRB,1.03201,0.14875
ATF2,1.03192,0.19734
TBX1,1.03184,1.76691
POU2F2,1.03098,-0.79029
NFKB1,1.0295,-0.02496
CEBPG,1.02936,0.22789
EN1,1.02878,1.50651
E4F1,1.02861,0.19447
BHLHE40,1.0284,0.12349
ATF3,1.02822,0.74563
GRHL1,1.02799,0.60779
ATF7,1.02719,0.14396
XBP1,1.02714,0.09852
MAFG,1.02695,-0.03675
JUND,1.02684,-0.03685
MYC,1.02664,0.22497
ARID5B,1.02633,-0.5962
E2F3,1.02572,0.35972
USF2,1.02551,-0.17263
EN1,1.02543,1.50651
MSX1,1.02515,0.83405
CREB3L1,1.02498,-0.29251
JDP2,1.02472,0.49816
E2F1,1.02438,-0.14567
E2F1,1.02417,-0.14567
RUNX3,1.02382,1.32536
ATF3,1.02362,0.74563
TFEB,1.02331,-0.41856
MDM2,1.0226,0.03939
NFKB2,1.02236,0.51364
ATF2,1.02162,0.19734
CEBPD,1.02156,0.31811
TGIF2,1.02115,0.13496
ATF3,1.02095,0.74563
TWIST1,1.02069,-0.19509
NFIC,1.02032,-0.21458
NFKB1,1.02022,-0.02496
RXRA,1.01975,0.30198
CUX1,1.01972,-0.02564
MAFF,1.01971,0.15237
XBP1,1.01875,0.09852
YY2,1.01864,-0.33904
HLF,1.01814,1.20049
E2F2,1.01781,0.546
FOSL2,1.01776,0.07854
FOSL1,1.01768,0.12968
EDN1,1.0175,0.20186
JUNB,1.01732,0.12824
TSC22D4,1.01665,-0.33311
ZNF143,1.01619,-0.08045
FOS,1.01556,0.11477
TFEB,1.01541,-0.41856
HLF,1.01515,1.20049
NFE2,1.01509,0.59563
CREM,1.0149,-0.0345
ATF3,1.01471,0.74563
RARG,1.01426,-0.50335
POU2F1,1.01408,0.47712
MLX,1.01389,0.04225
JUN,1.01316,0.26082
YY1,1.01238,0.14859
JDP2,1.01234,0.49816
TBX2,1.01221,0.74219
HOXC8,1.0122,0.02345
HEY1,1.012,1.16638
ATF3,1.01181,0.74563
HEY2,1.01144,1.09575
JUNB,1.01135,0.12824
E2F3,1.01119,0.35972
SOX2,1.01099,1.37658
RXRA,1.01083,0.30198
FOS,1.01075,0.11477
SOX1,1.01037,1.77815
E4F1,1.01035,0.19447
ZBTB3,1.01011,0.39844
TEF,1.00981,-0.46806
MAFK,1.00976,-0.18717
E4F1,1.0093,0.19447
FLI1,1.00866,-2.13898
JDP2,1.0081,0.49816
JUN,1.00805,0.26082
JDP2,1.008,0.49816
JUN,1.00694,0.26082
JDP2,1.00694,0.49816
HOXC9,1.0052,-0.05244
ARNT,1.00518,0.03492
JDP2,1.00492,0.49816
BHLHE40,1.0046,0.12349
NRF1,1.00456,-0.06707
RUNX3,1.00413,1.32536
TBX1,1.00412,1.76691
MAFF,1.00384,0.15237
ATF7,1.0032,0.14396
JDP2,1.00256,0.49816
CLOCK,1.002,0.06464
SETDB1,1.00107,0.0425
JDP2,1.00037,0.49816
TEAD1,1.00022,0.23157
CTCF,0.99983,0.1109
USF2,0.99903,-0.17263
ATF3,0.99874,0.74563
HOXC6,0.99871,-0.04045
CREB1,0.99864,-0.1189
SETDB1,0.99804,0.0425
NR3C1,0.99803,-0.11267
MAFG,0.99771,-0.03675
ATF4,0.99741,0.11374
STAT1,0.99698,-0.01743
XBP1,0.99687,0.09852
SREBF1,0.99657,-0.15578
ATF3,0.99656,0.74563
ATF3,0.99608,0.74563
SOX15,0.9956,-0.29176
BARHL2,0.99548,1.83251
YY1,0.99541,0.14859
CEBPA,0.99519,1.86054
ERG,0.99515,1.54862
ZNF784,0.99489,-0.1146
MYC,0.99457,0.22497
JUN,0.99455,0.26082
RXRA,0.99454,0.30198
NFIL3,0.99393,0.04188
RORA,0.99337,1.26779
ELK4,0.99335,0.1604
ETS1,0.99325,0.2381
RORA,0.99307,1.26779
ELF4,0.99283,-0.23961
HLF,0.99282,1.20049
CEBPZ,0.99249,0.03188
CREB3,0.99218,-0.24841
ATF3,0.99172,0.74563
LEF1,0.99158,0.99309
FOSL2,0.99148,0.07854
DBP,0.99116,-0.07406
ATF3,0.99104,0.74563
HEY2,0.99033,1.09575
ATF3,0.98993,0.74563
HEY1,0.98987,1.16638
FOSL2,0.98958,0.07854
ATF3,0.98933,0.74563
JUNB,0.98933,0.12824
CEBPD,0.98924,0.31811
MAFK,0.98921,-0.18717
CEBPB,0.98881,0.1585
HLF,0.9886,1.20049
HEY2,0.9881,1.09575
GATA2,0.98764,-0.05162
C19orf25,0.98676,0.07305
JUN,0.98652,0.26082
BACH1,0.98645,-0.08588
TCF3,0.98576,-0.11833
USF1,0.98466,-0.13268
E2F1,0.98465,-0.14567
JDP2,0.98425,0.49816
ATF3,0.9842,0.74563
JDP2,0.98393,0.49816
TEAD4,0.98392,0.33182
MTF1,0.98376,0.11672
RFX5,0.9836,0.24121
HMGN3,0.98356,0.37831
CREB1,0.98314,-0.1189
ELK1,0.98296,-0.14318
FOS,0.9829,0.11477
CLOCK,0.98271,0.06464
ATF3,0.98247,0.74563
SOX15,0.98237,-0.29176
CEBPD,0.9821,0.31811
THRB,0.98209,0.86606
ATF3,0.98209,0.74563
ATF3,0.98199,0.74563
ATF1,0.98199,-0.08557
ATF3,0.98173,0.74563
RARA,0.98161,-0.25519
FOXO3,0.98055,-0.09404
CEBPB,0.98055,0.1585
NR3C1,0.98049,-0.11267
ALX4,0.98025,1.37058
MYC,0.98021,0.22497
JUNB,0.98004,0.12824
NFKB1,0.97974,-0.02496
ZBTB3,0.9796,0.39844
ELK1,0.97939,-0.14318
E2F4,0.97936,0.14148
CREB3L1,0.97928,-0.29251
VAX2,0.97878,-0.14018
RARG,0.97874,-0.50335
PBX2,0.9787,0.47253
MXI1,0.97854,0.36623
BCL11A,0.97844,1.84042
HOXB8,0.97802,0.34207
RFX2,0.97758,0.09243
ZBTB3,0.97751,0.39844
EP300,0.9775,0.07356
ESRRB,0.97725,1.09807
FOXL1,0.97711,-0.97272
FOSL1,0.97685,0.12968
USF1,0.97684,-0.13268
CREM,0.97681,-0.0345
ATF7,0.9767,0.14396
XBP1,0.97652,0.09852
JDP2,0.97636,0.49816
CREB3L1,0.97631,-0.29251
STAT1,0.97627,-0.01743
NR3C1,0.97563,-0.11267
FOSL2,0.97532,0.07854
FOS,0.97509,0.11477
FOXC1,0.97487,0.69824
MNX1,0.97429,2.02938
ATF3,0.97387,0.74563
ATF3,0.97351,0.74563
FOXA3,0.9733,1.07463
DBP,0.97322,-0.07406
FOXB1,0.9727,1.39094
XBP1,0.97268,0.09852
USF1,0.97229,-0.13268
JUN,0.97209,0.26082
MAFK,0.97194,-0.18717
BACH2,0.9718,1.29373
REL,0.97154,0.12775
USF1,0.97141,-0.13268
FOSL2,0.97083,0.07854
SEMA4A,0.9704,0.2132
STAT2,0.96964,0.19114
BRCA1,0.96952,-0.27515
E2F1,0.96936,-0.14567
BHLHE41,0.96925,-0.53218
RFX5,0.96901,0.24121
ATF2,0.96875,0.19734
ZNF143,0.96847,-0.08045
CEBPD,0.96837,0.31811
ETS1,0.96817,0.2381
NR3C1,0.96784,-0.11267
ATF3,0.96768,0.74563
FOS,0.96721,0.11477
USF2,0.96721,-0.17263
ATF3,0.96706,0.74563
IRF8,0.96642,0.31482
JUN,0.96593,0.26082
BHLHE40,0.96569,0.12349
ESRRA,0.96535,0.36686
JUN,0.96518,0.26082
NR2F6,0.96515,-0.07863
ELK1,0.96509,-0.14318
NR2F6,0.96492,-0.07863
TFCP2,0.96437,-0.18064
PAX8,0.96397,1.96565
NFIL3,0.96355,0.04188
ATF3,0.96307,0.74563
NFKB1,0.96281,-0.02496
E2F1,0.96276,-0.14567
STAT1,0.96258,-0.01743
HLF,0.96129,1.20049
CLOCK,0.96123,0.06464
IRF4,0.96111,-0.17271
HOXA9,0.9611,0.67702
HOXC13,0.9611,0.9857
JUN,0.96062,0.26082
TCF7,0.96038,0.17771
MLX,0.96026,0.04225
CLOCK,0.96023,0.06464
POU5F1,0.95996,-0.17881
RORA,0.95967,1.26779
NFKB1,0.95947,-0.02496
MTF1,0.95911,0.11672
ARNT,0.95904,0.03492
CREB1,0.95901,-0.1189
FOXD1,0.95877,0.21153
SMC3,0.95864,0.09897
RXRA,0.95855,0.30198
BHLHE40,0.958,0.12349
REL,0.95795,0.12775
CREB3,0.95745,-0.24841
MAFB,0.95738,0.64383
CTCF,0.95733,0.1109
E2F1,0.95724,-0.14567
IRF8,0.95718,0.31482
CREB3L1,0.95715,-0.29251
HSF2,0.95708,0.0708
NR4A1,0.95676,0.49659
XBP1,0.95653,0.09852
JDP2,0.95632,0.49816
FOSL1,0.95608,0.12968
MEIS1,0.95605,-0.46847
TEAD4,0.95593,0.33182
JUND,0.95578,-0.03685
CREB3L1,0.9554,-0.29251
NFKB2,0.95535,0.51364
ELK4,0.95524,0.1604
HOXD11,0.95509,0.14834
ETS1,0.95495,0.2381
CTCF,0.9549,0.1109
USF1,0.9547,-0.13268
FOS,0.95443,0.11477
JUND,0.95381,-0.03685
TEF,0.95373,-0.46806
SOX8,0.95366,0.98528
ATF2,0.95307,0.19734
ZNF652,0.95299,0.37539
CTCF,0.95221,0.1109
CEBPA,0.95199,1.86054
ZNF143,0.95175,-0.08045
EGR1,0.95168,0.22639
DLX6,0.95131,1.50012
BACH2,0.95121,1.29373
JUND,0.95118,-0.03685
ARNT,0.95086,0.03492
FOS,0.95083,0.11477
ATF3,0.95083,0.74563
CTCF,0.95011,0.1109
TFAP2C,0.95,0.6037
FOS,0.94995,0.11477
FOS,0.94976,0.11477
USF2,0.94973,-0.17263
ATF3,0.94952,0.74563
E2F1,0.94917,-0.14567
JDP2,0.94911,0.49816
RARA,0.94854,-0.25519
JUN,0.94728,0.26082
ELK4,0.947,0.1604
ELK1,0.94696,-0.14318
MAFB,0.94669,0.64383
TP53,0.94653,-0.06103
BCL6,0.94648,-0.46691
NFKB1,0.94643,-0.02496
RORA,0.94633,1.26779
GMEB1,0.9463,-0.0629
CREB3L1,0.94627,-0.29251
CLOCK,0.9462,0.06464
CREB1,0.94542,-0.1189
DBP,0.94526,-0.07406
HSF1,0.94479,0.46176
FOXP2,0.94472,0.88336
ELK1,0.94423,-0.14318
IRF4,0.94383,-0.17271
ELK1,0.94338,-0.14318
TEAD1,0.94335,0.23157
HOXC10,0.94312,0.94574
MAFF,0.9428,0.15237
POU4F1,0.94277,1.85377
E2F1,0.94275,-0.14567
ZBTB3,0.94258,0.39844
IRF4,0.94258,-0.17271
XBP1,0.94253,0.09852
ETS1,0.94117,0.2381
MYC,0.94101,0.22497
FOSL2,0.94098,0.07854
JUN,0.94,0.26082
FOS,0.93908,0.11477
CEBPB,0.93887,0.1585
SOX4,0.93886,-0.13172
CREB1,0.93861,-0.1189
USF1,0.93843,-0.13268
SIX5,0.93796,-0.04506
HLF,0.93752,1.20049
SNRPB2,0.93733,-0.25645
MAFF,0.93707,0.15237
ZNF628,0.93698,-0.14656
RXRA,0.93647,0.30198
POU2F2,0.9361,-0.79029
FOS,0.93588,0.11477
BACH2,0.93587,1.29373
HCFC1,0.93581,0.32821
OTUD4,0.93526,0.10643
JUND,0.93507,-0.03685
CHD2,0.93503,0.16413
ATF2,0.93501,0.19734
NR3C1,0.93487,-0.11267
NFIL3,0.93479,0.04188
MAFF,0.93478,0.15237
ELK1,0.93463,-0.14318
ATF3,0.93461,0.74563
CREB1,0.93342,-0.1189
TFEB,0.93341,-0.41856
NRL,0.93341,0.13212
JUND,0.9332,-0.03685
HLF,0.93269,1.20049
ERG,0.93259,1.54862
GABPA,0.93206,-0.14939
TFEB,0.93203,-0.41856
CEBPD,0.93182,0.31811
ZSCAN9,0.93125,0.1865
SOX9,0.93122,0.21723
IRF1,0.93028,0.07358
ARNT,0.93027,0.03492
CLOCK,0.93004,0.06464
FOSL1,0.92976,0.12968
BHLHE41,0.929,-0.53218
STAT2,0.92879,0.19114
ELK1,0.92862,-0.14318
HOXC10,0.92841,0.94574
MTF1,0.9282,0.11672
YY2,0.92801,-0.33904
BCL6,0.92794,-0.46691
THRB,0.92782,0.86606
ELK1,0.92742,-0.14318
CREB1,0.9269,-0.1189
FOSL2,0.92677,0.07854
MLX,0.92667,0.04225
JUND,0.92589,-0.03685
CEBPG,0.92473,0.22789
MAFG,0.92471,-0.03675
ATF3,0.9246,0.74563
TCF7,0.92431,0.17771
ELK1,0.92404,-0.14318
E2F5,0.92366,0.52151
JDP2,0.92214,0.49816
HOXC11,0.92214,0.58072
JDP2,0.92205,0.49816
HLF,0.92184,1.20049
DDIT3,0.92112,0.31605
FOS,0.92083,0.11477
GFI1,0.92073,0.95373
BHLHE40,0.92049,0.12349
IRF2,0.92034,-0.18248
ELF1,0.92028,-0.0385
MLX,0.92027,0.04225
EP300,0.92015,0.07356
JDP2,0.92015,0.49816
RUNX3,0.92012,1.32536
TBX1,0.91999,1.76691
MYBL1,0.91972,0.21759
MYC,0.91951,0.22497
NFKB2,0.91934,0.51364
BACH2,0.91926,1.29373
IRF9,0.919,0.07959
ELK4,0.91897,0.1604
FOSL2,0.91859,0.07854
POU3F2,0.91824,1.7839
FOS,0.91777,0.11477
RFX5,0.91759,0.24121
ETS1,0.91758,0.2381
TP53,0.91758,-0.06103
NRL,0.91757,0.13212
HSF1,0.9172,0.46176
JDP2,0.91687,0.49816
FOSL1,0.91669,0.12968
ATF7,0.91656,0.14396
CREB1,0.91617,-0.1189
NRL,0.91588,0.13212
CUX1,0.91586,-0.02564
HOXD10,0.91558,0.20355
MAFK,0.91526,-0.18717
NKX3-1,0.91503,-0.17361
ATF3,0.91481,0.74563
ZIC3,0.91478,1.58206
HMGA2,0.9146,-0.18061
ATF3,0.91454,0.74563
TFAP2A,0.9144,-0.00481
FOXP3,0.91421,0.80403
EN1,0.91368,1.50651
SOX8,0.91342,0.98528
ZNF143,0.91336,-0.08045
MNT,0.91274,0.05603
ATF4,0.91255,0.11374
RFX3,0.9122,0.21238
HLF,0.91197,1.20049
ELK1,0.91117,-0.14318
XBP1,0.91023,0.09852
CREB3,0.90994,-0.24841
NFKB2,0.90981,0.51364
ATF3,0.90977,0.74563
NR4A2,0.90964,0.11007
ATF3,0.90963,0.74563
XBP1,0.90963,0.09852
SREBF1,0.90944,-0.15578
CTCF,0.90914,0.1109
ATF3,0.90911,0.74563
CUX1,0.90888,-0.02564
FOS,0.90844,0.11477
ATF3,0.90843,0.74563
MAFF,0.90842,0.15237
CEBPA,0.90828,1.86054
MEIS2,0.9082,-0.06534
GATA6,0.90811,-0.4102
JUN,0.90775,0.26082
CREB3L1,0.90757,-0.29251
TWIST1,0.90752,-0.19509
DBP,0.90751,-0.07406
ATF7,0.90725,0.14396
HOXC11,0.90697,0.58072
ELF1,0.90691,-0.0385
ELK1,0.90666,-0.14318
CREB3L1,0.90666,-0.29251
MYC,0.90664,0.22497
HEY2,0.90603,1.09575
ESRRA,0.90582,0.36686
ATF7,0.90574,0.14396
ATF4,0.90564,0.11374
ZNF410,0.90519,-0.14934
NRL,0.9046,0.13212
TEAD3,0.90415,-0.10294
MTF1,0.90377,0.11672
CREB3L1,0.90365,-0.29251
TBX2,0.90351,0.74219
CREB1,0.90303,-0.1189
E2F4,0.90285,0.14148
HOXA5,0.90282,0.04334
RORA,0.90255,1.26779
CREB5,0.90206,0.13627
HLF,0.90202,1.20049
JDP2,0.90196,0.49816
MGA,0.90158,0.06935
ATF6,0.90151,-0.21495
MYC,0.9007,0.22497
JUNB,0.90059,0.12824
JDP2,0.89968,0.49816
NR4A1,0.89965,0.49659
EGR1,0.89949,0.22639
XBP1,0.89944,0.09852
ELK1,0.8993,-0.14318
NFE2,0.89924,0.59563
JUNB,0.89905,0.12824
CEBPA,0.899,1.86054
ARNT,0.89845,0.03492
TCF3,0.89836,-0.11833
SREBF2,0.89782,0.00057
JDP2,0.8978,0.49816
RUNX2,0.8972,-0.44748
TBP,0.89684,0.01746
NR6A1,0.89659,0.87404
NFKB1,0.89603,-0.02496
EGR1,0.89561,0.22639
JDP2,0.89532,0.49816
CREB1,0.89521,-0.1189
IRF1,0.895,0.07358
BRCA1,0.89494,-0.27515
YY1,0.8949,0.14859
HOXD9,0.89475,-0.24896
MEF2C,0.89452,0.40985
VAX2,0.89424,-0.14018
PKNOX1,0.89423,-0.01682
HOXB7,0.89397,0.26541
XBP1,0.89396,0.09852
ESRRA,0.89345,0.36686
CEBPG,0.89333,0.22789
YY1,0.89319,0.14859
JUN,0.89276,0.26082
JDP2,0.89271,0.49816
GABPA,0.89268,-0.14939
MAFG,0.89262,-0.03675
NFE2L2,0.89261,0.01426
ETV4,0.89257,0.15297
RBM22,0.8923,0.32598
REST,0.89228,0.20711
FOSL1,0.89214,0.12968
HOXC11,0.89201,0.58072
NFKB2,0.89191,0.51364
NR2F6,0.89122,-0.07863
MYC,0.89107,0.22497
CREB1,0.89104,-0.1189
FOXB1,0.89088,1.39094
LHX9,0.89074,-1.03088
ATF3,0.89039,0.74563
RFX3,0.89024,0.21238
NR3C1,0.89017,-0.11267
CREM,0.88993,-0.0345
CREB3,0.88982,-0.24841
ZNF143,0.88969,-0.08045
MLX,0.88893,0.04225
MYC,0.88884,0.22497
JUN,0.88831,0.26082
CEBPD,0.88826,0.31811
TEAD1,0.88811,0.23157
IRF8,0.88796,0.31482
MITF,0.88784,0.30426
GABPA,0.88723,-0.14939
PICK1,0.88696,0.23349
JDP2,0.88663,0.49816
NFKB1,0.88609,-0.02496
CREB3,0.88595,-0.24841
NFKB2,0.88588,0.51364
FOXA1,0.88575,0.59218
CREM,0.8857,-0.0345
FOSL2,0.88551,0.07854
CREB5,0.88537,0.13627
ATF3,0.88525,0.74563
ATF4,0.88521,0.11374
BHLHA15,0.88516,1.12494
FOSL1,0.88495,0.12968
TEAD1,0.88466,0.23157
NFE2,0.88392,0.59563
ZIC2,0.88346,2.51825
MAX,0.88337,0.13856
RUNX1,0.88323,-0.06798
FOXO4,0.88313,0.05375
CREM,0.88309,-0.0345
TBX1,0.88276,1.76691
CEBPB,0.88247,0.1585
YY1,0.88232,0.14859
ATF2,0.88213,0.19734
FOSB,0.88201,0.22429
ESRRG,0.88174,1.19866
CEBPB,0.88034,0.1585
FLI1,0.88034,-2.13898
HEY1,0.88027,1.16638
PAX8,0.87936,1.96565
ELK4,0.87931,0.1604
CEBPG,0.87885,0.22789
ZNF143,0.87753,-0.08045
POU2F2,0.87749,-0.79029
RFX5,0.87728,0.24121
JDP2,0.87723,0.49816
SOX9,0.8772,0.21723
NR2F1,0.87704,-0.40683
ATF3,0.87698,0.74563
FOXP3,0.87673,0.80403
MAX,0.87643,0.13856
MTHFD1,0.87614,0.3286
TCF7,0.87613,0.17771
CREB1,0.87561,-0.1189
USF2,0.87561,-0.17263
YWHAE,0.8753,0.00704
RARA,0.87499,-0.25519
NFIL3,0.87468,0.04188
FLI1,0.87443,-2.13898
TBX20,0.8743,1.45484
NFKB1,0.87425,-0.02496
ARNT,0.87425,0.03492
ELF1,0.87405,-0.0385
ZBED1,0.87357,-0.20248
CTCF,0.87344,0.1109
MYB,0.87311,-0.11523
USF2,0.87308,-0.17263
JDP2,0.87264,0.49816
SOX8,0.87264,0.98528
BACH2,0.87223,1.29373
HOXB3,0.87156,-0.40051
IRF8,0.87155,0.31482
HLF,0.87154,1.20049
CREB3L1,0.87151,-0.29251
POU2F2,0.87139,-0.79029
ATF7,0.87114,0.14396
ZNF3,0.87111,0.04979
FOSL2,0.87108,0.07854
JUN,0.87042,0.26082
MYBL1,0.87003,0.21759
NFIL3,0.86982,0.04188
FOSL1,0.86899,0.12968
PAX2,0.86872,1.0569
HEY2,0.86867,1.09575
USF1,0.86814,-0.13268
XBP1,0.86808,0.09852
CREB1,0.86777,-0.1189
JUN,0.86752,0.26082
STAT2,0.8674,0.19114
MTF1,0.86736,0.11672
TFAP2A,0.86733,-0.00481
E2F3,0.8673,0.35972
RUNX2,0.86724,-0.44748
HOXA3,0.86716,-0.49974
POU5F1,0.8671,-0.17881
NFIB,0.86705,-0.34392
FOSL1,0.86688,0.12968
FOSL2,0.86666,0.07854
ZNF143,0.86621,-0.08045
MNT,0.86587,0.05603
CREB3,0.86558,-0.24841
CEBPD,0.86546,0.31811
HOXD10,0.86537,0.20355
ELK1,0.86534,-0.14318
CREB3,0.86509,-0.24841
JDP2,0.86409,0.49816
MAFK,0.86405,-0.18717
FOXK1,0.86396,0.61424
POU2F1,0.86392,0.47712
FOSL2,0.86373,0.07854
EP300,0.86351,0.07356
E2F1,0.86341,-0.14567
ZNF143,0.86315,-0.08045
NFIL3,0.86301,0.04188
ZBTB3,0.86294,0.39844
MAFG,0.86285,-0.03675
ELK1,0.86258,-0.14318
ATF3,0.86255,0.74563
SRP9,0.86219,0.0278
JUND,0.86202,-0.03685
NFYC,0.8617,0.04732
POU2F2,0.86162,-0.79029
ATF4,0.86137,0.11374
MEIS2,0.86125,-0.06534
MEIS2,0.86094,-0.06534
CREB3L1,0.86079,-0.29251
NFKB2,0.86078,0.51364
RXRA,0.86027,0.30198
NR2C2,0.86019,0.21475
SOX17,0.85983,-2.18298
SREBF2,0.8598,0.00057
CLOCK,0.85974,0.06464
FOSB,0.85958,0.22429
JUND,0.85946,-0.03685
HOXB2,0.85932,-0.59651
CREB3L1,0.8593,-0.29251
JUNB,0.85857,0.12824
ESRP2,0.85853,1.66449
ONECUT2,0.85847,1.50408
HSF1,0.85842,0.46176
MNT,0.8584,0.05603
RUNX2,0.85835,-0.44748
ZBED1,0.8579,-0.20248
INSM1,0.85789,1.22789
CREB3,0.85754,-0.24841
ATF7,0.85745,0.14396
JUN,0.85706,0.26082
FOS,0.85703,0.11477
ATF4,0.85629,0.11374
SIX4,0.85619,0.71485
MAFF,0.85603,0.15237
ZBED1,0.856,-0.20248
JDP2,0.85464,0.49816
NFKB1,0.85449,-0.02496
CEBPD,0.85448,0.31811
RXRA,0.85395,0.30198
APEX2,0.8538,0.01034
MEIS1,0.85371,-0.46847
AR,0.85347,0.74347
TEF,0.85316,-0.46806
JUND,0.85306,-0.03685
LHX6,0.853,1.97772
MLXIPL,0.85291,1.28556
NFATC1,0.85284,1.17367
HLF,0.85283,1.20049
ATF3,0.85277,0.74563
JUND,0.8526,-0.03685
DBP,0.85235,-0.07406
AGGF1,0.85219,0.05794
CREB3,0.85218,-0.24841
USF2,0.85217,-0.17263
MAX,0.85205,0.13856
RORB,0.85196,1.75358
IRF9,0.85107,0.07959
CEBPB,0.8508,0.1585
ATF2,0.85045,0.19734
ATF3,0.85044,0.74563
CREM,0.85023,-0.0345
TFAP2A,0.85012,-0.00481
VDR,0.84986,0.18204
ERF,0.84885,-0.20753
TEAD1,0.84877,0.23157
SOX4,0.84875,-0.13172
JDP2,0.84835,0.49816
PITX1,0.84824,2.66087
HLF,0.84808,1.20049
ARNT,0.84795,0.03492
TBX1,0.84742,1.76691
IRF8,0.84688,0.31482
HLF,0.84677,1.20049
ATF4,0.84632,0.11374
NFKB1,0.84529,-0.02496
ELK3,0.84527,-0.31483
ZBTB3,0.84488,0.39844
EP300,0.84488,0.07356
BCL6,0.84483,-0.46691
HSF2,0.84473,0.0708
CREB1,0.84461,-0.1189
JDP2,0.84448,0.49816
RUNX3,0.84437,1.32536
HCFC2,0.8438,0.09281
HEY2,0.84343,1.09575
FOS,0.84335,0.11477
CREB3,0.84327,-0.24841
BACH2,0.84299,1.29373
CEBPA,0.84293,1.86054
USF2,0.84254,-0.17263
DLX4,0.84165,1.70529
ATF3,0.84155,0.74563
ATF3,0.84101,0.74563
TBX3,0.84089,-0.64016
PBX3,0.84085,0.40978
CREB3L1,0.84077,-0.29251
MYC,0.83999,0.22497
CREB3,0.83998,-0.24841
CEBPB,0.83975,0.1585
CREB3,0.83954,-0.24841
NR2C2,0.83931,0.21475
TBP,0.83895,0.01746
FOXJ3,0.8387,0.24609
FOXL1,0.83856,-0.97272
MNT,0.83842,0.05603
ERG,0.83815,1.54862
TCF12,0.83781,-0.03309
JUN,0.83754,0.26082
JUN,0.83747,0.26082
ARNT,0.83733,0.03492
ETS1,0.8371,0.2381
ZIC2,0.83687,2.51825
MAGEF1,0.83658,-0.19609
GATA2,0.83655,-0.05162
E2F1,0.83647,-0.14567
JDP2,0.83638,0.49816
FOSL2,0.83598,0.07854
HEY1,0.83593,1.16638
ZBTB3,0.83566,0.39844
ATF3,0.83549,0.74563
HEY2,0.83511,1.09575
ATF3,0.83498,0.74563
HOXA9,0.83475,0.67702
OTUD4,0.83475,0.10643
CEBPB,0.83467,0.1585
TCF12,0.83428,-0.03309
CREB3,0.83426,-0.24841
ELK1,0.8342,-0.14318
RXRB,0.83403,0.14875
GMEB1,0.83398,-0.0629
TLX2,0.83396,1.02462
JUN,0.83353,0.26082
RARA,0.83349,-0.25519
JUN,0.83344,0.26082
FOSL1,0.83339,0.12968
NR3C1,0.83321,-0.11267
CREB3L1,0.83308,-0.29251
TFEB,0.83278,-0.41856
FOS,0.83276,0.11477
EGR1,0.8327,0.22639
E2F4,0.83266,0.14148
SOX8,0.8325,0.98528
XBP1,0.83237,0.09852
PAX8,0.83206,1.96565
CREB3,0.832,-0.24841
CREB1,0.83199,-0.1189
MAFF,0.83192,0.15237
MLXIPL,0.83176,1.28556
CREB3L1,0.83156,-0.29251
ATF3,0.83147,0.74563
LHX2,0.83112,1.74567
HLF,0.8311,1.20049
XBP1,0.83109,0.09852
JUND,0.83097,-0.03685
MAFF,0.8308,0.15237
DBP,0.83056,-0.07406
JUND,0.83033,-0.03685
SRF,0.83019,-0.18877
JUN,0.83009,0.26082
FOXD2,0.83004,0.92604
BAX,0.8294,-0.21986
JUN,0.82913,0.26082
YY2,0.82871,-0.33904
NFE2L2,0.82861,0.01426
NFE2,0.82854,0.59563
USF1,0.8285,-0.13268
HOXD13,0.82813,1.61407
ATF3,0.82789,0.74563
VAX1,0.82769,1.0607
ELF1,0.82726,-0.0385
MLX,0.82712,0.04225
NFIL3,0.82708,0.04188
JUND,0.82702,-0.03685
TBX20,0.82699,1.45484
RARA,0.82688,-0.25519
DBP,0.82623,-0.07406
POU2F2,0.82619,-0.79029
HLF,0.82616,1.20049
JUND,0.82614,-0.03685
CEBPB,0.82607,0.1585
ATF4,0.82584,0.11374
NR4A3,0.82554,0.41497
ZNF143,0.82532,-0.08045
RARA,0.82515,-0.25519
NFKB2,0.82498,0.51364
IRF1,0.82491,0.07358
DBP,0.82478,-0.07406
NR1H2,0.82469,-0.17777
NKX2-1,0.82451,2.41647
MYC,0.82415,0.22497
HLF,0.82404,1.20049
NFE2,0.82393,0.59563
CREB3L1,0.82391,-0.29251
SP2,0.8236,-0.07606
NFE2,0.82359,0.59563
CREB1,0.82297,-0.1189
HEY2,0.82292,1.09575
ATF4,0.82279,0.11374
CEBPB,0.82273,0.1585
SOX7,0.82272,0.94009
RUNX2,0.82244,-0.44748
JDP2,0.82206,0.49816
RARA,0.82199,-0.25519
GBX2,0.82191,1.92073
JDP2,0.82187,0.49816
USF1,0.82162,-0.13268
NFIB,0.82144,-0.34392
CEBPB,0.82115,0.1585
GMEB2,0.82101,0.07687
CREB3,0.82003,-0.24841
RARA,0.81978,-0.25519
RXRA,0.81961,0.30198
CREB1,0.81931,-0.1189
CREB5,0.81917,0.13627
HOXD13,0.81891,1.61407
DDIT3,0.81879,0.31605
NFKB2,0.81875,0.51364
MYC,0.81839,0.22497
HDAC2,0.81803,0.15118
RXRB,0.81781,0.14875
HOXA2,0.81758,-0.49643
MAFK,0.81751,-0.18717
FOXO1,0.81741,0.19161
MAFG,0.81739,-0.03675
NFE2L1,0.81734,-0.03223
MAFG,0.81708,-0.03675
BHLHE40,0.81706,0.12349
HLF,0.81669,1.20049
MAFK,0.81658,-0.18717
NFE2L2,0.81656,0.01426
ATF3,0.81651,0.74563
IRF3,0.81642,-0.1629
RPL6,0.81619,0.06944
IRF2,0.81585,-0.18248
E4F1,0.815,0.19447
NR2F6,0.8146,-0.07863
MLX,0.81421,0.04225
NR2C1,0.8142,0.14754
NR2F1,0.8142,-0.40683
CEBPA,0.81414,1.86054
USF2,0.81411,-0.17263
ATF4,0.81383,0.11374
MAFK,0.81353,-0.18717
JDP2,0.81335,0.49816
NR3C1,0.81326,-0.11267
NKX3-1,0.81313,-0.17361
GMEB2,0.81282,0.07687
ZBTB3,0.81234,0.39844
TEF,0.81227,-0.46806
FOXA1,0.81212,0.59218
JUN,0.81157,0.26082
ZBTB3,0.8113,0.39844
MAFF,0.81118,0.15237
XBP1,0.81114,0.09852
HLF,0.81108,1.20049
ZNF143,0.811,-0.08045
ATF3,0.81089,0.74563
ZNF143,0.8106,-0.08045
RARA,0.81027,-0.25519
ATF3,0.81025,0.74563
CEBPD,0.81017,0.31811
SETDB1,0.80986,0.0425
CEBPA,0.80953,1.86054
NR3C1,0.80932,-0.11267
CREB3L1,0.80926,-0.29251
ATF1,0.80903,-0.08557
EP300,0.80882,0.07356
MYC,0.80872,0.22497
SOX2,0.80863,1.37658
FOS,0.80852,0.11477
CREB1,0.8085,-0.1189
MLX,0.80844,0.04225
NFKB2,0.80816,0.51364
JUN,0.80814,0.26082
BACH2,0.80813,1.29373
NFKB2,0.80773,0.51364
CEBPD,0.80762,0.31811
CREB1,0.8074,-0.1189
TEAD1,0.80725,0.23157
ATF4,0.80719,0.11374
JDP2,0.80708,0.49816
HLF,0.80699,1.20049
CEBPG,0.80696,0.22789
ETV6,0.80659,-0.12382
NFE2,0.80609,0.59563
HEY1,0.80606,1.16638
JUN,0.80598,0.26082
CREB3L1,0.80591,-0.29251
FOS,0.80578,0.11477
HOXB2,0.80521,-0.59651
JUN,0.8052,0.26082
JDP2,0.805,0.49816
JUND,0.8049,-0.03685
CEBPD,0.80461,0.31811
NFE2L2,0.80455,0.01426
YY2,0.80443,-0.33904
THRA,0.80427,-0.23344
MLXIPL,0.80416,1.28556
USF2,0.80389,-0.17263
E2F2,0.80381,0.546
NFIL3,0.80372,0.04188
CEBPB,0.8034,0.1585
YY1,0.80294,0.14859
HSF1,0.8028,0.46176
NR3C1,0.80262,-0.11267
FOSB,0.80232,0.22429
NFIL3,0.80217,0.04188
HIF1A,0.80216,-0.1013
ESRRG,0.80185,1.19866
MYC,0.80178,0.22497
CEBPB,0.80163,0.1585
NFKB2,0.80147,0.51364
CREB3,0.80131,-0.24841
DIABLO,0.80059,-0.00431
JDP2,0.80058,0.49816
E2F8,0.80058,0.20928
CREB3,0.80009,-0.24841
SOX2,0.80008,1.37658
TFE3,0.79971,-0.02572
CEBPB,0.79939,0.1585
ATF7,0.79935,0.14396
MAFF,0.79907,0.15237
POU2F1,0.79905,0.47712
CEBPG,0.79904,0.22789
MAFG,0.79896,-0.03675
RUNX3,0.79889,1.32536
ZNF143,0.79889,-0.08045
CREB3L1,0.79887,-0.29251
GATA3,0.79868,0.63765
IRF5,0.79867,0.56234
FOS,0.79851,0.11477
ATF2,0.79837,0.19734
REST,0.79836,0.20711
FOXP2,0.79808,0.88336
TEF,0.79722,-0.46806
ATF4,0.79713,0.11374
CREB5,0.79713,0.13627
EGR2,0.79711,1.68485
CCDC6,0.79698,0.18592
MLX,0.79684,0.04225
MYC,0.79673,0.22497
MLXIPL,0.79673,1.28556
CEBPB,0.79665,0.1585
E2F1,0.79598,-0.14567
ATF3,0.79597,0.74563
CUX1,0.79573,-0.02564
ATF3,0.79547,0.74563
TBX2,0.79537,0.74219
MLX,0.79527,0.04225
CREB3,0.79524,-0.24841
XBP1,0.7951,0.09852
FOSL2,0.79489,0.07854
JDP2,0.79485,0.49816
HLF,0.79427,1.20049
TFEB,0.79417,-0.41856
CREM,0.79416,-0.0345
POU2F2,0.79398,-0.79029
HSF1,0.79379,0.46176
CREB1,0.79344,-0.1189
RXRB,0.79322,0.14875
RORA,0.79315,1.26779
POU2F2,0.79307,-0.79029
IRX3,0.79234,0.16577
CEBPG,0.79212,0.22789
TBP,0.79179,0.01746
FOSL2,0.79154,0.07854
CREB3,0.79131,-0.24841
TFAP2A,0.79125,-0.00481
TCF7,0.79086,0.17771
BCL6,0.79079,-0.46691
GMEB2,0.79041,0.07687
SREBF2,0.79035,0.00057
JDP2,0.79017,0.49816
FLI1,0.78999,-2.13898
SOX2,0.78989,1.37658
AR,0.78974,0.74347
RXRA,0.78968,0.30198
MAX,0.78963,0.13856
ATF7,0.78952,0.14396
MAFG,0.7895,-0.03675
RARA,0.7895,-0.25519
ELK4,0.78915,0.1604
ATF3,0.78912,0.74563
TRIM28,0.78889,-0.01728
ARNT,0.78886,0.03492
ZNF143,0.78881,-0.08045
NFIX,0.78864,-0.37506
TCF7,0.78839,0.17771
IRF8,0.78838,0.31482
MITF,0.78837,0.30426
CREB1,0.78804,-0.1189
SMAD3,0.78793,-0.38086
ELF1,0.78784,-0.0385
JUND,0.78773,-0.03685
PLAGL1,0.78768,0.61926
E2F5,0.78761,0.52151
HOXC10,0.78716,0.94574
BCL11A,0.78711,1.84042
MNT,0.78707,0.05603
ATF3,0.78674,0.74563
NFE2,0.78663,0.59563
MAFG,0.7865,-0.03675
HEY1,0.78626,1.16638
FOXG1,0.78623,1.5762
CREB1,0.7861,-0.1189
XBP1,0.78608,0.09852
JDP2,0.78606,0.49816
CD59,0.78599,-0.47754
NR2F1,0.78504,-0.40683
EN2,0.78499,1.5098
CREB3,0.78473,-0.24841
MEOX1,0.78443,0.5983
ARNT,0.78435,0.03492
CREB5,0.78376,0.13627
MEOX1,0.78353,0.5983
HOXA9,0.7835,0.67702
ESX1,0.78346,1.18752
XBP1,0.78343,0.09852
JUNB,0.78287,0.12824
RUNX2,0.78268,-0.44748
ATF3,0.78264,0.74563
RXRA,0.78258,0.30198
IRF9,0.78253,0.07959
PPARG,0.78225,-0.0062
ETS1,0.78212,0.2381
NFAT5,0.78195,0.64401
ATF3,0.7819,0.74563
CREM,0.78172,-0.0345
HLF,0.7814,1.20049
NFKB2,0.78137,0.51364
ELK1,0.78108,-0.14318
ZBTB33,0.78103,0.15431
SOX2,0.7809,1.37658
BACH1,0.78066,-0.08588
PBX1,0.78054,-0.73611
PPARG,0.78039,-0.0062
SRF,0.78035,-0.18877
RBPJ,0.78023,0.06557
CEBPD,0.78017,0.31811
XBP1,0.78012,0.09852
HOXA13,0.7801,1.58967
TFE3,0.77995,-0.02572
JDP2,0.77966,0.49816
FOXP2,0.77957,0.88336
E2F1,0.77955,-0.14567
MLXIPL,0.77937,1.28556
E2F1,0.77932,-0.14567
TFE3,0.77929,-0.02572
MESP1,0.77928,0.43381
CEBPB,0.77925,0.1585
HSF2,0.77871,0.0708
JDP2,0.7787,0.49816
MZF1,0.77868,0.10253
LHX2,0.77784,1.74567
SMC3,0.77781,0.09897
CEBPB,0.77772,0.1585
ELK1,0.77768,-0.14318
MGA,0.77756,0.06935
RUNX3,0.77729,1.32536
FOSL1,0.77711,0.12968
NFKB1,0.77708,-0.02496
HOXB6,0.77699,0.12505
CREB3L1,0.77607,-0.29251
CREM,0.7759,-0.0345
FOXP3,0.77539,0.80403
ATF7,0.77538,0.14396
ATF4,0.77536,0.11374
BCL6,0.7747,-0.46691
CREB1,0.7743,-0.1189
BACH2,0.77427,1.29373
RORA,0.77376,1.26779
DBP,0.77359,-0.07406
ATF3,0.77349,0.74563
USF1,0.77334,-0.13268
IRF4,0.77323,-0.17271
USF2,0.77296,-0.17263
BACH1,0.77295,-0.08588
MAFF,0.7728,0.15237
XBP1,0.7726,0.09852
MZF1,0.77253,0.10253
NR1H2,0.77243,-0.17777
CREB1,0.77239,-0.1189
ATF3,0.77208,0.74563
USF2,0.77196,-0.17263
HEY1,0.7719,1.16638
JUND,0.77183,-0.03685
TEF,0.77178,-0.46806
HEY1,0.77157,1.16638
STAT2,0.77135,0.19114
ATF2,0.77094,0.19734
NR2F1,0.77059,-0.40683
CEBPG,0.77041,0.22789
PKNOX1,0.77038,-0.01682
HEY1,0.77011,1.16638
STAT3,0.77,-0.16234
ARNT,0.76992,0.03492
OLIG2,0.7694,0.79877
NFE2,0.76897,0.59563
JUND,0.76888,-0.03685
HOXD13,0.76882,1.61407
SETDB1,0.76872,0.0425
JUN,0.76872,0.26082
GMEB2,0.76833,0.07687
CREM,0.76831,-0.0345
NR2F6,0.76793,-0.07863
MEIS3,0.76762,0.68303
TWIST1,0.76758,-0.19509
BCL11A,0.76752,1.84042
SOX2,0.7675,1.37658
ATF1,0.76725,-0.08557
YY1,0.76723,0.14859
BHLHE41,0.76701,-0.53218
STAT3,0.76676,-0.16234
BACH1,0.76675,-0.08588
RFX3,0.76667,0.21238
HOXC13,0.76657,0.9857
ZNF143,0.76641,-0.08045
TGIF2,0.76594,0.13496
MSX2,0.76581,1.37658
JUND,0.76573,-0.03685
RFX3,0.76563,0.21238
EP300,0.76541,0.07356
ATF2,0.76532,0.19734
JDP2,0.7652,0.49816
GATA3,0.76503,0.63765
E4F1,0.76503,0.19447
STAT5A,0.76501,-0.10044
IRF5,0.765,0.56234
ZBED1,0.76486,-0.20248
MAX,0.76467,0.13856
FOSL2,0.76453,0.07854
JUN,0.76419,0.26082
FOXO1,0.76417,0.19161
BACH2,0.7641,1.29373
CREM,0.76401,-0.0345
IRF9,0.76387,0.07959
ZNF143,0.7636,-0.08045
MAX,0.76354,0.13856
ATF3,0.76339,0.74563
GMEB2,0.7629,0.07687
NR2F1,0.76283,-0.40683
ESRRG,0.76283,1.19866
NKX6-1,0.76271,1.89061
MAFG,0.76264,-0.03675
NFKB1,0.76239,-0.02496
MAFG,0.76209,-0.03675
YY1,0.7616,0.14859
EN1,0.76158,1.50651
CREB5,0.76153,0.13627
GMEB2,0.76147,0.07687
HLF,0.76096,1.20049
NR2F1,0.76086,-0.40683
JUND,0.76075,-0.03685
NFE2,0.76053,0.59563
FOSB,0.76047,0.22429
E2F3,0.76027,0.35972
ATF7,0.7599,0.14396
SREBF1,0.75974,-0.15578
JUN,0.75966,0.26082
HLF,0.75952,1.20049
ID4,0.75945,-0.49292
ATF4,0.75901,0.11374
MYBL2,0.75873,-0.19707
THRA,0.75867,-0.23344
RFX5,0.75837,0.24121
JUNB,0.7581,0.12824
TWIST1,0.75798,-0.19509
TFE3,0.75796,-0.02572
HLF,0.75791,1.20049
FOS,0.75786,0.11477
XBP1,0.75769,0.09852
MTF1,0.75752,0.11672
TFAP2C,0.75724,0.6037
ATF3,0.75697,0.74563
MAF,0.75685,1.50435
ELK1,0.75679,-0.14318
ETS1,0.7567,0.2381
TFEB,0.75644,-0.41856
CUX1,0.75642,-0.02564
BCL11A,0.75631,1.84042
CREB3,0.75624,-0.24841
HNF4G,0.75623,0.89252
USF2,0.75622,-0.17263
MAFG,0.75585,-0.03675
CREB1,0.75556,-0.1189
ATF3,0.75539,0.74563
JDP2,0.75531,0.49816
MTF1,0.75503,0.11672
TFEB,0.75501,-0.41856
BCL6,0.75493,-0.46691
HESX1,0.75492,0.17438
TWIST1,0.75479,-0.19509
TFE3,0.7546,-0.02572
STAT2,0.75457,0.19114
FOXB1,0.75444,1.39094
ETS1,0.75442,0.2381
RFX3,0.75433,0.21238
CREB3,0.75424,-0.24841
JDP2,0.75418,0.49816
SREBF2,0.75396,0.00057
JUNB,0.75393,0.12824
ETFB,0.75378,-0.01472
JUND,0.75376,-0.03685
PDCD11,0.7536,0.31354
HOXB3,0.75343,-0.40051
TFAP2A,0.7533,-0.00481
ATF3,0.7533,0.74563
SIN3A,0.75308,0.04933
BHLHE41,0.75305,-0.53218
MAF,0.75293,1.50435
FOSL2,0.75282,0.07854
FOSB,0.75271,0.22429
ATF3,0.75265,0.74563
FOXJ3,0.75254,0.24609
ELK3,0.75218,-0.31483
HOXD13,0.75181,1.61407
STAT2,0.75178,0.19114
HLF,0.75157,1.20049
HMGN3,0.75145,0.37831
NFE2,0.75096,0.59563
HSF4,0.75081,1.04243
GMEB2,0.7505,0.07687
NR3C1,0.75048,-0.11267
HOXC10,0.75013,0.94574
SRF,0.75008,-0.18877
INSM1,0.74995,1.22789
FOSL2,0.74988,0.07854
ZNF628,0.74969,-0.14656
FOXL1,0.7496,-0.97272
FOSL2,0.74928,0.07854
JDP2,0.74924,0.49816
HAND1,0.74922,0.94118
JDP2,0.7492,0.49816
ELF1,0.74919,-0.0385
FOSL2,0.74916,0.07854
EN1,0.74904,1.50651
TEF,0.74903,-0.46806
ESRRA,0.74887,0.36686
YY2,0.74846,-0.33904
SRF,0.74841,-0.18877
TFAP2A,0.74813,-0.00481
RARG,0.74812,-0.50335
MAFF,0.74804,0.15237
CREB1,0.74788,-0.1189
MYC,0.7478,0.22497
PITX2,0.74716,1.94874
SIRT6,0.74708,-0.01814
FOS,0.74681,0.11477
CEBPB,0.74678,0.1585
NR3C2,0.7467,0.66608
SETDB1,0.74661,0.0425
CEBPD,0.74647,0.31811
CREB3L2,0.74614,0.15749
MTF1,0.74573,0.11672
FOXP3,0.74517,0.80403
NFE2,0.74492,0.59563
STAT3,0.74488,-0.16234
RXRA,0.74483,0.30198
JUNB,0.74482,0.12824
FOSL2,0.74443,0.07854
MNT,0.7444,0.05603
CREB3,0.74415,-0.24841
JDP2,0.74391,0.49816
JDP2,0.74376,0.49816
FOSL2,0.74357,0.07854
MAX,0.74355,0.13856
MXI1,0.7435,0.36623
RXRB,0.74346,0.14875
NFATC1,0.74339,1.17367
ATF3,0.74308,0.74563
MLXIPL,0.74308,1.28556
ATF4,0.74295,0.11374
MLX,0.74243,0.04225
ZNF143,0.7424,-0.08045
GLI2,0.74229,0.00519
MAFF,0.74201,0.15237
MYC,0.74198,0.22497
RARG,0.74179,-0.50335
GATA2,0.74152,-0.05162
MYC,0.74136,0.22497
SOX9,0.74123,0.21723
RUNX3,0.74117,1.32536
POU2F2,0.74081,-0.79029
CREB3,0.74056,-0.24841
NFKB1,0.74055,-0.02496
ETV6,0.74033,-0.12382
JUN,0.74022,0.26082
FLI1,0.7402,-2.13898
XBP1,0.74017,0.09852
MEF2C,0.73981,0.40985
ZEB1,0.7397,-0.14882
TEF,0.73966,-0.46806
ATF3,0.73963,0.74563
ATF7,0.73897,0.14396
TIMM8A,0.73895,0.05672
FOXJ2,0.73891,-0.10174
SOX8,0.73876,0.98528
CREB1,0.73831,-0.1189
JUND,0.73783,-0.03685
ARNT,0.73774,0.03492
USF1,0.73768,-0.13268
ZNF143,0.73739,-0.08045
JUND,0.73723,-0.03685
FOXP2,0.73723,0.88336
HSF1,0.73664,0.46176
NFYB,0.73659,-0.01498
RFX2,0.73649,0.09243
MAFF,0.73645,0.15237
ATF3,0.7363,0.74563
FOS,0.73628,0.11477
PAX3,0.73623,1.45939
MAX,0.7361,0.13856
ARID5B,0.73598,-0.5962
FOS,0.73592,0.11477
JUNB,0.73577,0.12824
ATF1,0.73511,-0.08557
IRF1,0.73505,0.07358
ATF1,0.73496,-0.08557
MLX,0.73477,0.04225
TFAP4,0.73413,0.30334
NFIC,0.73404,-0.21458
JUND,0.73373,-0.03685
TFE3,0.7337,-0.02572
XBP1,0.7336,0.09852
TBP,0.73339,0.01746
ZBED1,0.73331,-0.20248
JDP2,0.73309,0.49816
HDX,0.73295,0.08585
AR,0.73292,0.74347
FOS,0.73221,0.11477
HIVEP1,0.7322,0.17371
NFIA,0.73206,0.15147
MAFF,0.73176,0.15237
MSX1,0.73169,0.83405
MYC,0.73141,0.22497
FOS,0.73135,0.11477
MAFK,0.73131,-0.18717
BHLHE41,0.73121,-0.53218
CREB3,0.73111,-0.24841
FOSL2,0.73109,0.07854
E2F1,0.73084,-0.14567
ETV2,0.73071,-0.21244
NRL,0.73063,0.13212
ESRRB,0.7305,1.09807
ATF7,0.73044,0.14396
PBX2,0.73039,0.47253
ATF7,0.73022,0.14396
EP300,0.7301,0.07356
EOMES,0.72991,1.4624
NFE2L2,0.72979,0.01426
MAFG,0.72964,-0.03675
E2F3,0.72961,0.35972
ATF7,0.72947,0.14396
MAFK,0.72944,-0.18717
MAFK,0.72938,-0.18717
GTF2I,0.72902,-0.05514
MYC,0.72885,0.22497
MAFG,0.72884,-0.03675
FOS,0.7287,0.11477
MECP2,0.72858,0.18722
TEF,0.72843,-0.46806
STAT1,0.72832,-0.01743
MAFK,0.72828,-0.18717
SREBF2,0.72762,0.00057
TBX1,0.72723,1.76691
JDP2,0.72717,0.49816
FOSL1,0.72703,0.12968
FOSL2,0.72676,0.07854
RARB,0.72676,-0.80509
FOXA1,0.72671,0.59218
POU5F1,0.72645,-0.17881
NFKB1,0.72645,-0.02496
YY1,0.72638,0.14859
FOXB1,0.72628,1.39094
CREB3,0.72621,-0.24841
FOXA1,0.72585,0.59218
CREM,0.72582,-0.0345
STAT3,0.72497,-0.16234
ATF3,0.72478,0.74563
HEY2,0.7245,1.09575
HIF1A,0.72444,-0.1013
MAFK,0.72439,-0.18717
CTCF,0.72419,0.1109
JDP2,0.72361,0.49816
BACH2,0.7236,1.29373
IRF8,0.72349,0.31482
GMEB2,0.72338,0.07687
TEAD3,0.72333,-0.10294
ELK1,0.72304,-0.14318
FOXO3,0.72299,-0.09404
FOS,0.72284,0.11477
RARG,0.72279,-0.50335
CEBPB,0.72258,0.1585
MAFK,0.7225,-0.18717
CREB1,0.72212,-0.1189
RXRA,0.72179,0.30198
MAX,0.72165,0.13856
CEBPA,0.72164,1.86054
ATF2,0.72157,0.19734
NR4A2,0.72133,0.11007
HLF,0.72117,1.20049
EP300,0.72117,0.07356
MAFF,0.72066,0.15237
RUNX1,0.72009,-0.06798
NFKB1,0.71978,-0.02496
RBPJ,0.71939,0.06557
CEBPB,0.71937,0.1585
IRF1,0.71935,0.07358
MEIS1,0.71877,-0.46847
MEIS1,0.71858,-0.46847
NR2F1,0.71841,-0.40683
JUN,0.7183,0.26082
ELK1,0.71819,-0.14318
ETS2,0.71796,0.26666
HEY2,0.71792,1.09575
ATF3,0.71745,0.74563
RXRA,0.71731,0.30198
BRCA1,0.71714,-0.27515
TCF3,0.71708,-0.11833
SRF,0.71702,-0.18877
ARNT,0.71688,0.03492
CREB3L1,0.71688,-0.29251
NR3C1,0.71687,-0.11267
CREB5,0.71619,0.13627
MYC,0.71598,0.22497
REL,0.71569,0.12775
FOSL1,0.71564,0.12968
NR3C1,0.71555,-0.11267
NFKB1,0.71548,-0.02496
CREB1,0.71481,-0.1189
GATA2,0.71481,-0.05162
PBX1,0.71467,-0.73611
ATF4,0.71444,0.11374
CNOT6,0.7143,0.42374
JDP2,0.7142,0.49816
RUNX1,0.71413,-0.06798
HSF1,0.71404,0.46176
YY2,0.714,-0.33904
RORA,0.71398,1.26779
ATF3,0.71353,0.74563
ERG,0.71353,1.54862
RXRA,0.71352,0.30198
CANX,0.71336,0.18846
TAF1,0.71325,0.11649
FOSL2,0.71323,0.07854
ATF1,0.71322,-0.08557
SOX9,0.71306,0.21723
GABPA,0.71302,-0.14939
ATF6,0.71255,-0.21495
CEBPA,0.7125,1.86054
JUND,0.71231,-0.03685
E2F1,0.71217,-0.14567
PAX6,0.71208,0.87769
FOSL1,0.71207,0.12968
ATF3,0.71187,0.74563
ELK4,0.71186,0.1604
ELK3,0.71173,-0.31483
JUND,0.71124,-0.03685
E2F1,0.71054,-0.14567
JUN,0.71017,0.26082
CREB3L2,0.70996,0.15749
JUND,0.70995,-0.03685
POU2F2,0.70956,-0.79029
NFE2,0.7095,0.59563
HTATIP2,0.70934,0.39794
FOXK1,0.70921,0.61424
HEY1,0.70909,1.16638
RORA,0.70903,1.26779
CHD2,0.7088,0.16413
ARNT,0.70875,0.03492
NR2F1,0.70867,-0.40683
ID4,0.70858,-0.49292
TBX1,0.70827,1.76691
MAFB,0.70822,0.64383
NFKB1,0.70771,-0.02496
JUND,0.70718,-0.03685
CEBPA,0.70711,1.86054
E2F1,0.70696,-0.14567
MLX,0.70672,0.04225
SOX8,0.70661,0.98528
E2F1,0.7065,-0.14567
NFKB2,0.70649,0.51364
FOS,0.70628,0.11477
ZSCAN16,0.70628,0.07149
FOXA1,0.70626,0.59218
ZBTB3,0.70597,0.39844
FOSL2,0.7058,0.07854
CHD2,0.7057,0.16413
TWIST1,0.70569,-0.19509
MTF1,0.70555,0.11672
IRF7,0.70545,-0.16734
BCL11A,0.7052,1.84042
NFE2L2,0.70518,0.01426
MAFF,0.70501,0.15237
CREB1,0.70487,-0.1189
GIT2,0.70468,-0.03011
ESRRA,0.70451,0.36686
SOX2,0.70406,1.37658
MAX,0.70395,0.13856
ELK3,0.70394,-0.31483
EOMES,0.7039,1.4624
ELK3,0.70359,-0.31483
SP2,0.70347,-0.07606
ATF7,0.70334,0.14396
DLX2,0.70326,0.70947
CREB3,0.70316,-0.24841
ELF1,0.70311,-0.0385
MAX,0.70279,0.13856
NR3C1,0.70238,-0.11267
TFEB,0.70228,-0.41856
MYC,0.702,0.22497
ATF5,0.70187,-0.34711
VAX2,0.70162,-0.14018
ATF3,0.7015,0.74563
TGIF1,0.70118,0.24022
IRF4,0.7011,-0.17271
FOXP2,0.70082,0.88336
ATF3,0.70043,0.74563
PAX8,0.70031,1.96565
GATA2,0.69992,-0.05162
CUX1,0.69988,-0.02564
JUNB,0.69976,0.12824
PLAG1,0.69957,0.41363
FOXO4,0.69932,0.05375
GABPA,0.6989,-0.14939
CREB1,0.69889,-0.1189
PAX6,0.69873,0.87769
TFEB,0.69871,-0.41856
PAX3,0.69838,1.45939
NFKB1,0.69828,-0.02496
CEBPB,0.69827,0.1585
E2F1,0.69797,-0.14567
JUN,0.69792,0.26082
FOS,0.69791,0.11477
HBP1,0.6978,-0.38822
CREB3,0.69771,-0.24841
JUN,0.69771,0.26082
USF2,0.69761,-0.17263
NFKB2,0.69756,0.51364
RARG,0.69746,-0.50335
ATF3,0.6971,0.74563
ERF,0.69699,-0.20753
CREM,0.69691,-0.0345
XBP1,0.69686,0.09852
TGIF2,0.69662,0.13496
HOXD11,0.69654,0.14834
ZSCAN16,0.69648,0.07149
LMO2,0.69646,0.51266
FOSL1,0.69605,0.12968
NR3C1,0.69593,-0.11267
SIX5,0.69582,-0.04506
HOXD11,0.69568,0.14834
E2F4,0.69551,0.14148
NFE2,0.6955,0.59563
CREB5,0.69531,0.13627
JUN,0.69526,0.26082
USF1,0.69522,-0.13268
SOX2,0.69514,1.37658
SREBF2,0.69499,0.00057
CREB1,0.6947,-0.1189
ATF3,0.69456,0.74563
ATF7,0.69446,0.14396
JUND,0.69435,-0.03685
NFE2,0.69425,0.59563
HLF,0.69396,1.20049
CREB1,0.69395,-0.1189
E2F8,0.69342,0.20928
NR4A2,0.69298,0.11007
CTCF,0.69281,0.1109
RXRA,0.6928,0.30198
FOXD2,0.69256,0.92604
NFE2L2,0.69223,0.01426
CREB3,0.69186,-0.24841
FOXO6,0.69169,1.52196
IRF1,0.69163,0.07358
JUN,0.69149,0.26082
DLX6,0.69128,1.50012
POU2F2,0.69128,-0.79029
MNT,0.69121,0.05603
EOMES,0.69101,1.4624
CREB1,0.69078,-0.1189
POU4F1,0.69056,1.85377
EMX1,0.69051,1.22011
MAFK,0.69037,-0.18717
CREB3L1,0.69032,-0.29251
POU3F3,0.69016,1.52977
RXRB,0.6901,0.14875
CREB1,0.69006,-0.1189
JUN,0.68958,0.26082
HINFP,0.68953,0.09309
POU2F2,0.68913,-0.79029
MEIS1,0.68911,-0.46847
FOXG1,0.68908,1.5762
RARA,0.68904,-0.25519
MGA,0.68894,0.06935
TRIM28,0.68858,-0.01728
CEBPD,0.68857,0.31811
NRL,0.68829,0.13212
YY2,0.68817,-0.33904
ATF1,0.68815,-0.08557
ZBED1,0.68807,-0.20248
TEF,0.68804,-0.46806
PKNOX1,0.688,-0.01682
MAFF,0.68748,0.15237
MSX2,0.68734,1.37658
ATF2,0.68723,0.19734
JUN,0.68717,0.26082
SIN3A,0.68683,0.04933
MAFG,0.68648,-0.03675
ATF3,0.68631,0.74563
TEF,0.68617,-0.46806
EGR1,0.68611,0.22639
ATF6,0.68603,-0.21495
IRF9,0.68599,0.07959
ATF3,0.68574,0.74563
USF1,0.68566,-0.13268
NFIX,0.68501,-0.37506
ETV1,0.68497,0.0445
NFE2,0.68479,0.59563
ETS1,0.68453,0.2381
MAX,0.68448,0.13856
IRX5,0.68417,0.75392
ZBTB3,0.68415,0.39844
CREB1,0.68364,-0.1189
AFF4,0.68363,0.0902
IRF9,0.68331,0.07959
CREB3,0.68315,-0.24841
ESRRA,0.68311,0.36686
FOXO4,0.68295,0.05375
ELF1,0.68293,-0.0385
MAFK,0.6829,-0.18717
RXRA,0.68289,0.30198
JUND,0.68259,-0.03685
RARG,0.68258,-0.50335
ELK3,0.6824,-0.31483
FOS,0.68204,0.11477
CEBPG,0.68187,0.22789
MLXIPL,0.6812,1.28556
YBX1,0.68101,0.03072
NR3C1,0.68099,-0.11267
RORA,0.68096,1.26779
EN2,0.68095,1.5098
NR3C1,0.68073,-0.11267
TGIF1,0.68072,0.24022
JDP2,0.68064,0.49816
ATF1,0.68057,-0.08557
GMEB2,0.68056,0.07687
FOXO3,0.68047,-0.09404
CENPB,0.68045,-0.10852
LHX6,0.68021,1.97772
CREB3,0.68019,-0.24841
E4F1,0.68011,0.19447
E4F1,0.67963,0.19447
CREB3L1,0.67963,-0.29251
FOSL2,0.67954,0.07854
VDR,0.6793,0.18204
JDP2,0.67921,0.49816
CREB3L1,0.67866,-0.29251
YY2,0.67851,-0.33904
HLF,0.67844,1.20049
LBX2,0.67842,1.06169
GLIS3,0.67839,-0.88015
IRF7,0.67837,-0.16734
NFKB2,0.6781,0.51364
NFE2,0.67807,0.59563
HOXA4,0.67807,-0.29989
HOXA2,0.67796,-0.49643
MAFF,0.67796,0.15237
ELK1,0.67753,-0.14318
CHD2,0.67749,0.16413
JUNB,0.67745,0.12824
HOXC10,0.67712,0.94574
E2F1,0.67677,-0.14567
CENPB,0.67663,-0.10852
HIF1A,0.67651,-0.1013
GFI1,0.67644,0.95373
GMEB2,0.67621,0.07687
EPAS1,0.67601,-0.67374
FLI1,0.67594,-2.13898
YY2,0.67591,-0.33904
BCL11A,0.67581,1.84042
JUND,0.67562,-0.03685
PAX6,0.67554,0.87769
JUND,0.67541,-0.03685
E2F1,0.67517,-0.14567
CEBPB,0.67517,0.1585
FOS,0.67506,0.11477
ATF3,0.67497,0.74563
ATF2,0.67471,0.19734
CREB3L1,0.67454,-0.29251
TEF,0.67448,-0.46806
NFKB1,0.6741,-0.02496
CREM,0.67403,-0.0345
PBX1,0.67383,-0.73611
RUNX2,0.67375,-0.44748
CREB3L1,0.67375,-0.29251
XBP1,0.67371,0.09852
STAT1,0.67345,-0.01743
DBP,0.67337,-0.07406
CEBPG,0.67336,0.22789
TCF21,0.6728,-0.07196
JDP2,0.67259,0.49816
HOXD11,0.67245,0.14834
PPARD,0.6723,-0.0265
HSF1,0.67211,0.46176
ZBTB3,0.67198,0.39844
CLOCK,0.67195,0.06464
MAFF,0.67174,0.15237
CUX1,0.67159,-0.02564
EMX1,0.67146,1.22011
EP300,0.67136,0.07356
CREB5,0.67129,0.13627
CREB1,0.67118,-0.1189
FOSL1,0.67116,0.12968
MEIS1,0.67104,-0.46847
MEF2D,0.67089,-0.06654
MAFG,0.67082,-0.03675
SREBF2,0.67071,0.00057
GLI2,0.67019,0.00519
TCF7,0.67009,0.17771
TBX20,0.66994,1.45484
RUNX2,0.66993,-0.44748
MAFG,0.66991,-0.03675
MAX,0.66972,0.13856
ELK4,0.6697,0.1604
PPARG,0.66949,-0.0062
ATF3,0.66923,0.74563
JUN,0.66921,0.26082
XBP1,0.66895,0.09852
FOXB1,0.66859,1.39094
NFKB2,0.66822,0.51364
PPARG,0.66812,-0.0062
GATA3,0.66811,0.63765
CREB1,0.66809,-0.1189
E2F1,0.6679,-0.14567
YY1,0.66788,0.14859
USF1,0.66768,-0.13268
TEF,0.66758,-0.46806
ZNF143,0.66751,-0.08045
TBX20,0.66743,1.45484
XBP1,0.66729,0.09852
NR3C1,0.66713,-0.11267
MEIS1,0.66712,-0.46847
CEBPB,0.66677,0.1585
NFKB2,0.66673,0.51364
NFIL3,0.6667,0.04188
ELK1,0.66664,-0.14318
E4F1,0.66655,0.19447
JUN,0.6665,0.26082
E2F4,0.66633,0.14148
ATF4,0.66612,0.11374
PPARG,0.66574,-0.0062
TFEB,0.66547,-0.41856
SMAD4,0.66535,0.01087
BHLHE41,0.66524,-0.53218
RARA,0.66504,-0.25519
TEAD1,0.66502,0.23157
RREB1,0.66497,0.27761
TEAD1,0.66485,0.23157
MAX,0.66475,0.13856
CREB1,0.66471,-0.1189
ATF4,0.6643,0.11374
ATF2,0.66407,0.19734
CREB3,0.66385,-0.24841
MAFK,0.66343,-0.18717
JUNB,0.66326,0.12824
FOS,0.66316,0.11477
ATF3,0.66313,0.74563
TEAD1,0.66313,0.23157
HMBOX1,0.66261,0.39571
NR3C1,0.66258,-0.11267
HLF,0.66249,1.20049
HOXD8,0.66242,-0.50292
POU2F2,0.66215,-0.79029
TBX1,0.6621,1.76691
NFATC1,0.66205,1.17367
FOS,0.66197,0.11477
STAT2,0.66169,0.19114
DLX4,0.66151,1.70529
ZNF143,0.66148,-0.08045
HLF,0.66138,1.20049
MAFK,0.66117,-0.18717
RFX3,0.66101,0.21238
FOXO4,0.66092,0.05375
AHR,0.66076,-0.31593
ATF3,0.66019,0.74563
CREB3L2,0.66001,0.15749
FOXF2,0.65997,0.41095
HINFP,0.65996,0.09309
MAFK,0.6599,-0.18717
SETDB1,0.65982,0.0425
NRL,0.65979,0.13212
MEIS3,0.65972,0.68303
HOXC11,0.65961,0.58072
CREB3L1,0.65929,-0.29251
POU2F2,0.65911,-0.79029
E4F1,0.65889,0.19447
TBP,0.65879,0.01746
RXRA,0.65837,0.30198
BHLHE40,0.65827,0.12349
HOXC13,0.65819,0.9857
LHX6,0.65812,1.97772
CREB3,0.65809,-0.24841
STAT1,0.65794,-0.01743
SRF,0.65761,-0.18877
JDP2,0.65756,0.49816
RXRA,0.65736,0.30198
JUNB,0.65731,0.12824
JUND,0.65676,-0.03685
E2F4,0.65652,0.14148
ATF4,0.65651,0.11374
NRL,0.65642,0.13212
JDP2,0.65636,0.49816
HOXC10,0.65603,0.94574
ASPSCR1,0.65598,-0.23327
PROX1,0.65595,1.25768
BACH1,0.65571,-0.08588
JUND,0.6556,-0.03685
NFKB1,0.65555,-0.02496
MAX,0.6555,0.13856
GRHL1,0.65506,0.60779
JDP2,0.65456,0.49816
CREB3L1,0.65446,-0.29251
SRF,0.65415,-0.18877
POU6F1,0.65387,-0.06658
CREB1,0.65362,-0.1189
USF1,0.65357,-0.13268
ERG,0.65353,1.54862
FOS,0.65341,0.11477
SREBF2,0.65338,0.00057
MYC,0.65325,0.22497
HSF1,0.65322,0.46176
STAT3,0.65304,-0.16234
CENPB,0.65287,-0.10852
CREB3,0.65278,-0.24841
YY2,0.65249,-0.33904
E2F1,0.65209,-0.14567
STAT3,0.65183,-0.16234
LEF1,0.65176,0.99309
ATF3,0.65171,0.74563
XBP1,0.65166,0.09852
ASAP3,0.65162,-0.03807
HEY2,0.65145,1.09575
NFIA,0.6514,0.15147
NFKB1,0.65131,-0.02496
ZNF75A,0.65128,0.45123
SMAD3,0.65108,-0.38086
HSF2,0.65099,0.0708
NR4A3,0.65084,0.41497
TBX20,0.65065,1.45484
MYC,0.65054,0.22497
JUND,0.65053,-0.03685
ATF4,0.65039,0.11374
USF1,0.65039,-0.13268
PPP2R3B,0.65038,-0.01685
CREB1,0.65036,-0.1189
NR2C2,0.65,0.21475
CREB3,0.64997,-0.24841
HSF1,0.64977,0.46176
TBX1,0.64939,1.76691
ATF4,0.64925,0.11374
ZNF143,0.64922,-0.08045
MAX,0.64896,0.13856
GOT1,0.64896,0.06727
NR3C1,0.64876,-0.11267
POU2F2,0.64864,-0.79029
MAFK,0.64832,-0.18717
EN1,0.64796,1.50651
CREB3,0.6477,-0.24841
BACH1,0.64769,-0.08588
ELK1,0.64757,-0.14318
ELK3,0.64756,-0.31483
MLXIPL,0.64748,1.28556
REL,0.64747,0.12775
ATF3,0.64736,0.74563
CREB3,0.64722,-0.24841
HSF1,0.6471,0.46176
NFKB1,0.64677,-0.02496
ATF3,0.64657,0.74563
FOS,0.64654,0.11477
DDIT3,0.64607,0.31605
CREB3L1,0.64598,-0.29251
DBP,0.64589,-0.07406
ATF3,0.64583,0.74563
USF2,0.64559,-0.17263
ELF1,0.64559,-0.0385
TBX1,0.6454,1.76691
JUND,0.64522,-0.03685
EN1,0.64485,1.50651
RARA,0.64468,-0.25519
BCL6,0.6446,-0.46691
CEBPA,0.6446,1.86054
CEBPB,0.64452,0.1585
PBX3,0.64411,0.40978
MLX,0.64405,0.04225
FOSL2,0.64398,0.07854
ZBTB3,0.6439,0.39844
BCL3,0.64343,-0.30304
E2F1,0.64298,-0.14567
YY1,0.64279,0.14859
FOSL2,0.64277,0.07854
ETV6,0.64252,-0.12382
STAT1,0.64248,-0.01743
JUND,0.64223,-0.03685
ESRRA,0.64214,0.36686
TLX2,0.64214,1.02462
MAFG,0.64178,-0.03675
FOSL1,0.64166,0.12968
E2F1,0.6416,-0.14567
TCF3,0.64134,-0.11833
ETV2,0.64129,-0.21244
JUND,0.64091,-0.03685
NFKB1,0.64081,-0.02496
RUNX2,0.64063,-0.44748
CREB3,0.64036,-0.24841
ENO1,0.64035,-0.06049
THRB,0.6402,0.86606
MEF2C,0.64013,0.40985
ZBTB3,0.64003,0.39844
CREB5,0.63998,0.13627
ELK3,0.63994,-0.31483
ATF3,0.63967,0.74563
ATF2,0.63956,0.19734
ABCF2,0.63949,0.00184
ATF3,0.63904,0.74563
JUND,0.63897,-0.03685
HESX1,0.63885,0.17438
MAFK,0.63863,-0.18717
MEIS1,0.6386,-0.46847
CREB3,0.63856,-0.24841
CREM,0.63848,-0.0345
DLX1,0.63841,0.10983
ATF3,0.63837,0.74563
ZDHHC15,0.6382,1.7796
ATF6,0.63815,-0.21495
JDP2,0.63804,0.49816
JUNB,0.63798,0.12824
FOXG1,0.63783,1.5762
MAFF,0.63778,0.15237
TFE3,0.63778,-0.02572
RBPJ,0.63761,0.06557
ATF2,0.63761,0.19734
EGR1,0.63749,0.22639
CREB3,0.63743,-0.24841
RXRA,0.6371,0.30198
NFKB1,0.63705,-0.02496
ATF3,0.63691,0.74563
NFE2,0.63646,0.59563
NR2C2,0.63639,0.21475
HEY2,0.63637,1.09575
POU2F2,0.63623,-0.79029
JDP2,0.63579,0.49816
FOXP2,0.63577,0.88336
MAFK,0.63564,-0.18717
NFE2,0.63554,0.59563
RORA,0.63536,1.26779
ESRRA,0.63526,0.36686
MITF,0.63516,0.30426
JUN,0.6351,0.26082
XBP1,0.63499,0.09852
HLF,0.63452,1.20049
MYC,0.63391,0.22497
USF1,0.63369,-0.13268
FOXO4,0.63356,0.05375
NR2C2,0.63351,0.21475
SOX9,0.63349,0.21723
POU2F2,0.63337,-0.79029
TFAP2A,0.63332,-0.00481
ZBTB3,0.63308,0.39844
IRX5,0.63294,0.75392
CREB3,0.63279,-0.24841
OTX1,0.63269,0.61502
E2F2,0.63264,0.546
ATF3,0.63209,0.74563
CEBPB,0.63208,0.1585
GRHL1,0.63199,0.60779
CTCF,0.63185,0.1109
CTCF,0.63184,0.1109
DBP,0.63168,-0.07406
MAFK,0.63159,-0.18717
ELK3,0.63158,-0.31483
MAX,0.63151,0.13856
POU2F2,0.63123,-0.79029
BCL6,0.63116,-0.46691
BHLHE41,0.63104,-0.53218
E2F4,0.63095,0.14148
STAT3,0.63095,-0.16234
RFX3,0.63083,0.21238
ATF7,0.63061,0.14396
PAX6,0.63046,0.87769
TBX20,0.62986,1.45484
ATF3,0.62982,0.74563
JUN,0.62966,0.26082
REST,0.62964,0.20711
TPPP,0.62962,1.254
ZNF143,0.62943,-0.08045
VAX2,0.62938,-0.14018
HEY1,0.6293,1.16638
STAT1,0.629,-0.01743
NRL,0.62863,0.13212
XBP1,0.62859,0.09852
CREB3,0.6285,-0.24841
NKX2-5,0.62829,1.55041
BACH2,0.62828,1.29373
USF2,0.62825,-0.17263
HLF,0.62815,1.20049
JUNB,0.62799,0.12824
EMX1,0.62769,1.22011
IRF8,0.62761,0.31482
NR2F1,0.62728,-0.40683
JUNB,0.62724,0.12824
MAFK,0.62724,-0.18717
STAT1,0.62718,-0.01743
CREB3,0.62712,-0.24841
BACH2,0.62708,1.29373
HOXC13,0.62706,0.9857
NFKB2,0.62694,0.51364
ZNF3,0.62683,0.04979
TGIF1,0.62672,0.24022
JUNB,0.62639,0.12824
HOXA2,0.62639,-0.49643
LEF1,0.62631,0.99309
MITF,0.62605,0.30426
TPI1,0.62599,-0.02368
RARA,0.62587,-0.25519
TFE3,0.6257,-0.02572
MEIS1,0.6254,-0.46847
ATF3,0.62538,0.74563
CEBPA,0.62487,1.86054
CREB1,0.6248,-0.1189
SOX8,0.62477,0.98528
CDX2,0.62476,2.15473
GRHL1,0.62466,0.60779
FOXF2,0.62443,0.41095
TEAD1,0.62435,0.23157
THRB,0.62432,0.86606
MSC,0.62428,0.03375
ELK4,0.62425,0.1604
MAFK,0.62416,-0.18717
BACH2,0.62405,1.29373
UTP18,0.62403,-0.01788
GMEB2,0.62401,0.07687
JUN,0.62397,0.26082
NKX2-8,0.62385,1.30963
JDP2,0.62359,0.49816
EMX1,0.62343,1.22011
FOSL2,0.62338,0.07854
CEBPB,0.62318,0.1585
CUX2,0.62303,1.0607
MXI1,0.62299,0.36623
CREB1,0.62291,-0.1189
YY1,0.62288,0.14859
FOXC1,0.62275,0.69824
CREB1,0.62257,-0.1189
NFKB1,0.62253,-0.02496
FOSL1,0.62232,0.12968
DBP,0.62231,-0.07406
MAX,0.62229,0.13856
NFE2,0.62226,0.59563
ELK1,0.62196,-0.14318
ESRRA,0.62164,0.36686
CYB5R1,0.62141,-0.02612
TFEB,0.62135,-0.41856
HMGN3,0.62112,0.37831
MLX,0.62108,0.04225
NR2F6,0.62094,-0.07863
ARNT,0.62083,0.03492
MAPK1,0.62074,-0.12737
BACH1,0.62057,-0.08588
BHLHE41,0.62046,-0.53218
CREB3L1,0.62045,-0.29251
ELF1,0.62011,-0.0385
MAFB,0.61976,0.64383
FOSL1,0.61946,0.12968
ATF7,0.61937,0.14396
EOMES,0.61919,1.4624
BHLHE40,0.61915,0.12349
JDP2,0.61913,0.49816
JDP2,0.61906,0.49816
TBP,0.61905,0.01746
TBP,0.61878,0.01746
HESX1,0.61855,0.17438
E2F2,0.61855,0.546
FOXP1,0.61854,-0.47893
PAX8,0.61821,1.96565
ATF7,0.61793,0.14396
XBP1,0.61788,0.09852
GATA6,0.61761,-0.4102
CREB3L1,0.6175,-0.29251
CREB3,0.61723,-0.24841
JUN,0.61723,0.26082
ZNF143,0.61629,-0.08045
MLXIPL,0.61614,1.28556
FLI1,0.61588,-2.13898
NR2F2,0.61575,-0.04126
CEBPA,0.61563,1.86054
TEAD1,0.61561,0.23157
USF1,0.61559,-0.13268
MAX,0.61538,0.13856
CREB3L1,0.61529,-0.29251
USF1,0.61524,-0.13268
E4F1,0.61519,0.19447
MAFB,0.61507,0.64383
RUNX1,0.61505,-0.06798
JDP2,0.61501,0.49816
KLF4,0.61489,1.14393
CEBPA,0.61465,1.86054
SP2,0.61457,-0.07606
MLXIPL,0.61449,1.28556
ATF3,0.61448,0.74563
POU3F3,0.61444,1.52977
PKNOX1,0.61429,-0.01682
HSF1,0.61403,0.46176
HEY2,0.61393,1.09575
TBX20,0.6139,1.45484
GABPA,0.61364,-0.14939
RPP25,0.61355,0.70366
RXRA,0.61347,0.30198
EP300,0.61326,0.07356
MTF1,0.61322,0.11672
CREB3L1,0.61276,-0.29251
SREBF1,0.61276,-0.15578
MYC,0.61238,0.22497
RORA,0.61228,1.26779
ARNT,0.61215,0.03492
IRF1,0.6117,0.07358
CREB3L1,0.61165,-0.29251
XBP1,0.61164,0.09852
CBFB,0.61156,0.09939
SP8,0.61127,1.34044
FOS,0.61119,0.11477
NFIL3,0.61083,0.04188
EPAS1,0.6107,-0.67374
PBX3,0.61055,0.40978
TPI1,0.61046,-0.02368
MYC,0.61044,0.22497
ELF4,0.61022,-0.23961
NFIL3,0.60987,0.04188
RUNX1,0.60985,-0.06798
RORA,0.60982,1.26779
ELK1,0.60972,-0.14318
E2F1,0.60969,-0.14567
FLI1,0.60955,-2.13898
ELK1,0.60953,-0.14318
SREBF1,0.60926,-0.15578
XBP1,0.60894,0.09852
CREB3L1,0.60844,-0.29251
JUNB,0.60822,0.12824
ATF4,0.60809,0.11374
E2F3,0.60796,0.35972
USF2,0.60791,-0.17263
SOX2,0.6079,1.37658
RUNX1,0.60783,-0.06798
ATF3,0.60754,0.74563
JUNB,0.6075,0.12824
FOSL2,0.60718,0.07854
POU5F1,0.60711,-0.17881
SOX2,0.60709,1.37658
HESX1,0.60698,0.17438
TEAD1,0.60698,0.23157
MAFK,0.60681,-0.18717
REST,0.60668,0.20711
DLX5,0.60661,1.14301
CREB3L1,0.60653,-0.29251
RARA,0.60613,-0.25519
GMEB2,0.60598,0.07687
BHLHE41,0.60584,-0.53218
MAFB,0.60581,0.64383
JUND,0.6057,-0.03685
CREB3L1,0.60568,-0.29251
GATA2,0.60563,-0.05162
STAT1,0.60545,-0.01743
JUN,0.60544,0.26082
JUN,0.60543,0.26082
POU6F1,0.60532,-0.06658
STAT3,0.60504,-0.16234
MAFG,0.60481,-0.03675
ELK1,0.60469,-0.14318
HOXA13,0.6045,1.58967
USF1,0.60433,-0.13268
PAX2,0.60422,1.0569
CREB1,0.60405,-0.1189
TBX2,0.60372,0.74219
PAX6,0.60358,0.87769
E2F1,0.60353,-0.14567
TBX20,0.60339,1.45484
OSR2,0.60332,0.51205
CLOCK,0.6033,0.06464
CEBPA,0.60323,1.86054
MEIS3,0.60318,0.68303
NFIL3,0.60304,0.04188
FOSL2,0.60304,0.07854
ATF4,0.60283,0.11374
JUN,0.60267,0.26082
TEAD1,0.60255,0.23157
CREB3L1,0.60252,-0.29251
NR4A2,0.60248,0.11007
CREB3,0.60191,-0.24841
SNAPC4,0.60185,0.21099
JUNB,0.60167,0.12824
HOXA11,0.60165,0.40226
CREB3,0.60143,-0.24841
SREBF2,0.60126,0.00057
GFI1,0.60113,0.95373
RXRA,0.60063,0.30198
RARA,0.6005,-0.25519
RFX5,0.60039,0.24121
FOS,0.60034,0.11477
MYC,0.60016,0.22497
XBP1,0.59999,0.09852
JUN,0.59996,0.26082
BCL11A,0.59967,1.84042
RUNX2,0.59962,-0.44748
HOXB2,0.5995,-0.59651
FOSL1,0.59898,0.12968
ARNT,0.59892,0.03492
RORA,0.5987,1.26779
MYBL1,0.59849,0.21759
HSF1,0.59838,0.46176
NKX6-1,0.59826,1.89061
BHLHE40,0.59786,0.12349
JUND,0.59777,-0.03685
DBP,0.59754,-0.07406
TFAP2A,0.59742,-0.00481
MAFK,0.59738,-0.18717
LEF1,0.59728,0.99309
MAX,0.59728,0.13856
GABPA,0.59698,-0.14939
NFIL3,0.59678,0.04188
ZBED1,0.59666,-0.20248
FOXA1,0.59656,0.59218
THRB,0.59642,0.86606
RAD21,0.596,0.33699
JUN,0.59593,0.26082
REST,0.59577,0.20711
CREB1,0.59571,-0.1189
HSF1,0.5957,0.46176
HOXD3,0.59568,-0.7231
FOSL2,0.59548,0.07854
MAFG,0.59547,-0.03675
POU5F1,0.59545,-0.17881
MEF2C,0.59536,0.40985
PKNOX1,0.59526,-0.01682
JUN,0.59515,0.26082
HMGN3,0.59495,0.37831
NFE2,0.59488,0.59563
MEIS2,0.59484,-0.06534
E2F1,0.59462,-0.14567
ELF4,0.59457,-0.23961
RXRA,0.59453,0.30198
PDCD11,0.59451,0.31354
THRB,0.59376,0.86606
BHLHA15,0.59365,1.12494
HLF,0.5936,1.20049
ATF1,0.59351,-0.08557
NKX6-1,0.59337,1.89061
YY2,0.59335,-0.33904
TCF7,0.59331,0.17771
TBX20,0.59311,1.45484
CREB3,0.59305,-0.24841
HEY2,0.59304,1.09575
TCF4,0.59289,-0.83621
UGP2,0.59289,-0.07187
CTCF,0.59269,0.1109
NFE2L2,0.59231,0.01426
NFKB1,0.59195,-0.02496
XBP1,0.59192,0.09852
USF2,0.5917,-0.17263
GABPA,0.59168,-0.14939
YY2,0.59127,-0.33904
NFKB2,0.59115,0.51364
BRCA1,0.59114,-0.27515
ELK4,0.59076,0.1604
DBP,0.59055,-0.07406
FOSL1,0.59045,0.12968
TBX2,0.59042,0.74219
DBP,0.59034,-0.07406
PAX2,0.59032,1.0569
XBP1,0.59023,0.09852
PROX1,0.59021,1.25768
NFATC1,0.59014,1.17367
ZNF143,0.59005,-0.08045
FOS,0.58961,0.11477
FOSL2,0.58952,0.07854
CREB5,0.58949,0.13627
JDP2,0.58925,0.49816
JUND,0.58911,-0.03685
NKX3-2,0.58907,1.28354
RARG,0.58899,-0.50335
IRF7,0.58891,-0.16734
NFKB1,0.58856,-0.02496
RORA,0.58835,1.26779
NKX2-1,0.58827,2.41647
CREB1,0.58826,-0.1189
ATF3,0.5882,0.74563
RXRA,0.58793,0.30198
JUN,0.58749,0.26082
JUND,0.58714,-0.03685
ATF3,0.58706,0.74563
GMEB2,0.58693,0.07687
EOMES,0.58693,1.4624
TBX20,0.58672,1.45484
MSI2,0.58672,0.47744
CREB3L2,0.58647,0.15749
YY1,0.58629,0.14859
MAFK,0.58618,-0.18717
XBP1,0.58552,0.09852
HOXA13,0.58511,1.58967
ERF,0.58477,-0.20753
FOSL1,0.58457,0.12968
RFX5,0.58421,0.24121
SIX2,0.58394,1.04244
NFE2,0.58392,0.59563
TBP,0.5839,0.01746
SOX2,0.58389,1.37658
JDP2,0.58379,0.49816
JDP2,0.58365,0.49816
TBX2,0.5834,0.74219
USF2,0.58329,-0.17263
FOXF2,0.58324,0.41095
CTCF,0.58316,0.1109
HEY2,0.58303,1.09575
FOSL1,0.58258,0.12968
JUNB,0.5824,0.12824
ZNF143,0.58228,-0.08045
FOXC2,0.58225,-2.00079
NFIL3,0.58213,0.04188
HOXA9,0.5819,0.67702
ATF7,0.58179,0.14396
SIN3A,0.58167,0.04933
HOXA5,0.58164,0.04334
RXRA,0.58142,0.30198
DDIT3,0.58138,0.31605
MAFF,0.58132,0.15237
TGIF1,0.58115,0.24022
HEY1,0.58103,1.16638
MYBL2,0.5809,-0.19707
STAT2,0.58082,0.19114
HMGN3,0.58064,0.37831
CEBPB,0.58064,0.1585
HOXC13,0.58031,0.9857
BACH1,0.58016,-0.08588
FOS,0.58,0.11477
PITX1,0.57968,2.66087
ATF6,0.57941,-0.21495
STAT1,0.57935,-0.01743
NR4A2,0.57934,0.11007
JUN,0.57912,0.26082
CREB3L1,0.57908,-0.29251
VAX2,0.57907,-0.14018
HLF,0.57903,1.20049
STAT2,0.57892,0.19114
NFKB1,0.57887,-0.02496
MAFF,0.57881,0.15237
JDP2,0.57855,0.49816
YY1,0.57833,0.14859
MYC,0.57831,0.22497
ZBED1,0.57824,-0.20248
PBX1,0.57818,-0.73611
XBP1,0.57806,0.09852
MEF2C,0.57799,0.40985
NFATC3,0.57795,0.26356
EP300,0.57753,0.07356
JUN,0.57729,0.26082
PBX1,0.57713,-0.73611
E2F1,0.57705,-0.14567
HOXB3,0.57691,-0.40051
RXRA,0.57687,0.30198
E2F3,0.57684,0.35972
USF1,0.57681,-0.13268
MYC,0.57642,0.22497
SNAI1,0.5764,-0.00065
NFKB2,0.57621,0.51364
MGA,0.57612,0.06935
MAX,0.57607,0.13856
TFAP2A,0.57597,-0.00481
MITF,0.57586,0.30426
BHLHE40,0.57582,0.12349
SOX2,0.57581,1.37658
ZNF143,0.57562,-0.08045
ATF2,0.57542,0.19734
YY2,0.57507,-0.33904
NRL,0.57495,0.13212
RARG,0.57461,-0.50335
CREB3L2,0.57431,0.15749
XBP1,0.57409,0.09852
POU2F2,0.57408,-0.79029
HOXD3,0.57371,-0.7231
RXRA,0.57371,0.30198
TCF21,0.57344,-0.07196
FOSL2,0.57332,0.07854
IRF8,0.57322,0.31482
E4F1,0.57312,0.19447
GRHL1,0.57251,0.60779
MAX,0.57242,0.13856
FOXO6,0.57235,1.52196
GMEB2,0.57233,0.07687
ITGB2,0.57228,1.87118
ARNT,0.57223,0.03492
RUNX3,0.57222,1.32536
CEBPA,0.5722,1.86054
TCF3,0.57217,-0.11833
REST,0.57213,0.20711
ZNF143,0.57202,-0.08045
HLF,0.57194,1.20049
PSMA6,0.57189,-0.06677
TFAP2A,0.57187,-0.00481
CENPB,0.57173,-0.10852
THRB,0.57164,0.86606
HOXC13,0.57146,0.9857
ELK1,0.57134,-0.14318
CREB1,0.57133,-0.1189
MTF1,0.57127,0.11672
TEF,0.57065,-0.46806
USF2,0.5706,-0.17263
MEIS3,0.57036,0.68303
VAX1,0.57012,1.0607
TCF7,0.57,0.17771
SOX15,0.56987,-0.29176
BHLHE41,0.56978,-0.53218
RXRA,0.56969,0.30198
TBP,0.56967,0.01746
TGIF2,0.56931,0.13496
REL,0.56927,0.12775
TFEB,0.56923,-0.41856
PPARG,0.56917,-0.0062
HSF4,0.5686,1.04243
XBP1,0.56856,0.09852
ETV6,0.56845,-0.12382
E2F1,0.5683,-0.14567
ELK4,0.568,0.1604
MEIS3,0.56793,0.68303
NR2F2,0.56793,-0.04126
SREBF2,0.56789,0.00057
MITF,0.56784,0.30426
GMEB2,0.56769,0.07687
RFX5,0.56766,0.24121
HLF,0.5675,1.20049
PITX1,0.56744,2.66087
USF2,0.56738,-0.17263
MITF,0.56737,0.30426
FOSL2,0.56717,0.07854
CREB1,0.56714,-0.1189
ZIC3,0.56704,1.58206
USF2,0.56699,-0.17263
CEBPD,0.56692,0.31811
POU2F2,0.56683,-0.79029
TFAP4,0.56644,0.30334
ESRRB,0.56628,1.09807
CREB3,0.56626,-0.24841
ATF3,0.56616,0.74563
FOXB1,0.56607,1.39094
NFIC,0.56588,-0.21458
CREB3,0.56586,-0.24841
RFX2,0.56556,0.09243
USF2,0.56541,-0.17263
SNAI2,0.56531,-0.12542
FOSL2,0.56514,0.07854
JDP2,0.56502,0.49816
ATF3,0.565,0.74563
FHL2,0.56498,0.26944
TBX20,0.56486,1.45484
XBP1,0.56475,0.09852
CDC5L,0.56451,-0.00818
LHX9,0.56441,-1.03088
FOS,0.56411,0.11477
CEBPD,0.56397,0.31811
RFX5,0.56355,0.24121
FOSL2,0.56351,0.07854
CDX2,0.56302,2.15473
ZBTB3,0.56289,0.39844
ADARB1,0.56279,0.69463
ZBTB3,0.56268,0.39844
NKX6-1,0.56254,1.89061
ZBTB3,0.56231,0.39844
TCF7,0.56226,0.17771
BPTF,0.56226,0.25822
SOX2,0.56212,1.37658
MEIS2,0.56197,-0.06534
ATF6,0.56189,-0.21495
NRL,0.5615,0.13212
JUND,0.56149,-0.03685
CEBPB,0.56142,0.1585
MAFF,0.56136,0.15237
CEBPD,0.56123,0.31811
GLI3,0.56115,-0.16955
TBX2,0.56114,0.74219
RREB1,0.56108,0.27761
JUN,0.56106,0.26082
MAFK,0.561,-0.18717
XBP1,0.56063,0.09852
MECP2,0.56056,0.18722
TWIST1,0.56051,-0.19509
FOXM1,0.56034,-0.09234
TRIM69,0.56018,-0.14646
ETS1,0.56009,0.2381
CEBPB,0.56005,0.1585
FOSL2,0.55977,0.07854
CEBPB,0.55967,0.1585
HOXA10,0.55956,0.50735
ATF3,0.55955,0.74563
LHX9,0.55948,-1.03088
MAFK,0.55925,-0.18717
SREBF1,0.55905,-0.15578
STAT2,0.55878,0.19114
NFE2,0.55876,0.59563
TGIF1,0.55876,0.24022
STAT6,0.55837,-0.29029
HBP1,0.55823,-0.38822
RARA,0.55822,-0.25519
ZKSCAN3,0.55817,0.45019
MAFK,0.55815,-0.18717
ETS1,0.55795,0.2381
SRF,0.55788,-0.18877
MXI1,0.55774,0.36623
PAX9,0.55721,1.51678
JDP2,0.55713,0.49816
HNF4G,0.55713,0.89252
PBX2,0.55702,0.47253
NR4A2,0.55694,0.11007
NFIL3,0.55686,0.04188
HOXA5,0.55657,0.04334
SOX9,0.55606,0.21723
ZNF143,0.55595,-0.08045
NFIL3,0.55595,0.04188
NFIL3,0.5559,0.04188
REL,0.55584,0.12775
CUX2,0.55577,1.0607
JUN,0.55571,0.26082
TFDP1,0.55567,-0.02352
JUND,0.5553,-0.03685
ARNT,0.55526,0.03492
ELK4,0.55508,0.1604
NFE2,0.55495,0.59563
E2F1,0.55488,-0.14567
MYC,0.55481,0.22497
JUND,0.55478,-0.03685
CREB3,0.55475,-0.24841
TFEB,0.55474,-0.41856
JUND,0.55471,-0.03685
STAT3,0.55465,-0.16234
MGA,0.55455,0.06935
CUX1,0.55453,-0.02564
LHX4,0.55421,0.54007
IRF7,0.55415,-0.16734
TBX1,0.55401,1.76691
TEAD1,0.55395,0.23157
HOXA13,0.55393,1.58967
RXRA,0.55387,0.30198
FOXO3,0.55373,-0.09404
ARNT,0.55372,0.03492
TRIP10,0.55351,0.29724
IRF8,0.55335,0.31482
PRDX5,0.5533,0.16078
ELK1,0.55302,-0.14318
FOXA1,0.55297,0.59218
TFAP2C,0.55295,0.6037
RARA,0.55285,-0.25519
NFE2,0.55274,0.59563
JUND,0.55258,-0.03685
NFIA,0.55236,0.15147
XBP1,0.55232,0.09852
CTCF,0.55219,0.1109
FLI1,0.55216,-2.13898
NFE2L2,0.5521,0.01426
STAT3,0.55203,-0.16234
E2F1,0.55192,-0.14567
NKX3-1,0.55151,-0.17361
NFATC2,0.55144,0.12494
TCF3,0.55091,-0.11833
ZBED1,0.55081,-0.20248
TFAP2A,0.55078,-0.00481
JUN,0.55072,0.26082
VDR,0.55065,0.18204
YY2,0.55059,-0.33904
ESRRA,0.55058,0.36686
PBX1,0.55056,-0.73611
MAFA,0.55039,1.66573
RBM42,0.55036,-0.05871
GMEB2,0.55027,0.07687
NFKB1,0.55017,-0.02496
STAT3,0.55,-0.16234
HEY1,0.54995,1.16638
PBX3,0.54976,0.40978
NFIC,0.54975,-0.21458
VAX2,0.54945,-0.14018
FOSL2,0.54905,0.07854
FOXK1,0.54899,0.61424
ATF3,0.54887,0.74563
C19orf25,0.54887,0.07305
STAT3,0.54849,-0.16234
POU3F2,0.5484,1.7839
PAX8,0.54837,1.96565
JUND,0.54837,-0.03685
CEBPB,0.54823,0.1585
BACH2,0.54811,1.29373
JUN,0.54798,0.26082
NR2C2,0.54768,0.21475
CEBPD,0.54757,0.31811
HOXC13,0.54722,0.9857
USF1,0.54721,-0.13268
HOXA1,0.54718,0.09858
TP53,0.54712,-0.06103
CUX1,0.5471,-0.02564
RFX3,0.54708,0.21238
RXRA,0.54705,0.30198
MAFK,0.54703,-0.18717
HESX1,0.54688,0.17438
TGIF2,0.54642,0.13496
FOSL2,0.54627,0.07854
NR3C1,0.54627,-0.11267
NFE2L2,0.54585,0.01426
TFAP2C,0.54563,0.6037
IRF8,0.54561,0.31482
HEY2,0.54558,1.09575
RXRA,0.54553,0.30198
SREBF2,0.54544,0.00057
JUN,0.54533,0.26082
ATF2,0.54524,0.19734
ONECUT2,0.54515,1.50408
EPAS1,0.54515,-0.67374
TEAD1,0.54513,0.23157
CREB3L1,0.54512,-0.29251
LHX2,0.54506,1.74567
ATF2,0.54481,0.19734
ETV3,0.54478,0.22639
E2F1,0.54466,-0.14567
CREB3L2,0.54449,0.15749
TGIF2,0.54432,0.13496
PITX1,0.54398,2.66087
MYC,0.54388,0.22497
OTX1,0.54382,0.61502
BHLHE40,0.54359,0.12349
STAT3,0.54346,-0.16234
CEBPA,0.54342,1.86054
ATF1,0.54342,-0.08557
MAX,0.5434,0.13856
TFAP2C,0.54307,0.6037
MAFF,0.54299,0.15237
MAFB,0.54295,0.64383
TEAD1,0.54288,0.23157
CLOCK,0.54287,0.06464
ESX1,0.54282,1.18752
EN1,0.5428,1.50651
USF1,0.54254,-0.13268
ZNF143,0.5423,-0.08045
NFIA,0.54217,0.15147
CEBPB,0.54212,0.1585
CEBPB,0.54184,0.1585
POU2F1,0.54164,0.47712
HOXB3,0.54163,-0.40051
JUN,0.54154,0.26082
ATF3,0.54131,0.74563
JUND,0.54121,-0.03685
HOXC6,0.54116,-0.04045
NR2F1,0.54115,-0.40683
BRCA1,0.54112,-0.27515
NFKB2,0.54107,0.51364
POU2F2,0.54107,-0.79029
HOXA2,0.54095,-0.49643
ATF3,0.54093,0.74563
MAFK,0.54084,-0.18717
POU3F2,0.54058,1.7839
TEF,0.54041,-0.46806
ZSCAN31,0.53991,-0.51355
HSF1,0.53957,0.46176
CREB3L2,0.53948,0.15749
CREB1,0.53941,-0.1189
SOX7,0.53938,0.94009
GLI2,0.53931,0.00519
BHLHE41,0.53925,-0.53218
CREB3,0.5392,-0.24841
ATF6,0.53914,-0.21495
FOSL1,0.53855,0.12968
MGA,0.53844,0.06935
EP300,0.53838,0.07356
JUND,0.53834,-0.03685
BHLHE41,0.53794,-0.53218
THRB,0.53788,0.86606
TBX20,0.53786,1.45484
MSX1,0.53782,0.83405
PKNOX1,0.53757,-0.01682
IRF2,0.53755,-0.18248
NR2F1,0.53753,-0.40683
MAF,0.53724,1.50435
JUNB,0.53712,0.12824
SOX18,0.53711,1.26007
HINFP,0.53682,0.09309
ESRRB,0.53644,1.09807
CREB3,0.53621,-0.24841
GATA3,0.5359,0.63765
ZBTB7A,0.53581,-0.03833
CREB3L1,0.53578,-0.29251
RXRB,0.53558,0.14875
ELF1,0.53552,-0.0385
NFATC1,0.5354,1.17367
POU2F2,0.53528,-0.79029
JUN,0.53524,0.26082
REL,0.53505,0.12775
RORA,0.53501,1.26779
RFX5,0.535,0.24121
IRF2,0.53497,-0.18248
ZBTB3,0.53482,0.39844
IRF5,0.53456,0.56234
USF2,0.53413,-0.17263
ARNT,0.53413,0.03492
FOXK1,0.53404,0.61424
FOXF2,0.53402,0.41095
FOS,0.53365,0.11477
RUNX2,0.53356,-0.44748
DBP,0.53337,-0.07406
BHLHE40,0.53331,0.12349
AR,0.53295,0.74347
JUNB,0.53282,0.12824
XBP1,0.53266,0.09852
TEF,0.53259,-0.46806
MLXIPL,0.53258,1.28556
XBP1,0.53254,0.09852
TBX20,0.5325,1.45484
RFX1,0.53249,0.20032
ATF3,0.53242,0.74563
SOX8,0.53229,0.98528
FOSB,0.53217,0.22429
PITX1,0.53216,2.66087
BARHL2,0.5321,1.83251
ETV6,0.53209,-0.12382
ARNT,0.53203,0.03492
E2F1,0.53202,-0.14567
MAFB,0.532,0.64383
ETV1,0.5318,0.0445
SRF,0.53179,-0.18877
CENPB,0.53139,-0.10852
ZNF652,0.53117,0.37539
FOSL1,0.53099,0.12968
NFE2L2,0.53045,0.01426
RNASEH2C,0.53041,0.22658
PCK2,0.53041,0.89665
REL,0.53039,0.12775
FOXJ3,0.53031,0.24609
TFEB,0.53017,-0.41856
SMC3,0.53015,0.09897
BARX1,0.5301,1.13672
RFX5,0.53006,0.24121
PROX1,0.5299,1.25768
HOXB2,0.52983,-0.59651
YY2,0.52961,-0.33904
FOS,0.52938,0.11477
EGR1,0.52936,0.22639
TBX1,0.52935,1.76691
HOXB8,0.52919,0.34207
E2F3,0.52894,0.35972
CREB3L2,0.52885,0.15749
FOSL1,0.52868,0.12968
FOXC2,0.52856,-2.00079
FOXO3,0.52836,-0.09404
GATA3,0.5283,0.63765
ELK1,0.52823,-0.14318
HIF1A,0.52818,-0.1013
LHX6,0.52757,1.97772
NFIB,0.52704,-0.34392
TFEB,0.52675,-0.41856
TGIF1,0.52666,0.24022
USF2,0.52664,-0.17263
MAFK,0.52656,-0.18717
HOXB13,0.52645,1.17107
HOXB7,0.52607,0.26541
TCF4,0.52601,-0.83621
HOXA13,0.526,1.58967
ATF6,0.52597,-0.21495
MLX,0.52589,0.04225
MEIS3,0.52583,0.68303
ELK1,0.52563,-0.14318
HEY1,0.52556,1.16638
HLF,0.52545,1.20049
NR2F1,0.52513,-0.40683
FOSB,0.5251,0.22429
BARX1,0.5249,1.13672
SOD1,0.52464,-0.02102
ATF3,0.5246,0.74563
FOXO6,0.52453,1.52196
ELK1,0.52436,-0.14318
SNAI2,0.52429,-0.12542
VAMP3,0.52411,-0.18617
XBP1,0.52407,0.09852
HLF,0.52404,1.20049
CREB3,0.52398,-0.24841
ETV6,0.52365,-0.12382
ETV3,0.52357,0.22639
ARID3A,0.52356,0.49887
GATA3,0.52336,0.63765
PKNOX2,0.52318,0.45558
BHLHE41,0.52311,-0.53218
GATA3,0.52303,0.63765
ESX1,0.52291,1.18752
HLF,0.52273,1.20049
FOXD1,0.52267,0.21153
GABPA,0.52264,-0.14939
MAX,0.52252,0.13856
CREB3,0.52202,-0.24841
BCL6,0.52178,-0.46691
EMX1,0.52161,1.22011
NFE2L1,0.52155,-0.03223
SRF,0.52132,-0.18877
HINFP,0.52123,0.09309
SOX9,0.52096,0.21723
PAXIP1,0.52096,0.01033
THRA,0.52086,-0.23344
HEY2,0.52047,1.09575
ESRRA,0.52034,0.36686
ATF4,0.52023,0.11374
CEBPG,0.52015,0.22789
ATF3,0.52012,0.74563
XBP1,0.52001,0.09852
FOXJ2,0.51998,-0.10174
CENPB,0.51995,-0.10852
ZNF143,0.51992,-0.08045
USF1,0.51989,-0.13268
FOS,0.5195,0.11477
SREBF1,0.51949,-0.15578
ATF3,0.51948,0.74563
PSMC2,0.51945,-0.51529
XBP1,0.51931,0.09852
GMEB2,0.51896,0.07687
JUN,0.51888,0.26082
MNT,0.51882,0.05603
YY2,0.5188,-0.33904
POU2F1,0.51877,0.47712
CREB1,0.51868,-0.1189
XBP1,0.51853,0.09852
CTCF,0.51851,0.1109
USF2,0.5182,-0.17263
PDX1,0.51808,1.13033
RORA,0.51802,1.26779
FOXC1,0.51793,0.69824
CREB1,0.51767,-0.1189
MSX1,0.51749,0.83405
TFAP2C,0.51746,0.6037
HIVEP1,0.51717,0.17371
SP3,0.51716,0.05187
STAT1,0.51693,-0.01743
FOS,0.51682,0.11477
PBX3,0.5167,0.40978
GATA3,0.51653,0.63765
MAFK,0.51635,-0.18717
JDP2,0.51629,0.49816
GATA3,0.51612,0.63765
MLX,0.5161,0.04225
USF2,0.51585,-0.17263
HLF,0.5158,1.20049
NFYA,0.51578,-0.02481
NFE2L2,0.51566,0.01426
E2F4,0.51558,0.14148
HOXC8,0.5155,0.02345
HOXC13,0.51545,0.9857
CREB3L1,0.51534,-0.29251
MSX1,0.51532,0.83405
CREB3L1,0.51522,-0.29251
NR6A1,0.51515,0.87404
TFDP1,0.51476,-0.02352
NKX2-8,0.51464,1.30963
CREB3L2,0.51462,0.15749
CREB1,0.51459,-0.1189
POU2F2,0.51453,-0.79029
JUND,0.51424,-0.03685
MAFK,0.51419,-0.18717
HEY2,0.51397,1.09575
CREB1,0.51392,-0.1189
FOS,0.51391,0.11477
FOXC1,0.51382,0.69824
ARNT,0.51376,0.03492
ELK4,0.51362,0.1604
CEBPB,0.51358,0.1585
POU2F2,0.51352,-0.79029
USF2,0.51348,-0.17263
TBX1,0.51308,1.76691
JUND,0.51307,-0.03685
BHLHA15,0.51291,1.12494
FOSL1,0.51258,0.12968
CREB3L1,0.51252,-0.29251
ATF1,0.51245,-0.08557
DDX20,0.51241,0.2126
SOX18,0.51239,1.26007
MAFK,0.51239,-0.18717
BRCA1,0.51235,-0.27515
IRF3,0.51231,-0.1629
HSF1,0.5123,0.46176
RORA,0.5123,1.26779
ELF2,0.51192,0.08062
RXRB,0.51186,0.14875
PROX1,0.51172,1.25768
FOXB1,0.51172,1.39094
NFIA,0.51171,0.15147
NFIL3,0.51163,0.04188
NFE2,0.51162,0.59563
TBX20,0.51147,1.45484
E2F6,0.51127,0.21414
STAT4,0.5111,0.55131
HEY1,0.5111,1.16638
ATF6,0.51098,-0.21495
ZBTB33,0.51097,0.15431
XBP1,0.51052,0.09852
ELF2,0.51041,0.08062
POU2F2,0.51039,-0.79029
RARA,0.51033,-0.25519
NR2F2,0.51021,-0.04126
PBX1,0.51016,-0.73611
XBP1,0.50995,0.09852
ESRRA,0.50987,0.36686
ATF7,0.50985,0.14396
NFE2,0.50962,0.59563
ATF7,0.50958,0.14396
ATF3,0.50956,0.74563
TCF7,0.50954,0.17771
GMEB2,0.50948,0.07687
INSM1,0.50938,1.22789
MNT,0.50937,0.05603
MEIS3,0.5093,0.68303
NFKB1,0.50929,-0.02496
PROX1,0.50922,1.25768
IRF9,0.50909,0.07959
DDIT3,0.50906,0.31605
MGA,0.50904,0.06935
CENPB,0.50898,-0.10852
CREB3L2,0.50883,0.15749
MSX1,0.50882,0.83405
HOXC11,0.50855,0.58072
CREB3L1,0.50847,-0.29251
HESX1,0.5083,0.17438
E4F1,0.50799,0.19447
ATF6,0.50797,-0.21495
JUNB,0.50793,0.12824
E2F6,0.50761,0.21414
HIVEP1,0.50758,0.17371
RUNX1,0.50752,-0.06798
GTF3C2,0.50749,-0.0718
SRF,0.50748,-0.18877
MAX,0.50747,0.13856
BARHL2,0.50738,1.83251
MYB,0.50736,-0.11523
FOXP3,0.50733,0.80403
POU3F2,0.50703,1.7839
MNT,0.50696,0.05603
TFEB,0.50681,-0.41856
MAFB,0.50664,0.64383
POU5F1,0.50648,-0.17881
PKNOX2,0.50638,0.45558
GATA2,0.50635,-0.05162
ZNF652,0.50617,0.37539
ESRRB,0.50614,1.09807
GATA3,0.50612,0.63765
NFE2,0.50604,0.59563
CREB3L1,0.50586,-0.29251
ASPSCR1,0.50554,-0.23327
IRF8,0.50547,0.31482
GABPA,0.5054,-0.14939
NFKB1,0.50539,-0.02496
POU2F2,0.50531,-0.79029
AR,0.5051,0.74347
JUND,0.505,-0.03685
RFX1,0.50479,0.20032
BHLHE41,0.50467,-0.53218
STAT1,0.50459,-0.01743
MAFK,0.5043,-0.18717
CNOT6,0.50402,0.42374
MAFK,0.504,-0.18717
GATA2,0.50398,-0.05162
JUN,0.50384,0.26082
RARA,0.50377,-0.25519
HOXC10,0.50373,0.94574
FOS,0.5037,0.11477
TFE3,0.50366,-0.02572
JDP2,0.50364,0.49816
GATA6,0.5036,-0.4102
FOS,0.5035,0.11477
EP300,0.5034,0.07356
ETV6,0.50312,-0.12382
TGIF1,0.50298,0.24022
RAD21,0.50296,0.33699
ELK1,0.5029,-0.14318
HBP1,0.50283,-0.38822
MAX,0.50261,0.13856
CREB5,0.5026,0.13627
ATF1,0.50243,-0.08557
TCF7,0.50237,0.17771
SOX12,0.50204,0.14955
TFEB,0.50199,-0.41856
HOXD11,0.50198,0.14834
TFAP4,0.50191,0.30334
ESRRA,0.5019,0.36686
STAT1,0.50168,-0.01743
RAD21,0.50154,0.33699
BCL11A,0.50154,1.84042
CHD2,0.50144,0.16413
MAFK,0.5013,-0.18717
NR1H2,0.50122,-0.17777
MLXIPL,0.50103,1.28556
SIX4,0.50052,0.71485
JUN,0.50042,0.26082
BHLHE41,0.5002,-0.53218
EMX1,0.50014,1.22011
FOSL2,0.50011,0.07854
REL,0.50006,0.12775
FLI1,0.49983,-2.13898
FOXK1,0.49977,0.61424
RUNX3,0.49951,1.32536
ASAP3,0.49941,-0.03807
ZBTB3,0.4994,0.39844
FOSB,0.49936,0.22429
EP300,0.49926,0.07356
ZBTB7A,0.49919,-0.03833
BCL11A,0.49901,1.84042
CEBPB,0.4989,0.1585
RXRA,0.4988,0.30198
SREBF1,0.49873,-0.15578
DLX1,0.49863,0.10983
BHLHE41,0.49858,-0.53218
ESRRB,0.49853,1.09807
NFKB2,0.49843,0.51364
EN2,0.49807,1.5098
JUNB,0.49802,0.12824
NR4A2,0.49786,0.11007
MYC,0.49785,0.22497
E4F1,0.49784,0.19447
HEY1,0.49778,1.16638
FOXJ3,0.49751,0.24609
CXXC1,0.49751,-0.20636
CREB3L1,0.49749,-0.29251
JUN,0.49749,0.26082
TFAP2C,0.49741,0.6037
NKX3-2,0.4974,1.28354
ESRRB,0.49736,1.09807
JDP2,0.49735,0.49816
GMEB2,0.49732,0.07687
MEIS1,0.49712,-0.46847
BACH1,0.4967,-0.08588
ELK1,0.49669,-0.14318
PPARA,0.49666,0.48827
YY1,0.49666,0.14859
NFE2,0.49647,0.59563
SOX18,0.49641,1.26007
GATA2,0.49622,-0.05162
CREB3L1,0.49621,-0.29251
USF2,0.49621,-0.17263
RXRA,0.49619,0.30198
ZBTB4,0.49616,-0.18334
REL,0.49609,0.12775
FOSL2,0.49598,0.07854
CEBPD,0.49576,0.31811
MBTPS2,0.49566,-0.21475
HMX2,0.49557,1.25527
TBP,0.49555,0.01746
JUNB,0.49542,0.12824
HOXC10,0.49536,0.94574
PPARG,0.49534,-0.0062
HEY1,0.49491,1.16638
ATF3,0.49486,0.74563
TFAP2C,0.49484,0.6037
ETV6,0.49479,-0.12382
MAFK,0.49449,-0.18717
MEOX1,0.49446,0.5983
TEAD3,0.49432,-0.10294
CTCF,0.49431,0.1109
ESRRA,0.49418,0.36686
CREB3L1,0.49413,-0.29251
NFE2L1,0.49403,-0.03223
HEY2,0.49396,1.09575
NKX6-1,0.49389,1.89061
LHX2,0.49384,1.74567
YY1,0.49376,0.14859
ATF7,0.49375,0.14396
ASAP3,0.49363,-0.03807
ELF1,0.49361,-0.0385
RORA,0.4936,1.26779
POU3F2,0.49332,1.7839
MAFF,0.49316,0.15237
LMO2,0.49307,0.51266
E4F1,0.49307,0.19447
MITF,0.49303,0.30426
PBX1,0.49297,-0.73611
ELK1,0.49293,-0.14318
RUNX2,0.4929,-0.44748
ZBTB7A,0.49289,-0.03833
FOXO4,0.49286,0.05375
NFIL3,0.49284,0.04188
IRF7,0.49278,-0.16734
FOSL1,0.49274,0.12968
ZNF75A,0.49244,0.45123
SOX9,0.49227,0.21723
ELF1,0.49216,-0.0385
GATA2,0.49213,-0.05162
DBP,0.49208,-0.07406
ELK3,0.49206,-0.31483
E2F1,0.49204,-0.14567
FOS,0.49199,0.11477
MAFG,0.49198,-0.03675
NR3C1,0.49197,-0.11267
GATA2,0.49187,-0.05162
SMC3,0.49179,0.09897
NFIL3,0.49178,0.04188
TGIF1,0.49172,0.24022
USF1,0.49172,-0.13268
POU5F1,0.49165,-0.17881
CTCF,0.49164,0.1109
TGIF1,0.4915,0.24022
MAFK,0.49137,-0.18717
TIMM44,0.49126,0.20905
NFATC1,0.49116,1.17367
SOX2,0.49112,1.37658
HAND1,0.49104,0.94118
ZNF143,0.49104,-0.08045
POU6F1,0.49081,-0.06658
GMEB2,0.49076,0.07687
EN2,0.49069,1.5098
ELK1,0.49068,-0.14318
BCL11A,0.49064,1.84042
TFAP4,0.49059,0.30334
RORA,0.49039,1.26779
JUND,0.49018,-0.03685
JUN,0.49001,0.26082
FOSB,0.49,0.22429
SIX5,0.48987,-0.04506
TBX2,0.4897,0.74219
NR2F1,0.48969,-0.40683
CEBPB,0.48958,0.1585
ARNT,0.48942,0.03492
FOS,0.48942,0.11477
NFIC,0.48928,-0.21458
RFX2,0.48904,0.09243
MNX1,0.48893,2.02938
CEBPB,0.48877,0.1585
CTCF,0.48846,0.1109
CREB5,0.48846,0.13627
FOSL2,0.4884,0.07854
SOX2,0.48802,1.37658
RORA,0.488,1.26779
NFKB1,0.48794,-0.02496
JDP2,0.48785,0.49816
ZNF143,0.48781,-0.08045
NFIC,0.48753,-0.21458
SIX1,0.48737,0.9836
USF1,0.48737,-0.13268
STAT3,0.48729,-0.16234
NFKB2,0.48711,0.51364
VDR,0.48682,0.18204
ATF3,0.48666,0.74563
CTCF,0.48662,0.1109
FLI1,0.48652,-2.13898
ATF7,0.48649,0.14396
CREB3L1,0.48641,-0.29251
CREB3L1,0.48638,-0.29251
FOXP2,0.48625,0.88336
REST,0.48615,0.20711
EP300,0.48607,0.07356
SREBF1,0.48603,-0.15578
JUN,0.48591,0.26082
LBX2,0.48586,1.06169
NR1H2,0.48585,-0.17777
NR2F1,0.48574,-0.40683
CEBPB,0.48573,0.1585
ATF2,0.48561,0.19734
PBX1,0.48559,-0.73611
HINFP,0.48547,0.09309
TFEB,0.48538,-0.41856
FOXK1,0.48497,0.61424
MLXIPL,0.48486,1.28556
MAFK,0.48478,-0.18717
RORA,0.48469,1.26779
ATF3,0.48469,0.74563
RAD21,0.48448,0.33699
CEBPB,0.48442,0.1585
JUND,0.48434,-0.03685
NFIC,0.48412,-0.21458
NFATC1,0.484,1.17367
SREBF2,0.48376,0.00057
SOX2,0.48376,1.37658
NFIA,0.48366,0.15147
E2F1,0.48341,-0.14567
CEBPB,0.48339,0.1585
BACH2,0.48305,1.29373
ZBED1,0.48283,-0.20248
CEBPA,0.48244,1.86054
JUN,0.48238,0.26082
GATA2,0.48237,-0.05162
JUND,0.48232,-0.03685
ATF3,0.48219,0.74563
FOS,0.48214,0.11477
HOXC11,0.482,0.58072
JDP2,0.48193,0.49816
TBX2,0.48185,0.74219
CEBPB,0.48184,0.1585
CEBPG,0.48181,0.22789
FOXB1,0.48178,1.39094
TBX20,0.48174,1.45484
HOXC13,0.48172,0.9857
MAX,0.48166,0.13856
CREB3,0.4816,-0.24841
AR,0.48125,0.74347
ZNF282,0.48112,0.11948
SREBF1,0.48105,-0.15578
NFIC,0.48097,-0.21458
HEY2,0.48067,1.09575
THRA,0.48065,-0.23344
MESP1,0.48064,0.43381
CTCF,0.48046,0.1109
STAT1,0.48035,-0.01743
CREB3L1,0.48029,-0.29251
JDP2,0.48013,0.49816
JDP2,0.48009,0.49816
IKZF2,0.48002,0.28605
STAT1,0.47999,-0.01743
CREB3L1,0.47998,-0.29251
STAT3,0.47992,-0.16234
ZKSCAN1,0.4796,0.25502
DBP,0.47951,-0.07406
TWIST1,0.47931,-0.19509
VDR,0.47931,0.18204
HOXA5,0.47926,0.04334
CEBPG,0.47915,0.22789
PITX2,0.47892,1.94874
MYC,0.4788,0.22497
ESRRA,0.47872,0.36686
TBX20,0.47858,1.45484
JUNB,0.47838,0.12824
HOXC11,0.47827,0.58072
ARNT,0.47816,0.03492
ATF3,0.47793,0.74563
RUNX1,0.47789,-0.06798
GATA2,0.47781,-0.05162
CREB1,0.47756,-0.1189
JUN,0.47748,0.26082
BARHL2,0.47748,1.83251
JUN,0.47746,0.26082
HEY1,0.47741,1.16638
ATF2,0.47727,0.19734
NFE2,0.4771,0.59563
USF1,0.47707,-0.13268
MAFB,0.47686,0.64383
ATF7,0.47679,0.14396
CEBPD,0.47672,0.31811
HIF1A,0.47668,-0.1013
MAX,0.47665,0.13856
HLF,0.47656,1.20049
ATF1,0.47641,-0.08557
REST,0.47639,0.20711
CUX1,0.47634,-0.02564
MEIS3,0.47598,0.68303
FOSL2,0.47594,0.07854
JUN,0.47586,0.26082
GATA6,0.47574,-0.4102
ESRRG,0.47556,1.19866
MEIS1,0.47552,-0.46847
CREB3L2,0.47549,0.15749
MEIS1,0.47545,-0.46847
TEAD3,0.47544,-0.10294
TCF4,0.47544,-0.83621
JDP2,0.47537,0.49816
STAT1,0.47519,-0.01743
TFCP2,0.47519,-0.18064
SRF,0.47499,-0.18877
FOSL1,0.47498,0.12968
ATF3,0.47493,0.74563
FOXO3,0.47487,-0.09404
YY1,0.47456,0.14859
JUND,0.47455,-0.03685
CEBPB,0.47454,0.1585
LHX6,0.4745,1.97772
MAFA,0.47438,1.66573
MYC,0.47434,0.22497
EP300,0.47434,0.07356
SRF,0.47421,-0.18877
TEF,0.47419,-0.46806
AR,0.47416,0.74347
MEIS3,0.47382,0.68303
CTCF,0.47378,0.1109
ELF1,0.47374,-0.0385
ESRRA,0.4736,0.36686
JUND,0.47357,-0.03685
TBX1,0.47343,1.76691
ATF3,0.47333,0.74563
ZNF75A,0.47327,0.45123
RUNX2,0.47324,-0.44748
USF1,0.47298,-0.13268
JUN,0.47287,0.26082
RUNX1,0.47287,-0.06798
NR2F6,0.47285,-0.07863
CREB3L2,0.47267,0.15749
CLOCK,0.47252,0.06464
ZIC3,0.47226,1.58206
CREM,0.4722,-0.0345
MEIS2,0.47217,-0.06534
POU5F1,0.47196,-0.17881
CREB3L1,0.47194,-0.29251
JUND,0.47192,-0.03685
ATF2,0.47188,0.19734
GFI1,0.47182,0.95373
ATF3,0.47181,0.74563
NFIA,0.47161,0.15147
PITX2,0.47135,1.94874
E2F1,0.47063,-0.14567
IRF4,0.4705,-0.17271
HINFP,0.47041,0.09309
E2F8,0.47024,0.20928
NFKB1,0.47014,-0.02496
HERPUD1,0.4701,0.11175
ALX4,0.47006,1.37058
GATA2,0.47001,-0.05162
CEBPA,0.47,1.86054
FOSB,0.46975,0.22429
TCF4,0.46969,-0.83621
ZBTB3,0.46965,0.39844
TEAD1,0.46936,0.23157
STAT1,0.4693,-0.01743
ZBTB6,0.4692,0.06759
ETS1,0.46908,0.2381
NFE2,0.4687,0.59563
MYC,0.46839,0.22497
MAFG,0.46821,-0.03675
LHX2,0.4682,1.74567
SRF,0.46807,-0.18877
SOX15,0.46803,-0.29176
HINFP,0.46783,0.09309
POU3F2,0.46779,1.7839
REST,0.46771,0.20711
MITF,0.46751,0.30426
ATF7,0.46747,0.14396
E2F1,0.46725,-0.14567
HOXC10,0.46719,0.94574
NFKB1,0.46703,-0.02496
CREB1,0.46684,-0.1189
CTCF,0.4667,0.1109
ETS1,0.46658,0.2381
POU2F2,0.46646,-0.79029
ETS1,0.46641,0.2381
JDP2,0.46633,0.49816
NFYA,0.46632,-0.02481
ATF3,0.4663,0.74563
FLI1,0.46619,-2.13898
YY1,0.46612,0.14859
NR2C2,0.46606,0.21475
IRF1,0.46596,0.07358
ETS1,0.46559,0.2381
NKX3-2,0.46556,1.28354
FOSB,0.46553,0.22429
MYBL1,0.46515,0.21759
MAFF,0.46513,0.15237
TBP,0.46509,0.01746
E4F1,0.46509,0.19447
USF2,0.46508,-0.17263
TFEB,0.46508,-0.41856
THRA,0.46508,-0.23344
ATF1,0.46488,-0.08557
JDP2,0.46453,0.49816
FOXG1,0.46445,1.5762
NFE2L2,0.46443,0.01426
RUNX3,0.46443,1.32536
PDX1,0.46437,1.13033
ZNF628,0.46435,-0.14656
VDR,0.46413,0.18204
OLIG2,0.46397,0.79877
JDP2,0.46367,0.49816
ZNF3,0.46363,0.04979
NKX2-5,0.46363,1.55041
THAP5,0.46363,-0.36523
LHX9,0.46363,-1.03088
VAX2,0.46362,-0.14018
ETV6,0.46353,-0.12382
ANXA1,0.46319,-0.16277
GLI2,0.46296,0.00519
FOXO1,0.46296,0.19161
TCF3,0.46294,-0.11833
TFE3,0.46292,-0.02572
RXRA,0.46292,0.30198
TBX20,0.46291,1.45484
TEAD1,0.46268,0.23157
ELK1,0.46267,-0.14318
NR2F6,0.46261,-0.07863
ELF1,0.46244,-0.0385
BHLHA15,0.46238,1.12494
CEBPB,0.46214,0.1585
POU6F1,0.46192,-0.06658
ESRRA,0.46181,0.36686
POU2F1,0.46168,0.47712
MAFF,0.4616,0.15237
AR,0.46129,0.74347
POU6F1,0.46127,-0.06658
ESRRB,0.46126,1.09807
FOSB,0.46121,0.22429
TWIST1,0.46118,-0.19509
NFKB1,0.46066,-0.02496
RARA,0.46051,-0.25519
MEIS1,0.46016,-0.46847
JUN,0.46008,0.26082
NR2F2,0.4599,-0.04126
NFE2,0.45988,0.59563
MAFK,0.4598,-0.18717
JUN,0.45946,0.26082
USF2,0.45935,-0.17263
NKX3-1,0.45931,-0.17361
MGA,0.45925,0.06935
RUNX1,0.45924,-0.06798
JDP2,0.45914,0.49816
TCF4,0.4591,-0.83621
NFKB1,0.45908,-0.02496
ARID5B,0.45892,-0.5962
USF1,0.45839,-0.13268
JDP2,0.45837,0.49816
EP300,0.4579,0.07356
IRF9,0.45785,0.07959
INSM1,0.45784,1.22789
STAT1,0.45782,-0.01743
ETV1,0.45778,0.0445
NR2C2,0.45767,0.21475
DBP,0.45739,-0.07406
GTF2I,0.45725,-0.05514
MGA,0.45722,0.06935
ZBED1,0.45722,-0.20248
ELK1,0.4572,-0.14318
HEY2,0.45718,1.09575
ATF7,0.45708,0.14396
ZBTB7A,0.45705,-0.03833
KLF4,0.45698,1.14393
XBP1,0.45691,0.09852
BHLHE41,0.4569,-0.53218
ATF2,0.45679,0.19734
RARA,0.45679,-0.25519
XBP1,0.45672,0.09852
EXO5,0.45656,0.14677
TEAD1,0.45655,0.23157
ELK1,0.45653,-0.14318
ZBTB6,0.4565,0.06759
ELK4,0.45619,0.1604
CREB3L1,0.45607,-0.29251
RARA,0.45576,-0.25519
ATF3,0.45554,0.74563
FOXO6,0.45552,1.52196
MSC,0.45547,0.03375
HSF1,0.45546,0.46176
TFEB,0.45527,-0.41856
THAP1,0.45523,0.30516
BCL6,0.4552,-0.46691
MAFK,0.4551,-0.18717
TEAD4,0.45493,0.33182
ATF2,0.45489,0.19734
XBP1,0.45469,0.09852
ELK1,0.45451,-0.14318
CREM,0.45425,-0.0345
MLX,0.45423,0.04225
MLXIPL,0.45393,1.28556
ATF3,0.45377,0.74563
SIX5,0.45376,-0.04506
MYC,0.45374,0.22497
ESRRA,0.45369,0.36686
ATF7,0.45357,0.14396
REST,0.45341,0.20711
GABPA,0.45313,-0.14939
ISL1,0.45312,1.63749
CREB5,0.45309,0.13627
HLF,0.45263,1.20049
SOX7,0.45241,0.94009
OLIG2,0.4523,0.79877
NFKB1,0.45228,-0.02496
ATF3,0.4522,0.74563
ZNF75A,0.45218,0.45123
ZFX,0.45186,-0.17371
HOXC10,0.45179,0.94574
MAFK,0.45168,-0.18717
REST,0.45166,0.20711
HMX2,0.45165,1.25527
ELK1,0.45157,-0.14318
NKX3-1,0.45154,-0.17361
USF1,0.45152,-0.13268
AHR,0.45151,-0.31593
ESRRA,0.45143,0.36686
HEY2,0.45143,1.09575
CTCF,0.45136,0.1109
PAX2,0.45112,1.0569
E2F4,0.45112,0.14148
TEAD3,0.45102,-0.10294
FOSL2,0.45098,0.07854
ZFP3,0.45089,0.80123
CTCF,0.45083,0.1109
NR2F2,0.45058,-0.04126
CREB3,0.45057,-0.24841
FOSL2,0.45039,0.07854
HLF,0.45039,1.20049
MAFK,0.45032,-0.18717
YY1,0.45026,0.14859
JUND,0.45012,-0.03685
FOSL2,0.45003,0.07854
TIMM8A,0.4496,0.05672
E2F1,0.44949,-0.14567
FOSL2,0.44923,0.07854
JDP2,0.44921,0.49816
ATF3,0.44913,0.74563
RXRA,0.44888,0.30198
RFX3,0.44838,0.21238
CEBPA,0.44834,1.86054
MLX,0.44804,0.04225
HLF,0.44796,1.20049
JUN,0.44791,0.26082
TFE3,0.4478,-0.02572
CCDC6,0.44772,0.18592
IRF4,0.44749,-0.17271
NKX2-5,0.44749,1.55041
HEY2,0.44739,1.09575
TFAP2A,0.44723,-0.00481
ELK1,0.44718,-0.14318
GABPA,0.44683,-0.14939
RXRA,0.44664,0.30198
YY1,0.44656,0.14859
PBX3,0.44654,0.40978
EOMES,0.44649,1.4624
GABPA,0.44644,-0.14939
XBP1,0.4462,0.09852
TBX1,0.44617,1.76691
MEF2D,0.44617,-0.06654
MEOX1,0.44582,0.5983
ETV6,0.44574,-0.12382
FOXO6,0.44568,1.52196
DLX2,0.44565,0.70947
IRF2,0.44544,-0.18248
CREB3,0.44534,-0.24841
NFKB1,0.44531,-0.02496
GATA2,0.4453,-0.05162
PBX1,0.44524,-0.73611
FOXC1,0.44502,0.69824
RFX2,0.44497,0.09243
CREB3L1,0.44481,-0.29251
GABPA,0.44479,-0.14939
RARA,0.44478,-0.25519
USF2,0.44468,-0.17263
STAT3,0.44449,-0.16234
OTX1,0.44431,0.61502
NFE2L2,0.44429,0.01426
HOXB7,0.44417,0.26541
ESRRG,0.44404,1.19866
FOSB,0.444,0.22429
GABPA,0.44389,-0.14939
E2F2,0.44382,0.546
RXRA,0.44347,0.30198
ELK4,0.44345,0.1604
HOXA11,0.44327,0.40226
TP53,0.44325,-0.06103
NFIX,0.44324,-0.37506
REST,0.44304,0.20711
IRF5,0.44301,0.56234
MGA,0.44291,0.06935
SMC3,0.44282,0.09897
CEBPB,0.44281,0.1585
E2F2,0.44277,0.546
HEY2,0.44262,1.09575
REST,0.4426,0.20711
JUND,0.44255,-0.03685
ZBTB4,0.44234,-0.18334
ETS1,0.44233,0.2381
CREB3L2,0.44222,0.15749
HOXA5,0.44203,0.04334
FOXA3,0.44195,1.07463
FOXO3,0.44194,-0.09404
REL,0.44189,0.12775
HIF1A,0.44184,-0.1013
FLI1,0.4417,-2.13898
USF1,0.44165,-0.13268
TAF1A,0.44158,0.38773
YY1,0.4415,0.14859
MEIS3,0.44142,0.68303
FOSL2,0.44107,0.07854
MNT,0.44101,0.05603
EOMES,0.44094,1.4624
HSF4,0.44086,1.04243
CEBPB,0.44086,0.1585
HOXB2,0.44061,-0.59651
TFE3,0.44049,-0.02572
YY1,0.4404,0.14859
NFE2,0.44038,0.59563
MAX,0.44032,0.13856
CUX1,0.44006,-0.02564
CREB1,0.43994,-0.1189
MLXIPL,0.43993,1.28556
NFE2,0.4399,0.59563
NR3C1,0.43922,-0.11267
NFKB1,0.43915,-0.02496
MSX1,0.43904,0.83405
XBP1,0.43898,0.09852
FOXO3,0.43892,-0.09404
RUNX2,0.43892,-0.44748
RARA,0.43884,-0.25519
RFX5,0.43877,0.24121
MAFF,0.43835,0.15237
JUNB,0.43831,0.12824
CREB3,0.43806,-0.24841
ARNT,0.43803,0.03492
CTCF,0.43791,0.1109
CUX1,0.43781,-0.02564
FOSL1,0.43778,0.12968
REST,0.43766,0.20711
E2F5,0.43762,0.52151
SP2,0.43756,-0.07606
HLF,0.43749,1.20049
MAFG,0.43743,-0.03675
REL,0.43673,0.12775
ARNT,0.43672,0.03492
PBX3,0.43631,0.40978
TFDP1,0.43624,-0.02352
CLOCK,0.43621,0.06464
ATF7,0.4362,0.14396
JUNB,0.43616,0.12824
TFCP2,0.43606,-0.18064
CREM,0.43602,-0.0345
POU2F2,0.43589,-0.79029
SOX8,0.43584,0.98528
JDP2,0.43582,0.49816
TBX2,0.43577,0.74219
NKX2-8,0.43576,1.30963
RUNX2,0.43562,-0.44748
NR2C2,0.43547,0.21475
STAT5A,0.43533,-0.10044
MAFK,0.43525,-0.18717
FOSL2,0.43484,0.07854
MYB,0.43469,-0.11523
CEBPG,0.43468,0.22789
MAFK,0.4345,-0.18717
RFX2,0.43441,0.09243
YY1,0.43427,0.14859
MYC,0.43407,0.22497
EN1,0.43387,1.50651
NFE2,0.43376,0.59563
ATF3,0.43364,0.74563
NFAT5,0.43342,0.64401
SRF,0.43325,-0.18877
PITX1,0.43323,2.66087
CTCF,0.43322,0.1109
MLXIPL,0.43313,1.28556
RARG,0.4331,-0.50335
RUNX2,0.43302,-0.44748
TP53,0.433,-0.06103
DBP,0.43284,-0.07406
JUNB,0.43247,0.12824
HDAC2,0.43245,0.15118
CREB1,0.43231,-0.1189
RFX3,0.43213,0.21238
FOSB,0.43202,0.22429
TBX20,0.43202,1.45484
ETV1,0.43191,0.0445
FOSL1,0.43183,0.12968
FOSB,0.4318,0.22429
TFAP4,0.43175,0.30334
CUX1,0.43172,-0.02564
NKX2-8,0.4317,1.30963
ATF3,0.43164,0.74563
NFIC,0.4316,-0.21458
ESRRB,0.43148,1.09807
PAX6,0.43147,0.87769
BACH2,0.43145,1.29373
THRB,0.43134,0.86606
JUND,0.43133,-0.03685
TEAD1,0.43106,0.23157
JDP2,0.43087,0.49816
SOX2,0.43084,1.37658
FOSL2,0.4308,0.07854
ZBTB3,0.4308,0.39844
FOSL1,0.43057,0.12968
POU2F2,0.43047,-0.79029
NR3C1,0.43047,-0.11267
TFAP2C,0.43044,0.6037
ZNF143,0.43042,-0.08045
HOXC13,0.43024,0.9857
CFL2,0.43016,0.00143
HOXB2,0.43004,-0.59651
ELK1,0.43002,-0.14318
CEBPB,0.42991,0.1585
RARG,0.42961,-0.50335
ATF3,0.42958,0.74563
OSR2,0.42954,0.51205
JUN,0.42946,0.26082
HSF1,0.42936,0.46176
FOSB,0.42933,0.22429
NFIC,0.4293,-0.21458
RFX2,0.42915,0.09243
HOXB3,0.42869,-0.40051
NRL,0.42837,0.13212
XBP1,0.42836,0.09852
NFKB1,0.42818,-0.02496
MAFG,0.42807,-0.03675
PKNOX1,0.42802,-0.01682
SOX13,0.42802,0.20325
XBP1,0.42765,0.09852
DLX5,0.42764,1.14301
NR2C2,0.42753,0.21475
TFEB,0.4271,-0.41856
FOSL2,0.42707,0.07854
EMX1,0.42706,1.22011
PPARA,0.42701,0.48827
HCFC1,0.42699,0.32821
NFKB2,0.42689,0.51364
MAFB,0.4264,0.64383
E2F2,0.42633,0.546
TFAP2A,0.42617,-0.00481
CREB3L1,0.42615,-0.29251
FOS,0.42612,0.11477
E2F1,0.42592,-0.14567
ZNF3,0.42565,0.04979
PROX1,0.42561,1.25768
JUND,0.42555,-0.03685
RARG,0.42529,-0.50335
FOXA1,0.42517,0.59218
TFAP2A,0.42512,-0.00481
NKX3-1,0.42507,-0.17361
SOX17,0.42488,-2.18298
UBE2K,0.42487,0.01165
NFKB1,0.42447,-0.02496
JDP2,0.4243,0.49816
DBP,0.42425,-0.07406
HES1,0.42415,0.29018
RXRA,0.42404,0.30198
NFKB1,0.42382,-0.02496
E2F1,0.42379,-0.14567
GMEB1,0.42371,-0.0629
PBX1,0.42371,-0.73611
DLX4,0.4236,1.70529
JDP2,0.42329,0.49816
SNAI2,0.42318,-0.12542
TBX3,0.42318,-0.64016
RXRB,0.42316,0.14875
NR2F2,0.42304,-0.04126
RFC3,0.42304,-0.12198
ELK1,0.42288,-0.14318
FOS,0.42278,0.11477
TEAD1,0.42275,0.23157
REL,0.42273,0.12775
NR2C2,0.42272,0.21475
CLOCK,0.42254,0.06464
TFEB,0.42224,-0.41856
HOXB13,0.4221,1.17107
ETV1,0.42206,0.0445
PAX6,0.42184,0.87769
MNT,0.42155,0.05603
ATF1,0.42145,-0.08557
STAT3,0.42142,-0.16234
USF1,0.42136,-0.13268
HLF,0.4213,1.20049
ATF6,0.42129,-0.21495
LHX6,0.42122,1.97772
NR2F1,0.42117,-0.40683
NFKB1,0.42109,-0.02496
PAX6,0.421,0.87769
CUX1,0.42061,-0.02564
STAT5B,0.42053,-0.28536
INSM1,0.42052,1.22789
FOXG1,0.42043,1.5762
TBX20,0.42041,1.45484
ZNF524,0.42037,-0.36672
HOXA13,0.42025,1.58967
MAFF,0.42017,0.15237
TFAP2A,0.42015,-0.00481
HESX1,0.41976,0.17438
JDP2,0.41969,0.49816
TFEB,0.4196,-0.41856
XBP1,0.41937,0.09852
MAF,0.41915,1.50435
YY2,0.41898,-0.33904
MYB,0.41894,-0.11523
THRB,0.41873,0.86606
ID4,0.41867,-0.49292
CUX1,0.4184,-0.02564
TBX1,0.41831,1.76691
RARA,0.4182,-0.25519
IRF8,0.41805,0.31482
EOMES,0.41776,1.4624
FOXP3,0.41768,0.80403
E2F1,0.41762,-0.14567
TMSB4XP8,0.41755,-0.66584
GMEB2,0.41751,0.07687
CREB1,0.4175,-0.1189
HMGN3,0.41745,0.37831
TEF,0.41736,-0.46806
SOX2,0.41732,1.37658
SOX9,0.41728,0.21723
PPARA,0.4171,0.48827
EP300,0.41706,0.07356
LMX1B,0.41701,1.549
SOX2,0.41697,1.37658
POU2F2,0.41671,-0.79029
ETV1,0.41644,0.0445
NFIB,0.41639,-0.34392
POU2F2,0.41619,-0.79029
TEAD4,0.41615,0.33182
CREB3,0.41599,-0.24841
TBP,0.41588,0.01746
RUNX3,0.41573,1.32536
XBP1,0.41557,0.09852
HOXB13,0.41554,1.17107
MAFB,0.4154,0.64383
POU2F2,0.41537,-0.79029
FOXO4,0.41531,0.05375
FOSL2,0.41527,0.07854
PRRX1,0.41517,-0.44294
BCL6,0.41514,-0.46691
OLIG2,0.41503,0.79877
RUNX2,0.41494,-0.44748
TFAP2C,0.4149,0.6037
PLAG1,0.41489,0.41363
RARG,0.41472,-0.50335
JUN,0.41451,0.26082
NKX6-1,0.41449,1.89061
JUN,0.41433,0.26082
TEF,0.41432,-0.46806
TBX20,0.41431,1.45484
HOXD4,0.41428,-0.33947
ELK1,0.41408,-0.14318
RFX2,0.41397,0.09243
NR2F6,0.41388,-0.07863
ESRRA,0.41382,0.36686
CEBPD,0.4137,0.31811
TGIF1,0.41344,0.24022
HEY2,0.41318,1.09575
CREB3,0.41302,-0.24841
CREM,0.41289,-0.0345
NFKB1,0.41281,-0.02496
NKX3-1,0.41273,-0.17361
REL,0.41258,0.12775
ESRRA,0.41253,0.36686
FOXD3,0.4124,1.66375
STAT3,0.41194,-0.16234
HOXC13,0.41192,0.9857
TWIST1,0.41177,-0.19509
XBP1,0.41154,0.09852
BHLHE41,0.41148,-0.53218
NFKB1,0.41113,-0.02496
IRF1,0.4111,0.07358
CEBPG,0.41096,0.22789
PPARA,0.41094,0.48827
CEBPG,0.4109,0.22789
CEBPG,0.41066,0.22789
CUX1,0.41055,-0.02564
CREB5,0.41035,0.13627
SIN3A,0.41027,0.04933
RFX5,0.40968,0.24121
YY1,0.40967,0.14859
SRF,0.40947,-0.18877
HLF,0.40944,1.20049
BARX1,0.40943,1.13672
SIX5,0.4094,-0.04506
NFKB1,0.40934,-0.02496
NFE2,0.4089,0.59563
JDP2,0.40887,0.49816
CREB3L2,0.40887,0.15749
ZNF143,0.40883,-0.08045
ZNF143,0.40873,-0.08045
FOSL2,0.40872,0.07854
JUND,0.40867,-0.03685
E2F1,0.40851,-0.14567
HSF2,0.40841,0.0708
NFIA,0.40829,0.15147
RUNX2,0.40825,-0.44748
RARG,0.40809,-0.50335
CREB3L1,0.40808,-0.29251
ETV5,0.40795,0.00428
ERF,0.40791,-0.20753
YY2,0.4079,-0.33904
ERF,0.40763,-0.20753
NR4A2,0.40757,0.11007
SOX9,0.40734,0.21723
CDX2,0.4072,2.15473
MAFK,0.40691,-0.18717
MYB,0.4069,-0.11523
CREB3L1,0.40678,-0.29251
NR1H2,0.40676,-0.17777
IRF5,0.40666,0.56234
GTPBP6,0.40665,-0.21134
FOS,0.40652,0.11477
RORA,0.40649,1.26779
NKX3-2,0.40642,1.28354
HOXA13,0.40636,1.58967
RXRA,0.40633,0.30198
JUND,0.4063,-0.03685
NKX3-1,0.40628,-0.17361
TGIF1,0.40585,0.24022
RFX2,0.40575,0.09243
VDR,0.40564,0.18204
RFX1,0.40557,0.20032
DLX2,0.40534,0.70947
E2F8,0.4053,0.20928
RFX3,0.40528,0.21238
CEBPB,0.40523,0.1585
ATF3,0.4052,0.74563
IRF5,0.40518,0.56234
NFKB1,0.40506,-0.02496
CEBPB,0.40505,0.1585
LHX6,0.40491,1.97772
XBP1,0.40464,0.09852
E2F1,0.40453,-0.14567
MSX2,0.40453,1.37658
NFIX,0.40449,-0.37506
FOSL2,0.40441,0.07854
PPP5C,0.40434,-0.10063
RARG,0.40427,-0.50335
STAT3,0.40421,-0.16234
FOXP2,0.40418,0.88336
SOX2,0.40418,1.37658
TFAP2C,0.40417,0.6037
PBX1,0.40416,-0.73611
RUNX3,0.40397,1.32536
FOS,0.40369,0.11477
FOXO1,0.40359,0.19161
BHLHE41,0.40327,-0.53218
TEAD1,0.40307,0.23157
FOXO4,0.40293,0.05375
MAFF,0.4029,0.15237
TCF7,0.40274,0.17771
GATA2,0.40273,-0.05162
MLXIPL,0.40271,1.28556
DLX5,0.40271,1.14301
JUNB,0.40261,0.12824
HIC1,0.40238,-0.93177
HOXD8,0.40238,-0.50292
JUN,0.40237,0.26082
ARNT,0.4023,0.03492
SIX4,0.40229,0.71485
ZBED1,0.40227,-0.20248
SOX15,0.40225,-0.29176
HOXC13,0.40222,0.9857
CREB3L1,0.40216,-0.29251
CREM,0.40208,-0.0345
CREB3L1,0.40196,-0.29251
JUN,0.40187,0.26082
GFI1,0.40186,0.95373
FOXK1,0.40178,0.61424
DMRT2,0.40175,-0.75849
CEBPB,0.40157,0.1585
HSF2,0.40134,0.0708
MAFG,0.40121,-0.03675
NFIL3,0.40116,0.04188
RARG,0.40059,-0.50335
MAFK,0.40059,-0.18717
TBX2,0.40046,0.74219
GATA3,0.4002,0.63765
NR2F1,0.40011,-0.40683
EN1,0.40005,1.50651
MEOX1,0.39974,0.5983
GTF2I,0.39974,-0.05514
ATF7,0.39965,0.14396
FOXP1,0.39958,-0.47893
ETV5,0.39938,0.00428
TFEB,0.39929,-0.41856
HBP1,0.39928,-0.38822
ATF6,0.39887,-0.21495
RNASEH2C,0.39886,0.22658
RBPJ,0.39864,0.06557
SOX2,0.39859,1.37658
JDP2,0.39857,0.49816
FOXO3,0.39834,-0.09404
RARA,0.39832,-0.25519
SOX9,0.39821,0.21723
JDP2,0.39817,0.49816
ATF3,0.39814,0.74563
RARG,0.39802,-0.50335
LHX6,0.39784,1.97772
HOXC9,0.3977,-0.05244
THRA,0.39768,-0.23344
JUN,0.39765,0.26082
PAX3,0.39756,1.45939
TWIST1,0.39756,-0.19509
ETV6,0.39747,-0.12382
CEBPA,0.39743,1.86054
FOXO4,0.39734,0.05375
DDIT3,0.39727,0.31605
JUND,0.3968,-0.03685
OLIG2,0.3968,0.79877
GABPA,0.39671,-0.14939
NR3C1,0.39662,-0.11267
ETS1,0.39653,0.2381
SOX18,0.39646,1.26007
NFE2,0.39642,0.59563
LBX2,0.39611,1.06169
BACH1,0.39609,-0.08588
NFATC3,0.39607,0.26356
EP300,0.39602,0.07356
JUND,0.396,-0.03685
IRF4,0.39598,-0.17271
E2F4,0.39598,0.14148
MEIS1,0.39584,-0.46847
USF2,0.39555,-0.17263
HSF2,0.39555,0.0708
RORA,0.39553,1.26779
FOSL1,0.3955,0.12968
IRF1,0.39548,0.07358
ZNF706,0.39541,0.31506
CREB3L1,0.39537,-0.29251
RXRA,0.39487,0.30198
POU5F1,0.39462,-0.17881
PPARA,0.39436,0.48827
ETV6,0.39432,-0.12382
IRF7,0.39429,-0.16734
IRX5,0.39424,0.75392
MAFF,0.39412,0.15237
FOS,0.39408,0.11477
ESRRA,0.39395,0.36686
HOXB7,0.39394,0.26541
GATA3,0.39393,0.63765
TBX20,0.39383,1.45484
NFIX,0.39381,-0.37506
ATF3,0.39375,0.74563
POU3F3,0.39374,1.52977
ZNF766,0.39363,0.13876
MAFK,0.39348,-0.18717
RFX5,0.39326,0.24121
FOS,0.39323,0.11477
CENPB,0.39314,-0.10852
REST,0.39313,0.20711
NFE2L1,0.39308,-0.03223
RORA,0.393,1.26779
MEIS1,0.39299,-0.46847
PRRX1,0.39297,-0.44294
NR2C1,0.39296,0.14754
TBX1,0.39291,1.76691
FOSL1,0.39277,0.12968
ESRRG,0.39269,1.19866
PPARG,0.39254,-0.0062
RARA,0.39246,-0.25519
CEBPA,0.39235,1.86054
FOSB,0.39233,0.22429
RORA,0.39218,1.26779
ETS2,0.39204,0.26666
ZBTB7B,0.39195,-0.1944
GBX2,0.3919,1.92073
NFE2,0.3919,0.59563
SOX8,0.39171,0.98528
JUN,0.3917,0.26082
RARG,0.39169,-0.50335
ZBTB7B,0.39168,-0.1944
TCF3,0.39166,-0.11833
BACH1,0.39162,-0.08588
ARHGEF12,0.39142,0.00333
GZF1,0.39138,-0.10714
CLOCK,0.39135,0.06464
ZNF503,0.39125,0.41999
THRA,0.39116,-0.23344
MEOX1,0.3911,0.5983
USF1,0.39101,-0.13268
NR2C2,0.39098,0.21475
HOXD13,0.39094,1.61407
MEIS2,0.39083,-0.06534
BACH2,0.39048,1.29373
NR2F1,0.39043,-0.40683
FOSL1,0.39038,0.12968
XBP1,0.39031,0.09852
IRF1,0.3903,0.07358
NFIX,0.3903,-0.37506
ARNT,0.38986,0.03492
DBP,0.38984,-0.07406
RFX5,0.3898,0.24121
HOXC13,0.38974,0.9857
GRHL1,0.38969,0.60779
YY1,0.38931,0.14859
JUND,0.38924,-0.03685
ESRRA,0.38923,0.36686
CREB1,0.38923,-0.1189
NFE2L2,0.38914,0.01426
ZBTB3,0.38898,0.39844
JDP2,0.3888,0.49816
BACH1,0.38868,-0.08588
EPAS1,0.3886,-0.67374
LHX6,0.38859,1.97772
RARG,0.3885,-0.50335
SMAD2,0.38847,-0.33837
MEF2A,0.38846,-0.11613
ETFB,0.38846,-0.01472
CTCF,0.38841,0.1109
PRRX1,0.38838,-0.44294
FOSL2,0.38825,0.07854
TCF3,0.38813,-0.11833
ELK1,0.3879,-0.14318
EOMES,0.38787,1.4624
ATF4,0.38787,0.11374
CREB3,0.38783,-0.24841
NFE2,0.38775,0.59563
CREB1,0.38771,-0.1189
HLF,0.38757,1.20049
SREBF1,0.38752,-0.15578
NFE2,0.38752,0.59563
E4F1,0.38746,0.19447
MYC,0.38746,0.22497
RXRA,0.38744,0.30198
THAP5,0.38743,-0.36523
OTX1,0.38723,0.61502
JDP2,0.38707,0.49816
NFE2L2,0.38697,0.01426
NFE2,0.3869,0.59563
MEIS2,0.38686,-0.06534
ARNT,0.38665,0.03492
TEAD1,0.38659,0.23157
JUND,0.38653,-0.03685
HLF,0.3865,1.20049
NFKB1,0.3864,-0.02496
ATF4,0.38639,0.11374
RUNX1,0.3863,-0.06798
RARA,0.38599,-0.25519
GMEB2,0.38596,0.07687
IRF1,0.38576,0.07358
BAX,0.38556,-0.21986
FOS,0.38543,0.11477
RARG,0.38542,-0.50335
TEAD4,0.38521,0.33182
MAFK,0.38518,-0.18717
HOXC13,0.38513,0.9857
RARB,0.38507,-0.80509
MYC,0.38477,0.22497
MNT,0.38473,0.05603
TFAP2C,0.38467,0.6037
ETV6,0.38463,-0.12382
VAX2,0.38456,-0.14018
ESRRG,0.38452,1.19866
GATA2,0.38441,-0.05162
GMEB2,0.38441,0.07687
MEOX1,0.38418,0.5983
NFKB1,0.38417,-0.02496
KLF4,0.3841,1.14393
PKNOX2,0.38403,0.45558
LHX6,0.38395,1.97772
MAX,0.38387,0.13856
JUND,0.38385,-0.03685
NR1H2,0.38369,-0.17777
TCF21,0.38346,-0.07196
GMEB2,0.3833,0.07687
NFKB2,0.38323,0.51364
ID4,0.38309,-0.49292
ERF,0.38278,-0.20753
USF1,0.38275,-0.13268
ESRRA,0.38274,0.36686
HES1,0.38273,0.29018
MEF2C,0.38269,0.40985
RFX2,0.38258,0.09243
AHR,0.38251,-0.31593
RARG,0.38249,-0.50335
SREBF2,0.38248,0.00057
TEAD3,0.38244,-0.10294
RUNX3,0.38237,1.32536
E2F1,0.38223,-0.14567
FOXP4,0.38219,-0.2733
ATF2,0.38208,0.19734
CREB1,0.38206,-0.1189
TCF12,0.382,-0.03309
PBX1,0.38199,-0.73611
USF1,0.38189,-0.13268
REL,0.38173,0.12775
CREB3L1,0.38157,-0.29251
SOX7,0.38147,0.94009
ZBTB3,0.38138,0.39844
CEBPB,0.38138,0.1585
BACH2,0.3813,1.29373
HIF1A,0.38113,-0.1013
SOX2,0.38091,1.37658
MNT,0.38087,0.05603
GATA2,0.38076,-0.05162
NFKB1,0.38075,-0.02496
TCF7,0.38069,0.17771
FOS,0.38067,0.11477
HOXA7,0.3806,-1.08007
TIMM44,0.38055,0.20905
LMO2,0.38046,0.51266
SREBF2,0.38043,0.00057
E2F1,0.38037,-0.14567
CLOCK,0.38037,0.06464
YY2,0.38036,-0.33904
HNF4G,0.38034,0.89252
BACH2,0.38026,1.29373
RFX5,0.38017,0.24121
HEY2,0.38012,1.09575
THRB,0.3801,0.86606
RFX5,0.38004,0.24121
RFX2,0.38001,0.09243
MAFK,0.38001,-0.18717
CENPB,0.37985,-0.10852
ZNF75A,0.37983,0.45123
YY2,0.37981,-0.33904
IRF1,0.37978,0.07358
FOXG1,0.37967,1.5762
MNT,0.37962,0.05603
CEBPB,0.37942,0.1585
XBP1,0.37938,0.09852
MAFK,0.37933,-0.18717
NFE2,0.3793,0.59563
MEIS1,0.37928,-0.46847
OLIG2,0.37925,0.79877
TFAP2A,0.37916,-0.00481
MAFF,0.37912,0.15237
GFI1,0.37908,0.95373
SIX5,0.37894,-0.04506
POU2F2,0.37894,-0.79029
NR2F1,0.37865,-0.40683
STAT1,0.37855,-0.01743
MGA,0.37849,0.06935
PAX6,0.37827,0.87769
TBX1,0.37826,1.76691
NR4A1,0.37818,0.49659
USF2,0.37818,-0.17263
SOX8,0.37818,0.98528
USF2,0.37815,-0.17263
NR2C2,0.37815,0.21475
ZNF143,0.37813,-0.08045
IRF7,0.37802,-0.16734
FOXK1,0.37795,0.61424
MEIS2,0.37786,-0.06534
FOXD2,0.37785,0.92604
BACH2,0.37765,1.29373
FLI1,0.37765,-2.13898
AR,0.37747,0.74347
NFE2,0.37744,0.59563
E2F1,0.37743,-0.14567
USF1,0.37722,-0.13268
E2F2,0.37714,0.546
HIF1A,0.37705,-0.1013
RFX5,0.37703,0.24121
HOXB3,0.37698,-0.40051
FOSL2,0.37671,0.07854
NFIB,0.37646,-0.34392
MEIS3,0.37635,0.68303
RUNX3,0.37633,1.32536
HOXA6,0.37623,0.86378
NFKB1,0.37621,-0.02496
TFEB,0.37607,-0.41856
GLI3,0.37602,-0.16955
E2F1,0.37599,-0.14567
SOX2,0.37581,1.37658
CEBPB,0.37575,0.1585
RXRA,0.37547,0.30198
HOXA5,0.37542,0.04334
BHLHE40,0.37523,0.12349
MGA,0.3752,0.06935
FOXA1,0.37503,0.59218
XBP1,0.37494,0.09852
JUN,0.37486,0.26082
NR2F1,0.37481,-0.40683
FOXO3,0.37477,-0.09404
FOSL2,0.37469,0.07854
CREB1,0.37464,-0.1189
HOXB3,0.37461,-0.40051
EP300,0.37443,0.07356
E2F2,0.37437,0.546
FOSL2,0.37433,0.07854
RUNX2,0.37419,-0.44748
HOXD11,0.37405,0.14834
PBX3,0.37386,0.40978
ID4,0.37385,-0.49292
ATF3,0.37379,0.74563
SOX8,0.37362,0.98528
RORA,0.37313,1.26779
RFX2,0.37298,0.09243
ELK1,0.37295,-0.14318
FOXP2,0.37291,0.88336
MLXIPL,0.37288,1.28556
CREB3L2,0.37286,0.15749
FOXA1,0.37272,0.59218
HOXB6,0.37261,0.12505
LARP4,0.37258,0.199
ARID3A,0.37255,0.49887
LEF1,0.37248,0.99309
TEAD3,0.37244,-0.10294
BCL11A,0.37231,1.84042
SOX2,0.37229,1.37658
JUN,0.37224,0.26082
NFATC1,0.37221,1.17367
MAFG,0.37216,-0.03675
NFE2,0.37199,0.59563
JUN,0.37197,0.26082
ZNF628,0.37194,-0.14656
LHX2,0.37192,1.74567
HLF,0.37192,1.20049
RXRA,0.37172,0.30198
ZBTB33,0.37169,0.15431
HOXC10,0.37151,0.94574
TBX1,0.3715,1.76691
NFATC1,0.37135,1.17367
POU2F2,0.37134,-0.79029
OTX1,0.37133,0.61502
MYC,0.37119,0.22497
HSF1,0.37119,0.46176
PAX2,0.37118,1.0569
JUNB,0.37101,0.12824
GRHL1,0.37101,0.60779
MAX,0.37083,0.13856
BHLHE40,0.37079,0.12349
HOXC11,0.37078,0.58072
NKX2-5,0.37069,1.55041
SOX12,0.37048,0.14955
TFAP4,0.37047,0.30334
NFIC,0.37044,-0.21458
NFE2L1,0.37017,-0.03223
NR2F1,0.37017,-0.40683
EGR2,0.37001,1.68485
FLI1,0.36995,-2.13898
STAT5B,0.36983,-0.28536
ETV4,0.36977,0.15297
NFATC2,0.36959,0.12494
XBP1,0.36952,0.09852
CTCF,0.36952,0.1109
ZBTB18,0.36943,0.00701
AFF4,0.36927,0.0902
HMX1,0.36923,1.5563
STAT3,0.36921,-0.16234
NFIL3,0.36914,0.04188
SMC3,0.36913,0.09897
DBP,0.36905,-0.07406
REST,0.36905,0.20711
TFAP4,0.36904,0.30334
ETV4,0.36895,0.15297
C19orf25,0.36886,0.07305
TFAP2A,0.36885,-0.00481
EMX2,0.36884,1.14301
NFIC,0.36869,-0.21458
CUX1,0.36852,-0.02564
TBX20,0.36841,1.45484
JDP2,0.36835,0.49816
FOSL1,0.3683,0.12968
HSF2,0.3683,0.0708
MAFF,0.36829,0.15237
E2F1,0.36826,-0.14567
E4F1,0.3682,0.19447
REST,0.36819,0.20711
PPARA,0.36812,0.48827
YY1,0.36802,0.14859
NR1H2,0.36788,-0.17777
RFX2,0.36781,0.09243
USF1,0.36772,-0.13268
MAFF,0.36758,0.15237
STAT3,0.36746,-0.16234
ELK1,0.36732,-0.14318
JDP2,0.36729,0.49816
ETS1,0.36722,0.2381
MYC,0.36715,0.22497
STAT1,0.36714,-0.01743
CYB5R1,0.36699,-0.02612
ZNF8,0.36684,0.67552
POU2F2,0.36679,-0.79029
ZBED1,0.36669,-0.20248
MAFK,0.36665,-0.18717
MGA,0.36662,0.06935
ETV2,0.36651,-0.21244
E2F1,0.36639,-0.14567
NFATC3,0.36639,0.26356
POU2F2,0.36567,-0.79029
RAD21,0.36566,0.33699
TCF3,0.36563,-0.11833
FOSL1,0.36541,0.12968
ATF3,0.3653,0.74563
HIF1A,0.36522,-0.1013
NR3C1,0.36493,-0.11267
GBX2,0.36492,1.92073
SMAD2,0.3648,-0.33837
RBM8A,0.3648,-0.00956
IRF4,0.3647,-0.17271
TBX1,0.36461,1.76691
FOSL2,0.36461,0.07854
MGA,0.36456,0.06935
FOSB,0.36444,0.22429
NFIL3,0.36439,0.04188
NFKB1,0.3643,-0.02496
CTCF,0.36428,0.1109
MYBL2,0.3642,-0.19707
ELK4,0.36415,0.1604
XBP1,0.36411,0.09852
NR1D1,0.36403,0.0778
TFAP4,0.36398,0.30334
HMBOX1,0.36397,0.39571
PBX3,0.3639,0.40978
SP3,0.36378,0.05187
MAFF,0.36374,0.15237
NR2F1,0.36362,-0.40683
HOXC6,0.36361,-0.04045
NFKB1,0.36322,-0.02496
FOSL2,0.36316,0.07854
PROX1,0.36295,1.25768
NKX3-1,0.36275,-0.17361
CEBPB,0.36256,0.1585
FOSL1,0.36251,0.12968
MAX,0.36234,0.13856
CREB3L1,0.36226,-0.29251
TEF,0.36217,-0.46806
NFKB2,0.36204,0.51364
FLI1,0.36202,-2.13898
DAZAP1,0.36202,-0.07715
REL,0.36197,0.12775
FOXA1,0.36186,0.59218
MRPL2,0.36174,0.06913
MSX2,0.36169,1.37658
REL,0.36169,0.12775
RAN,0.36135,0.01105
BHLHE40,0.36129,0.12349
NFIA,0.36122,0.15147
ELF1,0.36109,-0.0385
HOXA5,0.36078,0.04334
SMAD3,0.36075,-0.38086
FOSL2,0.36067,0.07854
CEBPB,0.36046,0.1585
RARA,0.36036,-0.25519
ZNF143,0.36033,-0.08045
ATF1,0.36024,-0.08557
FOSL1,0.36019,0.12968
DDIT3,0.36018,0.31605
MSX1,0.35999,0.83405
GABPA,0.35939,-0.14939
CUX1,0.35929,-0.02564
GABPA,0.35914,-0.14939
HOXC10,0.35912,0.94574
TBX1,0.35906,1.76691
NKX2-8,0.35901,1.30963
RXRA,0.35894,0.30198
RARA,0.35877,-0.25519
TEF,0.35875,-0.46806
FOSB,0.35852,0.22429
PPARG,0.35851,-0.0062
SOX2,0.35838,1.37658
XBP1,0.35836,0.09852
FOXO3,0.35827,-0.09404
NFIA,0.35824,0.15147
ZBTB7B,0.35816,-0.1944
MYC,0.35805,0.22497
CTCF,0.358,0.1109
BHLHA15,0.35794,1.12494
CTCF,0.35792,0.1109
HNF4G,0.3579,0.89252
TWIST1,0.35783,-0.19509
MTF1,0.35762,0.11672
MAF,0.35751,1.50435
HINFP,0.35737,0.09309
MLXIPL,0.35733,1.28556
HOXB6,0.35726,0.12505
CSNK2B,0.35713,0.20303
CREB1,0.35705,-0.1189
FOXP1,0.35702,-0.47893
MAFF,0.35676,0.15237
ARNT,0.35671,0.03492
SOX15,0.35671,-0.29176
SOX17,0.35667,-2.18298
ESRRA,0.35663,0.36686
NR4A1,0.35644,0.49659
ELK1,0.35638,-0.14318
NFE2L2,0.35637,0.01426
MEIS1,0.35628,-0.46847
JDP2,0.3562,0.49816
MEIS3,0.35594,0.68303
MZF1,0.35592,0.10253
ESRRA,0.35562,0.36686
POU5F1,0.35555,-0.17881
CREB3,0.35544,-0.24841
MXI1,0.35539,0.36623
SOX15,0.35532,-0.29176
CTCF,0.35528,0.1109
ZBTB3,0.35525,0.39844
PPARG,0.355,-0.0062
MYC,0.35499,0.22497
RXRA,0.35483,0.30198
MEIS1,0.35477,-0.46847
SP3,0.35465,0.05187
ZBTB3,0.35455,0.39844
MESP1,0.35435,0.43381
SOX2,0.35416,1.37658
TGIF2,0.3541,0.13496
ELK4,0.35396,0.1604
DDIT3,0.35395,0.31605
FOXO3,0.35356,-0.09404
ESRRA,0.35344,0.36686
ETS1,0.35334,0.2381
TFAP2C,0.35333,0.6037
MGA,0.35327,0.06935
DMRT2,0.3532,-0.75849
NFIA,0.35317,0.15147
MEIS3,0.35312,0.68303
GABPA,0.35301,-0.14939
PAX6,0.35301,0.87769
GMEB2,0.35293,0.07687
ARNT,0.35282,0.03492
NFKB1,0.35277,-0.02496
PITX1,0.35273,2.66087
ELK1,0.3527,-0.14318
POU2F2,0.35258,-0.79029
AR,0.35251,0.74347
RARA,0.35249,-0.25519
YY2,0.35222,-0.33904
IRF7,0.35217,-0.16734
PAX2,0.35213,1.0569
PQBP1,0.352,0.02009
TBX20,0.35179,1.45484
MAFF,0.35172,0.15237
MAFG,0.35167,-0.03675
MAGEF1,0.35157,-0.19609
MYC,0.35155,0.22497
TFAP2C,0.35149,0.6037
NR4A2,0.35147,0.11007
POU2F2,0.35146,-0.79029
NR3C1,0.35138,-0.11267
BACH2,0.35129,1.29373
NFKB1,0.35127,-0.02496
FOXL1,0.35124,-0.97272
CTCF,0.35112,0.1109
THRB,0.35112,0.86606
LHX6,0.35094,1.97772
GTF2B,0.35092,0.31598
CHD2,0.3509,0.16413
VAX1,0.35087,1.0607
POU2F2,0.35022,-0.79029
JUNB,0.35015,0.12824
TEAD1,0.35002,0.23157
HOXA2,0.34981,-0.49643
BDP1,0.34976,0.41219
TFE3,0.34975,-0.02572
TBX20,0.34967,1.45484
TEAD3,0.34955,-0.10294
RXRA,0.34954,0.30198
USF2,0.34942,-0.17263
PROX1,0.3494,1.25768
MGA,0.34913,0.06935
CREB3,0.34894,-0.24841
NFKB1,0.34875,-0.02496
LEF1,0.34874,0.99309
SOX9,0.34864,0.21723
SIX3,0.34849,1.18469
BACH2,0.34845,1.29373
PAX3,0.34842,1.45939
KLF8,0.34842,1.24055
CEBPG,0.34803,0.22789
RFX3,0.34802,0.21238
SREBF2,0.34789,0.00057
TEAD4,0.34786,0.33182
MAFK,0.3477,-0.18717
RAD21,0.34764,0.33699
YY2,0.34764,-0.33904
MAFK,0.34752,-0.18717
E2F4,0.3474,0.14148
RUNX1,0.34738,-0.06798
JUN,0.34727,0.26082
CNOT6,0.3472,0.42374
SRF,0.34708,-0.18877
CREB3,0.34705,-0.24841
PBX3,0.347,0.40978
IKZF2,0.34691,0.28605
BACH2,0.34671,1.29373
FOXA1,0.34649,0.59218
TGIF2,0.34645,0.13496
LHX2,0.34645,1.74567
CDX2,0.3464,2.15473
STAT3,0.34634,-0.16234
E2F5,0.34614,0.52151
IRF2,0.34613,-0.18248
FOSL1,0.34613,0.12968
XBP1,0.34608,0.09852
FOXO4,0.34603,0.05375
SOX2,0.34587,1.37658
SOX1,0.34574,1.77815
ESRRG,0.3457,1.19866
ATF1,0.34518,-0.08557
NFKB1,0.34518,-0.02496
TBX1,0.34498,1.76691
ZNF652,0.34496,0.37539
ETV1,0.34485,0.0445
ZNF713,0.34484,0.09838
MAFB,0.34476,0.64383
SNAI2,0.34469,-0.12542
RFX5,0.34463,0.24121
CEBPB,0.34451,0.1585
TEAD1,0.34442,0.23157
MEIS3,0.34439,0.68303
THRB,0.34437,0.86606
TCF12,0.34431,-0.03309
TGIF2,0.34424,0.13496
NME1,0.34415,-0.05802
MAX,0.34392,0.13856
USF1,0.34382,-0.13268
BACH1,0.34379,-0.08588
TFAP4,0.34361,0.30334
ETS1,0.34355,0.2381
NFKB2,0.34343,0.51364
FOS,0.34305,0.11477
MAF,0.34303,1.50435
JUN,0.34302,0.26082
E2F1,0.34294,-0.14567
ZNF143,0.34292,-0.08045
PKNOX2,0.34283,0.45558
LBX2,0.34277,1.06169
YY2,0.34265,-0.33904
RORA,0.34263,1.26779
FOXD1,0.34259,0.21153
JDP2,0.34258,0.49816
BCL6,0.34246,-0.46691
NFKB1,0.34235,-0.02496
ZBTB7B,0.34233,-0.1944
ATF1,0.34231,-0.08557
HOXA6,0.3422,0.86378
FOXC1,0.3422,0.69824
ARNT,0.342,0.03492
SOX7,0.34189,0.94009
IL24,0.34187,0.32932
BARHL2,0.34175,1.83251
IRF8,0.34171,0.31482
TBX1,0.34168,1.76691
ATF3,0.34159,0.74563
NR2F6,0.34152,-0.07863
ETS1,0.34129,0.2381
RAD21,0.34126,0.33699
CBFB,0.34124,0.09939
PPARG,0.34117,-0.0062
HSF1,0.34116,0.46176
BARX1,0.34115,1.13672
HIF1A,0.34102,-0.1013
NFKB1,0.34095,-0.02496
CREB3,0.34088,-0.24841
POU5F1,0.34067,-0.17881
HSF2,0.34065,0.0708
FOXB1,0.34062,1.39094
FOXO6,0.34016,1.52196
POU2F1,0.34003,0.47712
PPARA,0.33993,0.48827
MGA,0.33992,0.06935
AR,0.33969,0.74347
JUN,0.33967,0.26082
NFIL3,0.33967,0.04188
REST,0.33964,0.20711
SP8,0.33963,1.34044
NR2F1,0.33957,-0.40683
GATA3,0.33955,0.63765
THAP1,0.33953,0.30516
EBF3,0.33949,1.02359
REL,0.3394,0.12775
LBX2,0.3393,1.06169
ELF4,0.33926,-0.23961
CREB3L1,0.33924,-0.29251
SP2,0.3392,-0.07606
RARA,0.33887,-0.25519
PLAG1,0.33879,0.41363
ZNF410,0.33876,-0.14934
SOX1,0.33876,1.77815
USF1,0.33865,-0.13268
FOS,0.33857,0.11477
LHX6,0.33853,1.97772
FOSL1,0.33839,0.12968
LHX9,0.33829,-1.03088
IRF7,0.33827,-0.16734
PAX8,0.33821,1.96565
STAT3,0.33821,-0.16234
DDIT3,0.33808,0.31605
NFKB2,0.33802,0.51364
SOX12,0.33801,0.14955
CREB3,0.33792,-0.24841
JDP2,0.33783,0.49816
TWIST1,0.33783,-0.19509
BARHL2,0.33752,1.83251
BCL6,0.33751,-0.46691
AHR,0.33744,-0.31593
MAFF,0.33742,0.15237
ZNF628,0.3373,-0.14656
CTCF,0.33713,0.1109
TBX1,0.33708,1.76691
ESX1,0.337,1.18752
FOS,0.33691,0.11477
CREB3L1,0.33665,-0.29251
ATF7,0.33663,0.14396
TFDP1,0.3363,-0.02352
HOXD13,0.33629,1.61407
RARG,0.33625,-0.50335
SRF,0.33624,-0.18877
MYC,0.33606,0.22497
GMEB2,0.33595,0.07687
PPARA,0.33589,0.48827
BRCA1,0.33587,-0.27515
ATF7,0.33585,0.14396
MYC,0.33575,0.22497
TCF12,0.33575,-0.03309
HOXC13,0.33572,0.9857
ZBTB7A,0.33566,-0.03833
JDP2,0.33558,0.49816
SOX8,0.33539,0.98528
SMC3,0.33535,0.09897
RUNX1,0.33528,-0.06798
MAX,0.33514,0.13856
NFIC,0.3351,-0.21458
SOX2,0.33503,1.37658
PSMC2,0.33488,-0.51529
ZNF524,0.33471,-0.36672
CUX2,0.33471,1.0607
NFE2,0.33453,0.59563
FLI1,0.3345,-2.13898
ELF1,0.33442,-0.0385
FOSL1,0.3343,0.12968
NFE2,0.33428,0.59563
TCF3,0.33413,-0.11833
PPARD,0.33409,-0.0265
CTCF,0.33409,0.1109
CREB3,0.33406,-0.24841
IRX3,0.33396,0.16577
ATF1,0.33373,-0.08557
ERF,0.33372,-0.20753
TRIM28,0.33369,-0.01728
TFE3,0.33367,-0.02572
VAX1,0.33366,1.0607
GMEB2,0.33363,0.07687
HMGN3,0.33359,0.37831
ZBTB4,0.33346,-0.18334
NFIC,0.33341,-0.21458
ELK4,0.33324,0.1604
BHLHE40,0.33318,0.12349
HOXA2,0.3331,-0.49643
RUNX3,0.33294,1.32536
GABPA,0.33287,-0.14939
ELF1,0.33286,-0.0385
PBX1,0.33275,-0.73611
CUX1,0.33247,-0.02564
HOXC8,0.33232,0.02345
CREB3L1,0.3323,-0.29251
PPARA,0.33222,0.48827
CEBPB,0.33221,0.1585
MAFK,0.33217,-0.18717
NR4A2,0.33206,0.11007
TFAP2A,0.33198,-0.00481
ETS1,0.33175,0.2381
FOSL1,0.33174,0.12968
ESRRG,0.33173,1.19866
OTX1,0.33169,0.61502
RARG,0.33167,-0.50335
GMEB2,0.33166,0.07687
NFIC,0.33148,-0.21458
RFX3,0.33141,0.21238
TFAP2C,0.33116,0.6037
STAT1,0.33107,-0.01743
HMX1,0.331,1.5563
ERF,0.33099,-0.20753
SOX9,0.33076,0.21723
ZEB1,0.33071,-0.14882
SNAI2,0.33069,-0.12542
GMEB2,0.33056,0.07687
BHLHE41,0.33039,-0.53218
BHLHE40,0.33037,0.12349
CEBPZ,0.33035,0.03188
FOXA1,0.33034,0.59218
MAF,0.3303,1.50435
ATF6,0.33018,-0.21495
CTCF,0.3301,0.1109
MSX2,0.33007,1.37658
STAT1,0.32999,-0.01743
ETV4,0.32996,0.15297
PAX6,0.32989,0.87769
ZBTB3,0.32957,0.39844
FOXL1,0.3293,-0.97272
ARNT,0.32926,0.03492
NR4A2,0.32921,0.11007
HSF4,0.32903,1.04243
JUN,0.32899,0.26082
YY1,0.32898,0.14859
MAGOH,0.32887,0.20422
REL,0.32876,0.12775
ARID5B,0.32869,-0.5962
TBX2,0.32862,0.74219
SRF,0.32861,-0.18877
MAFG,0.3286,-0.03675
JDP2,0.32856,0.49816
NR2F1,0.32848,-0.40683
TEAD1,0.32838,0.23157
NR2F1,0.32833,-0.40683
REST,0.32831,0.20711
HOXD3,0.32829,-0.7231
MAFF,0.32826,0.15237
RXRA,0.3282,0.30198
FOS,0.32813,0.11477
YY1,0.32812,0.14859
RUNX2,0.32812,-0.44748
ARNT,0.32808,0.03492
NKX3-2,0.32796,1.28354
THRA,0.32782,-0.23344
HCLS1,0.32781,0.78449
TFAP2A,0.32771,-0.00481
CEBPG,0.3277,0.22789
MAX,0.32766,0.13856
NR3C1,0.32753,-0.11267
MLX,0.32743,0.04225
PBX3,0.32735,0.40978
DMRT2,0.32731,-0.75849
YY2,0.32724,-0.33904
RXRA,0.3272,0.30198
RFX7,0.32715,-0.09369
BHLHE40,0.32714,0.12349
MAFF,0.32713,0.15237
HOXB7,0.32703,0.26541
NR2F6,0.32696,-0.07863
TCF3,0.32691,-0.11833
HMBOX1,0.32685,0.39571
MAFK,0.32679,-0.18717
MAX,0.32678,0.13856
GRHL1,0.32663,0.60779
NR1D1,0.32662,0.0778
NFATC3,0.32656,0.26356
PBX2,0.32632,0.47253
ETS1,0.32628,0.2381
MAFB,0.3261,0.64383
JUN,0.32596,0.26082
CCNT2,0.32596,0.28587
STAT1,0.3258,-0.01743
MNT,0.32552,0.05603
CEBPZ,0.32547,0.03188
ETS1,0.32542,0.2381
HAND1,0.32542,0.94118
NFIL3,0.32507,0.04188
MAF,0.325,1.50435
RAD21,0.32499,0.33699
FOS,0.32494,0.11477
GATA4,0.32483,-1.3276
REST,0.32465,0.20711
JDP2,0.32454,0.49816
NR3C1,0.32434,-0.11267
CREB1,0.32432,-0.1189
E2F3,0.32426,0.35972
NR2C2,0.32414,0.21475
TBX1,0.32399,1.76691
ZBED1,0.3238,-0.20248
AHR,0.32377,-0.31593
HIF1A,0.32376,-0.1013
AHR,0.32373,-0.31593
TGIF2,0.32365,0.13496
RBMS1,0.32358,0.25977
MLXIPL,0.32343,1.28556
BHLHA15,0.32323,1.12494
MEOX1,0.32314,0.5983
GZF1,0.32299,-0.10714
MAX,0.32293,0.13856
AR,0.32291,0.74347
GATA2,0.32288,-0.05162
ATF3,0.32273,0.74563
CREM,0.32265,-0.0345
GATA2,0.32261,-0.05162
MAFF,0.32239,0.15237
NR2F1,0.32235,-0.40683
NR2F6,0.32228,-0.07863
POU2F1,0.32214,0.47712
FLI1,0.32209,-2.13898
E4F1,0.32205,0.19447
MAFK,0.32199,-0.18717
GATA2,0.32198,-0.05162
MAFK,0.32197,-0.18717
SMAD3,0.32183,-0.38086
HINFP,0.32171,0.09309
FOXC2,0.32163,-2.00079
ZBTB3,0.3216,0.39844
MYBL2,0.32157,-0.19707
CTCF,0.32146,0.1109
FOXC1,0.32146,0.69824
CREB3L1,0.32124,-0.29251
JUND,0.32122,-0.03685
PKNOX1,0.32096,-0.01682
RAD21,0.3207,0.33699
BACH1,0.32069,-0.08588
ZKSCAN3,0.32041,0.45019
ELK4,0.32011,0.1604
SOX2,0.31986,1.37658
BARX1,0.31955,1.13672
MXD4,0.31942,-0.10175
FOXA1,0.31942,0.59218
JUNB,0.31941,0.12824
NFIC,0.31941,-0.21458
RUNX2,0.31925,-0.44748
SIX2,0.31921,1.04244
E2F1,0.3192,-0.14567
RFX5,0.31915,0.24121
TFAP2A,0.31913,-0.00481
CEBPG,0.31889,0.22789
BBX,0.31873,0.12503
TBX2,0.3187,0.74219
NRL,0.31863,0.13212
RFX2,0.31853,0.09243
NFKB2,0.31834,0.51364
CREB3L1,0.31827,-0.29251
ETS1,0.31824,0.2381
SMAD3,0.31797,-0.38086
ZNF8,0.31784,0.67552
TRIM28,0.31777,-0.01728
RFX3,0.31774,0.21238
TFAP2C,0.31765,0.6037
MAX,0.31763,0.13856
MAFA,0.31746,1.66573
ETFB,0.31738,-0.01472
HNF4G,0.3173,0.89252
HLF,0.31701,1.20049
JUNB,0.317,0.12824
EOMES,0.31694,1.4624
MXI1,0.31681,0.36623
RAD21,0.3167,0.33699
DLX1,0.31669,0.10983
SOX4,0.31665,-0.13172
HMGN3,0.31664,0.37831
EGR1,0.3165,0.22639
NR2F6,0.31646,-0.07863
VAMP3,0.31635,-0.18617
ETV6,0.31624,-0.12382
ARNT,0.31624,0.03492
DBP,0.31617,-0.07406
TFCP2,0.31612,-0.18064
NR3C2,0.31608,0.66608
NKX3-1,0.31582,-0.17361
TBP,0.3158,0.01746
SOX15,0.31573,-0.29176
E2F4,0.31568,0.14148
ESRRA,0.31555,0.36686
PDX1,0.31553,1.13033
ZBTB7B,0.31552,-0.1944
SIX5,0.31536,-0.04506
ETV3,0.31535,0.22639
CEBPD,0.31522,0.31811
ESRRA,0.31515,0.36686
SND1,0.31473,-0.30727
ITGB2,0.31465,1.87118
ERF,0.31463,-0.20753
MAFF,0.31461,0.15237
JUN,0.31456,0.26082
SOX2,0.31455,1.37658
ZNF784,0.31453,-0.1146
FOS,0.31445,0.11477
NRL,0.31434,0.13212
MEOX1,0.31411,0.5983
PKNOX1,0.3141,-0.01682
MEIS2,0.31396,-0.06534
LEF1,0.31386,0.99309
MAFB,0.31384,0.64383
EP300,0.31375,0.07356
RFX5,0.31374,0.24121
RUNX1,0.31371,-0.06798
SOX15,0.31365,-0.29176
USF1,0.31361,-0.13268
PRDM4,0.31356,0.23073
CEBPB,0.31328,0.1585
TCF7,0.31311,0.17771
ATF3,0.31301,0.74563
PKNOX2,0.31301,0.45558
PBX3,0.31295,0.40978
ZNF524,0.31275,-0.36672
NFIA,0.31274,0.15147
CEBPG,0.31267,0.22789
HIC2,0.31258,0.48876
NFKB1,0.31243,-0.02496
ZNF143,0.31241,-0.08045
YY2,0.3124,-0.33904
BHLHE41,0.31228,-0.53218
HNF4G,0.31228,0.89252
POU3F3,0.31225,1.52977
TBX2,0.3122,0.74219
CTCF,0.31208,0.1109
ATF1,0.31198,-0.08557
FOXA1,0.31183,0.59218
ELK1,0.31178,-0.14318
HOXB8,0.31178,0.34207
RUNX2,0.31169,-0.44748
GATA2,0.31161,-0.05162
ARID5B,0.31121,-0.5962
DIABLO,0.31115,-0.00431
HLF,0.31113,1.20049
CREM,0.31108,-0.0345
RUNX1,0.31098,-0.06798
SOX8,0.31097,0.98528
HEY2,0.31094,1.09575
REST,0.31081,0.20711
ZBTB6,0.31064,0.06759
NR2F2,0.31063,-0.04126
HLF,0.31037,1.20049
ZKSCAN3,0.31034,0.45019
ONECUT2,0.31028,1.50408
CEBPB,0.31018,0.1585
EN1,0.31008,1.50651
TFAP2C,0.31003,0.6037
VAMP3,0.30995,-0.18617
POU2F2,0.30993,-0.79029
RFX7,0.30989,-0.09369
ESRRA,0.30979,0.36686
NR2C2,0.30971,0.21475
ETV5,0.30954,0.00428
FOSL1,0.30951,0.12968
JUN,0.30947,0.26082
REL,0.30943,0.12775
REL,0.30924,0.12775
EOMES,0.30922,1.4624
SP4,0.30915,0.31458
GATA3,0.30915,0.63765
VAX2,0.30908,-0.14018
HOXC11,0.30906,0.58072
GBX2,0.30906,1.92073
MITF,0.30905,0.30426
FOS,0.30905,0.11477
ZC3H7A,0.30904,0.06914
SREBF2,0.309,0.00057
RARG,0.30897,-0.50335
HOXD11,0.30879,0.14834
TBX1,0.30878,1.76691
MAX,0.30874,0.13856
ID4,0.30871,-0.49292
NFIC,0.30861,-0.21458
PPARD,0.30853,-0.0265
NR2F6,0.30853,-0.07863
HIF1A,0.30841,-0.1013
STAT1,0.30839,-0.01743
E4F1,0.30831,0.19447
HOXC10,0.3083,0.94574
USF2,0.30821,-0.17263
FOXC1,0.30806,0.69824
TEF,0.30806,-0.46806
HOXB8,0.30799,0.34207
CREB3,0.30789,-0.24841
RUNX2,0.3078,-0.44748
SOX9,0.30758,0.21723
POU5F1,0.30751,-0.17881
E2F1,0.30734,-0.14567
JUN,0.30726,0.26082
YY2,0.30722,-0.33904
HIVEP1,0.30715,0.17371
TBX20,0.30702,1.45484
NKX3-1,0.30698,-0.17361
HOXA13,0.30697,1.58967
STAT2,0.30695,0.19114
TGIF1,0.30654,0.24022
YY1,0.30648,0.14859
SMAD2,0.30641,-0.33837
NFKB1,0.30631,-0.02496
ZNF143,0.30618,-0.08045
HLF,0.30617,1.20049
REL,0.30616,0.12775
HSF1,0.30593,0.46176
BACH1,0.30585,-0.08588
ETS1,0.30583,0.2381
VAX2,0.30579,-0.14018
RAD21,0.30572,0.33699
RFX5,0.30554,0.24121
FLI1,0.30554,-2.13898
CEBPG,0.30545,0.22789
OTX1,0.30541,0.61502
HERPUD1,0.30532,0.11175
MAX,0.3053,0.13856
ELK1,0.30522,-0.14318
XBP1,0.30517,0.09852
NR3C2,0.30515,0.66608
ZEB1,0.30507,-0.14882
HOXD13,0.30499,1.61407
JUND,0.30487,-0.03685
RXRB,0.30473,0.14875
RORA,0.30463,1.26779
ITGB2,0.30456,1.87118
ZBTB3,0.30454,0.39844
SOX7,0.30453,0.94009
MEIS3,0.30444,0.68303
CLOCK,0.30436,0.06464
NFIB,0.30421,-0.34392
CTCF,0.30403,0.1109
ZIC3,0.30381,1.58206
JUN,0.30374,0.26082
DBP,0.3037,-0.07406
MAX,0.30343,0.13856
EN1,0.30336,1.50651
ELK1,0.30323,-0.14318
POU5F1,0.30301,-0.17881
NFIX,0.30286,-0.37506
ESRRA,0.30281,0.36686
GATA3,0.30261,0.63765
HESX1,0.30257,0.17438
BRCA1,0.30255,-0.27515
STAT2,0.30241,0.19114
MAFK,0.30236,-0.18717
ELK3,0.3023,-0.31483
XBP1,0.3022,0.09852
NR1H2,0.30219,-0.17777
NR3C1,0.30216,-0.11267
MCTP2,0.30199,1.21703
OTX1,0.30193,0.61502
SREBF2,0.30186,0.00057
HOXB13,0.30171,1.17107
CHD2,0.30161,0.16413
USF2,0.30156,-0.17263
ETS1,0.30134,0.2381
MYBL2,0.30133,-0.19707
PKNOX1,0.30113,-0.01682
JUN,0.30109,0.26082
NFIC,0.30092,-0.21458
RAD21,0.30089,0.33699
NKX2-8,0.30085,1.30963
FOXO1,0.30082,0.19161
TWIST1,0.3007,-0.19509
LHX9,0.30069,-1.03088
MNT,0.30062,0.05603
ELK1,0.30057,-0.14318
AR,0.30053,0.74347
ESX1,0.30047,1.18752
VDR,0.30043,0.18204
MZF1,0.30038,0.10253
PPARG,0.30037,-0.0062
ATF3,0.30033,0.74563
TEAD4,0.30031,0.33182
RARB,0.30026,-0.80509
HMGN3,0.30023,0.37831
MYC,0.30016,0.22497
TEAD1,0.30006,0.23157
TRIP10,0.30004,0.29724
HINFP,0.3,0.09309
CEBPB,0.29983,0.1585
FOS,0.29975,0.11477
MSX1,0.29967,0.83405
LHX9,0.29943,-1.03088
ZBTB4,0.29934,-0.18334
YY1,0.2993,0.14859
SOX8,0.29927,0.98528
GLI3,0.29922,-0.16955
LRRFIP1,0.29884,-0.15885
TGIF2,0.29872,0.13496
THAP1,0.29867,0.30516
ETV6,0.29863,-0.12382
FOXO1,0.29841,0.19161
RARA,0.29833,-0.25519
TFAP2C,0.29829,0.6037
MLXIPL,0.29819,1.28556
EGR1,0.29812,0.22639
RXRA,0.29808,0.30198
HOXB2,0.29805,-0.59651
EGR2,0.29776,1.68485
FOXC2,0.29768,-2.00079
HNF4G,0.29764,0.89252
TFE3,0.29754,-0.02572
HESX1,0.2975,0.17438
RUNX2,0.2974,-0.44748
PAX8,0.29734,1.96565
OTX1,0.29734,0.61502
ATF4,0.29733,0.11374
NFKB1,0.29727,-0.02496
MYC,0.29726,0.22497
ELK3,0.29718,-0.31483
FOXL1,0.29711,-0.97272
MAFK,0.29705,-0.18717
MXI1,0.2969,0.36623
ZBTB4,0.29682,-0.18334
FOS,0.29681,0.11477
KLF7,0.29677,-0.49837
RFXANK,0.29658,-0.06083
SNAI2,0.2965,-0.12542
PRNP,0.29647,-0.20982
ATF3,0.29636,0.74563
CEBPB,0.29614,0.1585
MYBL2,0.29611,-0.19707
ESRP1,0.29611,1.23045
NFKB1,0.29604,-0.02496
RARB,0.29603,-0.80509
RORA,0.296,1.26779
FOXO6,0.29596,1.52196
SOX7,0.29563,0.94009
USF2,0.29552,-0.17263
FOXO3,0.29535,-0.09404
SIN3A,0.2953,0.04933
TGIF1,0.29521,0.24022
FOXO1,0.29517,0.19161
XBP1,0.29511,0.09852
CREB3,0.29507,-0.24841
YY1,0.29506,0.14859
TBX1,0.29505,1.76691
TSN,0.29485,0.09182
NRL,0.29468,0.13212
JUN,0.29459,0.26082
CREB3L1,0.29455,-0.29251
NFE2L1,0.29454,-0.03223
MAFK,0.29441,-0.18717
JDP2,0.29435,0.49816
ZNF652,0.29432,0.37539
TCF4,0.2943,-0.83621
DLX2,0.29429,0.70947
ATF3,0.29429,0.74563
TCF21,0.29428,-0.07196
JUN,0.29394,0.26082
STAT5B,0.29391,-0.28536
AR,0.29367,0.74347
HLF,0.29353,1.20049
PAX9,0.29345,1.51678
CTCF,0.29344,0.1109
CUX1,0.29342,-0.02564
TFAP4,0.29342,0.30334
YY1,0.29328,0.14859
CREB1,0.29314,-0.1189
SOX15,0.29303,-0.29176
NKX2-1,0.29297,2.41647
POU2F2,0.29295,-0.79029
TFAP2C,0.29294,0.6037
TFEB,0.29288,-0.41856
RARG,0.29286,-0.50335
CEBPA,0.2928,1.86054
HOXD11,0.29277,0.14834
ZNF524,0.29267,-0.36672
NFE2,0.29261,0.59563
ZEB1,0.29249,-0.14882
RARA,0.29247,-0.25519
CEBPB,0.29245,0.1585
ZSCAN16,0.29213,0.07149
BRCA1,0.29209,-0.27515
EPAS1,0.29206,-0.67374
NR2C1,0.29204,0.14754
YY2,0.29196,-0.33904
ARID5A,0.29195,-0.18956
FOXK1,0.29192,0.61424
STAT3,0.29191,-0.16234
JDP2,0.29184,0.49816
NFKB1,0.29183,-0.02496
GABPA,0.29176,-0.14939
RORA,0.29175,1.26779
JUN,0.29174,0.26082
EN1,0.29174,1.50651
TBX20,0.29163,1.45484
FOXO4,0.29151,0.05375
PBX3,0.29134,0.40978
NR3C1,0.29133,-0.11267
SREBF2,0.29121,0.00057
RARA,0.29109,-0.25519
BHLHE41,0.29105,-0.53218
RAD21,0.29103,0.33699
RARA,0.29097,-0.25519
STAT2,0.29095,0.19114
MAFF,0.29089,0.15237
TEF,0.29074,-0.46806
BHLHE40,0.29064,0.12349
VAX2,0.29063,-0.14018
ELK3,0.29051,-0.31483
GBX2,0.29049,1.92073
HOXC11,0.29031,0.58072
POU3F3,0.29028,1.52977
ATF7,0.29016,0.14396
NR3C1,0.29013,-0.11267
TCF3,0.28975,-0.11833
EP300,0.28974,0.07356
MSC,0.2895,0.03375
RFX5,0.28943,0.24121
MYBL2,0.28942,-0.19707
THRB,0.2894,0.86606
DHX36,0.28936,-0.09176
POU5F1,0.28929,-0.17881
SOX6,0.28921,0.35826
JDP2,0.28916,0.49816
LEF1,0.28901,0.99309
NFE2,0.28901,0.59563
RXRA,0.2889,0.30198
EN1,0.2889,1.50651
HESX1,0.28881,0.17438
MLX,0.28879,0.04225
SOX8,0.28869,0.98528
STAT2,0.28859,0.19114
RORA,0.28854,1.26779
ESRRA,0.2885,0.36686
USF1,0.28846,-0.13268
ESRRA,0.28842,0.36686
SOX4,0.28842,-0.13172
ISL2,0.2884,1.25248
IRF9,0.28839,0.07959
CREB3L1,0.28829,-0.29251
STAT1,0.28822,-0.01743
MGA,0.28815,0.06935
MXD4,0.28806,-0.10175
MAFF,0.28788,0.15237
PRDM4,0.28785,0.23073
FOXC2,0.28779,-2.00079
RARA,0.28778,-0.25519
NFKB2,0.28769,0.51364
HOXD11,0.28755,0.14834
RFX2,0.28753,0.09243
PKNOX1,0.28743,-0.01682
CEBPB,0.28741,0.1585
HMX1,0.28728,1.5563
TBX20,0.28722,1.45484
TCF3,0.28721,-0.11833
POU2F2,0.28712,-0.79029
RBBP5,0.28709,0.03327
MLX,0.28667,0.04225
TCF12,0.28657,-0.03309
ETV4,0.28651,0.15297
SREBF1,0.28644,-0.15578
CEBPG,0.28639,0.22789
YY2,0.28628,-0.33904
TCF4,0.28625,-0.83621
SIN3A,0.28609,0.04933
ARNT,0.28608,0.03492
CEBPZ,0.28607,0.03188
CEBPB,0.28607,0.1585
PBX3,0.28604,0.40978
RXRA,0.28569,0.30198
MAFB,0.28566,0.64383
SOX8,0.28552,0.98528
MAFK,0.28524,-0.18717
MAFF,0.28509,0.15237
XBP1,0.2848,0.09852
POU5F1,0.28475,-0.17881
DDIT3,0.28472,0.31605
RUNX2,0.28458,-0.44748
FOXD2,0.28445,0.92604
NKX2-5,0.28427,1.55041
ATF6,0.28415,-0.21495
EN2,0.28415,1.5098
CREB3,0.28412,-0.24841
TBX1,0.28408,1.76691
NR3C1,0.28405,-0.11267
PDX1,0.28395,1.13033
RXRB,0.2839,0.14875
RARA,0.28368,-0.25519
GMEB2,0.28365,0.07687
FOSL2,0.28361,0.07854
NKX6-1,0.28354,1.89061
HOXA9,0.28332,0.67702
RXRA,0.28331,0.30198
RXRA,0.2833,0.30198
PROX1,0.28316,1.25768
SRF,0.28314,-0.18877
ISL1,0.28308,1.63749
HOXD13,0.28308,1.61407
MEIS1,0.28305,-0.46847
SOX2,0.28304,1.37658
DMRTA2,0.28302,0.91568
HOXB2,0.28301,-0.59651
SMAD3,0.28279,-0.38086
SOX2,0.28274,1.37658
SMAD4,0.28273,0.01087
MAFK,0.28265,-0.18717
USF2,0.28258,-0.17263
LHX9,0.28255,-1.03088
USF1,0.28248,-0.13268
ESRRA,0.28243,0.36686
SMAD3,0.28242,-0.38086
MAFB,0.28239,0.64383
TCF7L2,0.28226,0.09821
CLOCK,0.2822,0.06464
NKX6-1,0.28212,1.89061
STAT3,0.2819,-0.16234
MNT,0.28185,0.05603
FOXG1,0.28169,1.5762
NFIB,0.28161,-0.34392
ZBTB3,0.28149,0.39844
MAX,0.28145,0.13856
MAFK,0.2814,-0.18717
SMC3,0.28123,0.09897
TCF12,0.28122,-0.03309
ATF7,0.28112,0.14396
SNAI2,0.28094,-0.12542
HEY2,0.28086,1.09575
CREB3L1,0.28081,-0.29251
GBX2,0.28078,1.92073
MDM2,0.28076,0.03939
BRCA1,0.28066,-0.27515
GMEB2,0.28064,0.07687
NNT,0.28053,0.16549
CREB3L1,0.2805,-0.29251
MAFK,0.28039,-0.18717
SOX9,0.28037,0.21723
RXRB,0.28035,0.14875
FOXP3,0.28031,0.80403
MAFF,0.28023,0.15237
STAT1,0.28021,-0.01743
HOXC10,0.2801,0.94574
HEY2,0.27997,1.09575
HIF1A,0.27995,-0.1013
ELF2,0.27995,0.08062
TFAP2A,0.27991,-0.00481
GRHL1,0.27983,0.60779
ESRRA,0.27975,0.36686
ATF7,0.27933,0.14396
GRHL1,0.27922,0.60779
SOX7,0.27918,0.94009
MAFK,0.27915,-0.18717
ETS1,0.27896,0.2381
NR2C2,0.27893,0.21475
HIF1A,0.27892,-0.1013
XBP1,0.27885,0.09852
TCF12,0.27869,-0.03309
GMEB2,0.27869,0.07687
NR2F2,0.27855,-0.04126
FOXD3,0.27851,1.66375
TFAP2A,0.27848,-0.00481
RAD21,0.27844,0.33699
HIC1,0.27832,-0.93177
IRX5,0.2783,0.75392
RARG,0.27819,-0.50335
NR2F1,0.27815,-0.40683
CTCF,0.27804,0.1109
CTCF,0.27799,0.1109
ELK3,0.27799,-0.31483
ZEB1,0.27797,-0.14882
RXRA,0.27792,0.30198
NFIB,0.27784,-0.34392
NFE2,0.27781,0.59563
RFX3,0.27778,0.21238
MXI1,0.2777,0.36623
ZNF143,0.27763,-0.08045
HLF,0.27743,1.20049
TBX20,0.27742,1.45484
BHLHA15,0.27738,1.12494
REL,0.27728,0.12775
E4F1,0.27722,0.19447
HIC1,0.27709,-0.93177
JDP2,0.277,0.49816
ETS1,0.27697,0.2381
ATF3,0.27686,0.74563
RARA,0.2768,-0.25519
LHX2,0.27676,1.74567
FLI1,0.27666,-2.13898
HEY2,0.27663,1.09575
REST,0.27638,0.20711
ERG,0.27633,1.54862
MAX,0.27626,0.13856
THRA,0.27624,-0.23344
TCF7,0.27618,0.17771
NFIC,0.27591,-0.21458
RARB,0.27586,-0.80509
MBD2,0.27586,-0.39254
RPP25,0.27579,0.70366
NR4A2,0.27578,0.11007
USF1,0.27578,-0.13268
MAFA,0.27559,1.66573
PPP5C,0.2755,-0.10063
ESRP2,0.27547,1.66449
PROX1,0.27538,1.25768
FOXD1,0.27536,0.21153
NFE2,0.27532,0.59563
NFE2,0.2753,0.59563
BACH1,0.27521,-0.08588
STAT1,0.27504,-0.01743
NFKB1,0.27487,-0.02496
RORA,0.27468,1.26779
ZNF524,0.27464,-0.36672
NFKB1,0.27457,-0.02496
NKX2-1,0.27448,2.41647
ATF3,0.27447,0.74563
NFYA,0.27444,-0.02481
ELF1,0.2743,-0.0385
ARID3A,0.27429,0.49887
HLF,0.27423,1.20049
CEBPB,0.2742,0.1585
EN2,0.27416,1.5098
TFAP2C,0.27414,0.6037
E2F3,0.27405,0.35972
NFIC,0.27405,-0.21458
MLX,0.274,0.04225
E2F1,0.27396,-0.14567
HINFP,0.27386,0.09309
CTCF,0.27383,0.1109
YEATS4,0.27355,-0.22748
NFIL3,0.27353,0.04188
NR0B1,0.2735,1.39794
MNT,0.27346,0.05603
TBX20,0.27342,1.45484
PKNOX2,0.27338,0.45558
ETV4,0.27331,0.15297
JUND,0.27308,-0.03685
JUNB,0.27306,0.12824
ESRRA,0.27296,0.36686
GZF1,0.27279,-0.10714
CEBPG,0.27264,0.22789
DLX4,0.2725,1.70529
GMEB2,0.27245,0.07687
RXRA,0.27216,0.30198
TGIF1,0.27198,0.24022
GBX2,0.27192,1.92073
PAX6,0.27189,0.87769
TGIF2,0.27188,0.13496
NR3C1,0.27183,-0.11267
FOS,0.2718,0.11477
CEBPG,0.27175,0.22789
ATF6,0.27147,-0.21495
CREB1,0.27134,-0.1189
SMARCC2,0.27128,0.2036
YY2,0.27123,-0.33904
MAFK,0.2712,-0.18717
FOXD1,0.27116,0.21153
TFAP4,0.27114,0.30334
HESX1,0.27084,0.17438
RXRA,0.27081,0.30198
ARNT,0.27065,0.03492
RFX5,0.27057,0.24121
ZNF3,0.27056,0.04979
ELK1,0.2705,-0.14318
JUN,0.2705,0.26082
GATA2,0.27049,-0.05162
FOS,0.27036,0.11477
ZC3H7A,0.27035,0.06914
ZIC3,0.27031,1.58206
JUN,0.27023,0.26082
SOX2,0.27007,1.37658
NR4A2,0.26995,0.11007
RPL6,0.26994,0.06944
NFIX,0.26994,-0.37506
SOX7,0.26988,0.94009
NFE2L2,0.26974,0.01426
SOX2,0.26969,1.37658
HLF,0.26962,1.20049
NR2F1,0.26947,-0.40683
CEBPB,0.26936,0.1585
JUN,0.26929,0.26082
GMEB2,0.26902,0.07687
NFE2L1,0.26897,-0.03223
RXRB,0.26897,0.14875
HOXD4,0.26888,-0.33947
FOS,0.26877,0.11477
RARA,0.26876,-0.25519
PTCD1,0.26869,0.04232
RORA,0.26861,1.26779
BARHL2,0.26857,1.83251
RBM22,0.26854,0.32598
FOSL1,0.26852,0.12968
HIF1A,0.2685,-0.1013
GATA2,0.26841,-0.05162
CREB1,0.26836,-0.1189
ATF7,0.26815,0.14396
FOXO4,0.26811,0.05375
SREBF1,0.26809,-0.15578
NFKB1,0.26803,-0.02496
TBX20,0.26796,1.45484
PPP5C,0.26793,-0.10063
PQBP1,0.26785,0.02009
EP300,0.26785,0.07356
CREB5,0.26783,0.13627
TBX20,0.26776,1.45484
FOS,0.26752,0.11477
JDP2,0.2674,0.49816
MEF2A,0.26735,-0.11613
HINFP,0.26715,0.09309
RXRA,0.26711,0.30198
MEOX1,0.2671,0.5983
ZBTB33,0.26703,0.15431
BARHL2,0.26701,1.83251
ARNT,0.26683,0.03492
POU3F2,0.26664,1.7839
ATF4,0.26652,0.11374
DBP,0.26642,-0.07406
MYC,0.26641,0.22497
ERF,0.26632,-0.20753
MAFB,0.2663,0.64383
HEY1,0.26626,1.16638
FOXP1,0.26626,-0.47893
XBP1,0.26623,0.09852
PAXIP1,0.26622,0.01033
MLXIPL,0.26618,1.28556
ETS1,0.26608,0.2381
RFX5,0.26608,0.24121
USF1,0.26594,-0.13268
SIX1,0.26572,0.9836
EN1,0.2656,1.50651
JUN,0.26559,0.26082
EN2,0.26557,1.5098
EGR1,0.26529,0.22639
JUN,0.26523,0.26082
NRL,0.26522,0.13212
FOSL2,0.26513,0.07854
PITX2,0.26512,1.94874
FOXM1,0.2651,-0.09234
GMEB2,0.26507,0.07687
RFX3,0.26498,0.21238
GTF2B,0.26494,0.31598
TCF3,0.26482,-0.11833
RARG,0.26481,-0.50335
BARHL2,0.26473,1.83251
ATF5,0.26472,-0.34711
CTCF,0.26466,0.1109
YY2,0.26465,-0.33904
FOXK1,0.26457,0.61424
XBP1,0.26447,0.09852
GLI2,0.26442,0.00519
MAFK,0.2644,-0.18717
TEF,0.26438,-0.46806
DLX6,0.26423,1.50012
JUND,0.26406,-0.03685
THAP1,0.26399,0.30516
HIF1A,0.26398,-0.1013
ATF3,0.26382,0.74563
JUND,0.26382,-0.03685
RFX3,0.2638,0.21238
GTPBP6,0.26373,-0.21134
OSR2,0.26371,0.51205
ELK4,0.26351,0.1604
ZNF131,0.26337,0.1529
PBX1,0.26311,-0.73611
USF1,0.26305,-0.13268
ZEB1,0.26298,-0.14882
JUN,0.26285,0.26082
MYB,0.26283,-0.11523
BACH1,0.26273,-0.08588
FOXJ3,0.26257,0.24609
BARX1,0.26244,1.13672
POU5F1,0.26221,-0.17881
HOXA9,0.26209,0.67702
NFE2L2,0.26208,0.01426
ELK4,0.26205,0.1604
RFX5,0.26193,0.24121
TGIF1,0.26193,0.24022
PITX2,0.26184,1.94874
FOSL2,0.26162,0.07854
DDIT3,0.26156,0.31605
REL,0.26149,0.12775
SIX3,0.26134,1.18469
FOXG1,0.26129,1.5762
ZBED1,0.26128,-0.20248
CTCF,0.26114,0.1109
HEY2,0.26109,1.09575
NFIX,0.26103,-0.37506
REL,0.2609,0.12775
YY1,0.26087,0.14859
HOXB13,0.26057,1.17107
DLX4,0.26047,1.70529
USF2,0.26047,-0.17263
HINFP,0.26046,0.09309
MNT,0.26034,0.05603
TBX1,0.26033,1.76691
HOXA7,0.26023,-1.08007
POU2F1,0.26019,0.47712
FOS,0.26018,0.11477
CEBPG,0.26015,0.22789
ZBTB4,0.26014,-0.18334
ZNF143,0.25997,-0.08045
SOX1,0.25978,1.77815
ETV5,0.25945,0.00428
GLI2,0.25935,0.00519
GATA3,0.25928,0.63765
IRF5,0.25912,0.56234
AR,0.25909,0.74347
RUNX2,0.25907,-0.44748
CEBPB,0.25907,0.1585
NR3C2,0.25899,0.66608
NFE2L2,0.25881,0.01426
ALX1,0.25877,0.03003
FOXF1,0.25872,0.17609
EP300,0.25871,0.07356
CREB3,0.25865,-0.24841
NFIC,0.2586,-0.21458
THAP1,0.25824,0.30516
RFX2,0.25819,0.09243
PPARG,0.25819,-0.0062
TBX20,0.25815,1.45484
HOXA13,0.25803,1.58967
MAF,0.25797,1.50435
RAD21,0.25789,0.33699
BDP1,0.25787,0.41219
TCF3,0.25776,-0.11833
TFAP2C,0.25769,0.6037
TEAD3,0.25758,-0.10294
VAMP3,0.25739,-0.18617
MAFG,0.25729,-0.03675
LHX6,0.25721,1.97772
MEIS1,0.25719,-0.46847
RARA,0.25707,-0.25519
EP300,0.25704,0.07356
TCF12,0.25696,-0.03309
FOSL2,0.25693,0.07854
E2F1,0.2569,-0.14567
CEBPB,0.25688,0.1585
MEIS3,0.25684,0.68303
RBPJ,0.25668,0.06557
HOXA11,0.25661,0.40226
ATF3,0.25657,0.74563
GATA2,0.25644,-0.05162
TIMM8A,0.25636,0.05672
CPEB1,0.25635,1.27579
FOXP3,0.25634,0.80403
RXRA,0.25631,0.30198
FOXO4,0.25623,0.05375
ZBTB7A,0.25602,-0.03833
NR2F1,0.25599,-0.40683
PBX1,0.25589,-0.73611
ETV4,0.25586,0.15297
HOXB7,0.25561,0.26541
FOXO3,0.25553,-0.09404
GATA3,0.25552,0.63765
ERG,0.25552,1.54862
HLF,0.25533,1.20049
NR4A1,0.2553,0.49659
TFCP2,0.25528,-0.18064
MAFB,0.25525,0.64383
POU3F2,0.25519,1.7839
HIC1,0.25513,-0.93177
GRHL1,0.25508,0.60779
EP300,0.25504,0.07356
HINFP,0.25501,0.09309
MYC,0.25499,0.22497
AR,0.2549,0.74347
MESP1,0.25482,0.43381
STAT3,0.25482,-0.16234
RORA,0.25481,1.26779
SRF,0.2547,-0.18877
MAX,0.25461,0.13856
ZIC3,0.2546,1.58206
ELK1,0.25452,-0.14318
ZIC2,0.25421,2.51825
ZNF143,0.25404,-0.08045
MSX2,0.25398,1.37658
SOX8,0.25393,0.98528
ZKSCAN1,0.25385,0.25502
PBX2,0.25358,0.47253
TBX2,0.25356,0.74219
HMX2,0.25347,1.25527
CREB3L2,0.25323,0.15749
IRF8,0.25322,0.31482
ELK1,0.25322,-0.14318
TEAD1,0.25316,0.23157
THAP1,0.25316,0.30516
MAFK,0.25308,-0.18717
NR2F2,0.253,-0.04126
FOSL2,0.25294,0.07854
ZBTB3,0.25292,0.39844
SREBF2,0.25292,0.00057
REL,0.25291,0.12775
VDR,0.25288,0.18204
MSX1,0.25281,0.83405
YY1,0.25276,0.14859
REL,0.25271,0.12775
PAX3,0.25262,1.45939
NFIC,0.25258,-0.21458
HSF4,0.25257,1.04243
SOX2,0.25251,1.37658
HOXA2,0.2525,-0.49643
NFE2L1,0.25246,-0.03223
RUNX3,0.25237,1.32536
NR1H2,0.25234,-0.17777
VDR,0.25234,0.18204
RXRA,0.2523,0.30198
SMARCC1,0.25224,0.26372
GMEB2,0.25221,0.07687
RXRA,0.25221,0.30198
CTCF,0.2522,0.1109
SOX2,0.25213,1.37658
UGP2,0.25204,-0.07187
YY1,0.25181,0.14859
GLIS2,0.25176,-0.24755
MZF1,0.25174,0.10253
PBX2,0.25168,0.47253
GRHL1,0.25162,0.60779
ESRRG,0.25152,1.19866
ZNF628,0.25149,-0.14656
HOXB5,0.25142,0.18102
MAFK,0.25124,-0.18717
TBX20,0.2512,1.45484
USF1,0.25118,-0.13268
RUNX2,0.25117,-0.44748
ZSWIM1,0.25116,0.07868
BRCA1,0.25115,-0.27515
TCF12,0.25104,-0.03309
SF3B1,0.25103,-0.00878
RXRA,0.25102,0.30198
MAFK,0.25074,-0.18717
MITF,0.25072,0.30426
DLX4,0.25058,1.70529
NR3C2,0.25056,0.66608
HSF2,0.25048,0.0708
RAD21,0.25045,0.33699
RXRA,0.2504,0.30198
NFKB1,0.25008,-0.02496
ETV6,0.24977,-0.12382
TAF1,0.24962,0.11649
SOX2,0.24945,1.37658
MEIS1,0.24935,-0.46847
BRCA1,0.24932,-0.27515
CTCF,0.24927,0.1109
FOXL1,0.24923,-0.97272
YY1,0.24917,0.14859
RARG,0.24912,-0.50335
ZEB1,0.24911,-0.14882
SP1,0.24904,0.23865
AR,0.24892,0.74347
ESRRA,0.24885,0.36686
CTCF,0.24881,0.1109
ELK4,0.24879,0.1604
MEOX1,0.24874,0.5983
BHLHE40,0.24869,0.12349
FOXO6,0.24868,1.52196
FOXD1,0.24863,0.21153
NFE2,0.24862,0.59563
GMEB2,0.24857,0.07687
XBP1,0.24857,0.09852
HSF1,0.24849,0.46176
JUN,0.24847,0.26082
FOXG1,0.24843,1.5762
JUND,0.24842,-0.03685
RFX3,0.24836,0.21238
ZIC3,0.24827,1.58206
ESRRA,0.24814,0.36686
NR2F1,0.24813,-0.40683
TGIF2,0.24812,0.13496
MSX2,0.24808,1.37658
MEF2D,0.24803,-0.06654
STAT6,0.24802,-0.29029
RARA,0.248,-0.25519
PDX1,0.24799,1.13033
GATA3,0.24791,0.63765
TCF12,0.24782,-0.03309
PPARA,0.24779,0.48827
FOSL2,0.24775,0.07854
PKNOX2,0.24774,0.45558
HEY1,0.24768,1.16638
MAX,0.24741,0.13856
NKX3-2,0.24739,1.28354
STAT1,0.24733,-0.01743
RORA,0.24732,1.26779
RARB,0.24729,-0.80509
JUND,0.24725,-0.03685
EOMES,0.24715,1.4624
ELK4,0.24712,0.1604
NFKB1,0.2471,-0.02496
RARA,0.24701,-0.25519
KLF5,0.24699,0.8551
HINFP,0.24692,0.09309
VDR,0.24683,0.18204
FOXG1,0.24665,1.5762
PDX1,0.24656,1.13033
CEBPD,0.24655,0.31811
HEY2,0.24654,1.09575
PAX3,0.24637,1.45939
PKNOX2,0.24615,0.45558
PBX3,0.24614,0.40978
HIVEP1,0.2459,0.17371
MAFB,0.24578,0.64383
NFKB1,0.24576,-0.02496
TEAD4,0.24569,0.33182
NR3C1,0.24565,-0.11267
JUN,0.24561,0.26082
EP300,0.24558,0.07356
AGAP2,0.24547,0.60759
SMAD3,0.24547,-0.38086
PPARA,0.24538,0.48827
NR2C2,0.24536,0.21475
RXRA,0.24534,0.30198
TGIF2,0.24533,0.13496
MAFG,0.24532,-0.03675
RFX5,0.24525,0.24121
NR3C1,0.24505,-0.11267
FOS,0.24493,0.11477
HIC1,0.24491,-0.93177
HOXC11,0.2448,0.58072
ESRRB,0.24476,1.09807
MYC,0.24469,0.22497
TCF4,0.24457,-0.83621
REL,0.24454,0.12775
ZNF3,0.24449,0.04979
ZSCAN16,0.24439,0.07149
NFIA,0.24433,0.15147
TCF7,0.24431,0.17771
CREB1,0.24431,-0.1189
NR3C1,0.24429,-0.11267
E2F4,0.24429,0.14148
POU3F3,0.24423,1.52977
FOXO1,0.24411,0.19161
HOXC8,0.24408,0.02345
NFE2,0.24404,0.59563
ANXA1,0.24401,-0.16277
TCF3,0.24391,-0.11833
SOX7,0.24382,0.94009
YY2,0.24376,-0.33904
JUN,0.24349,0.26082
TWIST1,0.24343,-0.19509
REST,0.24321,0.20711
GATA4,0.24318,-1.3276
HIF1A,0.24314,-0.1013
ZNF524,0.24308,-0.36672
BCL6,0.24303,-0.46691
TCF12,0.243,-0.03309
IRF1,0.24294,0.07358
USF1,0.24289,-0.13268
RARB,0.24259,-0.80509
KLF7,0.24254,-0.49837
HOXC11,0.24245,0.58072
TBX1,0.24234,1.76691
ESRRA,0.24234,0.36686
CREB5,0.24232,0.13627
DLX2,0.24226,0.70947
SP4,0.24225,0.31458
NFE2,0.24224,0.59563
HLF,0.24218,1.20049
CREB3,0.24218,-0.24841
FOS,0.24217,0.11477
NFIX,0.24203,-0.37506
RXRA,0.24197,0.30198
STAT3,0.24195,-0.16234
PITX1,0.2419,2.66087
POU6F1,0.24189,-0.06658
FOXA1,0.24175,0.59218
CTCF,0.24158,0.1109
NR3C1,0.24133,-0.11267
OTX1,0.24124,0.61502
JDP2,0.24122,0.49816
PKNOX2,0.24122,0.45558
CREB3,0.24115,-0.24841
ELK1,0.24113,-0.14318
CHD2,0.24109,0.16413
USF2,0.24107,-0.17263
HOXD11,0.24099,0.14834
SNAI2,0.24099,-0.12542
TFAP2A,0.24088,-0.00481
ESX1,0.24082,1.18752
TSC22D4,0.24042,-0.33311
PITX2,0.24037,1.94874
ATF6,0.24023,-0.21495
SRF,0.2402,-0.18877
ZEB1,0.24002,-0.14882
NKX2-4,0.24002,1.3483
HOXB3,0.23996,-0.40051
FOXA1,0.23989,0.59218
ATF6,0.23982,-0.21495
SOX1,0.23936,1.77815
FOXB1,0.23929,1.39094
THAP1,0.23915,0.30516
BHLHE40,0.23908,0.12349
HESX1,0.23906,0.17438
GABPA,0.23905,-0.14939
CUX1,0.23903,-0.02564
XBP1,0.239,0.09852
E2F3,0.23895,0.35972
SP2,0.23889,-0.07606
RARA,0.23882,-0.25519
TFAP2A,0.23868,-0.00481
NFE2,0.2385,0.59563
CTCF,0.23831,0.1109
EOMES,0.23829,1.4624
CEBPA,0.23828,1.86054
MAFB,0.23826,0.64383
YY2,0.23823,-0.33904
BCL6,0.23823,-0.46691
RARA,0.23807,-0.25519
JUND,0.23806,-0.03685
RUNX3,0.23793,1.32536
ETV4,0.23789,0.15297
ELK1,0.23763,-0.14318
OLIG2,0.2376,0.79877
MAFF,0.23749,0.15237
PKNOX1,0.2374,-0.01682
RNASEH2C,0.2374,0.22658
MGA,0.23721,0.06935
ATF3,0.23691,0.74563
NR3C1,0.23684,-0.11267
REL,0.23678,0.12775
JDP2,0.23664,0.49816
NR6A1,0.23664,0.87404
GATA3,0.23658,0.63765
GZF1,0.23628,-0.10714
E2F4,0.23621,0.14148
ESRP2,0.23619,1.66449
FOXA1,0.23613,0.59218
MGA,0.23609,0.06935
STAT1,0.23585,-0.01743
TLX2,0.2358,1.02462
NFYB,0.23578,-0.01498
YY1,0.23578,0.14859
REST,0.23566,0.20711
TFE3,0.23563,-0.02572
NR3C1,0.23557,-0.11267
SREBF1,0.23553,-0.15578
HCLS1,0.23543,0.78449
REL,0.23543,0.12775
LHX9,0.23513,-1.03088
ATF3,0.23505,0.74563
RARB,0.23482,-0.80509
ETV6,0.2348,-0.12382
FOXA1,0.23478,0.59218
TFCP2,0.23475,-0.18064
SOX8,0.23473,0.98528
STAT1,0.23471,-0.01743
MEOX1,0.23471,0.5983
VAX1,0.23466,1.0607
GLI3,0.23464,-0.16955
FOSB,0.23463,0.22429
JUNB,0.23458,0.12824
MEIS3,0.23445,0.68303
SOX2,0.23441,1.37658
GMEB2,0.23423,0.07687
MDM2,0.2342,0.03939
RFX3,0.23415,0.21238
POU2F2,0.2341,-0.79029
FOXD2,0.23406,0.92604
FOSL1,0.23405,0.12968
ATF3,0.23404,0.74563
PKNOX2,0.23399,0.45558
ZNF76,0.23387,0.27551
RXRA,0.23384,0.30198
NKX6-1,0.23351,1.89061
ZEB1,0.23349,-0.14882
HOXD9,0.23347,-0.24896
TFAP2C,0.23338,0.6037
BHLHE40,0.23335,0.12349
STAT1,0.23324,-0.01743
FOXP3,0.23313,0.80403
RARA,0.23309,-0.25519
HOXA5,0.23309,0.04334
FOXF2,0.233,0.41095
ISL2,0.23291,1.25248
PBX2,0.2328,0.47253
CUX1,0.23278,-0.02564
RFX5,0.23276,0.24121
ETS1,0.23257,0.2381
HLF,0.2325,1.20049
TBX1,0.23245,1.76691
REL,0.23238,0.12775
SREBF2,0.23234,0.00057
IRF1,0.23231,0.07358
REL,0.23209,0.12775
STAT1,0.23196,-0.01743
ATF3,0.23195,0.74563
HOXA10,0.23183,0.50735
HEY1,0.23166,1.16638
PAX6,0.2316,0.87769
MAFK,0.23152,-0.18717
MAFB,0.2315,0.64383
OTX1,0.23123,0.61502
HINFP,0.23116,0.09309
NFIC,0.23113,-0.21458
POU2F2,0.23097,-0.79029
FOXF1,0.23088,0.17609
ERG,0.23082,1.54862
ARID5A,0.23076,-0.18956
MAFK,0.23047,-0.18717
NRL,0.23045,0.13212
E2F4,0.23044,0.14148
MYBL1,0.23042,0.21759
MAFF,0.23027,0.15237
FLI1,0.2302,-2.13898
ETS2,0.23012,0.26666
RFX2,0.23011,0.09243
NR2F6,0.23006,-0.07863
ATF6,0.23005,-0.21495
GMEB1,0.23002,-0.0629
BHLHE40,0.22994,0.12349
ZNF589,0.22977,0.55279
ZSCAN16,0.22965,0.07149
ATF3,0.22952,0.74563
TBX1,0.22948,1.76691
CREB1,0.22941,-0.1189
HIF1A,0.2293,-0.1013
NR2C1,0.22924,0.14754
MAFB,0.22919,0.64383
POU6F1,0.22916,-0.06658
ZBTB7A,0.22915,-0.03833
HSF4,0.22906,1.04243
RFX3,0.22903,0.21238
SIN3A,0.22897,0.04933
TBP,0.2286,0.01746
HSF1,0.22859,0.46176
ESRRA,0.22857,0.36686
NR4A2,0.2285,0.11007
RFX3,0.2283,0.21238
RAD21,0.2282,0.33699
STAT3,0.22814,-0.16234
ELK4,0.22805,0.1604
RXRB,0.22796,0.14875
NR2C2,0.22788,0.21475
EGR2,0.22765,1.68485
ZBTB4,0.22762,-0.18334
JUND,0.22759,-0.03685
FOXP1,0.22757,-0.47893
SRF,0.22736,-0.18877
FLI1,0.22715,-2.13898
MLX,0.22706,0.04225
CNOT6,0.22702,0.42374
SOX7,0.22683,0.94009
RXRA,0.22677,0.30198
NR2F2,0.22677,-0.04126
GATA3,0.22675,0.63765
AHR,0.22663,-0.31593
NFATC1,0.22649,1.17367
INSM1,0.22648,1.22789
RUNX1,0.22637,-0.06798
ELK1,0.22629,-0.14318
SOX15,0.22626,-0.29176
SOX17,0.22624,-2.18298
JUN,0.22624,0.26082
NRL,0.2262,0.13212
TFAP4,0.22617,0.30334
HSF1,0.22607,0.46176
REL,0.22603,0.12775
RUNX2,0.22598,-0.44748
HOXC11,0.22585,0.58072
PBX3,0.22573,0.40978
SOX8,0.22572,0.98528
RFX2,0.22568,0.09243
OTX1,0.22561,0.61502
TOPORS,0.22546,-0.16762
RUNX3,0.22541,1.32536
CLOCK,0.22535,0.06464
ZBED1,0.22534,-0.20248
MAFG,0.22522,-0.03675
CUX1,0.22516,-0.02564
TBX1,0.22516,1.76691
MYC,0.22489,0.22497
ZNF75A,0.22459,0.45123
ARNT,0.22453,0.03492
NR3C1,0.22451,-0.11267
SOX2,0.2245,1.37658
ELK1,0.22445,-0.14318
SOX8,0.22443,0.98528
SIX5,0.22433,-0.04506
ELF1,0.2243,-0.0385
GATA4,0.22418,-1.3276
TFAP2A,0.22407,-0.00481
POU3F2,0.22401,1.7839
MAFB,0.22383,0.64383
ESX1,0.22374,1.18752
HOXA13,0.22369,1.58967
MITF,0.22354,0.30426
PPARG,0.22353,-0.0062
HOXC8,0.22343,0.02345
GLI1,0.2234,-0.49908
JUN,0.22326,0.26082
HOXC9,0.22326,-0.05244
ATF2,0.22319,0.19734
HOXC6,0.22317,-0.04045
BCL6,0.22316,-0.46691
STAT1,0.22301,-0.01743
BACH2,0.22285,1.29373
DNMT3A,0.22281,0.87345
ERG,0.22279,1.54862
FOS,0.22269,0.11477
MYBL2,0.22263,-0.19707
SOX8,0.2226,0.98528
FOSB,0.22256,0.22429
ELK1,0.22255,-0.14318
THRB,0.22251,0.86606
HSF2,0.22247,0.0708
ATF3,0.22244,0.74563
ATF3,0.22241,0.74563
CEBPB,0.22238,0.1585
TBX1,0.22238,1.76691
MYC,0.22233,0.22497
JUNB,0.22228,0.12824
YBX1,0.22206,0.03072
MAFK,0.22197,-0.18717
CTCF,0.22195,0.1109
TCF7,0.22182,0.17771
DLX6,0.22157,1.50012
E2F1,0.22155,-0.14567
ATF7,0.22154,0.14396
ESRRA,0.22146,0.36686
PAX3,0.22144,1.45939
FOXL1,0.22142,-0.97272
JUN,0.22142,0.26082
CXXC1,0.22137,-0.20636
FOSL1,0.22129,0.12968
RFX3,0.22114,0.21238
CEBPB,0.22102,0.1585
ATF7,0.22101,0.14396
NRL,0.22097,0.13212
NR2F2,0.22096,-0.04126
CEBPA,0.22083,1.86054
HINFP,0.22072,0.09309
GATA2,0.22071,-0.05162
NR4A2,0.2207,0.11007
TFCP2,0.22059,-0.18064
FOXB1,0.22059,1.39094
POU5F1,0.22039,-0.17881
SOX6,0.22029,0.35826
CEBPZ,0.22022,0.03188
MGA,0.22021,0.06935
NR3C1,0.22015,-0.11267
EGR1,0.22008,0.22639
CREB3L1,0.22008,-0.29251
NR4A2,0.22005,0.11007
TFCP2,0.21994,-0.18064
ITGB2,0.21989,1.87118
MEF2A,0.21988,-0.11613
MAGOH,0.21982,0.20422
BARX1,0.21979,1.13672
POU2F2,0.21963,-0.79029
ZNF524,0.21963,-0.36672
JUND,0.21955,-0.03685
ZNF410,0.21924,-0.14934
ELF1,0.21913,-0.0385
SOX2,0.21909,1.37658
TBX2,0.21907,0.74219
CTCF,0.21905,0.1109
IRF5,0.21899,0.56234
AR,0.21898,0.74347
XBP1,0.21888,0.09852
GTF2I,0.21883,-0.05514
PROX1,0.21881,1.25768
THRB,0.21868,0.86606
TCF12,0.21852,-0.03309
RBPJ,0.21834,0.06557
THAP1,0.21827,0.30516
RARG,0.21819,-0.50335
TBX1,0.21818,1.76691
YBX1,0.21814,0.03072
RARG,0.21807,-0.50335
FOXD2,0.21802,0.92604
HOXB3,0.21795,-0.40051
HMX1,0.21792,1.5563
YY2,0.21782,-0.33904
MEIS3,0.21778,0.68303
JUN,0.21777,0.26082
MYC,0.21756,0.22497
NR2C2,0.21753,0.21475
GBX2,0.21723,1.92073
JUNB,0.21717,0.12824
MAFK,0.21716,-0.18717
HEY2,0.21714,1.09575
MAF,0.21704,1.50435
NFATC2,0.21694,0.12494
TGIF2,0.21693,0.13496
CEBPD,0.21688,0.31811
HINFP,0.21681,0.09309
TCF4,0.2168,-0.83621
REL,0.21677,0.12775
GTF2B,0.21676,0.31598
EP300,0.21658,0.07356
NFYA,0.21646,-0.02481
HESX1,0.21637,0.17438
SOX8,0.21634,0.98528
E2F4,0.21628,0.14148
USF1,0.21627,-0.13268
NR3C2,0.21622,0.66608
HESX1,0.21612,0.17438
EGR1,0.216,0.22639
NR2F6,0.21595,-0.07863
HNRNPC,0.21591,0.08309
GMEB2,0.21591,0.07687
CEBPA,0.21589,1.86054
HOXC10,0.21583,0.94574
YY2,0.21572,-0.33904
ELK1,0.21563,-0.14318
HOXA13,0.21549,1.58967
HOXA1,0.21545,0.09858
MAF,0.2153,1.50435
CUX1,0.2152,-0.02564
CREB3L1,0.21491,-0.29251
E4F1,0.21487,0.19447
NR2F1,0.21485,-0.40683
ARFGAP1,0.21481,0.0425
HOXA7,0.21477,-1.08007
ZNF143,0.21472,-0.08045
RBPJ,0.2147,0.06557
MAF,0.21469,1.50435
ADARB1,0.21468,0.69463
RFX2,0.21461,0.09243
MAFB,0.21457,0.64383
LHX6,0.21455,1.97772
XBP1,0.21453,0.09852
CEBPA,0.21453,1.86054
NFIC,0.21448,-0.21458
OTX1,0.21427,0.61502
CEBPG,0.21413,0.22789
TFAP2A,0.21395,-0.00481
CEBPB,0.21393,0.1585
MAFK,0.21382,-0.18717
HLF,0.21374,1.20049
BHLHE40,0.21365,0.12349
SP4,0.21346,0.31458
POU2F2,0.21337,-0.79029
BARX1,0.21335,1.13672
BARHL2,0.21322,1.83251
SP2,0.21319,-0.07606
ZNF143,0.21301,-0.08045
HMBOX1,0.21284,0.39571
ZKSCAN3,0.21262,0.45019
BCL6,0.21261,-0.46691
NFATC1,0.21249,1.17367
CSNK2B,0.21245,0.20303
AGGF1,0.21244,0.05794
IRX3,0.21243,0.16577
HSF1,0.21236,0.46176
EN1,0.21236,1.50651
CREB3L1,0.21233,-0.29251
MAX,0.2123,0.13856
RFX2,0.21217,0.09243
THRB,0.21209,0.86606
GABPA,0.21201,-0.14939
PBX1,0.21199,-0.73611
TFEB,0.21192,-0.41856
GATA6,0.21187,-0.4102
ZNF143,0.21181,-0.08045
RXRA,0.2118,0.30198
ZBED1,0.21171,-0.20248
NR2C2,0.21169,0.21475
HSF1,0.21158,0.46176
RFX5,0.21154,0.24121
POU2F1,0.21153,0.47712
SREBF1,0.2115,-0.15578
EXO5,0.21147,0.14677
YY1,0.21127,0.14859
SMAD4,0.21118,0.01087
POU5F1,0.21115,-0.17881
ISL2,0.2111,1.25248
SOX18,0.21102,1.26007
TCF4,0.21097,-0.83621
MAGEF1,0.21094,-0.19609
RAD21,0.2108,0.33699
HOXC13,0.2107,0.9857
LHX2,0.21069,1.74567
HIC2,0.21066,0.48876
TFAP4,0.21059,0.30334
CUX2,0.21059,1.0607
HSF1,0.21055,0.46176
HOXA13,0.21053,1.58967
TFE3,0.21044,-0.02572
LHX2,0.21043,1.74567
STAT5A,0.21038,-0.10044
SREBF2,0.21016,0.00057
MYBL1,0.21009,0.21759
HOXC13,0.21009,0.9857
SOX8,0.21008,0.98528
TGIF2,0.21005,0.13496
HOXA13,0.20993,1.58967
CREB3L1,0.2099,-0.29251
GBX2,0.20989,1.92073
RFX2,0.20986,0.09243
BACH1,0.20977,-0.08588
TCF12,0.20968,-0.03309
STAT1,0.20965,-0.01743
RFX2,0.20959,0.09243
CEBPB,0.20957,0.1585
MSX2,0.20951,1.37658
EN1,0.20942,1.50651
RORA,0.20939,1.26779
MYC,0.2093,0.22497
HTATIP2,0.2093,0.39794
CEBPG,0.20928,0.22789
NR2F1,0.20922,-0.40683
ZNF143,0.2092,-0.08045
GFI1,0.20911,0.95373
NR1D1,0.20904,0.0778
PDX1,0.20901,1.13033
MEIS3,0.20892,0.68303
JUN,0.20881,0.26082
STAT1,0.20879,-0.01743
HSF4,0.20873,1.04243
NFIA,0.20873,0.15147
PHLDA2,0.2086,-0.17956
TWIST1,0.20855,-0.19509
CTCF,0.20853,0.1109
RORA,0.20852,1.26779
MYBL2,0.20822,-0.19707
EN1,0.20803,1.50651
NKX3-2,0.20803,1.28354
SOX9,0.20777,0.21723
IRF1,0.20776,0.07358
IRF7,0.2077,-0.16734
RUNX2,0.2077,-0.44748
ELK4,0.20768,0.1604
EMX2,0.20754,1.14301
REST,0.2074,0.20711
CTCF,0.20731,0.1109
HOXA1,0.2073,0.09858
ZNF410,0.2073,-0.14934
NFKB1,0.20724,-0.02496
REL,0.2072,0.12775
RFX3,0.2072,0.21238
ATF3,0.20708,0.74563
RAD21,0.20702,0.33699
JUNB,0.20698,0.12824
CEBPB,0.20695,0.1585
YY1,0.20687,0.14859
SREBF2,0.20682,0.00057
TGIF1,0.20671,0.24022
YY1,0.20662,0.14859
XBP1,0.20658,0.09852
RFX5,0.20656,0.24121
DMRT2,0.20652,-0.75849
GATA4,0.20644,-1.3276
BACH1,0.20629,-0.08588
CREB3,0.20615,-0.24841
MSC,0.20613,0.03375
TEAD4,0.20612,0.33182
ATF6,0.20605,-0.21495
CEBPB,0.20602,0.1585
FOXO6,0.20596,1.52196
ATF3,0.20592,0.74563
MGA,0.20578,0.06935
PBX2,0.20556,0.47253
BACH1,0.20555,-0.08588
HOXA2,0.20537,-0.49643
PTEN,0.20534,0.03658
GMEB2,0.20534,0.07687
GRHL1,0.20532,0.60779
RFX5,0.20521,0.24121
LBX2,0.20509,1.06169
RARA,0.20496,-0.25519
STAT5A,0.20494,-0.10044
MAFK,0.20492,-0.18717
NKX3-2,0.20485,1.28354
TBX1,0.20482,1.76691
NR3C2,0.20481,0.66608
PBX1,0.20476,-0.73611
HOXC9,0.20473,-0.05244
CEBPA,0.20441,1.86054
TEAD1,0.20436,0.23157
REST,0.20434,0.20711
USF1,0.20427,-0.13268
TFAP4,0.20425,0.30334
TBX2,0.20419,0.74219
DDX20,0.20411,0.2126
MYBL2,0.20409,-0.19707
NFE2,0.204,0.59563
PAX2,0.20399,1.0569
ZNF8,0.20386,0.67552
SOX9,0.20386,0.21723
CENPB,0.20385,-0.10852
HIF1A,0.20382,-0.1013
FOSL2,0.20381,0.07854
ATF3,0.20364,0.74563
POU2F2,0.20358,-0.79029
POU2F1,0.20348,0.47712
PBX3,0.20334,0.40978
TBX20,0.20314,1.45484
HLF,0.2028,1.20049
TEF,0.20277,-0.46806
MLX,0.20275,0.04225
TFAP2C,0.20254,0.6037
MYBL2,0.20254,-0.19707
TBX1,0.20244,1.76691
AHR,0.2024,-0.31593
SOX9,0.20224,0.21723
FOXA1,0.20215,0.59218
NR2F1,0.20211,-0.40683
ZBED1,0.20208,-0.20248
SOX2,0.20208,1.37658
THRB,0.20205,0.86606
RARA,0.20197,-0.25519
MAX,0.20191,0.13856
NR1H2,0.20182,-0.17777
REST,0.20181,0.20711
CREB3,0.20178,-0.24841
MESP1,0.20163,0.43381
FOS,0.20157,0.11477
HIVEP1,0.20157,0.17371
ZBTB7A,0.20155,-0.03833
TBX2,0.20155,0.74219
RXRA,0.20144,0.30198
FOXO4,0.20144,0.05375
EOMES,0.20142,1.4624
HES1,0.2014,0.29018
RARA,0.20136,-0.25519
PPARG,0.20128,-0.0062
ZNF3,0.20122,0.04979
TEAD1,0.20121,0.23157
MESP1,0.20117,0.43381
BHLHE40,0.20112,0.12349
NFIC,0.20112,-0.21458
GMEB2,0.20103,0.07687
ATF3,0.20098,0.74563
GATA3,0.20077,0.63765
TFAP4,0.20076,0.30334
EOMES,0.20074,1.4624
FOXF2,0.20056,0.41095
EN2,0.20025,1.5098
NKX3-1,0.20018,-0.17361
ZBTB33,0.20014,0.15431
REST,0.20007,0.20711
CTCF,0.2,0.1109
DLX1,0.19997,0.10983
TBX20,0.19996,1.45484
YY1,0.19995,0.14859
AR,0.19994,0.74347
GLI1,0.19994,-0.49908
FOXK1,0.19992,0.61424
TOPORS,0.19991,-0.16762
CEBPG,0.19989,0.22789
THRB,0.19959,0.86606
FOSL2,0.19946,0.07854
MAFK,0.19939,-0.18717
CREB3L1,0.19935,-0.29251
PAX2,0.19931,1.0569
MGA,0.19927,0.06935
BHLHE40,0.19927,0.12349
LHX6,0.19921,1.97772
BCL11A,0.19915,1.84042
FOXD1,0.19904,0.21153
MLX,0.19901,0.04225
GATA4,0.19899,-1.3276
ELK1,0.19896,-0.14318
SNAI2,0.19883,-0.12542
BHLHE40,0.19872,0.12349
ARNT,0.19869,0.03492
BCL6,0.19847,-0.46691
TFEB,0.19845,-0.41856
MEIS2,0.19843,-0.06534
HNF4G,0.19839,0.89252
NR3C1,0.19838,-0.11267
BHLHE40,0.19833,0.12349
TCF7,0.19821,0.17771
MEIS1,0.1982,-0.46847
ESRRG,0.19815,1.19866
SMAD3,0.19811,-0.38086
RUNX1,0.19811,-0.06798
LHX6,0.1981,1.97772
EPAS1,0.19807,-0.67374
MNT,0.19801,0.05603
HMX1,0.19801,1.5563
AR,0.19799,0.74347
MAFB,0.19799,0.64383
SP2,0.19794,-0.07606
RORA,0.19787,1.26779
PAX2,0.19786,1.0569
NR2F1,0.19782,-0.40683
HOXA13,0.19762,1.58967
HIF1A,0.19761,-0.1013
MEIS3,0.19761,0.68303
TGIF1,0.19753,0.24022
GATA4,0.19751,-1.3276
MYBL1,0.19748,0.21759
AR,0.19741,0.74347
REST,0.19734,0.20711
JUN,0.19729,0.26082
TCF12,0.19726,-0.03309
MAFK,0.19725,-0.18717
RBPJ,0.19702,0.06557
TCF3,0.19697,-0.11833
CREB3L1,0.19696,-0.29251
ZKSCAN1,0.19694,0.25502
TBX3,0.19689,-0.64016
CTCF,0.19685,0.1109
JUND,0.19683,-0.03685
RPL6,0.19681,0.06944
HNF4G,0.1968,0.89252
HINFP,0.19675,0.09309
TFAP4,0.19674,0.30334
JUND,0.1967,-0.03685
DLX2,0.19661,0.70947
TRIM28,0.19655,-0.01728
SREBF1,0.19602,-0.15578
AR,0.19559,0.74347
FOXJ3,0.19557,0.24609
LHX6,0.19555,1.97772
NR2F1,0.19554,-0.40683
ZBTB3,0.19553,0.39844
MLX,0.19553,0.04225
SOX9,0.19534,0.21723
ELK1,0.19519,-0.14318
TFEB,0.19516,-0.41856
RXRB,0.19515,0.14875
PAX3,0.19508,1.45939
NR1D1,0.19492,0.0778
JUNB,0.19479,0.12824
MSX2,0.19474,1.37658
NFIB,0.19473,-0.34392
RXRB,0.19471,0.14875
RUNX3,0.19465,1.32536
RARA,0.19454,-0.25519
NFIC,0.1944,-0.21458
NFE2,0.19426,0.59563
ELK1,0.19422,-0.14318
NR3C2,0.19416,0.66608
TFE3,0.19413,-0.02572
GATA2,0.19412,-0.05162
TCF3,0.19412,-0.11833
MAFA,0.19411,1.66573
ARFGAP1,0.19397,0.0425
RXRA,0.19396,0.30198
JDP2,0.19395,0.49816
KLF8,0.19393,1.24055
TGIF1,0.19384,0.24022
NFIA,0.19372,0.15147
GATA3,0.19349,0.63765
SNAPC5,0.19347,-0.15661
SOX17,0.19343,-2.18298
CREB3L1,0.1934,-0.29251
NFYB,0.19339,-0.01498
ESRRB,0.19334,1.09807
USF1,0.19333,-0.13268
PBX1,0.19331,-0.73611
ZBTB3,0.19305,0.39844
TCF3,0.19296,-0.11833
RXRA,0.19295,0.30198
HOXD3,0.19275,-0.7231
USF1,0.19269,-0.13268
BARHL2,0.19264,1.83251
TCF3,0.19256,-0.11833
JUN,0.19253,0.26082
DDX20,0.19249,0.2126
DLX1,0.19241,0.10983
GMEB1,0.19229,-0.0629
MAFG,0.19225,-0.03675
ELK4,0.19224,0.1604
SOX6,0.1922,0.35826
GATA2,0.1919,-0.05162
GLI3,0.19169,-0.16955
TBX1,0.19164,1.76691
VAX1,0.1915,1.0607
CTCF,0.19142,0.1109
CREB3L1,0.19134,-0.29251
MAFB,0.19126,0.64383
ETV2,0.19124,-0.21244
THRB,0.19124,0.86606
HOXA1,0.1912,0.09858
CBFB,0.19087,0.09939
NFATC1,0.19081,1.17367
TEAD1,0.19066,0.23157
TGIF1,0.19041,0.24022
GRHL1,0.19036,0.60779
NR3C1,0.19033,-0.11267
MLXIPL,0.19033,1.28556
FOXO1,0.19023,0.19161
ZNF410,0.19018,-0.14934
NFKB1,0.19017,-0.02496
CTCF,0.19016,0.1109
RFX5,0.19016,0.24121
TGIF1,0.18998,0.24022
RFX5,0.18991,0.24121
POU2F1,0.18983,0.47712
RORA,0.18982,1.26779
SREBF2,0.18976,0.00057
NFYA,0.18976,-0.02481
THAP1,0.18969,0.30516
ATF3,0.18964,0.74563
PPARG,0.18964,-0.0062
RFX2,0.18933,0.09243
JUN,0.18927,0.26082
VAX2,0.18925,-0.14018
GATA3,0.1892,0.63765
ZBED1,0.18904,-0.20248
MXD4,0.18901,-0.10175
NR3C1,0.18898,-0.11267
VDR,0.18896,0.18204
ESRRA,0.18894,0.36686
NR2F1,0.18889,-0.40683
RFX3,0.18886,0.21238
SIN3A,0.18886,0.04933
HMGA2,0.18867,-0.18061
POU2F2,0.18851,-0.79029
CREB3L1,0.18831,-0.29251
CEBPB,0.18829,0.1585
MGA,0.18827,0.06935
HOXD3,0.18823,-0.7231
RBPJ,0.18796,0.06557
RUNX2,0.18787,-0.44748
JUND,0.18778,-0.03685
MYBL2,0.18775,-0.19707
SFT2D1,0.18768,0.08654
HAND1,0.18767,0.94118
CEBPZ,0.18754,0.03188
TEF,0.18747,-0.46806
ARNT,0.18738,0.03492
SREBF1,0.18734,-0.15578
ZEB1,0.18732,-0.14882
NFE2L2,0.18716,0.01426
MAFK,0.18716,-0.18717
SIN3A,0.18714,0.04933
LHX9,0.18711,-1.03088
SP4,0.18707,0.31458
NFIA,0.18684,0.15147
TEF,0.18665,-0.46806
TFEB,0.18628,-0.41856
NFE2,0.1862,0.59563
HNF4G,0.18618,0.89252
ZNF652,0.18617,0.37539
HMX1,0.18612,1.5563
MEIS3,0.18609,0.68303
LHX2,0.18606,1.74567
ARNT,0.18597,0.03492
TFE3,0.18586,-0.02572
NFKB1,0.18577,-0.02496
MSC,0.18576,0.03375
PDX1,0.18574,1.13033
RBM17,0.18564,0.22348
NFIB,0.1855,-0.34392
NKX3-1,0.18535,-0.17361
NR3C1,0.18522,-0.11267
POU3F2,0.18519,1.7839
MEF2A,0.18517,-0.11613
FLI1,0.18512,-2.13898
NFATC1,0.18509,1.17367
PURG,0.18507,0.64052
CEBPG,0.18492,0.22789
SOX8,0.18487,0.98528
FOXO4,0.18481,0.05375
ETS1,0.18479,0.2381
ZBTB7A,0.18476,-0.03833
RFX2,0.18476,0.09243
ESRRA,0.18471,0.36686
OLIG2,0.18455,0.79877
SRP9,0.18454,0.0278
TEAD2,0.18427,-0.33669
FOXO1,0.18424,0.19161
MYBL2,0.18424,-0.19707
NKX2-5,0.1842,1.55041
REL,0.18419,0.12775
ESX1,0.18419,1.18752
ZNF75A,0.18411,0.45123
POU5F1,0.18405,-0.17881
POU2F1,0.18396,0.47712
FOXO6,0.18395,1.52196
ZNF784,0.18392,-0.1146
HIF1A,0.18386,-0.1013
FOXM1,0.18384,-0.09234
BCL6,0.18382,-0.46691
JUND,0.18371,-0.03685
E2F4,0.18368,0.14148
GLI2,0.18366,0.00519
JUN,0.18366,0.26082
HIF1A,0.18356,-0.1013
NR2F6,0.18355,-0.07863
YY1,0.18343,0.14859
MAF,0.18329,1.50435
NFE2L1,0.18315,-0.03223
ELK1,0.18314,-0.14318
TRIM69,0.18311,-0.14646
NKX3-2,0.1831,1.28354
CEBPB,0.18303,0.1585
TCF3,0.183,-0.11833
BHLHE40,0.18298,0.12349
MAX,0.1829,0.13856
HMBOX1,0.18288,0.39571
MEOX1,0.18287,0.5983
RXRA,0.18283,0.30198
EPAS1,0.18279,-0.67374
SNAI2,0.1826,-0.12542
KLF4,0.1826,1.14393
RFX1,0.18254,0.20032
TBX1,0.18251,1.76691
TRIM21,0.1825,-0.18352
MESP1,0.18236,0.43381
NFKB1,0.18219,-0.02496
EGR1,0.18211,0.22639
GFI1,0.18205,0.95373
NFIX,0.18203,-0.37506
TCF7,0.182,0.17771
HOXC11,0.18199,0.58072
THRA,0.18199,-0.23344
NFIB,0.18188,-0.34392
CENPB,0.18185,-0.10852
MXI1,0.1818,0.36623
NR2C2,0.18174,0.21475
FOXB1,0.18172,1.39094
ZNF143,0.18159,-0.08045
MEIS1,0.18157,-0.46847
ETV4,0.18154,0.15297
VDR,0.18149,0.18204
STAT5B,0.18146,-0.28536
ATF7,0.18135,0.14396
ZNF333,0.18135,-0.13501
GBX2,0.18134,1.92073
AR,0.18124,0.74347
HDX,0.18111,0.08585
MEOX1,0.1811,0.5983
KLF3,0.18102,0.08462
TCF7L2,0.18097,0.09821
NKX3-1,0.18089,-0.17361
REL,0.18077,0.12775
ETV6,0.1807,-0.12382
MYC,0.18052,0.22497
SEMA4A,0.18048,0.2132
FOS,0.1801,0.11477
GFI1,0.18008,0.95373
IRF5,0.18008,0.56234
IRF2,0.17998,-0.18248
NKX6-1,0.17991,1.89061
CTCF,0.17988,0.1109
TBP,0.17983,0.01746
SOX17,0.17969,-2.18298
FOSL1,0.17961,0.12968
HIF1A,0.17956,-0.1013
SNAI2,0.1795,-0.12542
SREBF2,0.17943,0.00057
HOXD11,0.17939,0.14834
ZBED1,0.17934,-0.20248
THRA,0.17928,-0.23344
BHLHE40,0.17925,0.12349
RFX2,0.17904,0.09243
MAZ,0.179,0.03792
NFKB1,0.17896,-0.02496
ERG,0.17888,1.54862
ATF7,0.17888,0.14396
NFKB2,0.17887,0.51364
TP53,0.17886,-0.06103
TBX1,0.17884,1.76691
TP53,0.17881,-0.06103
ELK1,0.17877,-0.14318
XBP1,0.17876,0.09852
MAFK,0.17876,-0.18717
FOS,0.17874,0.11477
FOXO1,0.1787,0.19161
MXI1,0.1787,0.36623
MAFK,0.1787,-0.18717
RARA,0.17868,-0.25519
TFAP2A,0.17867,-0.00481
NRL,0.17863,0.13212
IRF1,0.17862,0.07358
PPARG,0.1786,-0.0062
TGIF1,0.17854,0.24022
FOSL2,0.17851,0.07854
TCF3,0.17851,-0.11833
RXRB,0.17839,0.14875
AHR,0.17831,-0.31593
YY2,0.17823,-0.33904
JUND,0.17817,-0.03685
SP2,0.17815,-0.07606
ZBTB7A,0.17795,-0.03833
E2F4,0.1779,0.14148
RORA,0.1778,1.26779
OTX1,0.17778,0.61502
ESRRA,0.17777,0.36686
IL24,0.17766,0.32932
VDR,0.17765,0.18204
JUN,0.17753,0.26082
HIF1A,0.17752,-0.1013
CUX1,0.17745,-0.02564
CUX1,0.17741,-0.02564
FOXO1,0.17726,0.19161
LEF1,0.17724,0.99309
MITF,0.17716,0.30426
RORA,0.17712,1.26779
FOXD2,0.17698,0.92604
EN1,0.1769,1.50651
GATA3,0.1769,0.63765
TFAP2C,0.17689,0.6037
FOSB,0.17673,0.22429
NR3C1,0.1767,-0.11267
RAB14,0.17659,0.01434
ZNF143,0.17658,-0.08045
RARG,0.17653,-0.50335
MGA,0.17646,0.06935
MAFK,0.17645,-0.18717
ESRRA,0.17641,0.36686
JUN,0.17626,0.26082
ESX1,0.17615,1.18752
CUX1,0.17613,-0.02564
YY1,0.17613,0.14859
GLI2,0.17598,0.00519
TFAP2A,0.17597,-0.00481
GZF1,0.1759,-0.10714
ZNF3,0.17584,0.04979
IRF2,0.17582,-0.18248
NR5A1,0.17582,-1.93768
BACH1,0.17577,-0.08588
HOXB5,0.17577,0.18102
ATF6,0.17576,-0.21495
NFE2L2,0.17566,0.01426
HESX1,0.17559,0.17438
FOSL2,0.17558,0.07854
SOX12,0.17556,0.14955
NFE2,0.17551,0.59563
TRIM69,0.17546,-0.14646
RFX3,0.17541,0.21238
SP4,0.17538,0.31458
EN1,0.17529,1.50651
FOSL1,0.17529,0.12968
GLI2,0.17514,0.00519
MSX1,0.17513,0.83405
TP53,0.1751,-0.06103
NR2F1,0.17503,-0.40683
RFX5,0.17497,0.24121
PKNOX2,0.17483,0.45558
ESRRA,0.17481,0.36686
TFE3,0.17475,-0.02572
PAX8,0.17461,1.96565
ERG,0.17458,1.54862
RUNX1,0.17449,-0.06798
HESX1,0.17439,0.17438
NR1H2,0.17437,-0.17777
ETS1,0.17434,0.2381
NR2F6,0.17428,-0.07863
ZBTB4,0.17414,-0.18334
LHX2,0.1741,1.74567
TBX1,0.17404,1.76691
USF1,0.17393,-0.13268
NFE2,0.17384,0.59563
NR3C2,0.1738,0.66608
HMBOX1,0.17376,0.39571
TFAP2C,0.17364,0.6037
OTX1,0.1736,0.61502
E2F1,0.17356,-0.14567
GLI1,0.17337,-0.49908
FOXO4,0.17331,0.05375
HINFP,0.17327,0.09309
NFE2,0.17317,0.59563
YWHAE,0.17317,0.00704
JUN,0.17293,0.26082
MAFK,0.17291,-0.18717
AR,0.1728,0.74347
MAFA,0.1728,1.66573
SOX1,0.17268,1.77815
HIVEP1,0.17267,0.17371
NFKB1,0.17263,-0.02496
ZKSCAN3,0.1726,0.45019
UBE2V1,0.17259,-0.08291
RFX5,0.1725,0.24121
BHLHE41,0.17244,-0.53218
HIF1A,0.17238,-0.1013
ETV4,0.1723,0.15297
TFAP2A,0.17226,-0.00481
CREB3L1,0.17223,-0.29251
BHLHE41,0.17219,-0.53218
MYC,0.17219,0.22497
HOXB2,0.17218,-0.59651
SOX9,0.17215,0.21723
PBX2,0.17214,0.47253
RXRA,0.17207,0.30198
NKX3-1,0.1719,-0.17361
ZDHHC5,0.17184,0.08629
FOXO1,0.17183,0.19161
REL,0.17182,0.12775
NR2F1,0.17173,-0.40683
EPAS1,0.17169,-0.67374
CEBPA,0.17169,1.86054
GLI1,0.17164,-0.49908
ZBTB7A,0.17163,-0.03833
ZNF628,0.17154,-0.14656
TFAP2C,0.17153,0.6037
FOXB1,0.17152,1.39094
RFX3,0.17147,0.21238
SOX2,0.17147,1.37658
TFAP2C,0.17133,0.6037
EN2,0.1713,1.5098
POU2F2,0.17129,-0.79029
PAX8,0.17112,1.96565
PTCD1,0.17104,0.04232
TGIF2,0.17098,0.13496
NR2F2,0.17096,-0.04126
RFX3,0.17095,0.21238
TEF,0.17094,-0.46806
MAFF,0.17088,0.15237
HOXA2,0.17084,-0.49643
ATF6,0.17083,-0.21495
XBP1,0.17079,0.09852
PDX1,0.17075,1.13033
ATF3,0.17071,0.74563
NR3C1,0.17066,-0.11267
RFX1,0.17065,0.20032
POU2F2,0.17038,-0.79029
RBBP5,0.17032,0.03327
STAT1,0.17031,-0.01743
ZBED1,0.1703,-0.20248
DLX4,0.17022,1.70529
MNT,0.17007,0.05603
PAX6,0.17004,0.87769
MAFK,0.17001,-0.18717
SOX2,0.16997,1.37658
MEIS3,0.16991,0.68303
MAX,0.16981,0.13856
MAFG,0.16968,-0.03675
HOXD8,0.16961,-0.50292
ATF6,0.16957,-0.21495
ZNF524,0.16956,-0.36672
REL,0.16948,0.12775
TBX1,0.16933,1.76691
NR2F6,0.16932,-0.07863
RFX2,0.16924,0.09243
TBX2,0.16922,0.74219
NR2F1,0.16896,-0.40683
IRF1,0.16891,0.07358
ISL2,0.16875,1.25248
HIC2,0.1687,0.48876
ETV1,0.16866,0.0445
NR1H2,0.16865,-0.17777
TBX1,0.16862,1.76691
NFIC,0.1686,-0.21458
THRA,0.1685,-0.23344
POU5F1,0.16844,-0.17881
MAF,0.16832,1.50435
ATF4,0.1683,0.11374
JUN,0.16824,0.26082
MESP1,0.1682,0.43381
HIF1A,0.16806,-0.1013
ARNT,0.16805,0.03492
TCF7,0.16803,0.17771
HOXC10,0.16778,0.94574
E2F8,0.16777,0.20928
SOX7,0.16775,0.94009
TEAD4,0.16751,0.33182
RXRA,0.16737,0.30198
NFIB,0.16737,-0.34392
LHX9,0.16732,-1.03088
CUX1,0.16731,-0.02564
CEBPG,0.16717,0.22789
FOS,0.16708,0.11477
MYC,0.16705,0.22497
VAX2,0.16691,-0.14018
FOS,0.16688,0.11477
MAFK,0.16687,-0.18717
FOS,0.16681,0.11477
HIC1,0.16676,-0.93177
NR3C1,0.16676,-0.11267
RORA,0.16667,1.26779
NR4A1,0.16647,0.49659
EMX2,0.16641,1.14301
NFATC2,0.16633,0.12494
SOX8,0.1663,0.98528
SREBF2,0.16623,0.00057
CEBPZ,0.16615,0.03188
CTCF,0.16603,0.1109
ZKSCAN3,0.16583,0.45019
MAFK,0.16571,-0.18717
EZH2,0.1657,0.24374
ELK1,0.1656,-0.14318
ARNT,0.1656,0.03492
NKX2-8,0.1656,1.30963
HEY2,0.16558,1.09575
E2F1,0.1655,-0.14567
E2F4,0.16544,0.14148
HOXB2,0.16533,-0.59651
PRRX1,0.16532,-0.44294
ARNT,0.16527,0.03492
CREB3L1,0.1652,-0.29251
SOX2,0.16507,1.37658
STAT3,0.16507,-0.16234
TBX1,0.16504,1.76691
TGIF2,0.16492,0.13496
ZNF524,0.16491,-0.36672
RARA,0.16478,-0.25519
POU2F2,0.16476,-0.79029
RARG,0.16474,-0.50335
USF2,0.16463,-0.17263
SIN3A,0.16459,0.04933
CYB5R1,0.16459,-0.02612
ATF3,0.16457,0.74563
TBX1,0.16444,1.76691
PITX2,0.16441,1.94874
TBX20,0.16438,1.45484
NFIL3,0.16425,0.04188
GZF1,0.16421,-0.10714
THRA,0.16416,-0.23344
TEAD1,0.16399,0.23157
PAX6,0.16396,0.87769
THRB,0.16392,0.86606
CREB3L1,0.16391,-0.29251
E2F3,0.16388,0.35972
REST,0.16382,0.20711
ZBTB4,0.16371,-0.18334
THRB,0.16363,0.86606
HMBOX1,0.16362,0.39571
TCF3,0.16358,-0.11833
POU5F1,0.16344,-0.17881
NFIA,0.16337,0.15147
SREBF1,0.1633,-0.15578
TGIF2,0.16328,0.13496
ERG,0.16312,1.54862
NR3C1,0.16308,-0.11267
MAFF,0.16298,0.15237
MXI1,0.16293,0.36623
TCF3,0.16289,-0.11833
EMX2,0.16277,1.14301
ETV1,0.16277,0.0445
HIC2,0.16265,0.48876
RCOR1,0.16262,0.29047
OTX1,0.16259,0.61502
EN1,0.16242,1.50651
PAX9,0.1624,1.51678
ETV5,0.16212,0.00428
RXRA,0.1621,0.30198
HNRNPLL,0.16207,-0.15873
ZEB1,0.16194,-0.14882
GATA3,0.16188,0.63765
ZNF524,0.16186,-0.36672
HOXA6,0.16182,0.86378
TCF3,0.16181,-0.11833
NKX2-8,0.16181,1.30963
FOXP3,0.16181,0.80403
SMAD2,0.16177,-0.33837
BHLHA15,0.16167,1.12494
MYBL1,0.16167,0.21759
CREB3L1,0.16164,-0.29251
IRF4,0.16161,-0.17271
NKX6-1,0.16157,1.89061
ZIC2,0.16153,2.51825
TBX20,0.16135,1.45484
NFE2L1,0.1613,-0.03223
FOXA1,0.16128,0.59218
ZNF589,0.1611,0.55279
PBX1,0.16108,-0.73611
SOX17,0.16108,-2.18298
MSC,0.16107,0.03375
CUX1,0.16101,-0.02564
GLIS3,0.16101,-0.88015
ETS1,0.161,0.2381
RXRA,0.16099,0.30198
CBFB,0.16096,0.09939
FOS,0.16089,0.11477
HLF,0.16079,1.20049
ZNF3,0.16074,0.04979
TCF21,0.1607,-0.07196
FOXM1,0.16061,-0.09234
NFKB1,0.1606,-0.02496
HSF2,0.16048,0.0708
NFATC2,0.16046,0.12494
ATF4,0.16045,0.11374
SIX3,0.16041,1.18469
SMAD3,0.16023,-0.38086
STAT5A,0.16022,-0.10044
TFAP4,0.16022,0.30334
NFE2L1,0.1602,-0.03223
FOSB,0.16015,0.22429
ZNF143,0.16002,-0.08045
NFKB1,0.16,-0.02496
POU5F1,0.16,-0.17881
STAT3,0.15988,-0.16234
GATA3,0.15987,0.63765
CHD2,0.15984,0.16413
FOS,0.15981,0.11477
PITX1,0.15968,2.66087
FOXD3,0.15955,1.66375
RXRA,0.15948,0.30198
MEIS3,0.1594,0.68303
YBX1,0.15929,0.03072
RXRA,0.15892,0.30198
CEBPZ,0.1589,0.03188
ALX1,0.15867,0.03003
MXI1,0.15863,0.36623
HOMEZ,0.15856,0.41613
POU2F2,0.15854,-0.79029
MYBL2,0.1585,-0.19707
DBP,0.15825,-0.07406
SOX2,0.15815,1.37658
POU3F2,0.15812,1.7839
HOXB2,0.15809,-0.59651
CTCF,0.15801,0.1109
BCL6,0.15793,-0.46691
MEIS2,0.15788,-0.06534
SOX8,0.15786,0.98528
PPARA,0.15781,0.48827
HERPUD1,0.15776,0.11175
JUNB,0.15773,0.12824
SFT2D1,0.15769,0.08654
PDX1,0.15769,1.13033
EN2,0.15768,1.5098
IRF4,0.15755,-0.17271
GZF1,0.15755,-0.10714
MESP1,0.15753,0.43381
STAT1,0.15751,-0.01743
NKX2-1,0.15748,2.41647
MEOX1,0.15739,0.5983
SPAG7,0.15735,-0.25837
FOXP3,0.15701,0.80403
MAX,0.15695,0.13856
ETV1,0.15695,0.0445
TEAD1,0.15691,0.23157
ID4,0.15688,-0.49292
ETS2,0.15687,0.26666
JDP2,0.15686,0.49816
HOXA13,0.15648,1.58967
NR5A1,0.15635,-1.93768
RFX3,0.15634,0.21238
ETV4,0.15617,0.15297
NFE2L2,0.15616,0.01426
GATA2,0.15607,-0.05162
SREBF2,0.15606,0.00057
SOX4,0.15605,-0.13172
ZIC2,0.15599,2.51825
CEBPB,0.15593,0.1585
SREBF2,0.15587,0.00057
IRF7,0.15571,-0.16734
MAF,0.15571,1.50435
FOSB,0.15562,0.22429
MAFA,0.15531,1.66573
FOXP2,0.15527,0.88336
CUX1,0.15524,-0.02564
HOXA9,0.15523,0.67702
USF1,0.15521,-0.13268
POU5F1,0.15514,-0.17881
MEF2C,0.1551,0.40985
MAFK,0.15504,-0.18717
MAFK,0.15463,-0.18717
RXRA,0.15456,0.30198
SIX5,0.1545,-0.04506
THRB,0.15425,0.86606
SMAD3,0.15424,-0.38086
HSF1,0.15402,0.46176
ELF1,0.15392,-0.0385
VAX1,0.1539,1.0607
POU2F2,0.15387,-0.79029
RORA,0.15385,1.26779
MGA,0.15385,0.06935
DMBX1,0.15381,1.4014
TFCP2,0.1538,-0.18064
GBX2,0.15378,1.92073
RFX5,0.15376,0.24121
RFX2,0.15363,0.09243
FOSL1,0.15359,0.12968
ESRRA,0.15344,0.36686
GTF2I,0.15343,-0.05514
TCF3,0.1534,-0.11833
IRF4,0.15339,-0.17271
ARID5B,0.1533,-0.5962
XBP1,0.15327,0.09852
TFAP4,0.15323,0.30334
BHLHE41,0.15323,-0.53218
ELF4,0.15323,-0.23961
NFIL3,0.15318,0.04188
TEAD1,0.15315,0.23157
FOXO4,0.15311,0.05375
TBP,0.15309,0.01746
VAX1,0.153,1.0607
MAX,0.15297,0.13856
HINFP,0.15293,0.09309
NFIB,0.1529,-0.34392
NR4A2,0.15276,0.11007
MAF,0.15272,1.50435
LHX6,0.15261,1.97772
JUN,0.15261,0.26082
ZNF589,0.1526,0.55279
MTA3,0.15248,0.13685
EN1,0.15237,1.50651
ETV2,0.15227,-0.21244
NR3C1,0.15225,-0.11267
XBP1,0.1521,0.09852
ELK1,0.15208,-0.14318
PPARA,0.15207,0.48827
AR,0.15198,0.74347
RARG,0.15194,-0.50335
CREB3L1,0.15193,-0.29251
ATF7,0.15184,0.14396
BACH1,0.15183,-0.08588
ZNF784,0.15176,-0.1146
POU6F1,0.15166,-0.06658
RARG,0.15166,-0.50335
STAT2,0.1515,0.19114
NFATC1,0.15144,1.17367
PDLIM5,0.15137,-0.44383
RARA,0.15134,-0.25519
TCF12,0.15126,-0.03309
TBX20,0.15112,1.45484
TFAP4,0.15108,0.30334
E4F1,0.15087,0.19447
HIC1,0.15075,-0.93177
HOXA7,0.15069,-1.08007
HINFP,0.15056,0.09309
ZBTB6,0.15053,0.06759
SOX8,0.15047,0.98528
HAND1,0.15023,0.94118
TBX20,0.15018,1.45484
ELK1,0.14999,-0.14318
ETS1,0.14994,0.2381
NR3C1,0.14993,-0.11267
TEAD4,0.14986,0.33182
RARG,0.14972,-0.50335
ATF2,0.14962,0.19734
JDP2,0.14949,0.49816
HOXC13,0.14934,0.9857
RARA,0.14929,-0.25519
MEIS1,0.14918,-0.46847
CUX1,0.14909,-0.02564
NR1H2,0.14909,-0.17777
LARP4,0.14904,0.199
NR2C2,0.149,0.21475
POU3F2,0.14889,1.7839
PPARG,0.14883,-0.0062
VPS4B,0.14878,-0.33691
ELK1,0.1487,-0.14318
FOSL2,0.14866,0.07854
SOX8,0.1484,0.98528
POU2F2,0.14839,-0.79029
SOX17,0.14837,-2.18298
DMRT2,0.14831,-0.75849
GTF2I,0.14828,-0.05514
FOXO3,0.14816,-0.09404
ZKSCAN3,0.14814,0.45019
TFAP4,0.14808,0.30334
E2F1,0.14806,-0.14567
ATF3,0.1479,0.74563
SOX9,0.14784,0.21723
TWIST1,0.14772,-0.19509
UBE2V1,0.14772,-0.08291
XBP1,0.14769,0.09852
ETS1,0.14765,0.2381
STAT3,0.14759,-0.16234
FOXP4,0.14749,-0.2733
HOXC13,0.14747,0.9857
VDR,0.14747,0.18204
CBFB,0.14733,0.09939
NFIA,0.14705,0.15147
BHLHE41,0.14704,-0.53218
SREBF2,0.14702,0.00057
HOXD3,0.14699,-0.7231
CEBPB,0.14695,0.1585
RXRA,0.14688,0.30198
GATA3,0.14668,0.63765
TCF7,0.14665,0.17771
MEOX1,0.14662,0.5983
USF1,0.14655,-0.13268
TBX1,0.14651,1.76691
RUNX2,0.14636,-0.44748
NR2F2,0.14629,-0.04126
RUNX3,0.14626,1.32536
TFAP2A,0.14625,-0.00481
TEAD4,0.14625,0.33182
ATF7,0.14614,0.14396
ARID3A,0.14613,0.49887
RFX1,0.1461,0.20032
TFE3,0.14598,-0.02572
FOSL2,0.1459,0.07854
NR5A1,0.14589,-1.93768
ZBTB3,0.14588,0.39844
TCF3,0.14575,-0.11833
HOXB9,0.14571,0.83234
NR2F1,0.1457,-0.40683
HOXA2,0.1456,-0.49643
STAT3,0.14554,-0.16234
PKNOX1,0.14546,-0.01682
MEF2A,0.14546,-0.11613
BARHL2,0.14533,1.83251
HOXC8,0.14525,0.02345
RORA,0.14522,1.26779
PDX1,0.14516,1.13033
EGR1,0.145,0.22639
MTF1,0.14496,0.11672
FOXO4,0.14484,0.05375
RXRA,0.14476,0.30198
ELF1,0.14476,-0.0385
GFI1,0.14467,0.95373
HOXC10,0.1446,0.94574
YBX1,0.14455,0.03072
LHX2,0.14445,1.74567
HOXA3,0.14442,-0.49974
FOSB,0.14431,0.22429
NFIC,0.1443,-0.21458
NR3C1,0.14413,-0.11267
LHX9,0.14404,-1.03088
POU2F2,0.14396,-0.79029
BHLHE41,0.14395,-0.53218
E2F1,0.14394,-0.14567
HOXB8,0.1439,0.34207
STAT3,0.14384,-0.16234
RFX2,0.14374,0.09243
ESRRG,0.14373,1.19866
PAX8,0.14367,1.96565
PITX2,0.14363,1.94874
BCL11A,0.1436,1.84042
TGIF2,0.14357,0.13496
HMX1,0.14343,1.5563
JDP2,0.14343,0.49816
SP3,0.14337,0.05187
PRDM4,0.14329,0.23073
CTCF,0.14326,0.1109
RXRA,0.14319,0.30198
IRF8,0.14304,0.31482
CTCF,0.14287,0.1109
NR6A1,0.14272,0.87404
FOXA1,0.14259,0.59218
FOSL1,0.14251,0.12968
ZNF3,0.14244,0.04979
NFKB1,0.14242,-0.02496
RAD21,0.14234,0.33699
RARG,0.14233,-0.50335
HIC1,0.14233,-0.93177
PBX2,0.14231,0.47253
NKX3-1,0.14212,-0.17361
JUND,0.14208,-0.03685
SNAI2,0.14203,-0.12542
LARP1,0.14201,0.39547
AR,0.14191,0.74347
TEF,0.14191,-0.46806
ZBTB7A,0.14189,-0.03833
MYBL2,0.14185,-0.19707
USF1,0.14173,-0.13268
CEBPZ,0.14172,0.03188
FOXD3,0.14167,1.66375
HNRNPC,0.14164,0.08309
TCF4,0.1415,-0.83621
ETS1,0.14142,0.2381
ZNF143,0.14141,-0.08045
RXRA,0.14128,0.30198
SRF,0.14127,-0.18877
TFE3,0.141,-0.02572
NFIX,0.14094,-0.37506
FOXO3,0.14087,-0.09404
TCF7,0.14076,0.17771
MNT,0.14076,0.05603
NKX2-8,0.14073,1.30963
TFAP2A,0.14068,-0.00481
REL,0.14067,0.12775
SEMA4A,0.14062,0.2132
HINFP,0.14057,0.09309
NFIB,0.14052,-0.34392
HOXC9,0.14048,-0.05244
NR2F1,0.14048,-0.40683
ERG,0.14048,1.54862
TCF7,0.14037,0.17771
ZBTB3,0.1402,0.39844
CREB3L1,0.14006,-0.29251
NFIB,0.13991,-0.34392
SIN3A,0.1398,0.04933
REL,0.1398,0.12775
TCF3,0.13973,-0.11833
RAD21,0.13968,0.33699
BHLHA15,0.13967,1.12494
CREB3,0.13964,-0.24841
LHX9,0.13954,-1.03088
POU6F1,0.13949,-0.06658
NR4A3,0.13916,0.41497
JUN,0.13915,0.26082
RXRA,0.13909,0.30198
EN1,0.13903,1.50651
SREBF1,0.13899,-0.15578
NR2F1,0.13892,-0.40683
POU2F2,0.13884,-0.79029
MAFF,0.13877,0.15237
CEBPB,0.13876,0.1585
MAFF,0.13869,0.15237
GATA2,0.13867,-0.05162
HIC1,0.13855,-0.93177
BRCA1,0.13855,-0.27515
MAFK,0.13849,-0.18717
AGGF1,0.13835,0.05794
KLF4,0.13835,1.14393
NFIL3,0.13834,0.04188
BRCA1,0.1382,-0.27515
TFEB,0.13814,-0.41856
MAFA,0.13805,1.66573
JUND,0.13785,-0.03685
PPARA,0.13783,0.48827
CEBPB,0.1377,0.1585
HEY1,0.13762,1.16638
GFI1,0.13756,0.95373
PAX2,0.13753,1.0569
CENPB,0.13741,-0.10852
SOX8,0.13731,0.98528
ETS1,0.13725,0.2381
ZNF766,0.13709,0.13876
NR3C1,0.13706,-0.11267
NFE2L2,0.13701,0.01426
EN2,0.13689,1.5098
TFCP2,0.1368,-0.18064
EOMES,0.13678,1.4624
NR2C2,0.13676,0.21475
ZBTB7A,0.13674,-0.03833
GRHL1,0.13672,0.60779
HES1,0.13672,0.29018
SOX1,0.13672,1.77815
POU2F2,0.13666,-0.79029
MEIS2,0.13655,-0.06534
NFKB1,0.13644,-0.02496
LBX2,0.13629,1.06169
ELK3,0.13606,-0.31483
XBP1,0.13588,0.09852
PPARG,0.13587,-0.0062
ATF3,0.13583,0.74563
CLOCK,0.13577,0.06464
DMBX1,0.13571,1.4014
JDP2,0.13571,0.49816
TCF12,0.13565,-0.03309
EMX1,0.1356,1.22011
MAFG,0.13557,-0.03675
CREB1,0.13549,-0.1189
FOXJ3,0.13549,0.24609
TEAD3,0.13547,-0.10294
EGR1,0.13546,0.22639
LHX4,0.1353,0.54007
MAFK,0.13524,-0.18717
CREB3,0.13519,-0.24841
VAX1,0.13512,1.0607
ESRRG,0.1351,1.19866
ZKSCAN3,0.13502,0.45019
ATF3,0.13499,0.74563
CREB3L1,0.13495,-0.29251
RUNX1,0.13491,-0.06798
MXI1,0.13454,0.36623
LHX6,0.1345,1.97772
BHLHE40,0.13446,0.12349
HIC2,0.13445,0.48876
PAX3,0.13427,1.45939
GABPA,0.13423,-0.14939
HESX1,0.13408,0.17438
RXRA,0.134,0.30198
PAX6,0.13394,0.87769
SOX8,0.13392,0.98528
HOXC11,0.13383,0.58072
SIX5,0.13382,-0.04506
PITX1,0.13374,2.66087
DBP,0.1337,-0.07406
MLXIPL,0.13359,1.28556
CEBPZ,0.13345,0.03188
CTCF,0.13342,0.1109
BRCA1,0.13335,-0.27515
SREBF2,0.13332,0.00057
ARFGAP1,0.13321,0.0425
MAF,0.13318,1.50435
FOXO3,0.13314,-0.09404
YBX1,0.13307,0.03072
GABPA,0.13303,-0.14939
ETV6,0.133,-0.12382
EMX1,0.13296,1.22011
NFATC1,0.13293,1.17367
ATF3,0.13282,0.74563
NR2F1,0.13278,-0.40683
ZBTB3,0.13275,0.39844
BACH1,0.13266,-0.08588
ESRRA,0.13264,0.36686
TCF12,0.13252,-0.03309
SP1,0.13248,0.23865
ID4,0.13232,-0.49292
RFX1,0.13231,0.20032
CLOCK,0.13218,0.06464
OTX1,0.13216,0.61502
NFE2,0.13214,0.59563
PAX6,0.13204,0.87769
MAGOH,0.132,0.20422
TP53,0.13194,-0.06103
MEIS2,0.13182,-0.06534
MEIS3,0.13181,0.68303
ZKSCAN1,0.13177,0.25502
TBP,0.13171,0.01746
HDX,0.13165,0.08585
HIC2,0.13161,0.48876
NFIX,0.13155,-0.37506
EGR1,0.13151,0.22639
ESRRB,0.13144,1.09807
ETV4,0.13142,0.15297
MXI1,0.13125,0.36623
FOXJ3,0.13113,0.24609
HOXB9,0.13109,0.83234
ATF3,0.13104,0.74563
NKX2-5,0.13104,1.55041
USF1,0.13101,-0.13268
SIX3,0.13099,1.18469
NFKB2,0.13098,0.51364
NFKB2,0.13086,0.51364
NR2F1,0.13076,-0.40683
SMAD3,0.13069,-0.38086
PPARG,0.13068,-0.0062
HEY1,0.13053,1.16638
MAX,0.13052,0.13856
HOXB3,0.13037,-0.40051
RUNX2,0.13034,-0.44748
ELF1,0.13028,-0.0385
PITX1,0.13026,2.66087
ESRRA,0.13025,0.36686
VAX1,0.13023,1.0607
REL,0.13022,0.12775
CREB3L1,0.13017,-0.29251
TFAP2A,0.13015,-0.00481
REL,0.13012,0.12775
EMX2,0.13008,1.14301
MYB,0.13007,-0.11523
NFE2,0.12993,0.59563
PDX1,0.12991,1.13033
SP2,0.1299,-0.07606
POU4F1,0.12945,1.85377
ZBTB3,0.12944,0.39844
GLI2,0.12943,0.00519
RXRA,0.12935,0.30198
AHR,0.12933,-0.31593
REL,0.12926,0.12775
RXRA,0.12917,0.30198
ATF3,0.12915,0.74563
BCL6,0.12914,-0.46691
PAX2,0.12911,1.0569
RFX2,0.12902,0.09243
ETV1,0.12896,0.0445
RARG,0.12895,-0.50335
BARHL2,0.12874,1.83251
FOXD1,0.1287,0.21153
OSR2,0.12867,0.51205
DDIT3,0.12858,0.31605
IRF2,0.12851,-0.18248
LHX2,0.12851,1.74567
ARNT,0.12849,0.03492
GLI1,0.12849,-0.49908
POU3F2,0.12847,1.7839
HSF1,0.12846,0.46176
GMEB2,0.12841,0.07687
CTCF,0.12832,0.1109
RAB14,0.12812,0.01434
FOS,0.12803,0.11477
HOXB2,0.12795,-0.59651
TFE3,0.12794,-0.02572
TFCP2,0.12787,-0.18064
MEIS2,0.12786,-0.06534
JDP2,0.12786,0.49816
RXRA,0.12784,0.30198
SMAD3,0.12768,-0.38086
JDP2,0.12768,0.49816
YY2,0.12764,-0.33904
ELK3,0.12756,-0.31483
TBX3,0.12756,-0.64016
FOXO3,0.12752,-0.09404
HIC1,0.12746,-0.93177
ZBED1,0.12744,-0.20248
ESRRA,0.12743,0.36686
NKX3-1,0.12743,-0.17361
FOSB,0.12743,0.22429
FOXO1,0.12742,0.19161
EOMES,0.12738,1.4624
TFAP2C,0.12737,0.6037
LHX6,0.12734,1.97772
IRF8,0.1273,0.31482
STAT3,0.12715,-0.16234
SOX9,0.12706,0.21723
TCF4,0.12704,-0.83621
NFIC,0.12704,-0.21458
HEY2,0.12699,1.09575
RUNX2,0.12694,-0.44748
STAT1,0.12694,-0.01743
RFX1,0.12691,0.20032
HIF1A,0.12663,-0.1013
RFX2,0.12662,0.09243
JUNB,0.12656,0.12824
ESRRA,0.12644,0.36686
SIX5,0.1264,-0.04506
RFX3,0.12634,0.21238
CTCF,0.12632,0.1109
CREM,0.12619,-0.0345
TCF3,0.12615,-0.11833
YY1,0.12603,0.14859
NR3C1,0.1259,-0.11267
SIN3A,0.12578,0.04933
NFIA,0.12572,0.15147
HSF1,0.12568,0.46176
TEAD1,0.12559,0.23157
HSF2,0.12549,0.0708
MSX2,0.12533,1.37658
TEF,0.12532,-0.46806
HAND1,0.12516,0.94118
ZBTB33,0.12513,0.15431
EMX1,0.12505,1.22011
MSX1,0.12503,0.83405
HOXA1,0.12497,0.09858
PKNOX2,0.12497,0.45558
MYB,0.12491,-0.11523
SMAD3,0.12489,-0.38086
CXXC1,0.12483,-0.20636
JDP2,0.12472,0.49816
POU5F1,0.12463,-0.17881
HLF,0.12455,1.20049
ESRP1,0.12455,1.23045
NR4A1,0.12448,0.49659
RFX2,0.12447,0.09243
GLI3,0.12422,-0.16955
STAT1,0.1242,-0.01743
NFIX,0.12415,-0.37506
CLOCK,0.12414,0.06464
FOXO1,0.12408,0.19161
THRB,0.12407,0.86606
RAD21,0.12404,0.33699
HOXA13,0.12398,1.58967
AR,0.12382,0.74347
BARHL2,0.12376,1.83251
FOXO3,0.12375,-0.09404
ZBTB3,0.12368,0.39844
TGIF2,0.12364,0.13496
CREB3L1,0.12364,-0.29251
TCF12,0.12359,-0.03309
BPTF,0.12353,0.25822
NFE2,0.1235,0.59563
RFX5,0.12349,0.24121
MEF2A,0.12333,-0.11613
NFIA,0.12322,0.15147
RARG,0.1232,-0.50335
BACH1,0.12318,-0.08588
MAFF,0.12307,0.15237
RAD21,0.12305,0.33699
YY1,0.12304,0.14859
MAX,0.12301,0.13856
NR4A2,0.12297,0.11007
RAD21,0.12287,0.33699
EN2,0.12282,1.5098
ELF1,0.12281,-0.0385
CTCF,0.12277,0.1109
RORA,0.12275,1.26779
GLI2,0.12275,0.00519
XBP1,0.12272,0.09852
EOMES,0.12272,1.4624
SIX1,0.12268,0.9836
MAFK,0.12267,-0.18717
RARA,0.12265,-0.25519
MYC,0.12265,0.22497
NR3C1,0.12248,-0.11267
BRCA1,0.12244,-0.27515
CTCF,0.12241,0.1109
TGIF1,0.12224,0.24022
JUN,0.1221,0.26082
NFIA,0.12201,0.15147
CENPB,0.12198,-0.10852
TIA1,0.12193,0.03138
ZNF766,0.12166,0.13876
POU2F2,0.12164,-0.79029
NR3C1,0.12162,-0.11267
POU3F3,0.12157,1.52977
TBX1,0.12145,1.76691
NR1H2,0.12138,-0.17777
HESX1,0.12138,0.17438
STAT3,0.12134,-0.16234
EZH2,0.12126,0.24374
ESRRA,0.12123,0.36686
LHX4,0.12118,0.54007
HMBOX1,0.12117,0.39571
HOXA1,0.12109,0.09858
TFEB,0.12103,-0.41856
RARA,0.12093,-0.25519
FOXA1,0.12085,0.59218
LHX2,0.12085,1.74567
ETS1,0.12084,0.2381
TCF3,0.12078,-0.11833
FOS,0.12065,0.11477
FLI1,0.12064,-2.13898
E2F1,0.12056,-0.14567
TCF4,0.12048,-0.83621
MAFG,0.12048,-0.03675
HOXA5,0.12047,0.04334
ZBTB4,0.12046,-0.18334
EP300,0.12034,0.07356
RAB14,0.12034,0.01434
E2F2,0.1202,0.546
EN1,0.12015,1.50651
EPAS1,0.12015,-0.67374
BRCA1,0.12013,-0.27515
ELK1,0.12009,-0.14318
NFKB1,0.12009,-0.02496
TEAD1,0.11983,0.23157
RUNX2,0.11981,-0.44748
JUN,0.11978,0.26082
HEY2,0.11975,1.09575
TFAP4,0.11971,0.30334
ERG,0.11953,1.54862
FOXO1,0.11944,0.19161
TAF1,0.1194,0.11649
EN2,0.11936,1.5098
TBX1,0.11931,1.76691
ELK1,0.11925,-0.14318
SMAD1,0.11924,-0.01057
BACH2,0.11923,1.29373
NR2F2,0.11918,-0.04126
MAFF,0.1191,0.15237
FOXB1,0.11907,1.39094
NR3C1,0.11907,-0.11267
HOXC13,0.11906,0.9857
TFE3,0.11904,-0.02572
ARFGAP1,0.11902,0.0425
MYC,0.119,0.22497
ETV4,0.11898,0.15297
TFAP4,0.11857,0.30334
GATA3,0.11837,0.63765
PPARG,0.11821,-0.0062
NFKB2,0.11818,0.51364
ESRRB,0.11818,1.09807
ZNF8,0.11808,0.67552
SP8,0.11785,1.34044
MLX,0.11783,0.04225
EN1,0.1178,1.50651
CTCF,0.11772,0.1109
USF2,0.11767,-0.17263
NKX6-1,0.11767,1.89061
ZBTB6,0.11766,0.06759
CEBPG,0.1176,0.22789
FOSL1,0.1176,0.12968
NR2C2,0.11758,0.21475
JUN,0.11758,0.26082
SP1,0.11748,0.23865
TGIF2,0.11747,0.13496
NR3C1,0.11746,-0.11267
MAFB,0.11739,0.64383
NFIB,0.1171,-0.34392
AHR,0.11705,-0.31593
ASAP3,0.11702,-0.03807
HOXA5,0.11701,0.04334
FOXD1,0.11697,0.21153
EOMES,0.11692,1.4624
BDP1,0.11687,0.41219
THAP5,0.11687,-0.36523
TFCP2,0.11687,-0.18064
STAT4,0.11685,0.55131
FOXP3,0.11677,0.80403
SOX15,0.11665,-0.29176
RFX2,0.11651,0.09243
PAX6,0.11647,0.87769
JDP2,0.11644,0.49816
ELF1,0.11643,-0.0385
ETV2,0.11642,-0.21244
FOXJ2,0.11634,-0.10174
REL,0.11603,0.12775
HOXA9,0.11602,0.67702
RARB,0.11596,-0.80509
CFL2,0.11595,0.00143
CTCF,0.11576,0.1109
ELK1,0.11566,-0.14318
GRHL1,0.11559,0.60779
ESX1,0.11555,1.18752
USF2,0.11554,-0.17263
NFIC,0.11553,-0.21458
ATF3,0.11553,0.74563
SOX2,0.11543,1.37658
NKX2-4,0.11541,1.3483
FOSL1,0.11526,0.12968
CUX1,0.11524,-0.02564
SOX9,0.11521,0.21723
MEIS3,0.11518,0.68303
PAX2,0.11513,1.0569
RFX5,0.11507,0.24121
ESRRA,0.11506,0.36686
MLXIPL,0.11506,1.28556
E2F1,0.11491,-0.14567
NR2F1,0.11472,-0.40683
HLF,0.11466,1.20049
CUX2,0.11466,1.0607
HOXC13,0.11459,0.9857
RFX3,0.11455,0.21238
TIMM44,0.1145,0.20905
HOXB8,0.11445,0.34207
NKX2-1,0.11439,2.41647
POU2F2,0.11438,-0.79029
FOS,0.11431,0.11477
PKNOX1,0.11431,-0.01682
ZNF524,0.11422,-0.36672
MLXIPL,0.11418,1.28556
MAFG,0.11409,-0.03675
NR3C2,0.11406,0.66608
NFE2,0.11394,0.59563
TFAP4,0.11392,0.30334
TCF3,0.11385,-0.11833
VAX1,0.11379,1.0607
PBX3,0.11376,0.40978
CTCF,0.11363,0.1109
TCF12,0.11363,-0.03309
ZNF524,0.11363,-0.36672
KLF4,0.11362,1.14393
MAFG,0.11355,-0.03675
HIF1A,0.11352,-0.1013
MZF1,0.11344,0.10253
ERF,0.11334,-0.20753
RFX5,0.11319,0.24121
CENPB,0.1131,-0.10852
ESRRA,0.11307,0.36686
MGA,0.11303,0.06935
SREBF2,0.11295,0.00057
SMAD1,0.11292,-0.01057
IRF2,0.11291,-0.18248
HOXA13,0.1129,1.58967
FOXP2,0.11287,0.88336
REST,0.11282,0.20711
NFE2,0.11281,0.59563
EOMES,0.11277,1.4624
SRP9,0.11275,0.0278
CLOCK,0.11274,0.06464
RORA,0.11272,1.26779
FOS,0.11264,0.11477
HSF1,0.11263,0.46176
MEIS2,0.11248,-0.06534
ELK1,0.11238,-0.14318
CHD2,0.11232,0.16413
GLI2,0.1123,0.00519
E2F1,0.11227,-0.14567
E2F1,0.11215,-0.14567
MYC,0.11206,0.22497
SFT2D1,0.11204,0.08654
ARNT,0.11201,0.03492
TFAP4,0.11199,0.30334
RUNX2,0.11196,-0.44748
GATA2,0.11189,-0.05162
E4F1,0.11183,0.19447
NR0B1,0.11179,1.39794
HOXA13,0.11175,1.58967
REL,0.11163,0.12775
LHX6,0.11158,1.97772
STAT1,0.11154,-0.01743
SOX9,0.11151,0.21723
NKX3-2,0.11148,1.28354
ZBTB4,0.11138,-0.18334
MAFG,0.11114,-0.03675
RORA,0.11103,1.26779
FOXA1,0.11094,0.59218
SMAD3,0.11086,-0.38086
FOXM1,0.11082,-0.09234
PAX9,0.1108,1.51678
RFX5,0.11074,0.24121
POU3F2,0.11072,1.7839
TFAP2A,0.11065,-0.00481
RFX5,0.11064,0.24121
GLIS2,0.11062,-0.24755
FOS,0.11058,0.11477
DLX6,0.11057,1.50012
FEZ1,0.11052,0.10682
REL,0.11048,0.12775
OTX1,0.11045,0.61502
KLF5,0.11045,0.8551
TFAP4,0.11044,0.30334
TCF12,0.11026,-0.03309
CXXC1,0.11022,-0.20636
SP4,0.11021,0.31458
OLIG2,0.11014,0.79877
MAFK,0.11013,-0.18717
PAX2,0.11008,1.0569
TCF3,0.11005,-0.11833
NFE2L2,0.10998,0.01426
PCK2,0.10997,0.89665
LHX6,0.10995,1.97772
NFIA,0.10987,0.15147
NR3C1,0.10984,-0.11267
NCALD,0.10982,-0.31231
LHX6,0.10978,1.97772
ARID3A,0.10974,0.49887
NKX2-8,0.10972,1.30963
HOXB7,0.10969,0.26541
SOX9,0.10939,0.21723
OTX1,0.10933,0.61502
BHLHA15,0.10924,1.12494
CEBPA,0.10919,1.86054
YBX1,0.10907,0.03072
ATF2,0.10905,0.19734
ARNT,0.10896,0.03492
EN2,0.10891,1.5098
JUND,0.10884,-0.03685
DBP,0.10854,-0.07406
PROX1,0.10854,1.25768
CEBPB,0.10841,0.1585
NR3C1,0.10835,-0.11267
TEAD3,0.1083,-0.10294
ATF3,0.10817,0.74563
ARNT,0.10809,0.03492
SPAG7,0.10809,-0.25837
HAND1,0.10807,0.94118
MSX2,0.10806,1.37658
LHX6,0.10798,1.97772
MEIS2,0.10797,-0.06534
TFCP2,0.10791,-0.18064
PITX1,0.10791,2.66087
SOX18,0.10789,1.26007
RARA,0.10788,-0.25519
ZIC2,0.10787,2.51825
GATA4,0.10786,-1.3276
ATF3,0.10782,0.74563
FOS,0.10754,0.11477
SOX17,0.1075,-2.18298
SNAI2,0.10747,-0.12542
CREB1,0.10738,-0.1189
POU6F1,0.10738,-0.06658
CTCF,0.10735,0.1109
MAX,0.10734,0.13856
MYC,0.10732,0.22497
PDX1,0.10721,1.13033
TFAP2C,0.10719,0.6037
LHX6,0.10717,1.97772
CREB3,0.10713,-0.24841
TP53,0.10707,-0.06103
NR4A2,0.10701,0.11007
RFX5,0.10689,0.24121
JUND,0.10682,-0.03685
NR1H2,0.1068,-0.17777
TFDP1,0.10672,-0.02352
JUN,0.1067,0.26082
TCF12,0.10665,-0.03309
SMAD3,0.10662,-0.38086
TRIM28,0.10661,-0.01728
CEBPG,0.10659,0.22789
MSX2,0.10658,1.37658
ELK1,0.10653,-0.14318
NR2F1,0.10635,-0.40683
FLI1,0.10633,-2.13898
SOX8,0.10619,0.98528
ESRRA,0.10616,0.36686
NKX2-5,0.10614,1.55041
EZH2,0.10611,0.24374
HOXC9,0.1061,-0.05244
NFIX,0.10604,-0.37506
HOXB13,0.10603,1.17107
ESRRA,0.10595,0.36686
E4F1,0.10592,0.19447
RAD21,0.10582,0.33699
HOXC8,0.10579,0.02345
SNAI2,0.10578,-0.12542
CENPB,0.10574,-0.10852
NFYB,0.10569,-0.01498
GTF2B,0.10568,0.31598
CREB3L1,0.10566,-0.29251
HNF4G,0.10559,0.89252
MYBL1,0.10556,0.21759
NR1H2,0.10542,-0.17777
LHX6,0.10535,1.97772
IRF1,0.10534,0.07358
PAX9,0.10533,1.51678
WRNIP1,0.10529,0.28669
E2F4,0.10521,0.14148
BARX1,0.10505,1.13672
TEAD2,0.105,-0.33669
SREBF1,0.10497,-0.15578
HSF4,0.10497,1.04243
USF2,0.1049,-0.17263
USF2,0.10485,-0.17263
ESRRA,0.1048,0.36686
HCFC2,0.10477,0.09281
HOXB3,0.10473,-0.40051
MAFF,0.10465,0.15237
CTCF,0.10459,0.1109
ZSWIM1,0.10453,0.07868
TBX2,0.10447,0.74219
NFE2,0.10441,0.59563
CENPB,0.10439,-0.10852
NR3C1,0.10435,-0.11267
TGIF2,0.10429,0.13496
BHLHE41,0.10421,-0.53218
ESRRB,0.10419,1.09807
THRA,0.10407,-0.23344
ELF4,0.104,-0.23961
POU2F2,0.10398,-0.79029
GATA4,0.10388,-1.3276
RFX5,0.10373,0.24121
E2F1,0.10366,-0.14567
OLIG2,0.10364,0.79877
HINFP,0.10339,0.09309
ZNF784,0.1033,-0.1146
LHX9,0.10319,-1.03088
HIC2,0.10317,0.48876
POU2F2,0.10311,-0.79029
FOXD1,0.10304,0.21153
MYBL1,0.10268,0.21759
HIC2,0.10264,0.48876
TEAD4,0.10262,0.33182
NFIB,0.1026,-0.34392
FOXO4,0.10259,0.05375
RXRA,0.1022,0.30198
HOXC8,0.10206,0.02345
SOX7,0.10202,0.94009
FLI1,0.10191,-2.13898
PKNOX2,0.10178,0.45558
ELK3,0.10176,-0.31483
CEBPB,0.10175,0.1585
TFEB,0.10167,-0.41856
PBX3,0.10167,0.40978
STAT5A,0.10163,-0.10044
ARNT,0.10157,0.03492
HINFP,0.10123,0.09309
RARA,0.10123,-0.25519
TCF7L1,0.1012,-0.12623
SOX8,0.10118,0.98528
SIN3A,0.10116,0.04933
FOS,0.10114,0.11477
DLX4,0.10109,1.70529
TEAD4,0.10108,0.33182
TFAP2C,0.10099,0.6037
LBX2,0.10079,1.06169
AR,0.10068,0.74347
RFX2,0.10056,0.09243
CENPB,0.10054,-0.10852
STAT3,0.10043,-0.16234
LHX6,0.10037,1.97772
GRHL1,0.10036,0.60779
RXRA,0.10032,0.30198
BHLHE41,0.10021,-0.53218
TP53,0.10018,-0.06103
SREBF1,0.10012,-0.15578
HOXD3,0.10011,-0.7231
PLAGL1,0.10007,0.61926
GMEB2,0.10001,0.07687
TFAP2A,0.09999,-0.00481
TFAP2C,0.09988,0.6037
SOX2,0.09964,1.37658
STAT3,0.0996,-0.16234
MAX,0.09958,0.13856
FOXP2,0.09957,0.88336
POU3F3,0.09956,1.52977
ERF,0.09955,-0.20753
CEBPB,0.09951,0.1585
CEBPA,0.09948,1.86054
KLF8,0.09947,1.24055
NFKB1,0.09921,-0.02496
SEMA4A,0.0992,0.2132
TBX1,0.09915,1.76691
MEF2A,0.0991,-0.11613
DMBX1,0.09909,1.4014
SRF,0.09909,-0.18877
BCL6,0.09908,-0.46691
SOX15,0.09902,-0.29176
ESRRA,0.09899,0.36686
HSF1,0.09898,0.46176
RFX2,0.09888,0.09243
RBPJ,0.09886,0.06557
RARG,0.09885,-0.50335
CUX1,0.0988,-0.02564
LHX2,0.09873,1.74567
GATA3,0.09867,0.63765
GATA2,0.09864,-0.05162
YY1,0.09856,0.14859
RNASEH2C,0.09845,0.22658
ELK4,0.09845,0.1604
ZNF350,0.09843,0.07255
ELF4,0.09839,-0.23961
POU3F3,0.09835,1.52977
E2F3,0.09834,0.35972
SIX3,0.09822,1.18469
FOXA1,0.09821,0.59218
LHX9,0.09819,-1.03088
YY2,0.09818,-0.33904
SOX8,0.09817,0.98528
LAS1L,0.09805,-0.03358
FOXK1,0.09795,0.61424
C19orf25,0.09791,0.07305
HNF4G,0.09788,0.89252
FOXD2,0.09787,0.92604
HINFP,0.0977,0.09309
CUX1,0.09767,-0.02564
TFAP2A,0.09761,-0.00481
MSC,0.09761,0.03375
ETS1,0.09744,0.2381
CEBPZ,0.0974,0.03188
TGIF2,0.09724,0.13496
SOX8,0.09717,0.98528
ZNF784,0.09717,-0.1146
JUN,0.09714,0.26082
SREBF2,0.0971,0.00057
EN1,0.09706,1.50651
HINFP,0.09701,0.09309
RXRA,0.097,0.30198
CEBPB,0.09693,0.1585
USF2,0.09692,-0.17263
SOX2,0.09692,1.37658
ETV4,0.0969,0.15297
NKX2-8,0.0969,1.30963
FLI1,0.09681,-2.13898
TBX1,0.09679,1.76691
NFATC3,0.09677,0.26356
ETS1,0.09677,0.2381
INSM1,0.09674,1.22789
TBX1,0.09671,1.76691
VDR,0.09656,0.18204
NR3C1,0.09655,-0.11267
NR2F1,0.09654,-0.40683
SMAD4,0.0965,0.01087
NFIL3,0.09648,0.04188
RFX3,0.09645,0.21238
HIVEP1,0.09641,0.17371
MYC,0.0964,0.22497
GMEB2,0.09633,0.07687
IRX3,0.0962,0.16577
SMAD4,0.09619,0.01087
ZNF75A,0.09616,0.45123
E2F1,0.09602,-0.14567
GLI2,0.09599,0.00519
BHLHE41,0.09595,-0.53218
RXRA,0.09594,0.30198
FLI1,0.09587,-2.13898
RFX5,0.09586,0.24121
MEIS1,0.09585,-0.46847
ELF2,0.09583,0.08062
NKX6-1,0.09582,1.89061
NFE2,0.09574,0.59563
NR3C1,0.09571,-0.11267
VAX2,0.09569,-0.14018
RUNX2,0.09555,-0.44748
BACH1,0.09542,-0.08588
HEY2,0.09527,1.09575
NR2F6,0.09523,-0.07863
SOX15,0.09517,-0.29176
RORA,0.09508,1.26779
JUND,0.09505,-0.03685
POU2F1,0.09505,0.47712
TP53,0.09503,-0.06103
TFAP4,0.09503,0.30334
GRHL1,0.09498,0.60779
MYBL1,0.09492,0.21759
HOXA5,0.0946,0.04334
TEAD4,0.09452,0.33182
TCF4,0.09449,-0.83621
ATF2,0.09432,0.19734
CREB3L1,0.09431,-0.29251
ETV2,0.09423,-0.21244
HINFP,0.09413,0.09309
FLI1,0.0941,-2.13898
ELK1,0.09405,-0.14318
SRF,0.09405,-0.18877
SREBF2,0.09393,0.00057
ESRRB,0.0939,1.09807
MEIS1,0.09388,-0.46847
SOX2,0.09386,1.37658
STAT5B,0.09381,-0.28536
RUNX3,0.09371,1.32536
LMO2,0.09367,0.51266
MEIS2,0.09366,-0.06534
CTCF,0.09364,0.1109
RORA,0.09363,1.26779
HOXB13,0.09357,1.17107
SRF,0.09354,-0.18877
NR2F1,0.09346,-0.40683
MYC,0.09338,0.22497
AGGF1,0.09336,0.05794
MSC,0.09323,0.03375
LHX2,0.09322,1.74567
IRF7,0.09321,-0.16734
THRB,0.09298,0.86606
CEBPD,0.09295,0.31811
HMG20A,0.09286,0.08937
ATF4,0.0928,0.11374
HIC2,0.09279,0.48876
HOXC13,0.09273,0.9857
ESRRA,0.09261,0.36686
ZNF3,0.09241,0.04979
GATA2,0.0924,-0.05162
REL,0.09234,0.12775
MEIS3,0.09219,0.68303
HINFP,0.09207,0.09309
EXO5,0.09174,0.14677
YY1,0.09172,0.14859
JUND,0.09163,-0.03685
ATF3,0.0916,0.74563
JUND,0.09159,-0.03685
YY2,0.09141,-0.33904
RAD21,0.09137,0.33699
RFX2,0.09136,0.09243
ID4,0.09136,-0.49292
NFKB1,0.09132,-0.02496
ETV5,0.09131,0.00428
ESX1,0.09128,1.18752
MAFG,0.09107,-0.03675
FOXO3,0.09106,-0.09404
PPARG,0.09105,-0.0062
ZBED1,0.09105,-0.20248
ARID3A,0.09104,0.49887
RORA,0.09094,1.26779
RARA,0.09093,-0.25519
SOX18,0.09084,1.26007
RAD21,0.09075,0.33699
ADARB1,0.09075,0.69463
BARHL2,0.09074,1.83251
SOX2,0.0905,1.37658
NFKB1,0.09047,-0.02496
RXRA,0.0904,0.30198
MAFK,0.09039,-0.18717
ETV2,0.09035,-0.21244
LRRFIP1,0.09032,-0.15885
ZNF143,0.09022,-0.08045
MYC,0.09021,0.22497
MAFK,0.09018,-0.18717
TEAD1,0.09016,0.23157
POU2F2,0.09007,-0.79029
DDIT3,0.08993,0.31605
ZCCHC14,0.08991,0.15638
REST,0.08988,0.20711
MAFF,0.08986,0.15237
TFAP2C,0.0898,0.6037
MECP2,0.08978,0.18722
GATA4,0.08977,-1.3276
ZNF143,0.08969,-0.08045
PSMC2,0.08966,-0.51529
RORA,0.08962,1.26779
SMAD3,0.08962,-0.38086
HEY1,0.08961,1.16638
MYC,0.0896,0.22497
SIN3A,0.0895,0.04933
HIC2,0.08946,0.48876
AR,0.08934,0.74347
YWHAZ,0.08929,0.2477
SOX2,0.08922,1.37658
SP4,0.08897,0.31458
HOXB3,0.08891,-0.40051
JUN,0.08886,0.26082
ATF3,0.08886,0.74563
BCL6,0.08878,-0.46691
ELK1,0.08872,-0.14318
CLOCK,0.08868,0.06464
NR4A1,0.08867,0.49659
STAT1,0.08867,-0.01743
RUNX3,0.08866,1.32536
ETV5,0.08861,0.00428
FOXO4,0.08852,0.05375
CHD2,0.0885,0.16413
FOXO6,0.0885,1.52196
FLI1,0.08844,-2.13898
HOXD13,0.08837,1.61407
MAFB,0.08833,0.64383
CEBPD,0.08832,0.31811
ESRRA,0.08828,0.36686
NFKB1,0.08825,-0.02496
HIC2,0.08823,0.48876
SOX9,0.0882,0.21723
DMC1,0.08816,0.83476
NRL,0.08808,0.13212
PBX1,0.08802,-0.73611
CDX2,0.08788,2.15473
FOSB,0.08776,0.22429
EPAS1,0.08775,-0.67374
SRF,0.08774,-0.18877
BACH1,0.08768,-0.08588
HCLS1,0.08766,0.78449
HOXB5,0.08762,0.18102
SMC3,0.08742,0.09897
HAND1,0.08739,0.94118
TEAD1,0.08731,0.23157
RAD21,0.08726,0.33699
THAP1,0.08725,0.30516
RFX5,0.08711,0.24121
ATF5,0.08711,-0.34711
GLI1,0.08703,-0.49908
TCF21,0.08703,-0.07196
ESRRG,0.087,1.19866
TCEAL2,0.08699,1.83506
SREBF2,0.08686,0.00057
E2F1,0.08684,-0.14567
GATA6,0.08684,-0.4102
MYB,0.08682,-0.11523
POU2F1,0.08672,0.47712
NR4A1,0.08668,0.49659
CEBPB,0.08667,0.1585
E2F1,0.08665,-0.14567
SOX2,0.08664,1.37658
CENPB,0.08654,-0.10852
NFKB1,0.08649,-0.02496
NFIL3,0.08646,0.04188
XBP1,0.08642,0.09852
MSX1,0.08639,0.83405
TFEB,0.08638,-0.41856
FOXO6,0.08637,1.52196
ESRRG,0.08627,1.19866
ESRRG,0.08623,1.19866
MAFB,0.08619,0.64383
GRHL1,0.08611,0.60779
RFX2,0.08611,0.09243
TBX1,0.08605,1.76691
AHR,0.08601,-0.31593
SREBF2,0.08598,0.00057
SEMA4A,0.08595,0.2132
NR3C1,0.08586,-0.11267
CHD2,0.08586,0.16413
PPARG,0.08584,-0.0062
POU6F1,0.08576,-0.06658
SMAD4,0.08573,0.01087
BHLHE40,0.08563,0.12349
TEAD4,0.0856,0.33182
SMAD3,0.08556,-0.38086
PURA,0.08554,0.0202
CEBPG,0.0855,0.22789
ELF2,0.0854,0.08062
ZBTB7A,0.08537,-0.03833
NR2F2,0.08537,-0.04126
TFCP2,0.08529,-0.18064
PPARD,0.08527,-0.0265
FOXK1,0.08524,0.61424
HOXD3,0.08518,-0.7231
TFAP2A,0.08518,-0.00481
POU6F1,0.08516,-0.06658
HERPUD1,0.08513,0.11175
ELK1,0.08505,-0.14318
NKX3-2,0.085,1.28354
BHLHE41,0.08499,-0.53218
NR3C1,0.08498,-0.11267
NR1H2,0.08497,-0.17777
SOX2,0.08481,1.37658
CREB3L1,0.08476,-0.29251
EEF1D,0.08456,0.43575
CEBPA,0.08455,1.86054
TCF3,0.08445,-0.11833
HNRNPH3,0.08444,0.04128
BRCA1,0.08444,-0.27515
HOXA5,0.08442,0.04334
TCF12,0.08439,-0.03309
FLI1,0.08434,-2.13898
ATF3,0.08433,0.74563
ESRRA,0.08429,0.36686
LEF1,0.08423,0.99309
ESRRA,0.0842,0.36686
TFAP2C,0.0842,0.6037
GFI1,0.08414,0.95373
XBP1,0.08393,0.09852
CTCF,0.08367,0.1109
RARA,0.08361,-0.25519
NFE2,0.08357,0.59563
MGA,0.08349,0.06935
DAB2,0.08326,-0.67511
SMAD4,0.08323,0.01087
THRA,0.08318,-0.23344
RARA,0.08316,-0.25519
IRF1,0.08315,0.07358
SMC3,0.08314,0.09897
OTX1,0.0831,0.61502
NFE2,0.08293,0.59563
FOXO4,0.08288,0.05375
HLF,0.08287,1.20049
FOSL1,0.08277,0.12968
TRIM69,0.08272,-0.14646
NFIB,0.08255,-0.34392
ALX1,0.0825,0.03003
TCF7,0.08245,0.17771
MSX2,0.08242,1.37658
POU5F1,0.08235,-0.17881
TFAP2C,0.08235,0.6037
NFIA,0.08221,0.15147
TFAP2C,0.08219,0.6037
RXRA,0.08215,0.30198
NR2C2,0.082,0.21475
SOX9,0.08198,0.21723
GATA4,0.08197,-1.3276
ETS1,0.08192,0.2381
PPARD,0.08192,-0.0265
CHD2,0.0819,0.16413
ATF7,0.08186,0.14396
DLX4,0.08177,1.70529
YY2,0.08176,-0.33904
ZBTB3,0.08169,0.39844
SRF,0.08169,-0.18877
ETS1,0.08164,0.2381
RXRA,0.08159,0.30198
TEAD1,0.08157,0.23157
NR2C2,0.08154,0.21475
FOSL2,0.08144,0.07854
MEIS3,0.08144,0.68303
HNF4G,0.08143,0.89252
NFIA,0.08141,0.15147
RFX2,0.08136,0.09243
MSC,0.08122,0.03375
SOX8,0.08121,0.98528
TOB2,0.08119,0.16796
CEBPG,0.08119,0.22789
CEBPZ,0.08113,0.03188
MEOX1,0.08108,0.5983
FLI1,0.08107,-2.13898
MSX2,0.08105,1.37658
EGR1,0.0809,0.22639
FLI1,0.08082,-2.13898
STAT1,0.08079,-0.01743
ZIC3,0.08077,1.58206
HNF4G,0.08065,0.89252
MNT,0.08045,0.05603
BCL6,0.0804,-0.46691
HES1,0.08026,0.29018
NR1H2,0.08025,-0.17777
BARHL2,0.08023,1.83251
MYC,0.08017,0.22497
STAT1,0.08015,-0.01743
IRF5,0.08005,0.56234
RXRA,0.08003,0.30198
HMGA1,0.08002,0.06617
CEBPG,0.08,0.22789
CTCF,0.07995,0.1109
THRA,0.07982,-0.23344
GLI3,0.07982,-0.16955
PBX1,0.0798,-0.73611
EGR1,0.07976,0.22639
SOX8,0.07975,0.98528
HOXC11,0.07974,0.58072
PBX3,0.07972,0.40978
TFAP2C,0.07969,0.6037
ETV6,0.07968,-0.12382
OLIG2,0.07962,0.79877
ELK1,0.07958,-0.14318
PBX1,0.07941,-0.73611
HSF1,0.07936,0.46176
TOPORS,0.07933,-0.16762
TFAP2C,0.07927,0.6037
VDR,0.07925,0.18204
PPARA,0.07918,0.48827
NR3C1,0.07913,-0.11267
RFX5,0.07904,0.24121
ATF3,0.07902,0.74563
NFKB1,0.07896,-0.02496
HOXB3,0.0789,-0.40051
BARHL2,0.0788,1.83251
HEY2,0.07872,1.09575
ETS2,0.07864,0.26666
REL,0.07863,0.12775
TEF,0.07862,-0.46806
SMC3,0.0786,0.09897
HOXA3,0.07854,-0.49974
ZNF3,0.0785,0.04979
NKX3-1,0.07848,-0.17361
STAT1,0.07837,-0.01743
USF1,0.07831,-0.13268
FOXO4,0.07817,0.05375
ETS1,0.07812,0.2381
ZNF143,0.07808,-0.08045
ZBTB3,0.07808,0.39844
NR6A1,0.07806,0.87404
SOX4,0.07804,-0.13172
NFKB1,0.07803,-0.02496
STAT1,0.07799,-0.01743
TIMM8A,0.07797,0.05672
MAX,0.07793,0.13856
CUX1,0.0779,-0.02564
NR2F6,0.07789,-0.07863
TEF,0.07783,-0.46806
TGIF2,0.07781,0.13496
MAFK,0.07777,-0.18717
FOXB1,0.07772,1.39094
IRF1,0.07768,0.07358
GATA6,0.07744,-0.4102
EGR1,0.0774,0.22639
RFX3,0.0774,0.21238
EPAS1,0.07727,-0.67374
MYBL1,0.07718,0.21759
ACO1,0.07717,-0.46083
CEBPB,0.07704,0.1585
E2F1,0.07694,-0.14567
AR,0.07694,0.74347
MAX,0.07691,0.13856
ESRRG,0.0769,1.19866
ATF7,0.07682,0.14396
POU3F2,0.07675,1.7839
RARA,0.07664,-0.25519
ETV6,0.07661,-0.12382
NFE2L2,0.07656,0.01426
ZNF143,0.07644,-0.08045
FLI1,0.07639,-2.13898
ZNF232,0.07639,0.20163
ELF1,0.07639,-0.0385
RFX2,0.07629,0.09243
ZEB1,0.07621,-0.14882
NFE2L1,0.07616,-0.03223
SOX8,0.076,0.98528
ZNF711,0.076,2.03364
GABPA,0.07595,-0.14939
MITF,0.07594,0.30426
FOXO1,0.07587,0.19161
ZBTB4,0.07586,-0.18334
AR,0.07582,0.74347
LHX9,0.07569,-1.03088
RARG,0.07563,-0.50335
BDP1,0.07555,0.41219
TCF4,0.07541,-0.83621
SMAD4,0.07536,0.01087
ARNT,0.07535,0.03492
E2F2,0.07532,0.546
NFIC,0.07528,-0.21458
GATA2,0.07523,-0.05162
NKX3-2,0.07522,1.28354
TBX20,0.07517,1.45484
NKX3-2,0.07516,1.28354
TCF12,0.07514,-0.03309
POU5F1,0.07512,-0.17881
TBP,0.0751,0.01746
EMX1,0.07504,1.22011
SP1,0.07502,0.23865
FOXO4,0.07501,0.05375
CEBPZ,0.07491,0.03188
CREB1,0.07486,-0.1189
FOS,0.07482,0.11477
ARHGEF12,0.0748,0.00333
PAX8,0.07469,1.96565
EPAS1,0.07465,-0.67374
KLF3,0.07463,0.08462
ERG,0.07457,1.54862
ELF2,0.07447,0.08062
SP1,0.07443,0.23865
NR3C2,0.07441,0.66608
CREM,0.07435,-0.0345
RXRA,0.07434,0.30198
TFAP4,0.07434,0.30334
FOSB,0.07428,0.22429
FOXA1,0.07424,0.59218
ELK4,0.07417,0.1604
EN2,0.07406,1.5098
MAF,0.074,1.50435
SOX4,0.07396,-0.13172
FOSL2,0.07388,0.07854
MYBL2,0.07384,-0.19707
YY2,0.07371,-0.33904
REST,0.07362,0.20711
RFX5,0.07331,0.24121
RARG,0.07331,-0.50335
RXRA,0.07322,0.30198
PAX8,0.07321,1.96565
NR2F6,0.07319,-0.07863
NR3C1,0.07319,-0.11267
LBX2,0.07306,1.06169
PITX1,0.07302,2.66087
ELK4,0.07302,0.1604
E2F1,0.07289,-0.14567
HINFP,0.07285,0.09309
PAX9,0.07277,1.51678
CREB3L1,0.07272,-0.29251
NFIA,0.07262,0.15147
TFAP4,0.07251,0.30334
PITX1,0.07245,2.66087
PDX1,0.07243,1.13033
REL,0.07222,0.12775
NFKB1,0.07221,-0.02496
CEBPB,0.07211,0.1585
GMEB1,0.0721,-0.0629
FOXP2,0.07203,0.88336
HIC2,0.07201,0.48876
BACH1,0.07187,-0.08588
ZNF75A,0.07183,0.45123
XBP1,0.07176,0.09852
ATF3,0.07167,0.74563
CEBPD,0.07165,0.31811
TCF4,0.07147,-0.83621
ESRRA,0.07143,0.36686
E2F4,0.07126,0.14148
RUNX2,0.07123,-0.44748
MSC,0.07121,0.03375
USF1,0.07118,-0.13268
FOXG1,0.07108,1.5762
SOX8,0.07101,0.98528
NFKB1,0.07096,-0.02496
FOXO6,0.07092,1.52196
MAFF,0.07088,0.15237
RORA,0.07081,1.26779
SIRT6,0.07079,-0.01814
LHX6,0.07076,1.97772
JDP2,0.07075,0.49816
MSX1,0.07056,0.83405
SMAD3,0.07053,-0.38086
MGA,0.07049,0.06935
FOSL2,0.07047,0.07854
FOXK1,0.07047,0.61424
PAX6,0.07046,0.87769
TFCP2,0.07046,-0.18064
TCEAL2,0.07037,1.83506
POU2F2,0.07032,-0.79029
DLX1,0.07028,0.10983
IRX5,0.07023,0.75392
RAD21,0.07012,0.33699
ATF3,0.0701,0.74563
ZBTB6,0.07005,0.06759
TFCP2,0.07001,-0.18064
MAGOH,0.06986,0.20422
NR3C1,0.06975,-0.11267
ZNF711,0.06975,2.03364
PKNOX2,0.06968,0.45558
ZNF3,0.0695,0.04979
ELK1,0.06945,-0.14318
TAGLN2,0.06935,-0.47419
RXRA,0.06933,0.30198
RXRA,0.06932,0.30198
STAT1,0.06927,-0.01743
XBP1,0.06923,0.09852
TBX1,0.06918,1.76691
CREB1,0.06914,-0.1189
TFE3,0.06905,-0.02572
THAP1,0.06901,0.30516
PPARG,0.06896,-0.0062
CEBPA,0.06888,1.86054
MSX1,0.06882,0.83405
ETV1,0.06876,0.0445
TFAP2C,0.06874,0.6037
AR,0.0687,0.74347
TFAP4,0.0687,0.30334
PROX1,0.0686,1.25768
SOX4,0.0685,-0.13172
SREBF1,0.06846,-0.15578
FOXP3,0.06836,0.80403
SRF,0.06832,-0.18877
TFCP2,0.06829,-0.18064
ELK1,0.06822,-0.14318
DMRTA2,0.0682,0.91568
SOX15,0.06815,-0.29176
ZBTB4,0.06813,-0.18334
ZBTB7A,0.06805,-0.03833
ELF1,0.06802,-0.0385
FOSL2,0.06795,0.07854
TFAP2A,0.06794,-0.00481
PPARA,0.06788,0.48827
STAT3,0.06762,-0.16234
TP73,0.06762,1.60948
TBX1,0.06756,1.76691
YY1,0.0675,0.14859
NR2C2,0.06749,0.21475
NR2F6,0.06744,-0.07863
ZBTB7A,0.06742,-0.03833
FLI1,0.06738,-2.13898
REST,0.06734,0.20711
REL,0.06734,0.12775
RARA,0.0673,-0.25519
HOXA5,0.0673,0.04334
ESX1,0.06727,1.18752
RFX5,0.06717,0.24121
ZBTB3,0.06716,0.39844
CEBPD,0.06715,0.31811
FOSB,0.0671,0.22429
TLX2,0.06706,1.02462
VAX2,0.06695,-0.14018
VAX2,0.06693,-0.14018
RAD21,0.06689,0.33699
SMARCC1,0.06679,0.26372
HMX2,0.06665,1.25527
MYC,0.06662,0.22497
AHR,0.06654,-0.31593
CCNT2,0.06648,0.28587
FOXK1,0.06647,0.61424
EGR1,0.06644,0.22639
TEAD1,0.06643,0.23157
IRF1,0.06632,0.07358
NFKB1,0.06632,-0.02496
JDP2,0.06629,0.49816
TBX1,0.06627,1.76691
PAX6,0.06615,0.87769
SOX8,0.06615,0.98528
GATA2,0.06615,-0.05162
TFEB,0.06613,-0.41856
ETV1,0.06599,0.0445
EP300,0.06597,0.07356
ELK1,0.06591,-0.14318
FOXA1,0.0659,0.59218
MSX1,0.06586,0.83405
PDX1,0.06581,1.13033
NR2C2,0.06581,0.21475
MAFF,0.06575,0.15237
BHLHE41,0.06573,-0.53218
DBP,0.06564,-0.07406
ESRRB,0.06561,1.09807
MAX,0.06546,0.13856
ARID5B,0.06542,-0.5962
TCF3,0.06537,-0.11833
NKX3-2,0.06525,1.28354
ALX4,0.06525,1.37058
FOS,0.06517,0.11477
THRA,0.06516,-0.23344
CXXC1,0.06507,-0.20636
MAX,0.06506,0.13856
STAT3,0.06504,-0.16234
RARA,0.06503,-0.25519
SOX8,0.06503,0.98528
HIF1A,0.06497,-0.1013
SOX17,0.06497,-2.18298
IRF9,0.06497,0.07959
CEBPB,0.06494,0.1585
TEAD1,0.06489,0.23157
MSX2,0.06484,1.37658
TBX1,0.06483,1.76691
TFAP2C,0.0647,0.6037
NFKB2,0.06469,0.51364
EGR1,0.06468,0.22639
ETS1,0.06468,0.2381
TCF3,0.06468,-0.11833
YY1,0.06459,0.14859
ETS1,0.06438,0.2381
EOMES,0.06432,1.4624
TCF4,0.06411,-0.83621
JUND,0.06409,-0.03685
FOXG1,0.06407,1.5762
RFX2,0.06404,0.09243
ZBTB7A,0.06387,-0.03833
MEOX1,0.06373,0.5983
NR4A2,0.06372,0.11007
FLI1,0.06348,-2.13898
POU2F2,0.06342,-0.79029
TP53,0.06342,-0.06103
BHLHE41,0.0633,-0.53218
TEAD1,0.06326,0.23157
MAFF,0.06326,0.15237
NR3C2,0.0632,0.66608
ETS1,0.06308,0.2381
SMAD2,0.06304,-0.33837
JDP2,0.06292,0.49816
SREBF2,0.06287,0.00057
JUN,0.06279,0.26082
MAX,0.06277,0.13856
RARA,0.06268,-0.25519
GFI1,0.06261,0.95373
BHLHA15,0.06255,1.12494
FOXA1,0.06254,0.59218
SMAD4,0.06253,0.01087
NRF1,0.0625,-0.06707
TGIF1,0.06249,0.24022
HIF1A,0.06249,-0.1013
FOXA1,0.06247,0.59218
FOXO6,0.06247,1.52196
ELF1,0.06233,-0.0385
PSMC2,0.0623,-0.51529
SOX13,0.06229,0.20325
RXRA,0.06227,0.30198
GLI2,0.06221,0.00519
SNAI2,0.06218,-0.12542
ATF1,0.06214,-0.08557
GATA3,0.06214,0.63765
PAX2,0.06199,1.0569
EOMES,0.06189,1.4624
REST,0.06184,0.20711
ZBTB3,0.06173,0.39844
POU2F2,0.06169,-0.79029
NR2C1,0.06166,0.14754
SIX1,0.06156,0.9836
EMX1,0.06154,1.22011
ZNF143,0.06151,-0.08045
TEAD4,0.06145,0.33182
LUZP1,0.06142,-0.12716
AGAP2,0.06135,0.60759
TBX2,0.06115,0.74219
MGA,0.06112,0.06935
ARID5A,0.06112,-0.18956
NR3C1,0.06112,-0.11267
TFAP2A,0.06092,-0.00481
TFAP2A,0.06089,-0.00481
CEBPA,0.06085,1.86054
HES1,0.06083,0.29018
GLI1,0.06081,-0.49908
RARG,0.06075,-0.50335
OTX1,0.06062,0.61502
MZF1,0.06051,0.10253
GLI2,0.06048,0.00519
BARX1,0.06035,1.13672
DLX4,0.06029,1.70529
NFIA,0.06018,0.15147
HOXD10,0.06013,0.20355
RUNX2,0.06007,-0.44748
BCL6,0.06002,-0.46691
NR1H2,0.06002,-0.17777
VDR,0.05987,0.18204
PTPMT1,0.05984,0.08155
GLI1,0.05982,-0.49908
TBX2,0.05978,0.74219
BHLHA15,0.05974,1.12494
RFX2,0.05973,0.09243
TCF7L2,0.05972,0.09821
VAX2,0.05968,-0.14018
FOXJ3,0.05964,0.24609
RFX5,0.05959,0.24121
TEAD1,0.05952,0.23157
TEAD1,0.05948,0.23157
MAFB,0.05947,0.64383
RXRA,0.05945,0.30198
HINFP,0.05945,0.09309
RAD21,0.05945,0.33699
FOSL1,0.05941,0.12968
POU5F1,0.05938,-0.17881
ZBTB4,0.05933,-0.18334
HOXC6,0.0593,-0.04045
SOX15,0.05929,-0.29176
IRF7,0.05926,-0.16734
ZBTB4,0.05923,-0.18334
NFKB1,0.05915,-0.02496
NR2F1,0.05915,-0.40683
TP73,0.05909,1.60948
SOX17,0.05907,-2.18298
THRB,0.05906,0.86606
PSMC2,0.05901,-0.51529
REL,0.05878,0.12775
TFAP2A,0.05877,-0.00481
FOXP2,0.05876,0.88336
MYBL1,0.05872,0.21759
PKNOX1,0.05867,-0.01682
STAT4,0.05866,0.55131
RARA,0.05865,-0.25519
EP300,0.05864,0.07356
PKNOX1,0.05827,-0.01682
GBX2,0.0581,1.92073
ETS2,0.05809,0.26666
BRCA1,0.05801,-0.27515
GLI3,0.05801,-0.16955
CTCF,0.05796,0.1109
ZEB1,0.05794,-0.14882
FOSL1,0.05792,0.12968
FOS,0.05784,0.11477
RARG,0.05782,-0.50335
ATF3,0.05779,0.74563
HIF1A,0.05778,-0.1013
HMX2,0.05778,1.25527
NFIX,0.05775,-0.37506
XBP1,0.05766,0.09852
ZBTB3,0.05763,0.39844
ZNF8,0.05758,0.67552
ISL2,0.05756,1.25248
VDR,0.05738,0.18204
FOXA1,0.05738,0.59218
RFX5,0.05733,0.24121
HOXA5,0.05729,0.04334
ESRRG,0.05727,1.19866
NR2C2,0.05725,0.21475
RFX3,0.05725,0.21238
BBX,0.0572,0.12503
TCF3,0.05718,-0.11833
JUND,0.05706,-0.03685
DLX5,0.05702,1.14301
OLIG2,0.057,0.79877
MAFG,0.057,-0.03675
HOXD3,0.05696,-0.7231
MESP1,0.05679,0.43381
MAX,0.05657,0.13856
EN1,0.05651,1.50651
AR,0.05644,0.74347
FOS,0.05635,0.11477
TP53,0.05635,-0.06103
APEX2,0.05627,0.01034
DDIT3,0.05613,0.31605
FOXO4,0.0561,0.05375
DLX6,0.05609,1.50012
JUND,0.05607,-0.03685
NR2F6,0.05595,-0.07863
NR3C1,0.05595,-0.11267
STAT1,0.05583,-0.01743
MXD4,0.05579,-0.10175
NKX2-1,0.0556,2.41647
ATF5,0.05544,-0.34711
RFX5,0.05538,0.24121
SREBF1,0.05531,-0.15578
ESRRA,0.05524,0.36686
SOX18,0.05518,1.26007
MGA,0.05518,0.06935
MSX1,0.05509,0.83405
GBX2,0.05501,1.92073
REL,0.05493,0.12775
DMRTA2,0.05492,0.91568
MGA,0.05468,0.06935
EPAS1,0.05466,-0.67374
MGA,0.05463,0.06935
ZBED1,0.05459,-0.20248
SOX9,0.05455,0.21723
RFX2,0.05451,0.09243
ESRRA,0.05449,0.36686
NKX6-1,0.05441,1.89061
ARNT,0.0544,0.03492
EN1,0.05438,1.50651
RARB,0.05431,-0.80509
SOCS4,0.05427,0.20644
NR3C1,0.05418,-0.11267
TFAP2A,0.05409,-0.00481
LBX2,0.05409,1.06169
RUNX3,0.05404,1.32536
OTX1,0.05399,0.61502
ELK4,0.05395,0.1604
DLX4,0.05395,1.70529
ESRRA,0.05391,0.36686
CTCF,0.05386,0.1109
OLIG2,0.05384,0.79877
MAFK,0.05382,-0.18717
PBX1,0.05365,-0.73611
ALX1,0.05361,0.03003
SMAD3,0.05356,-0.38086
NR1H2,0.05344,-0.17777
SMAP2,0.05334,0.05035
FOXA1,0.05324,0.59218
TCF3,0.05322,-0.11833
NFATC2,0.05321,0.12494
USF1,0.05318,-0.13268
ATF3,0.05315,0.74563
NR2F2,0.05315,-0.04126
VAMP3,0.05309,-0.18617
NR2C1,0.05306,0.14754
NR5A1,0.05306,-1.93768
HBP1,0.05305,-0.38822
MEIS2,0.053,-0.06534
NFKB1,0.05286,-0.02496
JUND,0.05282,-0.03685
HOXA7,0.05281,-1.08007
YY2,0.05274,-0.33904
HBP1,0.05273,-0.38822
SMARCC2,0.0527,0.2036
ELK4,0.05261,0.1604
CEBPB,0.05255,0.1585
RARG,0.05252,-0.50335
ETS1,0.05242,0.2381
MAFK,0.05242,-0.18717
MEIS2,0.05239,-0.06534
ESRRA,0.05231,0.36686
JDP2,0.05217,0.49816
PAX6,0.05212,0.87769
BCL6,0.05209,-0.46691
KLF4,0.05202,1.14393
DLX2,0.052,0.70947
ESRRB,0.05199,1.09807
POU2F2,0.05196,-0.79029
EN1,0.05191,1.50651
GMEB1,0.05189,-0.0629
TP53,0.05173,-0.06103
E2F8,0.05173,0.20928
RFX2,0.05171,0.09243
MEOX1,0.05169,0.5983
STAT1,0.05168,-0.01743
ZKSCAN1,0.05167,0.25502
MAF,0.05166,1.50435
ETS1,0.05164,0.2381
FOXN3,0.05162,0.17011
RUNX2,0.0516,-0.44748
NR2C2,0.05159,0.21475
MYBL1,0.05151,0.21759
BHLHA15,0.05147,1.12494
SIX5,0.05137,-0.04506
TFCP2,0.05128,-0.18064
PAX6,0.05117,0.87769
NFKB2,0.05116,0.51364
RBPJ,0.05115,0.06557
SOX7,0.05108,0.94009
HIVEP1,0.05106,0.17371
ETS1,0.05104,0.2381
HINFP,0.05099,0.09309
HOXA13,0.0509,1.58967
BAX,0.05079,-0.21986
SOX17,0.05075,-2.18298
NR2F1,0.05058,-0.40683
RARA,0.05053,-0.25519
TCF4,0.0505,-0.83621
ARNT,0.05046,0.03492
RXRA,0.05038,0.30198
NR3C1,0.0503,-0.11267
TEAD1,0.05023,0.23157
MSX1,0.05013,0.83405
GFI1,0.05007,0.95373
RXRA,0.04996,0.30198
HOXB2,0.04987,-0.59651
MAFK,0.04986,-0.18717
MEIS1,0.04983,-0.46847
NRF1,0.04982,-0.06707
CLOCK,0.04976,0.06464
HOXD4,0.04961,-0.33947
HSF1,0.04958,0.46176
PPARG,0.04955,-0.0062
GLI2,0.04953,0.00519
FOXO6,0.04951,1.52196
PROX1,0.04949,1.25768
CEBPB,0.04945,0.1585
SREBF1,0.04937,-0.15578
ZNF3,0.04932,0.04979
CAT,0.04932,-0.16471
E2F2,0.04929,0.546
ELK1,0.04928,-0.14318
EMX2,0.04925,1.14301
TEAD1,0.04923,0.23157
ARNT,0.0491,0.03492
NKX6-1,0.04898,1.89061
TGIF1,0.04895,0.24022
NFIC,0.04894,-0.21458
MNX1,0.04893,2.02938
MEIS3,0.04884,0.68303
RFX3,0.04872,0.21238
LHX2,0.0486,1.74567
MYC,0.04856,0.22497
XBP1,0.04847,0.09852
HMGN3,0.04842,0.37831
RBBP5,0.0484,0.03327
ESRRA,0.04806,0.36686
IRF7,0.04799,-0.16734
MEF2C,0.04799,0.40985
JUN,0.04792,0.26082
LHX2,0.04792,1.74567
RARG,0.04789,-0.50335
TGIF1,0.04777,0.24022
JDP2,0.04776,0.49816
SP4,0.04775,0.31458
ETS1,0.04773,0.2381
CTCF,0.04753,0.1109
SNAI2,0.04736,-0.12542
FOXA1,0.04735,0.59218
HESX1,0.04731,0.17438
BHLHE40,0.04728,0.12349
TFAP2C,0.04725,0.6037
TBX1,0.04723,1.76691
ZIC2,0.04716,2.51825
FOXK2,0.04709,0.1105
TEAD1,0.04707,0.23157
ZNF143,0.04695,-0.08045
YY1,0.04687,0.14859
VDR,0.0468,0.18204
ELF1,0.04674,-0.0385
PROX1,0.04671,1.25768
HOXC13,0.04666,0.9857
RFX2,0.04664,0.09243
NR4A2,0.04661,0.11007
ZNF524,0.04646,-0.36672
E2F1,0.04645,-0.14567
CUX1,0.04635,-0.02564
CTCF,0.04635,0.1109
PDX1,0.0463,1.13033
TBP,0.04628,0.01746
CEBPB,0.0462,0.1585
MEIS3,0.04612,0.68303
LUZP1,0.04599,-0.12716
MAF,0.04596,1.50435
FOXG1,0.04595,1.5762
DLX2,0.04589,0.70947
MAFB,0.04565,0.64383
TEAD1,0.04565,0.23157
MAFK,0.04559,-0.18717
RXRA,0.04547,0.30198
TFAP2C,0.04546,0.6037
LHX2,0.04544,1.74567
CREB3,0.0454,-0.24841
XBP1,0.0454,0.09852
ATF3,0.04539,0.74563
MZF1,0.04537,0.10253
REST,0.04536,0.20711
SOX8,0.04526,0.98528
FOXC2,0.04521,-2.00079
ALX4,0.0452,1.37058
ZBTB3,0.04519,0.39844
CEBPA,0.04517,1.86054
PAX2,0.04511,1.0569
RFX5,0.04505,0.24121
E2F4,0.04505,0.14148
ETV5,0.04492,0.00428
RFX5,0.04459,0.24121
TEAD3,0.04457,-0.10294
DLX5,0.04456,1.14301
ELF2,0.04444,0.08062
HSF2,0.0444,0.0708
ELF2,0.0444,0.08062
VAMP3,0.04436,-0.18617
NFE2L1,0.04428,-0.03223
NFATC1,0.04421,1.17367
RAB14,0.04414,0.01434
HOXC9,0.04413,-0.05244
BHLHA15,0.04404,1.12494
NR4A2,0.04402,0.11007
DLX5,0.04401,1.14301
ZNF3,0.04392,0.04979
PAX3,0.0439,1.45939
MSX2,0.04389,1.37658
HMX2,0.04387,1.25527
POU2F2,0.04381,-0.79029
GBX2,0.0437,1.92073
ESRRA,0.04367,0.36686
ZKSCAN1,0.04365,0.25502
HOXD8,0.04364,-0.50292
YY1,0.04362,0.14859
PDX1,0.04354,1.13033
RFX5,0.0435,0.24121
CTCF,0.04338,0.1109
MAFK,0.04337,-0.18717
BARHL2,0.04337,1.83251
ESRRA,0.04335,0.36686
PITX1,0.04332,2.66087
NR3C1,0.04331,-0.11267
POU2F2,0.0433,-0.79029
MLXIPL,0.04329,1.28556
NFIL3,0.04324,0.04188
NR3C2,0.04323,0.66608
HOXA5,0.04317,0.04334
SMAD3,0.04306,-0.38086
ELK4,0.04303,0.1604
MEF2C,0.043,0.40985
HESX1,0.04298,0.17438
CREB3,0.04291,-0.24841
ATF4,0.0429,0.11374
NFE2,0.04262,0.59563
NR2F1,0.0425,-0.40683
RBPJ,0.0423,0.06557
RUNX1,0.04227,-0.06798
ZBED1,0.04224,-0.20248
GLI2,0.04208,0.00519
CREM,0.04201,-0.0345
NFE2,0.04198,0.59563
MSC,0.04183,0.03375
MAFK,0.04175,-0.18717
ARID5A,0.04171,-0.18956
ARNT,0.0417,0.03492
MAFF,0.04167,0.15237
DMRTA1,0.04166,0.70724
BARHL2,0.04162,1.83251
NR2F1,0.04161,-0.40683
STAT2,0.04158,0.19114
NR2F1,0.04147,-0.40683
ZNF524,0.04144,-0.36672
MYB,0.04144,-0.11523
ERG,0.04135,1.54862
PROX1,0.04134,1.25768
HEY2,0.04123,1.09575
NR3C2,0.04109,0.66608
MYBL2,0.04105,-0.19707
PKNOX1,0.0409,-0.01682
ATF3,0.0409,0.74563
NFKB1,0.04086,-0.02496
ATF5,0.04084,-0.34711
SREBF1,0.0408,-0.15578
TBX3,0.04079,-0.64016
PTCD1,0.04074,0.04232
HOXA2,0.04073,-0.49643
NKX3-2,0.0407,1.28354
NFKB1,0.04052,-0.02496
MAX,0.0404,0.13856
MEIS2,0.04037,-0.06534
EN2,0.0403,1.5098
ETV4,0.0403,0.15297
CEBPG,0.04027,0.22789
SMAD3,0.0402,-0.38086
FOXL1,0.0402,-0.97272
MYC,0.04018,0.22497
NR3C1,0.04012,-0.11267
ZBED1,0.03999,-0.20248
E2F1,0.03993,-0.14567
ELF1,0.0399,-0.0385
MAF,0.03982,1.50435
RFX2,0.03962,0.09243
FOXO3,0.03961,-0.09404
RORA,0.03953,1.26779
FOXD1,0.0395,0.21153
CTCF,0.03949,0.1109
NFE2,0.03937,0.59563
BACH1,0.03937,-0.08588
XBP1,0.03928,0.09852
EGR1,0.03921,0.22639
NR1H2,0.03915,-0.17777
HIF1A,0.03907,-0.1013
EMX1,0.03901,1.22011
SOX8,0.03897,0.98528
SREBF1,0.03892,-0.15578
ZNF524,0.0389,-0.36672
RFX3,0.03861,0.21238
ZBTB7A,0.03854,-0.03833
MYBL2,0.03839,-0.19707
NFKB1,0.03828,-0.02496
WRNIP1,0.03821,0.28669
CTCF,0.03814,0.1109
CTCF,0.03801,0.1109
GRHL1,0.03786,0.60779
HLF,0.03774,1.20049
MXI1,0.03774,0.36623
HBP1,0.03772,-0.38822
RUNX2,0.03771,-0.44748
FOXD2,0.03756,0.92604
RUNX1,0.03756,-0.06798
TAGLN2,0.03752,-0.47419
PKNOX2,0.03751,0.45558
SOX9,0.03748,0.21723
HOXB5,0.03747,0.18102
TFAP2C,0.03744,0.6037
PPARG,0.03744,-0.0062
ID4,0.03742,-0.49292
CEBPD,0.03741,0.31811
MAFF,0.03734,0.15237
HOXA13,0.03733,1.58967
CTCF,0.03733,0.1109
NFATC3,0.03731,0.26356
SP8,0.03726,1.34044
OTX1,0.03716,0.61502
CTCF,0.03715,0.1109
GATA3,0.03708,0.63765
SP3,0.03702,0.05187
PKNOX2,0.03698,0.45558
PAX2,0.03695,1.0569
MYBL1,0.0369,0.21759
SP1,0.03689,0.23865
SP1,0.03679,0.23865
CTCF,0.03678,0.1109
ZKSCAN1,0.03675,0.25502
NR3C2,0.03671,0.66608
POU2F2,0.03657,-0.79029
MLXIPL,0.03655,1.28556
RUNX1,0.03645,-0.06798
SP1,0.03636,0.23865
STAT1,0.03635,-0.01743
FOXC1,0.03632,0.69824
NR2F1,0.03614,-0.40683
RXRA,0.03609,0.30198
HIC1,0.03608,-0.93177
BCL6,0.03607,-0.46691
RUNX3,0.03592,1.32536
MAFA,0.0359,1.66573
FOSB,0.0358,0.22429
RUNX3,0.0358,1.32536
ZBTB7A,0.03575,-0.03833
ESRRA,0.03575,0.36686
HIF1A,0.0357,-0.1013
TFAP2A,0.03568,-0.00481
TGIF1,0.03568,0.24022
POU6F1,0.03564,-0.06658
HSF2,0.03563,0.0708
TBX20,0.0356,1.45484
MEF2C,0.03552,0.40985
BHLHE41,0.03533,-0.53218
RUNX3,0.03522,1.32536
RBM17,0.03522,0.22348
HOXB13,0.03515,1.17107
MYBL1,0.03513,0.21759
REL,0.03509,0.12775
MCTP2,0.035,1.21703
NFIX,0.03492,-0.37506
FOXM1,0.03486,-0.09234
EGR2,0.03485,1.68485
ZBTB6,0.03482,0.06759
TFCP2,0.03474,-0.18064
ESRRA,0.03473,0.36686
TEF,0.03468,-0.46806
PAX3,0.03468,1.45939
MLXIPL,0.03466,1.28556
ESRRA,0.03465,0.36686
NFKB1,0.03455,-0.02496
POU5F1,0.03448,-0.17881
INSM1,0.03435,1.22789
POU5F1,0.03434,-0.17881
DLX6,0.03432,1.50012
RFX5,0.0342,0.24121
ZNF143,0.03412,-0.08045
FOXD1,0.03407,0.21153
NRL,0.03397,0.13212
MYBL1,0.03394,0.21759
ERF,0.03387,-0.20753
MGA,0.03382,0.06935
MESP1,0.03366,0.43381
MSC,0.03358,0.03375
EGR2,0.03356,1.68485
RUNX2,0.03354,-0.44748
NFE2,0.03346,0.59563
HOXA13,0.03341,1.58967
RUNX2,0.03334,-0.44748
HSF2,0.03329,0.0708
YY1,0.03329,0.14859
MYB,0.03325,-0.11523
RARA,0.03317,-0.25519
NFIA,0.03315,0.15147
ECSIT,0.03307,-0.05492
NFIL3,0.03305,0.04188
JUN,0.03274,0.26082
TAF1,0.03265,0.11649
HEY2,0.03265,1.09575
MEIS2,0.03264,-0.06534
NR2F1,0.03263,-0.40683
XBP1,0.03261,0.09852
SMAD4,0.03261,0.01087
GABPA,0.03252,-0.14939
HMGA1,0.0325,0.06617
MSX1,0.03249,0.83405
ALX1,0.03246,0.03003
PPARA,0.0324,0.48827
TCF3,0.03239,-0.11833
NFE2L1,0.03232,-0.03223
HOXA1,0.03232,0.09858
EN2,0.03229,1.5098
FOSL2,0.03224,0.07854
RFX2,0.03216,0.09243
HOXD11,0.03216,0.14834
ETV4,0.03213,0.15297
FLI1,0.03212,-2.13898
MEF2A,0.03211,-0.11613
TCF3,0.0321,-0.11833
STAT3,0.03206,-0.16234
TSN,0.03193,0.09182
HOXC9,0.03191,-0.05244
E2F3,0.03186,0.35972
XRCC1,0.03183,-0.04663
NR1D1,0.03178,0.0778
ZEB1,0.03169,-0.14882
NFKB1,0.03166,-0.02496
NR3C1,0.03166,-0.11267
MEIS2,0.03165,-0.06534
EOMES,0.03156,1.4624
STAT1,0.03152,-0.01743
CREB3L1,0.03144,-0.29251
FOXD3,0.03139,1.66375
SOX1,0.03113,1.77815
ZKSCAN3,0.03113,0.45019
KLF8,0.03096,1.24055
MAFG,0.03074,-0.03675
FOXO1,0.03073,0.19161
TBX1,0.0307,1.76691
HINFP,0.03057,0.09309
MEIS2,0.03057,-0.06534
MAX,0.03047,0.13856
FOS,0.03043,0.11477
NFKB2,0.03038,0.51364
TGIF1,0.03032,0.24022
CREB1,0.03024,-0.1189
TEAD1,0.03022,0.23157
ATF4,0.03014,0.11374
LHX2,0.0301,1.74567
MAFK,0.03008,-0.18717
NFKB1,0.03008,-0.02496
SP2,0.03007,-0.07606
JUND,0.03006,-0.03685
ESRRA,0.02999,0.36686
FOXG1,0.02999,1.5762
BARHL2,0.02992,1.83251
SNAI2,0.02988,-0.12542
BCL3,0.02983,-0.30304
NR4A2,0.02973,0.11007
MSX1,0.02967,0.83405
TBX20,0.02964,1.45484
MEOX1,0.0296,0.5983
ZBTB3,0.0295,0.39844
NR4A1,0.02946,0.49659
PAX6,0.02945,0.87769
MYBL2,0.02936,-0.19707
TRIM28,0.02926,-0.01728
TCF4,0.02924,-0.83621
TCF4,0.02917,-0.83621
CCNT2,0.02911,0.28587
JUND,0.02888,-0.03685
NFE2,0.02882,0.59563
ESRRA,0.02867,0.36686
TPI1,0.0286,-0.02368
RAD21,0.02852,0.33699
RARA,0.02845,-0.25519
ESRRG,0.02838,1.19866
OLIG2,0.02831,0.79877
ARNT,0.0282,0.03492
NFIC,0.02804,-0.21458
ATF4,0.02802,0.11374
SOX9,0.02801,0.21723
BARX1,0.02799,1.13672
SOX1,0.02796,1.77815
ESRRA,0.02788,0.36686
AHR,0.02783,-0.31593
NFE2,0.0278,0.59563
DLX6,0.02748,1.50012
FOXG1,0.02747,1.5762
ELF1,0.02743,-0.0385
RAD21,0.02733,0.33699
MGA,0.02732,0.06935
GATA2,0.0273,-0.05162
RARA,0.02722,-0.25519
CUX1,0.02714,-0.02564
GATA2,0.02709,-0.05162
TBX20,0.02698,1.45484
NKX2-5,0.02694,1.55041
ZNF75A,0.0269,0.45123
CEBPA,0.02686,1.86054
SEMA4A,0.02677,0.2132
ELK3,0.02675,-0.31483
TFAP2A,0.02674,-0.00481
MBD2,0.02667,-0.39254
NR6A1,0.02666,0.87404
FOXP1,0.02664,-0.47893
PDX1,0.02656,1.13033
NFIA,0.02648,0.15147
NR2F1,0.02645,-0.40683
SMAD3,0.02642,-0.38086
TCF3,0.02641,-0.11833
CTCF,0.02639,0.1109
CREB3L1,0.02633,-0.29251
MAF,0.02618,1.50435
SOX1,0.02616,1.77815
ESRRA,0.02616,0.36686
ZNF524,0.02612,-0.36672
CEBPB,0.02595,0.1585
SNAI2,0.02576,-0.12542
OTX1,0.02574,0.61502
CUX2,0.02572,1.0607
SP3,0.02572,0.05187
YY2,0.02565,-0.33904
HOXA7,0.02556,-1.08007
FOS,0.02553,0.11477
MZF1,0.02547,0.10253
DMRT2,0.02546,-0.75849
FLI1,0.02535,-2.13898
ZBTB4,0.0251,-0.18334
TFAP2C,0.0251,0.6037
RXRA,0.02508,0.30198
TGIF1,0.02502,0.24022
SOX9,0.02498,0.21723
OTX1,0.02485,0.61502
LHX2,0.02482,1.74567
NFYB,0.02477,-0.01498
RFX5,0.02471,0.24121
GBX2,0.0247,1.92073
ZBTB3,0.02466,0.39844
CEBPG,0.02455,0.22789
HEY2,0.02452,1.09575
FOXA3,0.02449,1.07463
SIX5,0.02448,-0.04506
MLXIPL,0.02447,1.28556
YY1,0.02443,0.14859
NR3C1,0.0244,-0.11267
EGR1,0.02433,0.22639
HOXD10,0.02426,0.20355
SMAD3,0.02425,-0.38086
MSX1,0.02424,0.83405
PKNOX2,0.02411,0.45558
PBX1,0.02408,-0.73611
ESRRA,0.02408,0.36686
FOXO1,0.02402,0.19161
THRA,0.02402,-0.23344
ESRRA,0.02399,0.36686
MYBL2,0.02396,-0.19707
MSC,0.02388,0.03375
LBX2,0.02377,1.06169
E2F4,0.02369,0.14148
GATA2,0.02366,-0.05162
NR4A2,0.0236,0.11007
TEAD1,0.02359,0.23157
AHR,0.0234,-0.31593
CEBPB,0.02338,0.1585
NNT,0.02336,0.16549
HES1,0.02335,0.29018
PBX1,0.02334,-0.73611
EGR1,0.02333,0.22639
FLI1,0.02329,-2.13898
FOXL1,0.02329,-0.97272
RNASEH2C,0.02327,0.22658
HES1,0.02325,0.29018
GATA2,0.02323,-0.05162
NR3C1,0.02321,-0.11267
PPARA,0.0232,0.48827
HINFP,0.02315,0.09309
CCDC6,0.02313,0.18592
NFKB1,0.02307,-0.02496
HIC1,0.02298,-0.93177
NKX2-8,0.02297,1.30963
POU6F1,0.02294,-0.06658
HOXD10,0.02292,0.20355
CREB3L1,0.02291,-0.29251
ETV6,0.0229,-0.12382
RUNX2,0.02289,-0.44748
PAX6,0.02288,0.87769
USF2,0.02284,-0.17263
LHX2,0.02284,1.74567
E2F4,0.02261,0.14148
OLIG2,0.02259,0.79877
MSX2,0.02259,1.37658
SP3,0.02252,0.05187
SNAI1,0.02251,-0.00065
ELK4,0.02224,0.1604
NR3C1,0.02214,-0.11267
PAX6,0.02213,0.87769
TCF7,0.02208,0.17771
PURG,0.02195,0.64052
NR2F1,0.02192,-0.40683
CREB1,0.02189,-0.1189
EP300,0.02185,0.07356
STAT1,0.02181,-0.01743
FOXO6,0.02178,1.52196
GRHL1,0.02172,0.60779
RXRB,0.02169,0.14875
CEBPA,0.02165,1.86054
HOXC8,0.02163,0.02345
TGIF2,0.02158,0.13496
ETS1,0.02148,0.2381
USF2,0.02144,-0.17263
TFAP2A,0.02141,-0.00481
SOX17,0.02125,-2.18298
FEZ1,0.02117,0.10682
YY1,0.02105,0.14859
NFKB1,0.02089,-0.02496
GATA3,0.02086,0.63765
REST,0.02083,0.20711
STAT1,0.02069,-0.01743
TFEB,0.02065,-0.41856
NKX2-8,0.02064,1.30963
ESRRA,0.02062,0.36686
NFIC,0.0206,-0.21458
VAX1,0.02059,1.0607
ELK1,0.02056,-0.14318
YY1,0.02056,0.14859
ZEB1,0.02055,-0.14882
JUN,0.02055,0.26082
HMGA1,0.02048,0.06617
ITGB2,0.02048,1.87118
NR2C2,0.02037,0.21475
ELK4,0.02029,0.1604
THAP1,0.02028,0.30516
SRF,0.02026,-0.18877
NKX2-8,0.02015,1.30963
ETV6,0.02015,-0.12382
RXRA,0.01995,0.30198
TFAP2A,0.01995,-0.00481
POU2F2,0.01992,-0.79029
SMARCC2,0.01988,0.2036
TFCP2,0.01986,-0.18064
SP1,0.01973,0.23865
HEY1,0.01972,1.16638
AHR,0.01966,-0.31593
PLAGL1,0.01966,0.61926
SMAD2,0.01959,-0.33837
PAX6,0.01943,0.87769
TFAP2C,0.01935,0.6037
ZBTB33,0.01927,0.15431
BCL6,0.01927,-0.46691
CEBPB,0.01916,0.1585
GFI1,0.01907,0.95373
RXRA,0.01904,0.30198
TFCP2,0.01899,-0.18064
RUNX1,0.01894,-0.06798
NR5A1,0.01893,-1.93768
ELK1,0.01883,-0.14318
HIF1A,0.01881,-0.1013
HIC2,0.01881,0.48876
CTCF,0.01872,0.1109
RORA,0.01864,1.26779
RXRA,0.01845,0.30198
TCF3,0.01831,-0.11833
MLXIPL,0.01829,1.28556
PAX6,0.01812,0.87769
BHLHA15,0.01808,1.12494
MEIS1,0.01804,-0.46847
GMEB2,0.01803,0.07687
PAX6,0.01787,0.87769
DLX2,0.01784,0.70947
ETS1,0.01781,0.2381
BCL6,0.01778,-0.46691
TFAP2A,0.01773,-0.00481
HSPA5,0.01762,0.05671
HINFP,0.01752,0.09309
RXRA,0.01751,0.30198
STAT1,0.01748,-0.01743
RUNX2,0.01741,-0.44748
FOXP2,0.01738,0.88336
SMC3,0.01703,0.09897
PPARG,0.01692,-0.0062
NKX2-8,0.01691,1.30963
ELF1,0.0169,-0.0385
POU5F1,0.01687,-0.17881
HIRIP3,0.01685,0.17969
CXXC1,0.01683,-0.20636
EGR1,0.01681,0.22639
HOXA3,0.01676,-0.49974
MXI1,0.01676,0.36623
NR2C2,0.01676,0.21475
NFIA,0.01667,0.15147
DLX1,0.01666,0.10983
BRCA1,0.01656,-0.27515
BACH1,0.01643,-0.08588
ZNF143,0.01642,-0.08045
NFE2L1,0.01641,-0.03223
ISL2,0.01641,1.25248
HMBOX1,0.0164,0.39571
FOXO6,0.01638,1.52196
TBP,0.01631,0.01746
RUNX3,0.01629,1.32536
TGIF1,0.01626,0.24022
HOXA7,0.01619,-1.08007
ATF2,0.01618,0.19734
CENPB,0.01617,-0.10852
CUX1,0.01613,-0.02564
FOXO3,0.01612,-0.09404
MEIS2,0.01607,-0.06534
E2F6,0.01606,0.21414
NFATC2,0.01605,0.12494
TEAD1,0.01602,0.23157
EIF5A2,0.01596,-0.32772
HOXA4,0.01583,-0.29989
CUX1,0.01577,-0.02564
GZF1,0.01573,-0.10714
TEAD1,0.01565,0.23157
MGA,0.01558,0.06935
FOS,0.01554,0.11477
HIC2,0.01553,0.48876
MGA,0.01548,0.06935
NKX6-1,0.01545,1.89061
RUNX1,0.01544,-0.06798
ETV4,0.01542,0.15297
ATF2,0.01534,0.19734
TFAP2A,0.01532,-0.00481
RORA,0.01531,1.26779
CTCF,0.01529,0.1109
GMEB2,0.01524,0.07687
CTCF,0.01523,0.1109
GATA3,0.01512,0.63765
TFCP2,0.01505,-0.18064
ZNF76,0.01505,0.27551
NR3C1,0.01494,-0.11267
TCF4,0.01491,-0.83621
SOX4,0.01488,-0.13172
MESP1,0.01488,0.43381
TFAP2A,0.01482,-0.00481
RFX3,0.01482,0.21238
STAT1,0.01479,-0.01743
KLF3,0.01474,0.08462
SOX8,0.01473,0.98528
ERG,0.01473,1.54862
MEF2C,0.01463,0.40985
MLX,0.01463,0.04225
TEAD1,0.01461,0.23157
SOX9,0.01457,0.21723
POU2F2,0.0145,-0.79029
DLX2,0.01449,0.70947
ATF3,0.01448,0.74563
VAX2,0.01438,-0.14018
TBX1,0.01433,1.76691
YY1,0.0143,0.14859
TFAP2A,0.01423,-0.00481
TP53,0.01422,-0.06103
MLX,0.01419,0.04225
CTCF,0.01413,0.1109
KLF9,0.01411,-0.19621
MYB,0.0141,-0.11523
PBX2,0.01405,0.47253
NR4A1,0.01405,0.49659
ATF4,0.01402,0.11374
HOXD13,0.0139,1.61407
FLI1,0.01384,-2.13898
HOXB2,0.01376,-0.59651
TCF7,0.0136,0.17771
RXRA,0.01356,0.30198
SOX9,0.01355,0.21723
PRRX1,0.01354,-0.44294
NR3C1,0.01349,-0.11267
NR2F1,0.01332,-0.40683
TFEB,0.01319,-0.41856
ZEB1,0.01309,-0.14882
SOX2,0.01309,1.37658
TBP,0.01301,0.01746
HOXD11,0.013,0.14834
LHX2,0.01296,1.74567
TFEB,0.01289,-0.41856
MLX,0.0127,0.04225
MLXIPL,0.01262,1.28556
MAX,0.01259,0.13856
MESP1,0.01244,0.43381
ETS1,0.01238,0.2381
HNF4G,0.01232,0.89252
ZKSCAN1,0.01232,0.25502
ZBTB3,0.01228,0.39844
TBP,0.01225,0.01746
RAD21,0.01224,0.33699
TFAP2C,0.01213,0.6037
TFAP4,0.01211,0.30334
RUNX1,0.01194,-0.06798
IRX3,0.01193,0.16577
HSF4,0.01192,1.04243
PBX3,0.01192,0.40978
ZBTB3,0.0119,0.39844
RORA,0.01188,1.26779
ZNF8,0.01183,0.67552
EP300,0.0116,0.07356
AHR,0.01158,-0.31593
HIF1A,0.01158,-0.1013
CTCF,0.0115,0.1109
SOX4,0.01146,-0.13172
IRF8,0.01146,0.31482
NR2F1,0.01127,-0.40683
GATA6,0.01119,-0.4102
HOXB3,0.01103,-0.40051
HOXA5,0.01101,0.04334
GABPA,0.01094,-0.14939
BARX1,0.01082,1.13672
RFX5,0.0108,0.24121
SOX8,0.01079,0.98528
BARHL2,0.01069,1.83251
MAF,0.01066,1.50435
SREBF1,0.01065,-0.15578
FOXP3,0.01058,0.80403
RXRA,0.01038,0.30198
THRA,0.01031,-0.23344
VDR,0.01031,0.18204
MSC,0.01029,0.03375
OTX1,0.01029,0.61502
NKX3-2,0.01015,1.28354
SMAD3,0.01012,-0.38086
PKNOX2,0.01008,0.45558
SOX4,0.01006,-0.13172
ATF3,0.01005,0.74563
MITF,0.01003,0.30426
RUNX2,0.00998,-0.44748
RFX3,0.00994,0.21238
PAX9,0.00989,1.51678
YY1,0.00984,0.14859
TFE3,0.00982,-0.02572
ELK4,0.00975,0.1604
RXRA,0.00975,0.30198
CTCF,0.00974,0.1109
NFKB1,0.00969,-0.02496
ETV1,0.00956,0.0445
ZBTB7A,0.00953,-0.03833
SOX2,0.0095,1.37658
PKNOX2,0.00949,0.45558
SP4,0.00945,0.31458
SIX1,0.00944,0.9836
EPAS1,0.00941,-0.67374
FOXA1,0.00935,0.59218
NR4A2,0.00921,0.11007
HSF1,0.0092,0.46176
PROX1,0.00908,1.25768
YY1,0.00901,0.14859
PKNOX1,0.00896,-0.01682
AFP,0.00895,-0.7863
ETS1,0.00884,0.2381
ISL1,0.00882,1.63749
BCL6,0.00879,-0.46691
OTX1,0.00876,0.61502
REST,0.00869,0.20711
TCF12,0.00867,-0.03309
RFX2,0.00865,0.09243
OTX1,0.00865,0.61502
TFAP2C,0.00862,0.6037
BCL6,0.00854,-0.46691
TOB2,0.00851,0.16796
CKMT1B,0.00833,0.95921
NR1H2,0.00824,-0.17777
BARHL2,0.00821,1.83251
ZBED1,0.00819,-0.20248
GBX2,0.00817,1.92073
FOXD1,0.00809,0.21153
NFE2L1,0.00807,-0.03223
HOXD13,0.00796,1.61407
MAX,0.00793,0.13856
RFX2,0.00786,0.09243
RFX5,0.00778,0.24121
MAFB,0.00768,0.64383
FOS,0.00768,0.11477
HOXB2,0.00767,-0.59651
POU3F2,0.00764,1.7839
TCF4,0.00764,-0.83621
SRF,0.00763,-0.18877
SOX4,0.00762,-0.13172
NFIL3,0.00759,0.04188
ETS1,0.00757,0.2381
ETS1,0.00754,0.2381
SETDB1,0.00743,0.0425
HNF4G,0.00739,0.89252
ONECUT2,0.00711,1.50408
NFKB2,0.0071,0.51364
ESX1,0.00708,1.18752
NRL,0.00691,0.13212
USF2,0.0069,-0.17263
TCF3,0.00676,-0.11833
EOMES,0.00675,1.4624
SOX17,0.00658,-2.18298
THRB,0.00655,0.86606
SOX4,0.00652,-0.13172
DBP,0.00651,-0.07406
HSF4,0.00647,1.04243
SOX1,0.00638,1.77815
NR2C2,0.00617,0.21475
FOS,0.00614,0.11477
BARHL2,0.00608,1.83251
PAX9,0.00607,1.51678
SP1,0.00603,0.23865
MXI1,0.00596,0.36623
LHX4,0.00589,0.54007
VDR,0.00586,0.18204
EN1,0.00578,1.50651
NR4A2,0.00578,0.11007
TBX20,0.00575,1.45484
FOXP3,0.00563,0.80403
RFX2,0.00557,0.09243
AR,0.00555,0.74347
REL,0.00544,0.12775
BRCA1,0.00543,-0.27515
LSM6,0.00541,0.16293
HOXD11,0.00534,0.14834
NFKB1,0.00532,-0.02496
TBX3,0.00528,-0.64016
NKX2-8,0.00527,1.30963
IRF2,0.00517,-0.18248
TCF7L1,0.00515,-0.12623
GATA2,0.00514,-0.05162
MESP1,0.00513,0.43381
CREB3,0.00511,-0.24841
XBP1,0.00494,0.09852
MAX,0.00492,0.13856
SOX6,0.00486,0.35826
EOMES,0.00483,1.4624
ELF2,0.00483,0.08062
HIF1A,0.00474,-0.1013
ESRRG,0.0047,1.19866
NR2F2,0.00465,-0.04126
DLX6,0.00459,1.50012
NFIX,0.00456,-0.37506
TCF4,0.00455,-0.83621
NKX2-4,0.00451,1.3483
RUNX1,0.00448,-0.06798
PPARG,0.00444,-0.0062
NR4A3,0.00444,0.41497
STAT1,0.00435,-0.01743
MEOX1,0.00426,0.5983
FOXL1,0.00408,-0.97272
NFIX,0.00399,-0.37506
PDCD11,0.00398,0.31354
MAFB,0.00389,0.64383
MAX,0.00378,0.13856
JUN,0.00377,0.26082
RORA,0.00376,1.26779
TP53,0.00363,-0.06103
NFE2L1,0.00352,-0.03223
NKX2-4,0.00342,1.3483
NKX3-1,0.00339,-0.17361
HOXC4,0.00335,0.94279
FOXO3,0.00329,-0.09404
NFIC,0.00326,-0.21458
FOXO1,0.00321,0.19161
KLF4,0.00302,1.14393
MYC,0.00302,0.22497
HOXB7,0.00288,0.26541
ARNT,0.00283,0.03492
HLF,0.00282,1.20049
THRA,0.00277,-0.23344
TBP,0.00274,0.01746
STAT1,0.00267,-0.01743
RXRA,0.00234,0.30198
ZBTB7A,0.00234,-0.03833
NFIC,0.00223,-0.21458
IRF7,0.00215,-0.16734
NFKB1,0.00206,-0.02496
TFAP2A,0.00199,-0.00481
MXD4,0.00191,-0.10175
NKX3-1,0.00184,-0.17361
ZBTB33,0.00179,0.15431
NFYB,0.00173,-0.01498
SOX15,0.00153,-0.29176
NFIX,0.00149,-0.37506
RARG,0.00133,-0.50335
ATF3,0.00121,0.74563
ETV5,0.00119,0.00428
NR3C2,0.00116,0.66608
PKNOX1,0.00109,-0.01682
TFAP2C,0.00106,0.6037
SOX7,0.00106,0.94009
MNX1,0.00096,2.02938
TCF7,0.00093,0.17771
ESX1,0.00082,1.18752
TFAP2A,0.00069,-0.00481
ISL2,0.00068,1.25248
RFX2,0.00062,0.09243
RUNX3,0.0006,1.32536
EP300,0.00056,0.07356
TEAD1,0.00054,0.23157
NR3C1,0.00047,-0.11267
MGA,0.00044,0.06935
GFI1,0.0004,0.95373
IRF7,0.00038,-0.16734
NR2F2,0.00034,-0.04126
ZEB1,0.00034,-0.14882
MEIS1,0.00029,-0.46847
NKX3-2,0.00024,1.28354
EN1,0.00016,1.50651
PAX2,0.00014,1.0569
TFAP2C,-0.00027,0.6037
STAT1,-0.00032,-0.01743
NKX3-2,-0.00036,1.28354
NR3C2,-0.00049,0.66608
NKX3-1,-0.00049,-0.17361
NR4A3,-0.00054,0.41497
ZDHHC15,-0.00058,1.7796
MEIS3,-0.00061,0.68303
RARG,-0.00069,-0.50335
FOSL2,-0.00071,0.07854
DLX2,-0.0008,0.70947
HBP1,-0.001,-0.38822
FOXJ2,-0.00101,-0.10174
FOS,-0.00101,0.11477
GLI2,-0.00103,0.00519
BHLHE41,-0.00111,-0.53218
PAX9,-0.00117,1.51678
MYBL2,-0.0012,-0.19707
HIF1A,-0.00121,-0.1013
NFIC,-0.00123,-0.21458
MAFB,-0.0013,0.64383
THAP1,-0.0013,0.30516
JUND,-0.0013,-0.03685
MXI1,-0.00131,0.36623
TFAP2A,-0.00135,-0.00481
PBX3,-0.00137,0.40978
OLIG2,-0.00145,0.79877
PLAG1,-0.00145,0.41363
DLX2,-0.00147,0.70947
EZH2,-0.00149,0.24374
ZBTB4,-0.0015,-0.18334
GLI2,-0.00156,0.00519
FOXO4,-0.00157,0.05375
POU3F2,-0.00159,1.7839
TAF1,-0.00161,0.11649
THRA,-0.00164,-0.23344
ETV4,-0.0017,0.15297
SOX8,-0.00171,0.98528
MYBL2,-0.00173,-0.19707
ETS1,-0.00173,0.2381
RUNX2,-0.0018,-0.44748
ELK1,-0.00192,-0.14318
ZBTB3,-0.00198,0.39844
ZNF350,-0.00213,0.07255
ESRRA,-0.00216,0.36686
OTX1,-0.00219,0.61502
JUN,-0.00233,0.26082
HNF4G,-0.00242,0.89252
FOS,-0.00255,0.11477
TFAP2C,-0.00258,0.6037
HESX1,-0.0026,0.17438
SOX8,-0.00264,0.98528
NR4A1,-0.00265,0.49659
BCL6,-0.00267,-0.46691
NFIC,-0.00268,-0.21458
PBX1,-0.00271,-0.73611
SREBF1,-0.00273,-0.15578
UQCRB,-0.00276,0.26139
TIMM8A,-0.00286,0.05672
CREB1,-0.00288,-0.1189
ESRRA,-0.00292,0.36686
SMAD3,-0.00295,-0.38086
TBX3,-0.00306,-0.64016
ETV3,-0.0031,0.22639
SRF,-0.00318,-0.18877
RUNX2,-0.00318,-0.44748
CEBPB,-0.00318,0.1585
DDIT3,-0.00326,0.31605
HMX1,-0.00328,1.5563
OLIG2,-0.00343,0.79877
HINFP,-0.00348,0.09309
STAT1,-0.00352,-0.01743
REL,-0.0036,0.12775
NR3C1,-0.00365,-0.11267
SREBF1,-0.00366,-0.15578
HOXD11,-0.00367,0.14834
TBX2,-0.00368,0.74219
ZEB1,-0.0037,-0.14882
NRF1,-0.00374,-0.06707
NFIX,-0.00377,-0.37506
EMX2,-0.00385,1.14301
HEY1,-0.00385,1.16638
TFAP2C,-0.00386,0.6037
CEBPB,-0.00391,0.1585
FOXM1,-0.00395,-0.09234
NKX2-1,-0.00395,2.41647
MYC,-0.00403,0.22497
JUNB,-0.00412,0.12824
TFAP2C,-0.00434,0.6037
SMAD4,-0.00438,0.01087
RFX5,-0.00439,0.24121
HOXB3,-0.00446,-0.40051
CUX1,-0.00454,-0.02564
LEF1,-0.00454,0.99309
DDIT3,-0.00464,0.31605
ZNF628,-0.00479,-0.14656
CUX1,-0.00484,-0.02564
TGIF1,-0.00485,0.24022
BHLHA15,-0.00491,1.12494
SREBF2,-0.00494,0.00057
PTEN,-0.00504,0.03658
PBX2,-0.00512,0.47253
NFIA,-0.00512,0.15147
EN2,-0.00513,1.5098
ZNF784,-0.00522,-0.1146
TFAP2C,-0.00528,0.6037
PDX1,-0.00531,1.13033
MEOX1,-0.00536,0.5983
JUN,-0.00543,0.26082
FOXO3,-0.00544,-0.09404
HIF1A,-0.00556,-0.1013
HINFP,-0.00564,0.09309
CTCF,-0.00564,0.1109
FOS,-0.00565,0.11477
HOXA1,-0.00566,0.09858
POU3F2,-0.00596,1.7839
EXO5,-0.00597,0.14677
RFX5,-0.00599,0.24121
GBX2,-0.00603,1.92073
NFKB1,-0.00604,-0.02496
DLX5,-0.00617,1.14301
FOXP1,-0.0062,-0.47893
RFXANK,-0.00621,-0.06083
MEIS1,-0.00622,-0.46847
SOX17,-0.00624,-2.18298
BARHL2,-0.00625,1.83251
ZBTB7A,-0.00627,-0.03833
RFX5,-0.00627,0.24121
RXRA,-0.00633,0.30198
MGA,-0.00658,0.06935
NKX2-1,-0.00659,2.41647
MAFK,-0.0066,-0.18717
PBX1,-0.00664,-0.73611
ZBTB3,-0.00664,0.39844
MGA,-0.00677,0.06935
RFX5,-0.00678,0.24121
REST,-0.00679,0.20711
ERG,-0.00682,1.54862
ARNT,-0.00686,0.03492
NR3C1,-0.00688,-0.11267
TFEB,-0.00698,-0.41856
CUX1,-0.00704,-0.02564
PRDX5,-0.00709,0.16078
MAFG,-0.0071,-0.03675
NFIB,-0.0072,-0.34392
TEAD3,-0.00721,-0.10294
IKZF2,-0.0073,0.28605
IRX5,-0.00746,0.75392
FOXA1,-0.00749,0.59218
ETS1,-0.00754,0.2381
TBX20,-0.00759,1.45484
SIX5,-0.00763,-0.04506
TFAP2C,-0.00767,0.6037
RARG,-0.00771,-0.50335
FOXO6,-0.00771,1.52196
RBPJ,-0.00772,0.06557
FLI1,-0.00777,-2.13898
TIMM44,-0.0078,0.20905
ZNF3,-0.00781,0.04979
MYBL2,-0.00789,-0.19707
TCF12,-0.0079,-0.03309
NKX3-2,-0.00794,1.28354
PPARG,-0.00794,-0.0062
GATA2,-0.00796,-0.05162
MESP1,-0.00796,0.43381
TCF7,-0.00805,0.17771
NFKB1,-0.00807,-0.02496
FOXG1,-0.00809,1.5762
RFX3,-0.00832,0.21238
LBX2,-0.00834,1.06169
CTCF,-0.00837,0.1109
TGIF2,-0.00837,0.13496
HOXA2,-0.00843,-0.49643
PROX1,-0.00849,1.25768
TIMM8A,-0.00855,0.05672
NR2C2,-0.00857,0.21475
CTCF,-0.0086,0.1109
ZNF524,-0.00861,-0.36672
SOX8,-0.00862,0.98528
FLI1,-0.00863,-2.13898
MXI1,-0.00866,0.36623
SOX9,-0.00873,0.21723
PKM,-0.00876,-0.31464
CLOCK,-0.00879,0.06464
RUNX2,-0.00884,-0.44748
BHLHE40,-0.00896,0.12349
SREBF2,-0.00901,0.00057
OLIG2,-0.00902,0.79877
HOXB3,-0.00903,-0.40051
ESRRA,-0.00903,0.36686
PPARA,-0.00906,0.48827
GABPA,-0.00915,-0.14939
CBFB,-0.00915,0.09939
FOXO3,-0.00922,-0.09404
FOXL1,-0.00922,-0.97272
TFAP2A,-0.00924,-0.00481
TFAP2A,-0.00926,-0.00481
SOX18,-0.00927,1.26007
GLI1,-0.00932,-0.49908
ARNT,-0.00934,0.03492
GZF1,-0.00937,-0.10714
ZBED1,-0.00944,-0.20248
HOXA2,-0.00945,-0.49643
HIF1A,-0.00945,-0.1013
NKX2-1,-0.00961,2.41647
HIC2,-0.00965,0.48876
DLX2,-0.00972,0.70947
ATF3,-0.00977,0.74563
TFAP4,-0.0098,0.30334
HOXA13,-0.0098,1.58967
ALX1,-0.00982,0.03003
RORA,-0.00986,1.26779
CREB3,-0.00988,-0.24841
THRA,-0.00999,-0.23344
DDIT3,-0.01006,0.31605
CLOCK,-0.01021,0.06464
ZSCAN31,-0.01022,-0.51355
CLOCK,-0.01022,0.06464
PBX3,-0.01023,0.40978
PRDM4,-0.01039,0.23073
NFYB,-0.01039,-0.01498
NKX2-8,-0.01043,1.30963
TCF3,-0.01044,-0.11833
FOXA3,-0.01058,1.07463
ETS1,-0.01069,0.2381
PBX3,-0.01069,0.40978
RREB1,-0.01081,0.27761
ZNF711,-0.01082,2.03364
RFX5,-0.01083,0.24121
RPL6,-0.01086,0.06944
ZNF589,-0.01087,0.55279
FOXD1,-0.01089,0.21153
VAMP3,-0.01091,-0.18617
POU2F2,-0.01092,-0.79029
JDP2,-0.01119,0.49816
NFKB1,-0.01125,-0.02496
EN1,-0.01133,1.50651
TFAP2A,-0.0114,-0.00481
RUNX2,-0.01144,-0.44748
STAT3,-0.01144,-0.16234
PTCD1,-0.01153,0.04232
TFAP2A,-0.01157,-0.00481
STAT1,-0.01168,-0.01743
SNAI2,-0.01172,-0.12542
CEBPB,-0.01173,0.1585
BHLHE41,-0.01175,-0.53218
CTCF,-0.01186,0.1109
NKX2-1,-0.01187,2.41647
MAF,-0.01188,1.50435
ELK4,-0.01189,0.1604
RFX2,-0.0119,0.09243
NR1H2,-0.01191,-0.17777
MAF,-0.01207,1.50435
ESRRB,-0.01208,1.09807
NFIA,-0.0122,0.15147
ATF3,-0.01223,0.74563
LEF1,-0.01225,0.99309
TFE3,-0.01234,-0.02572
HNF4G,-0.01236,0.89252
NFIL3,-0.01237,0.04188
ETV3,-0.01246,0.22639
RXRB,-0.01248,0.14875
SRF,-0.01248,-0.18877
HIC1,-0.01253,-0.93177
THAP1,-0.01253,0.30516
CREB3L1,-0.01263,-0.29251
JUN,-0.01264,0.26082
HIC1,-0.01264,-0.93177
ZBTB18,-0.01269,0.00701
RFX5,-0.01271,0.24121
HMGA2,-0.01272,-0.18061
CEBPA,-0.01273,1.86054
FOXA3,-0.0128,1.07463
SREBF1,-0.01282,-0.15578
STAT3,-0.01288,-0.16234
KLF6,-0.01293,0.26654
SOX9,-0.01302,0.21723
MNX1,-0.01302,2.02938
EMX2,-0.01302,1.14301
HIC2,-0.01307,0.48876
KLF3,-0.01309,0.08462
EPAS1,-0.01314,-0.67374
STAT1,-0.01317,-0.01743
PKNOX1,-0.01322,-0.01682
NR4A2,-0.01325,0.11007
TCF3,-0.01332,-0.11833
ZBTB6,-0.01335,0.06759
ERG,-0.01336,1.54862
NR2F1,-0.01336,-0.40683
NFKB1,-0.01338,-0.02496
TCF3,-0.01339,-0.11833
BHLHA15,-0.01341,1.12494
E2F5,-0.01343,0.52151
PRRX1,-0.01345,-0.44294
HOXA1,-0.01352,0.09858
LHX2,-0.01359,1.74567
TBX20,-0.0136,1.45484
NR4A2,-0.0136,0.11007
HOXA2,-0.01363,-0.49643
GATA2,-0.01363,-0.05162
CEBPG,-0.01364,0.22789
BDP1,-0.0137,0.41219
ESRRA,-0.01371,0.36686
KLF3,-0.01377,0.08462
LHX6,-0.01387,1.97772
ZIC2,-0.01389,2.51825
ETS1,-0.01391,0.2381
RARG,-0.01394,-0.50335
HDAC2,-0.01403,0.15118
NR3C1,-0.01409,-0.11267
FOXA1,-0.01413,0.59218
CEBPG,-0.01419,0.22789
NFKB1,-0.01428,-0.02496
TBP,-0.0143,0.01746
CEBPB,-0.01432,0.1585
ELK1,-0.01437,-0.14318
CUX1,-0.01447,-0.02564
OSR2,-0.01448,0.51205
TCF4,-0.01451,-0.83621
HOXD3,-0.01453,-0.7231
HOXC13,-0.01455,0.9857
FOXC2,-0.01462,-2.00079
HINFP,-0.01471,0.09309
SOX2,-0.01474,1.37658
CUX1,-0.0148,-0.02564
ESRRG,-0.01488,1.19866
SP1,-0.01507,0.23865
FOXA1,-0.01508,0.59218
MYB,-0.01519,-0.11523
NFE2L2,-0.01527,0.01426
BCL6,-0.01529,-0.46691
RFC3,-0.0153,-0.12198
MAFK,-0.0153,-0.18717
SOX2,-0.01532,1.37658
NKX2-8,-0.01532,1.30963
NR2F2,-0.01532,-0.04126
ZC3H7A,-0.01533,0.06914
LHX6,-0.01534,1.97772
USF2,-0.01547,-0.17263
BRCA1,-0.0155,-0.27515
PBX3,-0.01555,0.40978
FOXP3,-0.01557,0.80403
ATF2,-0.01557,0.19734
TFAP4,-0.01559,0.30334
ELK1,-0.01561,-0.14318
SP2,-0.01565,-0.07606
TFAP2A,-0.01568,-0.00481
HOXC11,-0.01574,0.58072
SRF,-0.01579,-0.18877
FOXO4,-0.0158,0.05375
TLX2,-0.01581,1.02462
SIX5,-0.01581,-0.04506
YY1,-0.01583,0.14859
MYBL1,-0.01583,0.21759
HOXD8,-0.0159,-0.50292
FOSL2,-0.01594,0.07854
PBX3,-0.01603,0.40978
LHX6,-0.01605,1.97772
TFAP2C,-0.01606,0.6037
LHX2,-0.01614,1.74567
AVEN,-0.01614,-0.31702
NR2F1,-0.0162,-0.40683
NR3C1,-0.01621,-0.11267
PKNOX1,-0.01623,-0.01682
TPI1,-0.01628,-0.02368
PKNOX1,-0.01634,-0.01682
NXPH3,-0.01641,0.17609
NR2F1,-0.01651,-0.40683
TEF,-0.01655,-0.46806
HOXA5,-0.01662,0.04334
PDCD11,-0.01663,0.31354
RAD21,-0.01667,0.33699
RXRA,-0.01675,0.30198
MAFG,-0.01683,-0.03675
HEY2,-0.01687,1.09575
SOX13,-0.01691,0.20325
PSMC2,-0.01692,-0.51529
ZBTB3,-0.01693,0.39844
IRF2,-0.01697,-0.18248
TFE3,-0.017,-0.02572
JUN,-0.01701,0.26082
BACH1,-0.01704,-0.08588
PPARG,-0.01712,-0.0062
RARA,-0.01718,-0.25519
HOXC6,-0.01722,-0.04045
SOX2,-0.01728,1.37658
NR3C1,-0.0173,-0.11267
ZHX3,-0.01735,-0.03225
TFAP4,-0.01737,0.30334
MEIS3,-0.01738,0.68303
HSF2,-0.01738,0.0708
HES1,-0.01741,0.29018
MECOM,-0.01743,-0.98714
EN1,-0.01746,1.50651
ZKSCAN3,-0.01751,0.45019
NKX3-2,-0.01758,1.28354
HOXB3,-0.01758,-0.40051
CTCF,-0.01759,0.1109
PKNOX2,-0.01767,0.45558
AFF4,-0.01773,0.0902
GPAM,-0.01791,0.01307
MEIS2,-0.01813,-0.06534
NKX3-1,-0.0182,-0.17361
SREBF2,-0.0182,0.00057
RARA,-0.01825,-0.25519
FOXJ3,-0.01826,0.24609
LMX1B,-0.01831,1.549
NFKB2,-0.01832,0.51364
GATA2,-0.01834,-0.05162
DLX1,-0.01835,0.10983
MSI2,-0.01843,0.47744
YY1,-0.01844,0.14859
EN2,-0.01849,1.5098
SREBF2,-0.01851,0.00057
ELF4,-0.01857,-0.23961
MYC,-0.01858,0.22497
ESRRA,-0.01858,0.36686
TFAP2A,-0.0187,-0.00481
SREBF2,-0.01883,0.00057
RARB,-0.01889,-0.80509
RNASEH2C,-0.01893,0.22658
SOX9,-0.019,0.21723
MYC,-0.01902,0.22497
NFE2,-0.01905,0.59563
OTX1,-0.01911,0.61502
PAX8,-0.0192,1.96565
GTF2I,-0.01932,-0.05514
RORB,-0.01935,1.75358
PPARA,-0.01949,0.48827
CEBPB,-0.01952,0.1585
MORN1,-0.01955,0.37255
HSF1,-0.01967,0.46176
YY1,-0.01967,0.14859
FOXO3,-0.01973,-0.09404
EN2,-0.01981,1.5098
HOXA9,-0.01985,0.67702
ELF1,-0.0199,-0.0385
E2F3,-0.01993,0.35972
CEBPB,-0.01999,0.1585
REL,-0.02008,0.12775
JUND,-0.02019,-0.03685
EP300,-0.02031,0.07356
RFX3,-0.02031,0.21238
RORA,-0.02032,1.26779
CREB3L1,-0.02039,-0.29251
EGR1,-0.02042,0.22639
MYB,-0.02045,-0.11523
RFX5,-0.02051,0.24121
ZNF148,-0.0206,0.15482
MAFF,-0.02062,0.15237
ESX1,-0.02071,1.18752
NFKB1,-0.02079,-0.02496
EN1,-0.02089,1.50651
RXRA,-0.0209,0.30198
XBP1,-0.02105,0.09852
CANX,-0.02105,0.18846
NR3C1,-0.02105,-0.11267
ATF3,-0.02108,0.74563
TFE3,-0.02112,-0.02572
BHLHE40,-0.02125,0.12349
MESP1,-0.02131,0.43381
REL,-0.02136,0.12775
PDX1,-0.02142,1.13033
GMEB2,-0.02148,0.07687
PAX2,-0.0215,1.0569
OLIG2,-0.02151,0.79877
GMEB1,-0.02153,-0.0629
POU2F2,-0.02157,-0.79029
TSC22D4,-0.02163,-0.33311
AHR,-0.02169,-0.31593
RAD21,-0.02175,0.33699
NR3C2,-0.02178,0.66608
TGIF1,-0.02179,0.24022
PAX3,-0.02183,1.45939
ATF1,-0.02189,-0.08557
MAFF,-0.0219,0.15237
MEIS2,-0.02195,-0.06534
PAX6,-0.02207,0.87769
ESX1,-0.0221,1.18752
XBP1,-0.02219,0.09852
ESRRA,-0.02229,0.36686
TFE3,-0.02239,-0.02572
ERG,-0.02245,1.54862
FOXF1,-0.02246,0.17609
TEAD1,-0.02262,0.23157
SOX2,-0.02263,1.37658
ESRRA,-0.0227,0.36686
TCF3,-0.02274,-0.11833
NR4A2,-0.02275,0.11007
POU3F3,-0.02282,1.52977
EP300,-0.02288,0.07356
SOX15,-0.0229,-0.29176
REL,-0.02293,0.12775
NFIC,-0.02304,-0.21458
VAX2,-0.02307,-0.14018
OLIG2,-0.0231,0.79877
BHLHA15,-0.02311,1.12494
REL,-0.02313,0.12775
TBX20,-0.02315,1.45484
BARX1,-0.02325,1.13672
JUN,-0.02326,0.26082
NR2F1,-0.02329,-0.40683
BHLHE40,-0.02344,0.12349
OTX1,-0.02354,0.61502
NFKB1,-0.02357,-0.02496
HIF1A,-0.0236,-0.1013
FOXG1,-0.02362,1.5762
ZNF350,-0.02368,0.07255
MGA,-0.0237,0.06935
TEAD3,-0.02374,-0.10294
HOXA2,-0.0238,-0.49643
HINFP,-0.02384,0.09309
E2F1,-0.02389,-0.14567
MGA,-0.02392,0.06935
HSF2,-0.024,0.0708
USF1,-0.02405,-0.13268
THRB,-0.02407,0.86606
TCF4,-0.0241,-0.83621
ZEB1,-0.02424,-0.14882
ATF3,-0.02427,0.74563
E2F4,-0.0243,0.14148
STAT1,-0.02433,-0.01743
IRF4,-0.02438,-0.17271
PAX3,-0.02442,1.45939
DDIT3,-0.02444,0.31605
PKM,-0.02448,-0.31464
SOX9,-0.02461,0.21723
TFAP2C,-0.02471,0.6037
TFEB,-0.02476,-0.41856
TCF3,-0.02494,-0.11833
ETV5,-0.02514,0.00428
TCF12,-0.02514,-0.03309
SOX8,-0.02517,0.98528
SIN3A,-0.02518,0.04933
EN2,-0.02522,1.5098
STAT3,-0.02524,-0.16234
SIN3A,-0.02526,0.04933
BARHL2,-0.02535,1.83251
LUZP1,-0.02535,-0.12716
HOXA11,-0.02538,0.40226
GMEB2,-0.02542,0.07687
TFAP4,-0.02562,0.30334
HOXA2,-0.02566,-0.49643
MEIS1,-0.02571,-0.46847
MSC,-0.02577,0.03375
XBP1,-0.0258,0.09852
AHR,-0.0259,-0.31593
BCL11A,-0.02592,1.84042
HIF1A,-0.02593,-0.1013
FOXD2,-0.02598,0.92604
RFX3,-0.02599,0.21238
ZNF143,-0.02603,-0.08045
GMEB2,-0.02605,0.07687
HINFP,-0.02605,0.09309
SOX1,-0.02623,1.77815
BCL11A,-0.02628,1.84042
EMX1,-0.02631,1.22011
YY2,-0.02641,-0.33904
HSF4,-0.02644,1.04243
TFCP2,-0.02645,-0.18064
NR2F1,-0.02648,-0.40683
PURG,-0.02666,0.64052
TBX1,-0.02667,1.76691
CTCF,-0.02673,0.1109
SRF,-0.02674,-0.18877
NFE2L1,-0.02677,-0.03223
MYB,-0.02681,-0.11523
TFAP2C,-0.02685,0.6037
LMO2,-0.02686,0.51266
EN1,-0.02691,1.50651
STAT3,-0.02692,-0.16234
SIX5,-0.02699,-0.04506
EPAS1,-0.02701,-0.67374
THAP1,-0.02703,0.30516
GLI3,-0.02707,-0.16955
ERG,-0.02708,1.54862
ESX1,-0.02717,1.18752
NFE2,-0.02721,0.59563
MXI1,-0.02723,0.36623
NXPH3,-0.02731,0.17609
NR3C1,-0.02734,-0.11267
ESRRA,-0.02742,0.36686
ASAP3,-0.02751,-0.03807
RXRA,-0.02757,0.30198
CTCF,-0.02758,0.1109
RAD21,-0.02765,0.33699
CREB3L1,-0.02767,-0.29251
FOXL1,-0.02774,-0.97272
MEOX1,-0.02776,0.5983
C19orf25,-0.02777,0.07305
POU5F1,-0.02778,-0.17881
TBP,-0.02782,0.01746
SMAD3,-0.02789,-0.38086
LRRFIP1,-0.02791,-0.15885
CUX1,-0.02791,-0.02564
FOXO4,-0.02792,0.05375
SOX9,-0.02796,0.21723
HOXA7,-0.02797,-1.08007
ERF,-0.02801,-0.20753
MSX1,-0.02801,0.83405
MSX1,-0.02804,0.83405
OTX1,-0.02809,0.61502
STAT1,-0.02813,-0.01743
PAX2,-0.02818,1.0569
NFIA,-0.02823,0.15147
USF1,-0.02824,-0.13268
NKX3-2,-0.02826,1.28354
IRF5,-0.02828,0.56234
NFATC2,-0.02828,0.12494
TCF3,-0.02831,-0.11833
RARG,-0.02836,-0.50335
PAX3,-0.02847,1.45939
ESRRA,-0.02847,0.36686
REST,-0.02849,0.20711
ELK1,-0.02852,-0.14318
JUN,-0.02853,0.26082
CEBPB,-0.02854,0.1585
MYBL1,-0.02858,0.21759
HINFP,-0.02858,0.09309
MEIS1,-0.02867,-0.46847
ISL1,-0.02867,1.63749
XBP1,-0.02872,0.09852
NR1H2,-0.02894,-0.17777
SOX8,-0.02899,0.98528
HESX1,-0.029,0.17438
RXRA,-0.0291,0.30198
JUN,-0.02913,0.26082
MAFK,-0.02919,-0.18717
HOXB6,-0.02921,0.12505
NFIC,-0.02923,-0.21458
RXRA,-0.02923,0.30198
PBX3,-0.02926,0.40978
ZBTB7B,-0.02935,-0.1944
PKNOX2,-0.02941,0.45558
SIN3A,-0.02963,0.04933
SMAD3,-0.02971,-0.38086
ZEB1,-0.02979,-0.14882
RFX3,-0.02982,0.21238
OLIG2,-0.03007,0.79877
ERF,-0.03008,-0.20753
MAF,-0.03008,1.50435
HBP1,-0.03018,-0.38822
TFAP2A,-0.03025,-0.00481
CEBPB,-0.03027,0.1585
TBX1,-0.03036,1.76691
RFX3,-0.03044,0.21238
NR3C1,-0.03056,-0.11267
RXRA,-0.03061,0.30198
RORA,-0.03064,1.26779
PPARA,-0.03064,0.48827
SOX9,-0.03067,0.21723
NFIA,-0.03067,0.15147
ZEB1,-0.03071,-0.14882
E2F3,-0.03072,0.35972
ELK1,-0.03087,-0.14318
SIN3A,-0.0309,0.04933
HOXA2,-0.03092,-0.49643
RFX5,-0.03093,0.24121
CTCF,-0.03119,0.1109
DLX1,-0.03124,0.10983
HIC2,-0.03128,0.48876
NKX2-1,-0.03134,2.41647
ATF3,-0.03137,0.74563
SIX5,-0.03139,-0.04506
TFAP4,-0.03142,0.30334
GRHL1,-0.0315,0.60779
ZSCAN31,-0.03154,-0.51355
ZNF524,-0.03168,-0.36672
RFX5,-0.03169,0.24121
MLXIPL,-0.03183,1.28556
ESRRG,-0.03195,1.19866
NKX3-2,-0.03196,1.28354
CTCF,-0.03196,0.1109
FOS,-0.03199,0.11477
USF2,-0.03207,-0.17263
ESRRA,-0.03208,0.36686
ESRRB,-0.03217,1.09807
NFYB,-0.03237,-0.01498
SOX1,-0.03245,1.77815
ZBTB3,-0.03245,0.39844
MAFK,-0.03246,-0.18717
E2F1,-0.03253,-0.14567
HMGA1,-0.03255,0.06617
EGR1,-0.0326,0.22639
SMAD1,-0.0326,-0.01057
FOSB,-0.03266,0.22429
IKZF2,-0.03271,0.28605
SNAI2,-0.03272,-0.12542
ESRRA,-0.03276,0.36686
HOXA10,-0.03277,0.50735
ESRRA,-0.03283,0.36686
RFX1,-0.03288,0.20032
RUNX2,-0.03294,-0.44748
RXRA,-0.03301,0.30198
ATF3,-0.03303,0.74563
MSC,-0.03315,0.03375
CBFB,-0.03316,0.09939
GMEB2,-0.03317,0.07687
EPAS1,-0.03318,-0.67374
RORA,-0.03321,1.26779
MZF1,-0.03323,0.10253
STAT1,-0.0334,-0.01743
ETS1,-0.03342,0.2381
RUNX2,-0.03344,-0.44748
CUX2,-0.03345,1.0607
SIX5,-0.03345,-0.04506
MAF,-0.03366,1.50435
PAX6,-0.03371,0.87769
CUX2,-0.03375,1.0607
E2F5,-0.03377,0.52151
EN2,-0.0338,1.5098
HOXA13,-0.03386,1.58967
STAT5B,-0.03386,-0.28536
SMAD4,-0.03386,0.01087
RUNX3,-0.03387,1.32536
PITX1,-0.03388,2.66087
GATA3,-0.03401,0.63765
TFCP2,-0.03402,-0.18064
HOXD13,-0.03406,1.61407
ID4,-0.03406,-0.49292
JUND,-0.03412,-0.03685
HOXB7,-0.03414,0.26541
HIC2,-0.03414,0.48876
HOXA2,-0.03439,-0.49643
ESRP1,-0.03441,1.23045
STAT1,-0.03443,-0.01743
PTCD1,-0.03444,0.04232
NKX3-1,-0.03446,-0.17361
ELF2,-0.03448,0.08062
TFAP2A,-0.03452,-0.00481
TBP,-0.03465,0.01746
EN1,-0.03468,1.50651
CENPB,-0.03468,-0.10852
HINFP,-0.0347,0.09309
TFAP4,-0.03473,0.30334
MSC,-0.03485,0.03375
TCF3,-0.03486,-0.11833
PAX9,-0.03492,1.51678
MXI1,-0.03492,0.36623
MESP1,-0.03494,0.43381
BRCA1,-0.03501,-0.27515
TFAP2A,-0.03502,-0.00481
ARHGEF12,-0.03502,0.00333
RORA,-0.03504,1.26779
CREB3L1,-0.03507,-0.29251
PITX1,-0.03509,2.66087
RUNX1,-0.03517,-0.06798
LHX2,-0.03518,1.74567
OLIG2,-0.03524,0.79877
MEIS3,-0.0353,0.68303
REL,-0.03536,0.12775
PDS5A,-0.03553,0.02221
CUX2,-0.03557,1.0607
RREB1,-0.03562,0.27761
TP53,-0.03563,-0.06103
YY2,-0.03565,-0.33904
TFE3,-0.03587,-0.02572
SOX8,-0.03596,0.98528
FOXL1,-0.03598,-0.97272
SOX9,-0.036,0.21723
USF1,-0.036,-0.13268
POU4F1,-0.03603,1.85377
CEBPB,-0.03611,0.1585
TFAP2A,-0.0362,-0.00481
SOX8,-0.03621,0.98528
RXRA,-0.03623,0.30198
LHX6,-0.03626,1.97772
MEF2A,-0.03629,-0.11613
HOXC10,-0.03632,0.94574
MZF1,-0.03633,0.10253
ZNF589,-0.03636,0.55279
CYCS,-0.03639,0.10917
CEBPG,-0.03639,0.22789
STAT1,-0.03644,-0.01743
FLI1,-0.03649,-2.13898
RFX5,-0.03658,0.24121
TBP,-0.0366,0.01746
ESX1,-0.03666,1.18752
NR2F1,-0.03666,-0.40683
TCF4,-0.03674,-0.83621
JUN,-0.03679,0.26082
RXRA,-0.03681,0.30198
TAF1,-0.03682,0.11649
ZKSCAN3,-0.03692,0.45019
HSF4,-0.03696,1.04243
HSF1,-0.03706,0.46176
TBX1,-0.03708,1.76691
MLX,-0.03721,0.04225
RARA,-0.03729,-0.25519
TFAP2C,-0.03737,0.6037
PBX3,-0.03739,0.40978
NKX2-1,-0.03742,2.41647
TFAP2C,-0.03742,0.6037
EGR2,-0.03745,1.68485
NR3C1,-0.0376,-0.11267
ZNF3,-0.03768,0.04979
NR5A1,-0.03774,-1.93768
ZBTB4,-0.03781,-0.18334
RXRA,-0.03786,0.30198
RARA,-0.03789,-0.25519
NFKB2,-0.038,0.51364
CBFB,-0.03808,0.09939
GATA2,-0.0381,-0.05162
RUNX2,-0.03814,-0.44748
GATA2,-0.03815,-0.05162
NRL,-0.03824,0.13212
NR4A2,-0.03825,0.11007
FOS,-0.03831,0.11477
YY1,-0.03843,0.14859
CLOCK,-0.03846,0.06464
NR3C2,-0.03849,0.66608
NR3C1,-0.03858,-0.11267
USF2,-0.03868,-0.17263
TCF7,-0.03873,0.17771
CTCF,-0.03874,0.1109
CEBPB,-0.03877,0.1585
ARID5B,-0.0388,-0.5962
JUN,-0.03883,0.26082
NR3C1,-0.03886,-0.11267
E2F1,-0.03892,-0.14567
ELK1,-0.03906,-0.14318
NFATC1,-0.03908,1.17367
FOXC2,-0.03916,-2.00079
MYB,-0.03917,-0.11523
NFE2L2,-0.0392,0.01426
MSX2,-0.03924,1.37658
OTX1,-0.03926,0.61502
MAFF,-0.03939,0.15237
YY1,-0.0394,0.14859
TGIF2,-0.03951,0.13496
ERG,-0.03956,1.54862
RXRA,-0.03961,0.30198
TIMM44,-0.03962,0.20905
RARG,-0.03963,-0.50335
RAD21,-0.03981,0.33699
NFIC,-0.0399,-0.21458
TIA1,-0.03993,0.03138
TEAD1,-0.04001,0.23157
NFE2,-0.04003,0.59563
HOXB5,-0.04003,0.18102
HAND1,-0.04012,0.94118
DDX20,-0.04014,0.2126
EMX1,-0.04015,1.22011
TBX20,-0.04018,1.45484
FOXD3,-0.04023,1.66375
HINFP,-0.04025,0.09309
ISL2,-0.04031,1.25248
NELFB,-0.04035,0.0155
XBP1,-0.04038,0.09852
RXRB,-0.04039,0.14875
ZNF524,-0.04042,-0.36672
HOXD10,-0.04046,0.20355
PAX8,-0.04051,1.96565
ZNF143,-0.04057,-0.08045
NFATC2,-0.04067,0.12494
DIABLO,-0.04067,-0.00431
HIC2,-0.0407,0.48876
EZR,-0.04079,0.12346
NFIC,-0.04086,-0.21458
TBP,-0.04093,0.01746
STAT2,-0.04098,0.19114
MLX,-0.041,0.04225
MYC,-0.04102,0.22497
ZNF384,-0.04105,0.13354
FOXL1,-0.04105,-0.97272
LHX6,-0.04106,1.97772
RFX7,-0.04109,-0.09369
MXI1,-0.04112,0.36623
BARHL2,-0.0412,1.83251
PKNOX1,-0.04135,-0.01682
GTF2B,-0.04137,0.31598
TGIF1,-0.04145,0.24022
NFATC1,-0.0415,1.17367
REST,-0.04153,0.20711
TFAP2A,-0.04159,-0.00481
FOXP1,-0.04162,-0.47893
ARID3A,-0.04164,0.49887
PBX2,-0.04167,0.47253
MXI1,-0.04168,0.36623
CEBPB,-0.0417,0.1585
MEOX1,-0.04171,0.5983
MESP1,-0.04181,0.43381
SP1,-0.04183,0.23865
HNF4G,-0.04184,0.89252
BARX1,-0.04188,1.13672
PITX1,-0.04189,2.66087
SOX2,-0.0419,1.37658
POU2F2,-0.04197,-0.79029
TBX20,-0.04201,1.45484
SMAD2,-0.04218,-0.33837
HSF1,-0.0422,0.46176
ESRRA,-0.04223,0.36686
BRCA1,-0.04228,-0.27515
YY1,-0.0423,0.14859
NFIC,-0.04234,-0.21458
XBP1,-0.04248,0.09852
ZBTB7A,-0.0425,-0.03833
CENPB,-0.04253,-0.10852
TCF3,-0.04258,-0.11833
TEF,-0.04267,-0.46806
MAX,-0.04275,0.13856
GATA2,-0.0428,-0.05162
HSF1,-0.04282,0.46176
POU3F2,-0.04282,1.7839
MEIS3,-0.04289,0.68303
CREB3,-0.0429,-0.24841
RFX2,-0.0429,0.09243
SREBF2,-0.04291,0.00057
NKX2-1,-0.04295,2.41647
SMAD3,-0.04304,-0.38086
NFIL3,-0.04313,0.04188
GABPA,-0.04314,-0.14939
TCF7,-0.04315,0.17771
GLI2,-0.04327,0.00519
HMBOX1,-0.04335,0.39571
TFAP2A,-0.04356,-0.00481
ATF7,-0.04365,0.14396
FOXK1,-0.04366,0.61424
LMX1B,-0.04369,1.549
TBX20,-0.04369,1.45484
PAX8,-0.04375,1.96565
RAD21,-0.04376,0.33699
TIA1,-0.04385,0.03138
PRRX1,-0.04386,-0.44294
RFX5,-0.04397,0.24121
POU5F1,-0.044,-0.17881
SRF,-0.04405,-0.18877
CUX1,-0.04412,-0.02564
JUNB,-0.04414,0.12824
HOXC4,-0.0442,0.94279
YY2,-0.04434,-0.33904
DBP,-0.04435,-0.07406
DLX4,-0.04439,1.70529
XBP1,-0.04453,0.09852
ETV6,-0.04469,-0.12382
MSX2,-0.04469,1.37658
BARHL2,-0.04474,1.83251
NFIA,-0.04484,0.15147
PBX3,-0.04495,0.40978
EN1,-0.04504,1.50651
TGIF2,-0.04511,0.13496
NFATC2,-0.04514,0.12494
TRIM21,-0.04515,-0.18352
TCF4,-0.04516,-0.83621
FOXC1,-0.04528,0.69824
CREM,-0.04537,-0.0345
ZNF143,-0.04544,-0.08045
AHR,-0.04544,-0.31593
VAX2,-0.04552,-0.14018
TGIF2,-0.04553,0.13496
RFX5,-0.0456,0.24121
JUND,-0.04571,-0.03685
GZF1,-0.04574,-0.10714
TEAD3,-0.04575,-0.10294
NFIC,-0.04577,-0.21458
FOXK1,-0.04579,0.61424
ETS1,-0.04588,0.2381
GATA2,-0.0459,-0.05162
ZBTB7A,-0.04595,-0.03833
RFX5,-0.04598,0.24121
ATF3,-0.04608,0.74563
NFIC,-0.04609,-0.21458
THRA,-0.04609,-0.23344
STAT2,-0.04614,0.19114
RXRB,-0.04619,0.14875
TFAP2A,-0.04624,-0.00481
VAX1,-0.04628,1.0607
MESP1,-0.0464,0.43381
CTCF,-0.04646,0.1109
FOSL1,-0.04647,0.12968
FOXO3,-0.04651,-0.09404
PBX1,-0.04657,-0.73611
GFI1,-0.04659,0.95373
ZHX3,-0.0466,-0.03225
SNAI2,-0.0467,-0.12542
MSC,-0.04674,0.03375
GFI1,-0.04676,0.95373
ETV1,-0.04681,0.0445
NFATC2,-0.04688,0.12494
DLX6,-0.04693,1.50012
MAX,-0.04694,0.13856
TLX2,-0.04698,1.02462
HOXC8,-0.047,0.02345
ZNF3,-0.04705,0.04979
CEBPG,-0.0471,0.22789
EIF5A2,-0.04714,-0.32772
TFAP4,-0.04726,0.30334
YY1,-0.04732,0.14859
ATF3,-0.0475,0.74563
PPARA,-0.0475,0.48827
FOXO6,-0.04754,1.52196
MAX,-0.04754,0.13856
SOX8,-0.04756,0.98528
OSR1,-0.04757,-0.53062
CEBPA,-0.04766,1.86054
HOXA1,-0.04778,0.09858
GATA3,-0.04781,0.63765
PLAG1,-0.04784,0.41363
PBX3,-0.0479,0.40978
TP53,-0.04792,-0.06103
SOX15,-0.04795,-0.29176
PKNOX2,-0.04797,0.45558
SMAD4,-0.04799,0.01087
TFAP2A,-0.04804,-0.00481
VAX2,-0.04812,-0.14018
CEBPB,-0.04812,0.1585
MAX,-0.04825,0.13856
ARNT,-0.04826,0.03492
HINFP,-0.04828,0.09309
NFE2L2,-0.04838,0.01426
ZNF652,-0.04848,0.37539
ATF3,-0.04852,0.74563
SP1,-0.04857,0.23865
NR2C2,-0.04858,0.21475
TCF3,-0.04862,-0.11833
NR3C2,-0.04871,0.66608
HOXA2,-0.04876,-0.49643
ELK1,-0.04888,-0.14318
STAT1,-0.04898,-0.01743
NFE2L2,-0.04902,0.01426
TCF3,-0.04911,-0.11833
TEAD3,-0.04913,-0.10294
STAT6,-0.04929,-0.29029
ELK1,-0.04931,-0.14318
ZBTB33,-0.0494,0.15431
POU3F3,-0.04946,1.52977
BHLHE40,-0.04955,0.12349
NFATC1,-0.04958,1.17367
NR3C1,-0.04969,-0.11267
TCF3,-0.04972,-0.11833
HOXA13,-0.04976,1.58967
NFIC,-0.04987,-0.21458
ZBTB3,-0.04989,0.39844
USF2,-0.04992,-0.17263
ETV4,-0.04996,0.15297
ZNF524,-0.05003,-0.36672
RUNX2,-0.0501,-0.44748
CEBPG,-0.05011,0.22789
MGA,-0.05011,0.06935
CTCF,-0.05013,0.1109
VDR,-0.05015,0.18204
IRF1,-0.05021,0.07358
TCF4,-0.05023,-0.83621
NR3C1,-0.05045,-0.11267
XBP1,-0.05048,0.09852
TEAD4,-0.05052,0.33182
ARNT,-0.05053,0.03492
SOX13,-0.05059,0.20325
NR2F1,-0.05074,-0.40683
HOXC11,-0.05077,0.58072
TCF12,-0.05077,-0.03309
NFIB,-0.05082,-0.34392
RXRB,-0.05085,0.14875
PRRX1,-0.05086,-0.44294
ARID5A,-0.05086,-0.18956
SND1,-0.05088,-0.30727
MECP2,-0.05094,0.18722
NR2C2,-0.05096,0.21475
ZEB1,-0.05108,-0.14882
ATF3,-0.0511,0.74563
GLI2,-0.05111,0.00519
PKNOX2,-0.05113,0.45558
ZNF524,-0.0512,-0.36672
ARNT,-0.05123,0.03492
BACH1,-0.05124,-0.08588
TFAP2C,-0.05125,0.6037
MEIS2,-0.05126,-0.06534
TEAD1,-0.0513,0.23157
OTX1,-0.05135,0.61502
NFE2,-0.05137,0.59563
SNAI2,-0.05139,-0.12542
PAX2,-0.05148,1.0569
RFX5,-0.0516,0.24121
MLXIPL,-0.05161,1.28556
OLIG2,-0.0517,0.79877
NR3C1,-0.05177,-0.11267
SOX13,-0.0518,0.20325
SP2,-0.05184,-0.07606
AR,-0.05188,0.74347
TBX20,-0.0519,1.45484
TP53,-0.0519,-0.06103
RFX5,-0.05191,0.24121
SP1,-0.05192,0.23865
SREBF1,-0.05198,-0.15578
NR4A1,-0.05198,0.49659
FOXA1,-0.052,0.59218
RXRA,-0.05206,0.30198
CEBPD,-0.05211,0.31811
RFX7,-0.05224,-0.09369
SP2,-0.05226,-0.07606
NR1H2,-0.05228,-0.17777
TEAD4,-0.05229,0.33182
TGIF2,-0.05229,0.13496
POU5F1,-0.0523,-0.17881
MAFK,-0.05236,-0.18717
YY1,-0.05238,0.14859
ARID3A,-0.05245,0.49887
NFIA,-0.05248,0.15147
ELF1,-0.0525,-0.0385
SOX18,-0.0525,1.26007
POU3F2,-0.05254,1.7839
CLK1,-0.05254,0.17066
DBP,-0.05255,-0.07406
EP300,-0.05264,0.07356
SMAD2,-0.0527,-0.33837
HINFP,-0.05271,0.09309
RXRA,-0.05276,0.30198
FOXB1,-0.05286,1.39094
RXRB,-0.053,0.14875
SMAD2,-0.05313,-0.33837
CTCF,-0.05325,0.1109
RUNX3,-0.05334,1.32536
TCF12,-0.05334,-0.03309
FOXB1,-0.05343,1.39094
JUN,-0.05347,0.26082
MNT,-0.05358,0.05603
ELK1,-0.05359,-0.14318
HSF4,-0.0536,1.04243
NKX3-2,-0.0536,1.28354
USF2,-0.05362,-0.17263
ZBTB7A,-0.05367,-0.03833
RFX5,-0.05368,0.24121
RBPJ,-0.05368,0.06557
SOX4,-0.05369,-0.13172
NR3C1,-0.05384,-0.11267
RXRA,-0.05385,0.30198
ID4,-0.0539,-0.49292
ID4,-0.05392,-0.49292
SOX18,-0.05394,1.26007
NR3C1,-0.054,-0.11267
JUN,-0.05407,0.26082
KLF5,-0.05408,0.8551
TBP,-0.05412,0.01746
BDP1,-0.05422,0.41219
EMX1,-0.05423,1.22011
NFKB1,-0.05423,-0.02496
GADD45A,-0.05429,0.50305
NKX2-5,-0.05442,1.55041
EN1,-0.05445,1.50651
TFE3,-0.05453,-0.02572
HEY1,-0.05472,1.16638
NR2F6,-0.05473,-0.07863
HSF1,-0.05475,0.46176
MEIS2,-0.05475,-0.06534
ZNF71,-0.05478,-0.07264
NR2F2,-0.05478,-0.04126
HOXA3,-0.05479,-0.49974
HOXD11,-0.05508,0.14834
TGIF1,-0.05515,0.24022
CEBPG,-0.05521,0.22789
CREB1,-0.05527,-0.1189
TBX1,-0.05527,1.76691
HOXA1,-0.05531,0.09858
MAF,-0.05538,1.50435
TFAP2C,-0.0555,0.6037
PRRX1,-0.05567,-0.44294
PAX2,-0.05568,1.0569
MSI2,-0.0557,0.47744
TFAP4,-0.05579,0.30334
HOXC10,-0.05585,0.94574
TGIF1,-0.05586,0.24022
SRF,-0.05591,-0.18877
NFE2L2,-0.05602,0.01426
HOXB8,-0.0561,0.34207
FLI1,-0.05625,-2.13898
ELF1,-0.05627,-0.0385
GMEB1,-0.05635,-0.0629
PBX3,-0.05652,0.40978
TEF,-0.05657,-0.46806
RARA,-0.05659,-0.25519
TCF3,-0.05663,-0.11833
ESRRA,-0.05664,0.36686
MESP1,-0.05667,0.43381
SOX9,-0.05672,0.21723
CTCF,-0.05674,0.1109
ERG,-0.05678,1.54862
RARB,-0.0568,-0.80509
CTCF,-0.05682,0.1109
SREBF1,-0.05692,-0.15578
GFI1,-0.05692,0.95373
MYBL2,-0.05704,-0.19707
HAND1,-0.05716,0.94118
NFKB1,-0.05718,-0.02496
IRF4,-0.05718,-0.17271
CREB3L1,-0.05722,-0.29251
RARG,-0.05733,-0.50335
ESRRG,-0.05738,1.19866
ELK1,-0.0574,-0.14318
HOXD13,-0.05743,1.61407
RXRA,-0.05746,0.30198
THAP1,-0.05746,0.30516
CPEB1,-0.05747,1.27579
NFE2,-0.0575,0.59563
ZNF3,-0.05751,0.04979
ELF1,-0.05757,-0.0385
RARG,-0.05763,-0.50335
MYLK,-0.05764,-0.31107
RXRA,-0.05768,0.30198
SMAD2,-0.0577,-0.33837
OLIG2,-0.05773,0.79877
ESRRG,-0.05783,1.19866
SOX8,-0.05785,0.98528
POU3F2,-0.05789,1.7839
OLIG2,-0.05789,0.79877
ID2,-0.05802,-0.37499
TFCP2,-0.05803,-0.18064
ZNF3,-0.05806,0.04979
SP1,-0.05806,0.23865
TCF3,-0.0581,-0.11833
GATA3,-0.05816,0.63765
MYC,-0.05816,0.22497
MLXIPL,-0.05824,1.28556
CCDC25,-0.05839,-0.00134
TCF3,-0.05842,-0.11833
GLI3,-0.05848,-0.16955
PAX9,-0.05849,1.51678
STAT1,-0.05851,-0.01743
VDR,-0.05863,0.18204
CEBPD,-0.05868,0.31811
GZF1,-0.0587,-0.10714
HAND1,-0.05874,0.94118
FOSL1,-0.05876,0.12968
HAND1,-0.05877,0.94118
FOXL1,-0.05878,-0.97272
NR3C1,-0.05879,-0.11267
RARA,-0.05882,-0.25519
RARB,-0.05887,-0.80509
FOXB1,-0.05891,1.39094
HOXB3,-0.05891,-0.40051
MAFK,-0.05892,-0.18717
TCF7,-0.05896,0.17771
ETS1,-0.059,0.2381
REL,-0.05903,0.12775
NFE2L2,-0.05903,0.01426
STAT3,-0.05904,-0.16234
SMC3,-0.05915,0.09897
PAX6,-0.05916,0.87769
MYBL1,-0.05919,0.21759
ONECUT2,-0.05922,1.50408
NRL,-0.05935,0.13212
LRRFIP1,-0.05936,-0.15885
ZBED1,-0.05942,-0.20248
MYBL1,-0.05943,0.21759
MYC,-0.05947,0.22497
ZBTB6,-0.05951,0.06759
ZNF784,-0.05953,-0.1146
MAFA,-0.05954,1.66573
RUNX2,-0.05955,-0.44748
IRF5,-0.05955,0.56234
ASAP3,-0.05964,-0.03807
FOSB,-0.05969,0.22429
ELK1,-0.05971,-0.14318
RUNX2,-0.05971,-0.44748
IRF8,-0.05972,0.31482
RFX3,-0.05978,0.21238
TFAP2A,-0.05981,-0.00481
NKX2-8,-0.05985,1.30963
FOXC2,-0.0599,-2.00079
PKNOX2,-0.05992,0.45558
RFX5,-0.05993,0.24121
FOSL2,-0.06001,0.07854
TBP,-0.06004,0.01746
RBPJ,-0.06004,0.06557
RARA,-0.06007,-0.25519
SNAI2,-0.06007,-0.12542
ATF3,-0.06007,0.74563
RFX5,-0.06016,0.24121
USF1,-0.06018,-0.13268
GLI1,-0.06019,-0.49908
HOXD9,-0.0602,-0.24896
TFAP4,-0.0602,0.30334
NRL,-0.06029,0.13212
TFAP2C,-0.06039,0.6037
STAT1,-0.06043,-0.01743
NFKB1,-0.06045,-0.02496
SRF,-0.06046,-0.18877
NR0B1,-0.06056,1.39794
POU2F2,-0.0606,-0.79029
YY1,-0.06062,0.14859
FOXA1,-0.06067,0.59218
TBP,-0.06069,0.01746
FOXO4,-0.06082,0.05375
LBX2,-0.06095,1.06169
BDP1,-0.06097,0.41219
AHR,-0.06106,-0.31593
RARG,-0.06108,-0.50335
PITX1,-0.06108,2.66087
HLF,-0.06112,1.20049
ETV1,-0.06113,0.0445
ID4,-0.06115,-0.49292
HSF1,-0.06118,0.46176
EN2,-0.06128,1.5098
NR4A1,-0.06133,0.49659
HOXA1,-0.06134,0.09858
PGR,-0.06135,0.77101
ESRRA,-0.06146,0.36686
NR2C2,-0.06147,0.21475
YY2,-0.06167,-0.33904
NKX3-2,-0.06175,1.28354
LEF1,-0.06181,0.99309
GMEB2,-0.06185,0.07687
MEF2C,-0.06192,0.40985
SOX8,-0.06195,0.98528
NKX3-1,-0.062,-0.17361
GRHL1,-0.06212,0.60779
FOXO1,-0.06212,0.19161
NR3C2,-0.06215,0.66608
THRB,-0.06223,0.86606
NR3C1,-0.06228,-0.11267
NR3C2,-0.06228,0.66608
TFAP4,-0.06229,0.30334
ELK4,-0.06231,0.1604
ATF3,-0.06234,0.74563
FOS,-0.06234,0.11477
RUNX2,-0.06236,-0.44748
THAP5,-0.06236,-0.36523
PAX2,-0.06237,1.0569
TFE3,-0.06246,-0.02572
MEOX1,-0.06249,0.5983
NR1D1,-0.06249,0.0778
SOX18,-0.06256,1.26007
IRF2,-0.06258,-0.18248
MEIS2,-0.06259,-0.06534
RUNX3,-0.06263,1.32536
MXI1,-0.06264,0.36623
ESRRA,-0.06265,0.36686
POU2F2,-0.06274,-0.79029
FLI1,-0.0628,-2.13898
AHR,-0.06293,-0.31593
TBX2,-0.06295,0.74219
ZEB1,-0.06295,-0.14882
BACH2,-0.063,1.29373
GATA2,-0.06301,-0.05162
NR2C2,-0.0631,0.21475
ZEB1,-0.06318,-0.14882
TEAD1,-0.06319,0.23157
FOXF2,-0.06322,0.41095
PROX1,-0.06323,1.25768
HIRIP3,-0.06324,0.17969
RPP25,-0.06328,0.70366
PDS5A,-0.06332,0.02221
NKX3-1,-0.06338,-0.17361
TEAD1,-0.06348,0.23157
GATA3,-0.06352,0.63765
POU2F1,-0.06353,0.47712
SOX2,-0.06357,1.37658
FLI1,-0.06363,-2.13898
IRF7,-0.06369,-0.16734
E2F4,-0.06371,0.14148
PRRX1,-0.06372,-0.44294
FOXL1,-0.06377,-0.97272
MSC,-0.06389,0.03375
REST,-0.06393,0.20711
JUND,-0.06396,-0.03685
TFAP2C,-0.06408,0.6037
MSC,-0.06413,0.03375
RFX2,-0.06418,0.09243
MAF,-0.06429,1.50435
CEBPB,-0.06436,0.1585
TCF7,-0.06438,0.17771
PDCD11,-0.06441,0.31354
HMBOX1,-0.06458,0.39571
MNT,-0.06475,0.05603
NFE2,-0.0648,0.59563
JUN,-0.06482,0.26082
OTX1,-0.06482,0.61502
HIC2,-0.06485,0.48876
ZSCAN31,-0.06486,-0.51355
TBX20,-0.06488,1.45484
POU5F1,-0.06495,-0.17881
CREB3L1,-0.06496,-0.29251
GFI1,-0.06497,0.95373
TFAP2A,-0.06502,-0.00481
IRX3,-0.06503,0.16577
ZNF3,-0.0651,0.04979
FOS,-0.06511,0.11477
KLF4,-0.06516,1.14393
SOX8,-0.0652,0.98528
GABPA,-0.0653,-0.14939
CREB3L1,-0.0653,-0.29251
UBP1,-0.06531,0.11819
NFE2,-0.06536,0.59563
NFIC,-0.06539,-0.21458
SIX5,-0.06541,-0.04506
MYBL1,-0.06545,0.21759
HOXA2,-0.06545,-0.49643
SREBF2,-0.06552,0.00057
MTHFD1,-0.06553,0.3286
MYC,-0.06568,0.22497
NRL,-0.06571,0.13212
NR3C1,-0.06576,-0.11267
ESRRA,-0.0658,0.36686
YY1,-0.06584,0.14859
RFX3,-0.06586,0.21238
NR1D1,-0.0659,0.0778
STAT5A,-0.06601,-0.10044
THRB,-0.06601,0.86606
ETS1,-0.06604,0.2381
TFAP2C,-0.06607,0.6037
FOS,-0.06611,0.11477
EN2,-0.06625,1.5098
SRF,-0.06637,-0.18877
STAU2,-0.06639,0.26301
YY1,-0.06639,0.14859
ZBED1,-0.06647,-0.20248
FOXJ2,-0.06649,-0.10174
ZBED1,-0.06653,-0.20248
TFAP2A,-0.06653,-0.00481
BHLHE41,-0.06655,-0.53218
IRF2,-0.06674,-0.18248
RFX5,-0.06676,0.24121
ERG,-0.06684,1.54862
NCALD,-0.06689,-0.31231
TFAP2A,-0.06689,-0.00481
AHR,-0.06697,-0.31593
NR3C1,-0.06699,-0.11267
HOXA1,-0.06715,0.09858
PRDM4,-0.0672,0.23073
ZNF3,-0.06722,0.04979
ZIC2,-0.06725,2.51825
RXRA,-0.06729,0.30198
ZBTB3,-0.06736,0.39844
ZBTB7B,-0.06745,-0.1944
SOX8,-0.06748,0.98528
PROX1,-0.06754,1.25768
TCF12,-0.06758,-0.03309
HOXB2,-0.06758,-0.59651
ESRRA,-0.06761,0.36686
CTCF,-0.06776,0.1109
FOXP1,-0.06776,-0.47893
CUX2,-0.06776,1.0607
ISL2,-0.06779,1.25248
NFKB1,-0.06781,-0.02496
RFX5,-0.06787,0.24121
SNAI2,-0.06792,-0.12542
ETV6,-0.06796,-0.12382
MAFA,-0.06796,1.66573
EMX2,-0.06799,1.14301
NR2F1,-0.06806,-0.40683
STAT5A,-0.06809,-0.10044
FOXO1,-0.06809,0.19161
RARA,-0.06811,-0.25519
NR3C1,-0.06824,-0.11267
PPARA,-0.06824,0.48827
THAP1,-0.06824,0.30516
NRL,-0.06825,0.13212
RFX2,-0.06829,0.09243
SPATS2,-0.0683,-0.38547
HINFP,-0.06832,0.09309
LHX6,-0.06835,1.97772
SMUG1,-0.06842,0.0608
ETV1,-0.06842,0.0445
LHX9,-0.06844,-1.03088
FOSL1,-0.06847,0.12968
MEIS1,-0.06851,-0.46847
ETV3,-0.06864,0.22639
MGA,-0.06865,0.06935
NR4A2,-0.06877,0.11007
RUNX1,-0.06887,-0.06798
HOXC13,-0.06891,0.9857
SP4,-0.06896,0.31458
BARHL2,-0.069,1.83251
NR3C1,-0.06904,-0.11267
NR2F6,-0.06908,-0.07863
CEBPZ,-0.06913,0.03188
HOXB3,-0.06916,-0.40051
JUN,-0.06926,0.26082
ATF2,-0.06938,0.19734
YY1,-0.06942,0.14859
SOX2,-0.06942,1.37658
HOXA13,-0.06945,1.58967
ARNT,-0.06945,0.03492
JUND,-0.06949,-0.03685
TP53,-0.06957,-0.06103
ZEB1,-0.06969,-0.14882
SOX1,-0.0697,1.77815
TFCP2,-0.06971,-0.18064
TFAP4,-0.06975,0.30334
THAP5,-0.06977,-0.36523
CUX1,-0.06985,-0.02564
CENPB,-0.06985,-0.10852
HES1,-0.06988,0.29018
HDAC2,-0.06988,0.15118
FOSL2,-0.0699,0.07854
STAT3,-0.06992,-0.16234
HMX2,-0.06996,1.25527
BARHL2,-0.07004,1.83251
NFKB1,-0.07004,-0.02496
MAFK,-0.07013,-0.18717
HMGA1,-0.07022,0.06617
SOX8,-0.07024,0.98528
KLF9,-0.07031,-0.19621
MYC,-0.07039,0.22497
PDX1,-0.0705,1.13033
YBX1,-0.07052,0.03072
HEY2,-0.07057,1.09575
BPTF,-0.07062,0.25822
NFKB1,-0.0707,-0.02496
HSF1,-0.07071,0.46176
MYB,-0.07073,-0.11523
NKX2-1,-0.07074,2.41647
RUNX2,-0.07077,-0.44748
DIS3,-0.07079,0.14983
HOXC11,-0.07081,0.58072
MXI1,-0.07082,0.36623
SNRPB2,-0.07082,-0.25645
AR,-0.07084,0.74347
NR2F6,-0.07085,-0.07863
ID4,-0.07088,-0.49292
PAX8,-0.07093,1.96565
RFX5,-0.07094,0.24121
TBX20,-0.07096,1.45484
PAX9,-0.07098,1.51678
ZBTB33,-0.07104,0.15431
SP8,-0.07106,1.34044
RFX2,-0.07106,0.09243
FOSL1,-0.0711,0.12968
ESX1,-0.07113,1.18752
HSF2,-0.07115,0.0708
RFX2,-0.07125,0.09243
TEAD4,-0.07131,0.33182
SOX2,-0.07144,1.37658
MYC,-0.07144,0.22497
NR3C1,-0.07147,-0.11267
MEIS3,-0.07158,0.68303
PITX1,-0.07159,2.66087
RARA,-0.0718,-0.25519
ZNF143,-0.0718,-0.08045
LBX2,-0.07185,1.06169
RARA,-0.07188,-0.25519
MITF,-0.07192,0.30426
TCF7,-0.07195,0.17771
GBX2,-0.07202,1.92073
MYB,-0.07204,-0.11523
AR,-0.07212,0.74347
E2F1,-0.07213,-0.14567
IRF5,-0.07226,0.56234
PPARA,-0.07231,0.48827
POU2F2,-0.07232,-0.79029
RXRA,-0.07239,0.30198
NFIB,-0.07245,-0.34392
TCF4,-0.07255,-0.83621
ESRRB,-0.07256,1.09807
NFIA,-0.07263,0.15147
GATA2,-0.07272,-0.05162
SMAD2,-0.07274,-0.33837
NRF1,-0.07278,-0.06707
TFCP2,-0.07292,-0.18064
RARA,-0.07295,-0.25519
SREBF1,-0.073,-0.15578
NFYB,-0.07302,-0.01498
YY2,-0.07302,-0.33904
CTCF,-0.07302,0.1109
NFE2,-0.07303,0.59563
POU2F1,-0.07309,0.47712
TBX20,-0.07314,1.45484
PBX1,-0.07314,-0.73611
TFAP4,-0.07315,0.30334
KLF9,-0.07318,-0.19621
BRCA1,-0.07318,-0.27515
CDX2,-0.07321,2.15473
MYBL1,-0.07324,0.21759
NFIA,-0.07342,0.15147
RFX3,-0.07356,0.21238
ELK1,-0.0736,-0.14318
PKNOX1,-0.07369,-0.01682
SNAI2,-0.07377,-0.12542
PAX2,-0.07384,1.0569
MGA,-0.07385,0.06935
MYBL1,-0.07388,0.21759
HOXD3,-0.07389,-0.7231
TFAP2C,-0.07411,0.6037
FOXC1,-0.07416,0.69824
NFE2L2,-0.07419,0.01426
HOXB3,-0.07421,-0.40051
BHLHE41,-0.07429,-0.53218
MAFA,-0.07429,1.66573
NFIC,-0.07434,-0.21458
SMARCC2,-0.07438,0.2036
TFAP2C,-0.07443,0.6037
TBX20,-0.07446,1.45484
INSM1,-0.07448,1.22789
FOXD1,-0.0745,0.21153
NFATC3,-0.07464,0.26356
MLXIPL,-0.07466,1.28556
OTX1,-0.07472,0.61502
POU5F1,-0.07475,-0.17881
NR2F2,-0.07475,-0.04126
TFAP2A,-0.07482,-0.00481
RFX5,-0.07495,0.24121
TFAP2C,-0.07504,0.6037
ESRRA,-0.07506,0.36686
ZNF628,-0.07523,-0.14656
TBX20,-0.07527,1.45484
NR3C1,-0.0753,-0.11267
TCF4,-0.07536,-0.83621
ETS1,-0.07546,0.2381
IRF2,-0.07556,-0.18248
TCF4,-0.0756,-0.83621
ELK3,-0.07561,-0.31483
SIX5,-0.07562,-0.04506
STAT4,-0.07565,0.55131
THRA,-0.07577,-0.23344
NKX3-1,-0.07577,-0.17361
JDP2,-0.07583,0.49816
NFIL3,-0.07585,0.04188
NR2F1,-0.07588,-0.40683
ELK1,-0.07604,-0.14318
GATA6,-0.07605,-0.4102
NKX3-1,-0.07606,-0.17361
TFAP2C,-0.07607,0.6037
FOSL1,-0.0762,0.12968
HMX2,-0.07621,1.25527
PAX2,-0.07625,1.0569
NR4A1,-0.07625,0.49659
USF1,-0.07626,-0.13268
LBX2,-0.07629,1.06169
NR2F1,-0.0763,-0.40683
RAD21,-0.07631,0.33699
LHX9,-0.07635,-1.03088
FOXO6,-0.07642,1.52196
GATA2,-0.07642,-0.05162
TEAD1,-0.07644,0.23157
BARX1,-0.07649,1.13672
ELK1,-0.07652,-0.14318
NR2F6,-0.07654,-0.07863
MEIS2,-0.07654,-0.06534
ESRRG,-0.07671,1.19866
DLX5,-0.07674,1.14301
ZNF75A,-0.07681,0.45123
ETS1,-0.07693,0.2381
TEAD1,-0.07696,0.23157
NFIC,-0.07705,-0.21458
NFIC,-0.07706,-0.21458
MEIS2,-0.07711,-0.06534
TBP,-0.07727,0.01746
TFAP2A,-0.07729,-0.00481
ID4,-0.07732,-0.49292
HOXD4,-0.07732,-0.33947
NR2F2,-0.07745,-0.04126
TFAP2A,-0.07751,-0.00481
IRX3,-0.07752,0.16577
USF2,-0.07759,-0.17263
YY2,-0.07766,-0.33904
RXRA,-0.07767,0.30198
ZNF75A,-0.07769,0.45123
ESX1,-0.07769,1.18752
REST,-0.07777,0.20711
BHLHE40,-0.07807,0.12349
HINFP,-0.07813,0.09309
TFAP2A,-0.07816,-0.00481
NFIC,-0.0782,-0.21458
JUNB,-0.07827,0.12824
FOXP1,-0.07831,-0.47893
NFKB2,-0.07832,0.51364
TFAP2A,-0.07833,-0.00481
TBP,-0.07835,0.01746
BBX,-0.07837,0.12503
POU6F1,-0.07841,-0.06658
POU5F1,-0.07849,-0.17881
BCL11A,-0.07851,1.84042
HOXC9,-0.07851,-0.05244
THRA,-0.07857,-0.23344
MSX1,-0.07858,0.83405
RFX5,-0.07863,0.24121
NKX2-1,-0.07865,2.41647
MXI1,-0.07866,0.36623
NKX3-1,-0.07867,-0.17361
HOXD3,-0.07881,-0.7231
TFCP2,-0.07885,-0.18064
YY2,-0.07887,-0.33904
SREBF2,-0.07889,0.00057
HDAC2,-0.07892,0.15118
TCF3,-0.07893,-0.11833
STAT1,-0.079,-0.01743
NFKB1,-0.07904,-0.02496
ID4,-0.07908,-0.49292
TFAP2C,-0.07916,0.6037
TEAD1,-0.07917,0.23157
ETS2,-0.07918,0.26666
NR3C1,-0.07918,-0.11267
SOX2,-0.07935,1.37658
MEF2A,-0.07938,-0.11613
RAD21,-0.07942,0.33699
GBX2,-0.07945,1.92073
ZIC3,-0.07945,1.58206
MXI1,-0.07951,0.36623
AR,-0.07952,0.74347
FOXO6,-0.07955,1.52196
ISL2,-0.0796,1.25248
GATA3,-0.0796,0.63765
FOS,-0.07967,0.11477
VAX2,-0.07971,-0.14018
CEBPB,-0.07974,0.1585
SP1,-0.07979,0.23865
RFX2,-0.07979,0.09243
CXXC1,-0.07981,-0.20636
TFAP2C,-0.07986,0.6037
TBX2,-0.07993,0.74219
LBX2,-0.07994,1.06169
ZEB1,-0.07999,-0.14882
VDR,-0.07999,0.18204
CEBPD,-0.08,0.31811
TFAP2A,-0.08003,-0.00481
NKX2-1,-0.08004,2.41647
MYC,-0.08007,0.22497
RFX5,-0.08011,0.24121
SOX18,-0.08018,1.26007
ESRRA,-0.0802,0.36686
NFIX,-0.08026,-0.37506
FOS,-0.08027,0.11477
CTCF,-0.08031,0.1109
NKX6-1,-0.08034,1.89061
ARNT,-0.0804,0.03492
MAFK,-0.08046,-0.18717
PPARD,-0.08047,-0.0265
FOXG1,-0.08073,1.5762
RUNX2,-0.08074,-0.44748
FOXP2,-0.0808,0.88336
CEBPG,-0.08081,0.22789
PRRX1,-0.08085,-0.44294
RARA,-0.08085,-0.25519
EOMES,-0.08092,1.4624
ESRRG,-0.08095,1.19866
PRRX1,-0.08102,-0.44294
FOXB1,-0.08104,1.39094
FOXA3,-0.08105,1.07463
GBX2,-0.0811,1.92073
RUNX2,-0.08113,-0.44748
PKNOX2,-0.08128,0.45558
CTCF,-0.0813,0.1109
SIX1,-0.08132,0.9836
EMX1,-0.08132,1.22011
RARA,-0.08135,-0.25519
ATF3,-0.08139,0.74563
RBPJ,-0.08139,0.06557
FOXD1,-0.0814,0.21153
SREBF2,-0.08142,0.00057
DIABLO,-0.08144,-0.00431
ESX1,-0.08146,1.18752
ZNF410,-0.08148,-0.14934
ESRRA,-0.08149,0.36686
TFCP2,-0.0815,-0.18064
ETV3,-0.08159,0.22639
NFKB1,-0.08163,-0.02496
MAFK,-0.08163,-0.18717
MSX1,-0.08173,0.83405
NKX3-2,-0.08184,1.28354
TCF12,-0.08185,-0.03309
FOXO6,-0.08192,1.52196
VAX1,-0.08193,1.0607
SNAI2,-0.08195,-0.12542
TCF3,-0.08196,-0.11833
PAX6,-0.08202,0.87769
PBX3,-0.08216,0.40978
TEAD2,-0.08218,-0.33669
PBX1,-0.08228,-0.73611
POLI,-0.08228,-0.10072
HEY1,-0.0823,1.16638
BHLHE41,-0.08238,-0.53218
ATF6,-0.08248,-0.21495
RUNX2,-0.08249,-0.44748
FOXO1,-0.08268,0.19161
ZNF3,-0.08274,0.04979
FOSB,-0.08277,0.22429
NFIB,-0.08277,-0.34392
USF2,-0.08288,-0.17263
PAX9,-0.08295,1.51678
STAT5B,-0.08296,-0.28536
SOX9,-0.08305,0.21723
DDIT3,-0.08308,0.31605
TFAP2C,-0.08308,0.6037
ESRRA,-0.08309,0.36686
EMX2,-0.08311,1.14301
ZKSCAN3,-0.08312,0.45019
NFIX,-0.08315,-0.37506
FOXP2,-0.08319,0.88336
RORB,-0.08338,1.75358
MEIS2,-0.08338,-0.06534
ARNT,-0.08338,0.03492
TFAP2C,-0.08347,0.6037
HIC2,-0.08349,0.48876
HOXA13,-0.08351,1.58967
ATF3,-0.08357,0.74563
VAX2,-0.08362,-0.14018
HHEX,-0.08365,-0.0457
TEAD2,-0.08366,-0.33669
AHR,-0.08371,-0.31593
NFATC2,-0.08377,0.12494
CENPB,-0.0838,-0.10852
YY1,-0.08392,0.14859
NFKB1,-0.08393,-0.02496
ARNT,-0.08394,0.03492
ARNT,-0.08396,0.03492
MSC,-0.08396,0.03375
HESX1,-0.08405,0.17438
AHR,-0.08413,-0.31593
NR4A2,-0.08414,0.11007
TEAD2,-0.08417,-0.33669
ELK3,-0.08423,-0.31483
ESRRA,-0.08423,0.36686
GRHL1,-0.08424,0.60779
RARG,-0.08428,-0.50335
JDP2,-0.0843,0.49816
TFAP2A,-0.08433,-0.00481
NR4A2,-0.08444,0.11007
RFX5,-0.08454,0.24121
ERF,-0.08457,-0.20753
NR2F2,-0.08476,-0.04126
TCF12,-0.08478,-0.03309
RFX5,-0.08482,0.24121
NR2C1,-0.08483,0.14754
PPARG,-0.08483,-0.0062
MAX,-0.08486,0.13856
ETS1,-0.08486,0.2381
RUNX3,-0.08488,1.32536
SMARCC1,-0.08495,0.26372
NFKB1,-0.08502,-0.02496
HSF2,-0.08503,0.0708
KLF6,-0.08513,0.26654
EMX2,-0.08525,1.14301
NRL,-0.08525,0.13212
LHX6,-0.08527,1.97772
TCF3,-0.08529,-0.11833
ELF4,-0.08542,-0.23961
HSF1,-0.08542,0.46176
BARHL2,-0.08545,1.83251
NFIX,-0.0855,-0.37506
CHD2,-0.08556,0.16413
MAFK,-0.08559,-0.18717
PAX2,-0.08569,1.0569
HOXA13,-0.08576,1.58967
JUN,-0.08578,0.26082
NFYC,-0.08581,0.04732
CUX1,-0.086,-0.02564
THRA,-0.08601,-0.23344
STAT5A,-0.08604,-0.10044
NKX2-5,-0.08617,1.55041
EOMES,-0.08619,1.4624
HMGN3,-0.0862,0.37831
NR3C1,-0.08621,-0.11267
REST,-0.08632,0.20711
TCF7,-0.08632,0.17771
GATA2,-0.08633,-0.05162
YY1,-0.08633,0.14859
FOXG1,-0.08636,1.5762
NFYB,-0.08638,-0.01498
SOX9,-0.08639,0.21723
NELFA,-0.08646,0.00211
STAT3,-0.08648,-0.16234
OLIG2,-0.08659,0.79877
DMBX1,-0.08665,1.4014
CUX1,-0.08666,-0.02564
IRF7,-0.08672,-0.16734
GMEB2,-0.08673,0.07687
ZBTB18,-0.08673,0.00701
TFAP2A,-0.08674,-0.00481
HINFP,-0.08678,0.09309
HCLS1,-0.08692,0.78449
HNF4G,-0.08698,0.89252
NFE2L2,-0.08699,0.01426
IRF3,-0.08708,-0.1629
TFAP4,-0.08709,0.30334
E2F1,-0.08711,-0.14567
FLI1,-0.08713,-2.13898
RXRB,-0.08717,0.14875
OTX1,-0.08717,0.61502
SP8,-0.08721,1.34044
GMEB2,-0.08721,0.07687
TFDP1,-0.08724,-0.02352
ZNF524,-0.08727,-0.36672
RXRA,-0.08727,0.30198
POLE3,-0.08729,-0.11669
MEIS3,-0.08738,0.68303
PBX3,-0.08742,0.40978
NR2C2,-0.08742,0.21475
SOX2,-0.08751,1.37658
YY1,-0.08756,0.14859
SOX7,-0.0876,0.94009
RAD21,-0.08768,0.33699
HIC1,-0.0877,-0.93177
SOX15,-0.08772,-0.29176
PITX1,-0.08773,2.66087
BHLHE40,-0.08777,0.12349
CEBPA,-0.08785,1.86054
TFAP2A,-0.0879,-0.00481
MYC,-0.08792,0.22497
CENPB,-0.088,-0.10852
MSX2,-0.08801,1.37658
ESRRA,-0.08816,0.36686
NR2F1,-0.08818,-0.40683
MSX1,-0.08829,0.83405
NR2F1,-0.08831,-0.40683
FOS,-0.0884,0.11477
CTCF,-0.08841,0.1109
SOX8,-0.08851,0.98528
YY1,-0.08857,0.14859
BARX1,-0.08859,1.13672
SIX5,-0.08865,-0.04506
TBX20,-0.08867,1.45484
USF1,-0.08868,-0.13268
IKZF2,-0.08874,0.28605
PAX8,-0.08876,1.96565
TFAP2A,-0.08876,-0.00481
HINFP,-0.08882,0.09309
RXRA,-0.08884,0.30198
CERS4,-0.08885,1.06555
SOX8,-0.08891,0.98528
GMEB1,-0.08905,-0.0629
FOXO6,-0.08909,1.52196
HOXC13,-0.08914,0.9857
HSF1,-0.08915,0.46176
ZBTB3,-0.08923,0.39844
CEBPB,-0.08932,0.1585
GATA2,-0.08933,-0.05162
MGA,-0.08938,0.06935
LHX9,-0.08938,-1.03088
NFIC,-0.08945,-0.21458
LBX2,-0.08945,1.06169
BARX1,-0.08946,1.13672
TOPORS,-0.08948,-0.16762
PBX3,-0.08956,0.40978
RUNX3,-0.08957,1.32536
HINFP,-0.0896,0.09309
MSC,-0.08962,0.03375
LHX6,-0.08974,1.97772
IKZF2,-0.08975,0.28605
NR3C1,-0.0898,-0.11267
HINFP,-0.08987,0.09309
MEF2A,-0.08989,-0.11613
OTX1,-0.08991,0.61502
RUNX3,-0.08996,1.32536
MESP1,-0.08999,0.43381
ZBTB4,-0.09008,-0.18334
PQBP1,-0.0903,0.02009
TCF4,-0.09031,-0.83621
EN2,-0.09041,1.5098
RARG,-0.0905,-0.50335
RUNX1,-0.09051,-0.06798
MYBL2,-0.09051,-0.19707
ZIC3,-0.09052,1.58206
ESRRB,-0.09073,1.09807
CUX1,-0.09082,-0.02564
ZBTB6,-0.0909,0.06759
ARNT,-0.09096,0.03492
GBX2,-0.09097,1.92073
POU6F1,-0.09105,-0.06658
SMAP2,-0.09105,0.05035
HCLS1,-0.09108,0.78449
E2F1,-0.0911,-0.14567
DLX1,-0.0911,0.10983
BARX1,-0.09112,1.13672
UBP1,-0.09112,0.11819
TAF1,-0.09113,0.11649
ALX1,-0.09129,0.03003
EGR1,-0.09131,0.22639
POU3F3,-0.09132,1.52977
AR,-0.09135,0.74347
JDP2,-0.09136,0.49816
ZBTB4,-0.09137,-0.18334
DDIT3,-0.09137,0.31605
SOX8,-0.09144,0.98528
HOXD13,-0.09145,1.61407
TBX1,-0.0916,1.76691
MSC,-0.09162,0.03375
SOX8,-0.09177,0.98528
NKX3-2,-0.0918,1.28354
EMX2,-0.09186,1.14301
RARA,-0.09191,-0.25519
PKNOX2,-0.09206,0.45558
NR2C2,-0.09214,0.21475
KLF8,-0.09226,1.24055
TCF3,-0.0923,-0.11833
TFAP2C,-0.09233,0.6037
PAX9,-0.09237,1.51678
YY2,-0.09241,-0.33904
TEAD3,-0.09242,-0.10294
FOSB,-0.09249,0.22429
TCF12,-0.09254,-0.03309
HEY1,-0.09266,1.16638
THRB,-0.09272,0.86606
LEF1,-0.09276,0.99309
MGA,-0.09277,0.06935
NFKB1,-0.09285,-0.02496
YY1,-0.09286,0.14859
FOSL2,-0.09286,0.07854
ELK4,-0.0929,0.1604
EOMES,-0.09295,1.4624
BARHL2,-0.09295,1.83251
GMEB2,-0.09296,0.07687
NKX3-1,-0.09301,-0.17361
TBP,-0.09308,0.01746
RXRA,-0.09309,0.30198
ETS1,-0.09312,0.2381
EMX2,-0.09313,1.14301
NFIB,-0.09317,-0.34392
E2F4,-0.09322,0.14148
GLI2,-0.09325,0.00519
ATF5,-0.0933,-0.34711
ZKSCAN1,-0.09343,0.25502
VDR,-0.09351,0.18204
SOX7,-0.09355,0.94009
TFAP2A,-0.09365,-0.00481
THRA,-0.09373,-0.23344
HNRNPC,-0.09374,0.08309
NFIC,-0.09377,-0.21458
RFX5,-0.09378,0.24121
STAT5B,-0.09379,-0.28536
HLF,-0.09382,1.20049
SMAD3,-0.09389,-0.38086
RFX3,-0.09395,0.21238
NR2F2,-0.09413,-0.04126
MLXIPL,-0.09421,1.28556
GBX2,-0.09423,1.92073
PPARG,-0.09424,-0.0062
HMBOX1,-0.0943,0.39571
NUP107,-0.09434,0.00081
KLF6,-0.09448,0.26654
SNAI2,-0.09452,-0.12542
POLI,-0.09453,-0.10072
TLX2,-0.09453,1.02462
CTCF,-0.09454,0.1109
HSF4,-0.09462,1.04243
FOXO6,-0.09466,1.52196
PLAGL1,-0.09469,0.61926
RUNX2,-0.09469,-0.44748
ZNF784,-0.09472,-0.1146
HOXA5,-0.09473,0.04334
ID4,-0.09476,-0.49292
BRCA1,-0.09482,-0.27515
FOXO4,-0.09488,0.05375
OLIG2,-0.09492,0.79877
HOXB13,-0.09498,1.17107
PROX1,-0.09499,1.25768
SP2,-0.095,-0.07606
NFE2,-0.09502,0.59563
RFX3,-0.09505,0.21238
NKX2-8,-0.09505,1.30963
TPI1,-0.09511,-0.02368
ZKSCAN3,-0.09513,0.45019
TLX2,-0.09522,1.02462
RAD21,-0.09522,0.33699
OLIG2,-0.09524,0.79877
TEF,-0.09529,-0.46806
HOXB3,-0.09531,-0.40051
RUNX1,-0.09534,-0.06798
DLX6,-0.09539,1.50012
SOX2,-0.09547,1.37658
TFAP2C,-0.09548,0.6037
MEIS1,-0.09549,-0.46847
NR1H2,-0.0955,-0.17777
CEBPB,-0.09551,0.1585
MLX,-0.09562,0.04225
NFIL3,-0.09564,0.04188
RAB14,-0.09567,0.01434
JUN,-0.09582,0.26082
TCF7,-0.09587,0.17771
RFX7,-0.09593,-0.09369
HINFP,-0.09594,0.09309
HIC1,-0.09596,-0.93177
TCF3,-0.09599,-0.11833
NFATC2,-0.09602,0.12494
ELK1,-0.09608,-0.14318
SP1,-0.09612,0.23865
GTF2I,-0.09618,-0.05514
BHLHE40,-0.09622,0.12349
CEBPG,-0.09622,0.22789
JUN,-0.09632,0.26082
NR3C1,-0.09634,-0.11267
MLXIPL,-0.09645,1.28556
MAFK,-0.09651,-0.18717
CHD2,-0.09656,0.16413
NR2F1,-0.09661,-0.40683
ARNT,-0.09663,0.03492
PTEN,-0.09678,0.03658
ZHX3,-0.09682,-0.03225
TCF12,-0.09692,-0.03309
TFEB,-0.09702,-0.41856
RAD21,-0.09724,0.33699
ZBTB7A,-0.09741,-0.03833
ESRRA,-0.09744,0.36686
FOS,-0.09744,0.11477
ZNF628,-0.09748,-0.14656
EP300,-0.09755,0.07356
FOXD2,-0.09757,0.92604
TCF3,-0.09758,-0.11833
E2F4,-0.0976,0.14148
ZBTB6,-0.09763,0.06759
RXRA,-0.09766,0.30198
HMX1,-0.09766,1.5563
ERF,-0.09775,-0.20753
CEBPD,-0.09776,0.31811
SOX8,-0.09779,0.98528
TFAP2A,-0.09784,-0.00481
HSF1,-0.09795,0.46176
FOXK1,-0.09798,0.61424
LBX2,-0.09799,1.06169
GMEB2,-0.09804,0.07687
SOX13,-0.09805,0.20325
HNF4G,-0.09811,0.89252
RAD21,-0.09814,0.33699
RARG,-0.09816,-0.50335
MAFF,-0.0983,0.15237
ETV5,-0.09832,0.00428
NR3C1,-0.09835,-0.11267
SMAD2,-0.09844,-0.33837
JUND,-0.09853,-0.03685
HOXC8,-0.09855,0.02345
ZBTB6,-0.09856,0.06759
MYC,-0.0986,0.22497
TWIST1,-0.09862,-0.19509
USF1,-0.09867,-0.13268
RFX5,-0.09868,0.24121
TCF4,-0.09871,-0.83621
CEBPB,-0.09874,0.1585
GATA2,-0.09879,-0.05162
ZNF589,-0.09882,0.55279
SMAD4,-0.09889,0.01087
CEBPD,-0.0989,0.31811
MAF,-0.09891,1.50435
RFX2,-0.09897,0.09243
NFATC2,-0.09898,0.12494
ZNF143,-0.09901,-0.08045
NKX3-1,-0.09903,-0.17361
KLF3,-0.09907,0.08462
TCF3,-0.09918,-0.11833
SOX8,-0.09923,0.98528
LEF1,-0.09929,0.99309
ZBTB7A,-0.09929,-0.03833
E2F1,-0.0993,-0.14567
EGR1,-0.09935,0.22639
CEBPA,-0.09936,1.86054
TWIST1,-0.09944,-0.19509
FOXO4,-0.09946,0.05375
HEY1,-0.09947,1.16638
HOXB9,-0.09947,0.83234
MLXIPL,-0.09948,1.28556
RFX2,-0.09954,0.09243
GATA2,-0.09963,-0.05162
ARNT,-0.09963,0.03492
TBX20,-0.09965,1.45484
ERG,-0.09967,1.54862
NFYA,-0.09968,-0.02481
TFAP4,-0.09969,0.30334
ERF,-0.09972,-0.20753
TWIST1,-0.09976,-0.19509
ARNT,-0.09984,0.03492
SNRPB2,-0.09987,-0.25645
RAB14,-0.09988,0.01434
OTX1,-0.09999,0.61502
NKX3-1,-0.09999,-0.17361
BARHL2,-0.10002,1.83251
NFATC2,-0.10003,0.12494
SOX9,-0.10013,0.21723
ATF6,-0.10016,-0.21495
CEBPG,-0.10018,0.22789
NFE2,-0.1002,0.59563
GATA3,-0.10027,0.63765
ZBTB3,-0.10033,0.39844
BACH2,-0.10036,1.29373
RFX3,-0.1004,0.21238
HOXA1,-0.10042,0.09858
MSX1,-0.10043,0.83405
TCF7,-0.1005,0.17771
ZIC3,-0.10058,1.58206
HSF2,-0.10059,0.0708
RFX2,-0.10064,0.09243
HSF2,-0.10068,0.0708
FOXA1,-0.1007,0.59218
HEY2,-0.10073,1.09575
EPAS1,-0.10087,-0.67374
ZBTB4,-0.10089,-0.18334
REL,-0.10091,0.12775
SMAD4,-0.10092,0.01087
TCF4,-0.10095,-0.83621
YY2,-0.10102,-0.33904
RORA,-0.10106,1.26779
NFKB1,-0.1012,-0.02496
TFAP4,-0.10124,0.30334
NFATC1,-0.10134,1.17367
ESRRA,-0.10134,0.36686
AHR,-0.10135,-0.31593
HOXA13,-0.10144,1.58967
JUN,-0.10156,0.26082
MAFK,-0.1016,-0.18717
HOXB2,-0.10162,-0.59651
NR2F1,-0.10168,-0.40683
REL,-0.10176,0.12775
HOXA13,-0.1018,1.58967
LARP4,-0.10181,0.199
HIC1,-0.10182,-0.93177
NFIC,-0.10194,-0.21458
RFX3,-0.10195,0.21238
NR2F2,-0.10204,-0.04126
SOX8,-0.10206,0.98528
MEF2C,-0.10215,0.40985
BHLHE40,-0.10216,0.12349
TCF3,-0.10221,-0.11833
SREBF1,-0.10224,-0.15578
SOX1,-0.10226,1.77815
HEY2,-0.10234,1.09575
FOXA1,-0.10235,0.59218
MYBL1,-0.10244,0.21759
IRF8,-0.10253,0.31482
JUN,-0.10264,0.26082
CREB3L1,-0.10266,-0.29251
POU3F2,-0.10293,1.7839
TGIF2,-0.10295,0.13496
NKX2-8,-0.10295,1.30963
KLF8,-0.10296,1.24055
HINFP,-0.10299,0.09309
NR2F1,-0.10305,-0.40683
JUN,-0.10314,0.26082
DDIT3,-0.10314,0.31605
HES1,-0.10316,0.29018
HBP1,-0.10325,-0.38822
RXRA,-0.10328,0.30198
JUN,-0.10335,0.26082
SP1,-0.10338,0.23865
MSC,-0.10341,0.03375
EOMES,-0.10342,1.4624
NKX2-5,-0.10344,1.55041
BRCA1,-0.10345,-0.27515
NFKB2,-0.1035,0.51364
TEAD1,-0.10351,0.23157
BACH1,-0.10354,-0.08588
SIX5,-0.10354,-0.04506
MAF,-0.10368,1.50435
NFKB1,-0.10377,-0.02496
ETS1,-0.10379,0.2381
MEIS3,-0.10379,0.68303
HLX,-0.10379,-0.25098
TFAP4,-0.10383,0.30334
PKNOX2,-0.10389,0.45558
MSRA,-0.10391,-0.20714
CTCF,-0.10396,0.1109
CHD2,-0.10421,0.16413
RAD21,-0.10432,0.33699
HOXA3,-0.10443,-0.49974
LBX2,-0.10453,1.06169
TFAP2C,-0.10455,0.6037
TFAP2A,-0.10459,-0.00481
PPARG,-0.1047,-0.0062
STAT1,-0.10475,-0.01743
FOXO6,-0.10476,1.52196
ELF1,-0.1048,-0.0385
TCF7L2,-0.10483,0.09821
TP53,-0.10484,-0.06103
OTX1,-0.10495,0.61502
SOX18,-0.10503,1.26007
THRB,-0.10507,0.86606
NR3C2,-0.1052,0.66608
HOXD4,-0.10526,-0.33947
HINFP,-0.10544,0.09309
TFAP2C,-0.10544,0.6037
PDLIM5,-0.10546,-0.44383
RAD21,-0.10556,0.33699
ZNF524,-0.10558,-0.36672
CTCF,-0.10559,0.1109
NFE2L2,-0.10562,0.01426
RFX5,-0.10573,0.24121
FOXP3,-0.10583,0.80403
FOXN3,-0.10585,0.17011
SOX8,-0.10585,0.98528
TP53,-0.10586,-0.06103
SOX2,-0.10593,1.37658
RORA,-0.10595,1.26779
HMGN3,-0.10598,0.37831
THRB,-0.10598,0.86606
THRB,-0.10602,0.86606
NKX3-2,-0.10602,1.28354
NFATC1,-0.10603,1.17367
BHLHE40,-0.10607,0.12349
ELK1,-0.10613,-0.14318
ARNT,-0.10615,0.03492
LHX6,-0.10627,1.97772
TCF12,-0.10634,-0.03309
SOX2,-0.10636,1.37658
HMBOX1,-0.10655,0.39571
GABPA,-0.10659,-0.14939
TFAP2C,-0.10666,0.6037
CLOCK,-0.1067,0.06464
RXRA,-0.10672,0.30198
TGIF2,-0.10676,0.13496
ZNF784,-0.10677,-0.1146
MEIS3,-0.10684,0.68303
CTCF,-0.10686,0.1109
RXRB,-0.1069,0.14875
TCF3,-0.10691,-0.11833
TFAP2C,-0.10691,0.6037
TCF12,-0.10692,-0.03309
POU2F2,-0.10704,-0.79029
HSF1,-0.10707,0.46176
EGR1,-0.10708,0.22639
EN2,-0.10711,1.5098
PPP2R3B,-0.10713,-0.01685
SREBF1,-0.10722,-0.15578
NFYA,-0.10724,-0.02481
EN1,-0.10732,1.50651
HIVEP1,-0.10734,0.17371
USF1,-0.10738,-0.13268
FOXA1,-0.1076,0.59218
RFX2,-0.10766,0.09243
TFAP2A,-0.10772,-0.00481
PKNOX2,-0.1078,0.45558
SOX2,-0.10782,1.37658
ESRRG,-0.10783,1.19866
ZNF3,-0.10794,0.04979
SMUG1,-0.10804,0.0608
LHX6,-0.10824,1.97772
TFAP4,-0.10845,0.30334
BARHL2,-0.10851,1.83251
VDR,-0.10852,0.18204
ZEB1,-0.10856,-0.14882
JUN,-0.10858,0.26082
SP3,-0.10871,0.05187
ZNF711,-0.10873,2.03364
TEF,-0.10874,-0.46806
VDR,-0.10875,0.18204
ZNF524,-0.10875,-0.36672
PKNOX2,-0.10876,0.45558
TCF7,-0.10883,0.17771
EZR,-0.10885,0.12346
PAX3,-0.10887,1.45939
MXI1,-0.10888,0.36623
SMAD4,-0.10891,0.01087
TFAP2A,-0.10894,-0.00481
REST,-0.10896,0.20711
ELK3,-0.10897,-0.31483
CHD2,-0.10897,0.16413
NFYC,-0.10898,0.04732
NR2F1,-0.10898,-0.40683
TCEAL2,-0.10901,1.83506
JUN,-0.10904,0.26082
SOX8,-0.10922,0.98528
SOX15,-0.10922,-0.29176
CUX1,-0.10923,-0.02564
IKZF2,-0.10925,0.28605
PAX9,-0.10936,1.51678
CTCF,-0.10936,0.1109
ZBTB6,-0.10937,0.06759
GATA2,-0.10945,-0.05162
NKX2-1,-0.1095,2.41647
TRIM69,-0.10955,-0.14646
REL,-0.10956,0.12775
ZC3H7A,-0.10959,0.06914
CXXC1,-0.10962,-0.20636
TFAP2C,-0.10965,0.6037
SOX18,-0.10969,1.26007
RARB,-0.1097,-0.80509
MAF,-0.10977,1.50435
ID4,-0.10982,-0.49292
TFAP2A,-0.10984,-0.00481
NFKB2,-0.1099,0.51364
BARX1,-0.10992,1.13672
TFAP2A,-0.11003,-0.00481
FOXC1,-0.1101,0.69824
NFIC,-0.11019,-0.21458
THAP1,-0.11019,0.30516
SMARCC2,-0.11023,0.2036
HOXB5,-0.11026,0.18102
PROX1,-0.11026,1.25768
GLI2,-0.11028,0.00519
ZKSCAN1,-0.1103,0.25502
SMAD3,-0.11036,-0.38086
PROX1,-0.11037,1.25768
MEIS3,-0.11039,0.68303
RREB1,-0.11039,0.27761
RFX2,-0.1104,0.09243
MEIS3,-0.11045,0.68303
TCF4,-0.11065,-0.83621
FOXK1,-0.11065,0.61424
HOXA6,-0.11074,0.86378
XBP1,-0.11074,0.09852
RFX5,-0.11078,0.24121
HEY2,-0.11083,1.09575
BARHL2,-0.11091,1.83251
LEF1,-0.11095,0.99309
NFIX,-0.11096,-0.37506
THRB,-0.11096,0.86606
HAND1,-0.11101,0.94118
HIF1A,-0.11103,-0.1013
NNT,-0.11104,0.16549
NR3C2,-0.11107,0.66608
NFIL3,-0.1111,0.04188
PBX3,-0.1111,0.40978
TAF1A,-0.11111,0.38773
POU5F1,-0.11112,-0.17881
BARX1,-0.11117,1.13672
MYBL1,-0.1112,0.21759
TFAP4,-0.11132,0.30334
TFAP2A,-0.11137,-0.00481
BACH1,-0.11139,-0.08588
ETV6,-0.11143,-0.12382
EZH2,-0.11145,0.24374
CXXC1,-0.11151,-0.20636
TFAP2C,-0.11157,0.6037
USF1,-0.11157,-0.13268
ESRRA,-0.11157,0.36686
GMEB2,-0.11158,0.07687
HSF4,-0.11169,1.04243
POU2F2,-0.1117,-0.79029
OLIG2,-0.11176,0.79877
RFX2,-0.11176,0.09243
AHR,-0.11185,-0.31593
UTP18,-0.11187,-0.01788
FLI1,-0.11188,-2.13898
HOXB3,-0.11189,-0.40051
ELF1,-0.1119,-0.0385
LBX2,-0.11193,1.06169
TP73,-0.11198,1.60948
SIX5,-0.11202,-0.04506
VDR,-0.11203,0.18204
CEBPD,-0.11214,0.31811
LHX2,-0.11225,1.74567
TGIF2,-0.11227,0.13496
FOXO6,-0.11227,1.52196
KLF8,-0.1123,1.24055
SIX2,-0.11237,1.04244
TFAP2C,-0.11237,0.6037
SRF,-0.11244,-0.18877
ATF6,-0.11249,-0.21495
BHLHE40,-0.11254,0.12349
FLI1,-0.11257,-2.13898
HEY2,-0.11258,1.09575
NFIA,-0.11261,0.15147
JUND,-0.11264,-0.03685
ZEB1,-0.11267,-0.14882
HOXB13,-0.11268,1.17107
NFYB,-0.1127,-0.01498
LHX6,-0.11277,1.97772
HOXD11,-0.11279,0.14834
BHLHE40,-0.11281,0.12349
CUX1,-0.11284,-0.02564
ZKSCAN1,-0.11287,0.25502
RBPJ,-0.11291,0.06557
ELF1,-0.11294,-0.0385
SREBF1,-0.11299,-0.15578
MEIS3,-0.113,0.68303
FOXB1,-0.11303,1.39094
REL,-0.11318,0.12775
JUN,-0.11321,0.26082
MSC,-0.11332,0.03375
TFAP2C,-0.11339,0.6037
NFIL3,-0.11347,0.04188
NFIL3,-0.11353,0.04188
NKX2-1,-0.11354,2.41647
SIX1,-0.1136,0.9836
FOXO3,-0.11362,-0.09404
CTCF,-0.11368,0.1109
TCF3,-0.11369,-0.11833
MEIS3,-0.11377,0.68303
OLIG2,-0.11378,0.79877
MEIS2,-0.11379,-0.06534
ZBTB3,-0.11384,0.39844
HIC2,-0.11387,0.48876
FOXL1,-0.11388,-0.97272
DLX4,-0.11388,1.70529
POU2F2,-0.11391,-0.79029
TBX2,-0.11391,0.74219
HOXB7,-0.11393,0.26541
HSF1,-0.11396,0.46176
LBX2,-0.11396,1.06169
SNAPC5,-0.11401,-0.15661
IRF8,-0.11401,0.31482
NR3C2,-0.11409,0.66608
HOXD10,-0.11409,0.20355
SMAD2,-0.11411,-0.33837
RUNX2,-0.11412,-0.44748
MAX,-0.11413,0.13856
AHR,-0.11419,-0.31593
SIX4,-0.11421,0.71485
ETS1,-0.11422,0.2381
THAP1,-0.11424,0.30516
JUNB,-0.11425,0.12824
RAD21,-0.11432,0.33699
ZBTB3,-0.11436,0.39844
FOXJ3,-0.11441,0.24609
PTPMT1,-0.11464,0.08155
ZSCAN16,-0.11465,0.07149
STAT1,-0.11468,-0.01743
TFAP2C,-0.11469,0.6037
TFAP2C,-0.11475,0.6037
AHR,-0.11477,-0.31593
NFATC3,-0.11481,0.26356
CTCF,-0.11484,0.1109
SOX7,-0.11494,0.94009
SMAD3,-0.11501,-0.38086
BARHL2,-0.11513,1.83251
VDR,-0.11514,0.18204
GMEB2,-0.11518,0.07687
VAX1,-0.11525,1.0607
CEBPB,-0.11531,0.1585
PPARG,-0.1154,-0.0062
ZBTB3,-0.11541,0.39844
MYB,-0.11542,-0.11523
SOX8,-0.11545,0.98528
ZKSCAN3,-0.11553,0.45019
E2F1,-0.11554,-0.14567
EZH2,-0.11563,0.24374
NFYA,-0.11566,-0.02481
MSX1,-0.1158,0.83405
TFE3,-0.11586,-0.02572
AGAP2,-0.11586,0.60759
RUNX2,-0.11588,-0.44748
RFX5,-0.11592,0.24121
DLX5,-0.11602,1.14301
TBX20,-0.11607,1.45484
RUNX3,-0.11609,1.32536
RFX2,-0.11611,0.09243
TFAP4,-0.11613,0.30334
AHR,-0.11614,-0.31593
CREB3,-0.11623,-0.24841
HNF4G,-0.1163,0.89252
NFE2L1,-0.11631,-0.03223
EZR,-0.11651,0.12346
SMAD3,-0.11653,-0.38086
NFIX,-0.11655,-0.37506
SOX2,-0.11656,1.37658
CEBPA,-0.11659,1.86054
RFX3,-0.11664,0.21238
FOXF2,-0.11679,0.41095
PDX1,-0.11689,1.13033
ELK3,-0.11691,-0.31483
MEIS1,-0.11691,-0.46847
FLI1,-0.11691,-2.13898
VDR,-0.11693,0.18204
HOXA5,-0.11697,0.04334
PITX1,-0.11707,2.66087
MNT,-0.11715,0.05603
DLX4,-0.11716,1.70529
CEBPG,-0.11716,0.22789
CEBPG,-0.11727,0.22789
JUN,-0.11734,0.26082
NFE2,-0.11736,0.59563
HOXC9,-0.11742,-0.05244
TRIM21,-0.11743,-0.18352
TFAP2A,-0.11746,-0.00481
NFIC,-0.11751,-0.21458
GLI2,-0.11759,0.00519
ZEB1,-0.11762,-0.14882
FOXO1,-0.11767,0.19161
FOXL1,-0.11772,-0.97272
NRL,-0.11775,0.13212
SMAP2,-0.1179,0.05035
RXRA,-0.11791,0.30198
NKX3-1,-0.11794,-0.17361
YY1,-0.11803,0.14859
RARA,-0.11804,-0.25519
OSR1,-0.11806,-0.53062
NKX3-2,-0.11809,1.28354
PDX1,-0.1181,1.13033
SND1,-0.11815,-0.30727
REL,-0.11819,0.12775
PDCD11,-0.1182,0.31354
ZBTB4,-0.11825,-0.18334
SREBF1,-0.11836,-0.15578
FLI1,-0.11843,-2.13898
PDS5A,-0.11844,0.02221
FOXF1,-0.11844,0.17609
VDR,-0.11853,0.18204
RARG,-0.11855,-0.50335
PRRX1,-0.11857,-0.44294
HIF1A,-0.11861,-0.1013
TCF12,-0.11863,-0.03309
CEBPG,-0.11873,0.22789
TP53,-0.11882,-0.06103
ZNF3,-0.11883,0.04979
THRB,-0.11884,0.86606
MYC,-0.11884,0.22497
POU6F1,-0.11894,-0.06658
REST,-0.11895,0.20711
RPP25,-0.11902,0.70366
STAT3,-0.11904,-0.16234
DUS3L,-0.11904,0.26453
NCALD,-0.11909,-0.31231
PROX1,-0.11911,1.25768
TCF21,-0.11913,-0.07196
PPARA,-0.11919,0.48827
BARHL2,-0.11919,1.83251
MAX,-0.11925,0.13856
BARHL2,-0.1193,1.83251
DLX5,-0.11934,1.14301
RUNX1,-0.11939,-0.06798
TFAP2A,-0.11942,-0.00481
SOX18,-0.11944,1.26007
TFAP4,-0.11946,0.30334
SOX8,-0.11947,0.98528
IL24,-0.1195,0.32932
HNF4G,-0.11951,0.89252
GMEB1,-0.11951,-0.0629
SIX5,-0.11961,-0.04506
TFAP2C,-0.11968,0.6037
MEIS1,-0.11979,-0.46847
GATA2,-0.11986,-0.05162
RREB1,-0.11991,0.27761
RARA,-0.11992,-0.25519
MAFK,-0.11994,-0.18717
SP3,-0.12001,0.05187
KLF3,-0.12002,0.08462
TFAP2A,-0.12003,-0.00481
JUNB,-0.1202,0.12824
TFAP4,-0.12032,0.30334
TFAP2C,-0.12035,0.6037
RXRA,-0.12037,0.30198
NR2F1,-0.1204,-0.40683
GMEB2,-0.1204,0.07687
TFAP2C,-0.12042,0.6037
ARNT,-0.12044,0.03492
HOXB13,-0.1206,1.17107
ZBTB3,-0.1206,0.39844
REL,-0.1206,0.12775
TBX1,-0.12065,1.76691
RUNX3,-0.12066,1.32536
NR3C1,-0.1207,-0.11267
NFE2L1,-0.12074,-0.03223
ESX1,-0.12081,1.18752
EGR2,-0.12083,1.68485
TEAD4,-0.1209,0.33182
REL,-0.12091,0.12775
IRF8,-0.12097,0.31482
LHX6,-0.12103,1.97772
PAX8,-0.1211,1.96565
STAT1,-0.12112,-0.01743
FOXK1,-0.12118,0.61424
RFX2,-0.12121,0.09243
MAFG,-0.12125,-0.03675
RARG,-0.12128,-0.50335
BHLHE41,-0.12132,-0.53218
HOXB6,-0.12133,0.12505
DDIT3,-0.12133,0.31605
DMBX1,-0.12138,1.4014
NR1H2,-0.12143,-0.17777
SPAG7,-0.12145,-0.25837
ETV4,-0.12157,0.15297
ELK1,-0.12171,-0.14318
FOXF2,-0.12181,0.41095
FOSL1,-0.12183,0.12968
MEIS2,-0.12189,-0.06534
OTX1,-0.12198,0.61502
BPTF,-0.12202,0.25822
TGIF1,-0.12203,0.24022
PDX1,-0.1221,1.13033
MYC,-0.1221,0.22497
REST,-0.12215,0.20711
SNAI2,-0.12217,-0.12542
IRX5,-0.12225,0.75392
LHX2,-0.12236,1.74567
HLF,-0.12243,1.20049
ATF3,-0.12244,0.74563
VDR,-0.12247,0.18204
ZSCAN16,-0.1226,0.07149
ALX1,-0.12265,0.03003
MYC,-0.12269,0.22497
TGIF1,-0.12273,0.24022
TGIF1,-0.12276,0.24022
ZBTB7A,-0.12278,-0.03833
CREB3L1,-0.12281,-0.29251
TRIM69,-0.12282,-0.14646
HINFP,-0.12288,0.09309
ESRRA,-0.12304,0.36686
ZEB1,-0.12305,-0.14882
FOXA1,-0.12306,0.59218
EN2,-0.12308,1.5098
RFX2,-0.12309,0.09243
FOXF2,-0.12332,0.41095
HOXD11,-0.12334,0.14834
GABPA,-0.12335,-0.14939
JUN,-0.1234,0.26082
YY1,-0.12341,0.14859
USF1,-0.12342,-0.13268
ZIC3,-0.12342,1.58206
ETV2,-0.12345,-0.21244
OTX1,-0.12349,0.61502
ZNF524,-0.12354,-0.36672
LHX2,-0.12355,1.74567
YY1,-0.1237,0.14859
GATA3,-0.12371,0.63765
TFAP2C,-0.12376,0.6037
NR1H2,-0.1238,-0.17777
TGIF2,-0.12384,0.13496
GBX2,-0.12393,1.92073
EMX2,-0.12398,1.14301
TFAP2A,-0.1242,-0.00481
IRF2,-0.12428,-0.18248
NR3C1,-0.12429,-0.11267
EPAS1,-0.12433,-0.67374
TGIF1,-0.12444,0.24022
ETV6,-0.12452,-0.12382
OTX1,-0.12452,0.61502
GLI3,-0.12453,-0.16955
FOXP3,-0.12456,0.80403
YY1,-0.12457,0.14859
PAX2,-0.12459,1.0569
GTF2I,-0.12459,-0.05514
PKNOX2,-0.12461,0.45558
RARA,-0.12463,-0.25519
HOXA1,-0.12467,0.09858
E2F4,-0.12477,0.14148
SOX8,-0.12486,0.98528
HEY2,-0.1249,1.09575
CREB3L2,-0.12494,0.15749
BHLHE40,-0.12499,0.12349
HOXC9,-0.12509,-0.05244
CTCF,-0.12511,0.1109
RAD21,-0.12513,0.33699
HMBOX1,-0.12523,0.39571
RFX2,-0.1253,0.09243
TFAP2A,-0.1254,-0.00481
NR2C1,-0.12541,0.14754
NKX2-1,-0.12542,2.41647
TFAP2C,-0.12542,0.6037
YY2,-0.12542,-0.33904
MAFG,-0.12547,-0.03675
MYB,-0.12555,-0.11523
TCF3,-0.12562,-0.11833
NFIB,-0.12566,-0.34392
CUX1,-0.12582,-0.02564
CREB3L1,-0.12584,-0.29251
HCLS1,-0.12585,0.78449
TFCP2,-0.12585,-0.18064
HOXD13,-0.126,1.61407
HMX1,-0.126,1.5563
ELK4,-0.126,0.1604
HIC2,-0.12635,0.48876
NR3C1,-0.12642,-0.11267
ESRRA,-0.12653,0.36686
HOXC13,-0.12653,0.9857
FOS,-0.12654,0.11477
RUNX2,-0.12668,-0.44748
USF2,-0.12682,-0.17263
THRB,-0.12699,0.86606
ZNF3,-0.12702,0.04979
RFX2,-0.12705,0.09243
HSF4,-0.12722,1.04243
SOX9,-0.12725,0.21723
SOX1,-0.12727,1.77815
GATA2,-0.12727,-0.05162
HSF1,-0.12728,0.46176
CUX1,-0.12741,-0.02564
FOXO3,-0.12743,-0.09404
MAFK,-0.12744,-0.18717
NR3C1,-0.12751,-0.11267
TEAD2,-0.12754,-0.33669
HIC1,-0.12766,-0.93177
GATA2,-0.12766,-0.05162
TFAP2A,-0.12766,-0.00481
SMAD3,-0.12775,-0.38086
TP53,-0.12777,-0.06103
TFAP2A,-0.12785,-0.00481
TFAP2A,-0.12789,-0.00481
HOXD13,-0.12791,1.61407
TEAD1,-0.12793,0.23157
IRF5,-0.12802,0.56234
YY2,-0.12806,-0.33904
POU5F1,-0.12807,-0.17881
CREB3L1,-0.12808,-0.29251
GATA2,-0.12813,-0.05162
HOXA5,-0.12819,0.04334
CDX2,-0.1282,2.15473
FOXN3,-0.12821,0.17011
DMC1,-0.12823,0.83476
GTF2B,-0.1283,0.31598
GLI2,-0.12833,0.00519
NFE2,-0.1284,0.59563
DBP,-0.12841,-0.07406
ZEB1,-0.12844,-0.14882
TBP,-0.12852,0.01746
SMAD4,-0.12853,0.01087
REST,-0.12862,0.20711
RARA,-0.12864,-0.25519
NR3C1,-0.12873,-0.11267
PAX6,-0.12885,0.87769
ESRRB,-0.12885,1.09807
STAT1,-0.12904,-0.01743
HSF4,-0.12905,1.04243
ZFP3,-0.12913,0.80123
RXRA,-0.12915,0.30198
CTCF,-0.12922,0.1109
TFAP4,-0.1293,0.30334
PRRX1,-0.12933,-0.44294
POU3F2,-0.12934,1.7839
NR3C1,-0.12935,-0.11267
SRF,-0.12936,-0.18877
FOXA1,-0.12939,0.59218
NFIA,-0.12941,0.15147
RUNX3,-0.12942,1.32536
TCF12,-0.12946,-0.03309
SREBF2,-0.12951,0.00057
RUNX3,-0.12953,1.32536
SOX9,-0.12955,0.21723
RARA,-0.12957,-0.25519
HOXB13,-0.12963,1.17107
PPARG,-0.12966,-0.0062
HESX1,-0.12968,0.17438
BARHL2,-0.12973,1.83251
POU2F2,-0.12975,-0.79029
MYC,-0.12999,0.22497
SOX2,-0.13002,1.37658
IRF1,-0.13003,0.07358
MAFK,-0.13003,-0.18717
RUNX1,-0.13007,-0.06798
JUN,-0.13008,0.26082
YY1,-0.13008,0.14859
POU2F2,-0.13015,-0.79029
KLF8,-0.13025,1.24055
PKNOX2,-0.13029,0.45558
HMGN3,-0.13033,0.37831
GLI2,-0.13034,0.00519
ATF3,-0.13034,0.74563
ERG,-0.13047,1.54862
RFX1,-0.13052,0.20032
GLI2,-0.13058,0.00519
ZKSCAN3,-0.13061,0.45019
SMARCC2,-0.13072,0.2036
SOX8,-0.13073,0.98528
NFIX,-0.1308,-0.37506
ZRSR2,-0.13097,-0.31794
HOXD13,-0.131,1.61407
BHLHE40,-0.13102,0.12349
TBX1,-0.13108,1.76691
SOX2,-0.13114,1.37658
MAFK,-0.13117,-0.18717
USF1,-0.13127,-0.13268
ZDHHC15,-0.13129,1.7796
ELK3,-0.13132,-0.31483
TFAP2A,-0.13133,-0.00481
PPARG,-0.13141,-0.0062
FOS,-0.13142,0.11477
TBX1,-0.13142,1.76691
TFCP2,-0.13143,-0.18064
CLOCK,-0.13148,0.06464
POU2F2,-0.13158,-0.79029
FOXA1,-0.13162,0.59218
ESX1,-0.13165,1.18752
SP1,-0.13173,0.23865
FLI1,-0.13176,-2.13898
NRL,-0.13177,0.13212
ID4,-0.13178,-0.49292
RARG,-0.13179,-0.50335
TFAP2A,-0.1318,-0.00481
TBX1,-0.13183,1.76691
HOXB8,-0.13192,0.34207
BARHL2,-0.13195,1.83251
TCF3,-0.13205,-0.11833
ESRRA,-0.13206,0.36686
ATF6,-0.13218,-0.21495
BACH2,-0.1322,1.29373
FLI1,-0.13221,-2.13898
MLXIPL,-0.13222,1.28556
NR4A1,-0.13232,0.49659
ZNF3,-0.13232,0.04979
NME1,-0.13234,-0.05802
GBX2,-0.13235,1.92073
FOS,-0.13238,0.11477
TFAP2A,-0.13239,-0.00481
NR3C1,-0.13239,-0.11267
MAFF,-0.1324,0.15237
EN2,-0.1324,1.5098
CUX1,-0.13242,-0.02564
ZEB1,-0.13244,-0.14882
HOMEZ,-0.13247,0.41613
GABPA,-0.13248,-0.14939
EN1,-0.13251,1.50651
MSX2,-0.13266,1.37658
ZNF333,-0.13269,-0.13501
NR3C1,-0.13275,-0.11267
NR2F1,-0.13279,-0.40683
IKZF2,-0.1328,0.28605
ETS1,-0.13284,0.2381
GATA6,-0.13285,-0.4102
BCL6,-0.13287,-0.46691
CREB3,-0.13294,-0.24841
HSF2,-0.133,0.0708
ECSIT,-0.13309,-0.05492
HOXA2,-0.1331,-0.49643
ELK3,-0.13312,-0.31483
LMX1B,-0.13316,1.549
HIC1,-0.13316,-0.93177
PDX1,-0.13317,1.13033
RARA,-0.13318,-0.25519
TFCP2,-0.1332,-0.18064
YY1,-0.13324,0.14859
NR2F1,-0.13338,-0.40683
STAT3,-0.13338,-0.16234
NFIA,-0.13339,0.15147
E2F1,-0.13341,-0.14567
BARHL2,-0.13348,1.83251
ERG,-0.1335,1.54862
DLX4,-0.1335,1.70529
SREBF1,-0.13351,-0.15578
YY1,-0.13355,0.14859
RUNX3,-0.13357,1.32536
ABCF2,-0.13358,0.00184
FOXK1,-0.13368,0.61424
OTX1,-0.13369,0.61502
POU6F1,-0.13371,-0.06658
HDAC2,-0.13371,0.15118
GATA3,-0.13388,0.63765
FLI1,-0.1339,-2.13898
HOXB3,-0.13393,-0.40051
NKX3-1,-0.13398,-0.17361
DLX1,-0.13405,0.10983
SOX18,-0.13408,1.26007
RORA,-0.1341,1.26779
BACH1,-0.13418,-0.08588
SMAD3,-0.13422,-0.38086
ZNF3,-0.13424,0.04979
ESRRA,-0.13429,0.36686
MYB,-0.13434,-0.11523
NFIC,-0.13438,-0.21458
RAD21,-0.13439,0.33699
HAND1,-0.13446,0.94118
PAX6,-0.13448,0.87769
NKX3-1,-0.13454,-0.17361
MSX1,-0.1346,0.83405
ELF2,-0.13465,0.08062
NKX3-1,-0.1347,-0.17361
FOXA3,-0.1348,1.07463
RFX5,-0.13482,0.24121
GLI2,-0.13483,0.00519
MEIS1,-0.13487,-0.46847
GLI2,-0.1349,0.00519
BACH2,-0.13492,1.29373
HEY1,-0.135,1.16638
TBP,-0.13503,0.01746
IRX3,-0.1354,0.16577
MYBL1,-0.13546,0.21759
HSF1,-0.13548,0.46176
TFAP4,-0.13549,0.30334
RXRA,-0.13555,0.30198
LHX4,-0.13566,0.54007
CBFB,-0.13567,0.09939
JUNB,-0.13574,0.12824
ZIC3,-0.13576,1.58206
JUN,-0.13577,0.26082
RARA,-0.13577,-0.25519
PAX3,-0.13587,1.45939
FOXP3,-0.13591,0.80403
NR2C2,-0.13595,0.21475
MAFB,-0.13595,0.64383
APEX2,-0.13602,0.01034
TFCP2,-0.13608,-0.18064
NFE2L2,-0.13612,0.01426
SREBF2,-0.13615,0.00057
FOXD3,-0.13616,1.66375
MYBL1,-0.13618,0.21759
ERG,-0.1362,1.54862
TEAD1,-0.13623,0.23157
GMEB2,-0.13641,0.07687
OTX1,-0.13642,0.61502
HOXA2,-0.13643,-0.49643
TEAD1,-0.13646,0.23157
E2F3,-0.13668,0.35972
HOXB7,-0.13673,0.26541
PBX2,-0.13683,0.47253
SOX2,-0.13683,1.37658
FOXO4,-0.13686,0.05375
ISL2,-0.13688,1.25248
E2F1,-0.13698,-0.14567
GATA2,-0.137,-0.05162
MLX,-0.13706,0.04225
PPARG,-0.1371,-0.0062
LEF1,-0.13712,0.99309
NR3C1,-0.1372,-0.11267
NFIA,-0.13722,0.15147
STAT1,-0.13727,-0.01743
POU2F2,-0.13728,-0.79029
GLI2,-0.13738,0.00519
ZBTB4,-0.1376,-0.18334
NFIC,-0.13767,-0.21458
NRL,-0.13773,0.13212
CUX2,-0.13775,1.0607
ETV5,-0.13781,0.00428
HIF1A,-0.13786,-0.1013
FOXO6,-0.13796,1.52196
CEBPD,-0.13797,0.31811
NFKB1,-0.138,-0.02496
GFI1,-0.13802,0.95373
CLOCK,-0.13804,0.06464
ATF2,-0.13805,0.19734
CTCF,-0.13812,0.1109
SREBF2,-0.13816,0.00057
TEAD4,-0.13819,0.33182
CREB3L1,-0.1382,-0.29251
RARB,-0.13824,-0.80509
OTX1,-0.13838,0.61502
ZDHHC15,-0.13843,1.7796
BCL3,-0.13848,-0.30304
MESP1,-0.13858,0.43381
HOXA5,-0.13863,0.04334
PKNOX2,-0.13865,0.45558
ELK4,-0.13872,0.1604
EN1,-0.13878,1.50651
TWIST1,-0.13879,-0.19509
PCK2,-0.13883,0.89665
HNF4G,-0.13888,0.89252
NKX2-1,-0.13894,2.41647
ZBTB6,-0.13895,0.06759
PAX6,-0.13895,0.87769
MEIS2,-0.13898,-0.06534
TBX20,-0.13902,1.45484
LMO2,-0.13906,0.51266
REST,-0.13906,0.20711
FOXK1,-0.13918,0.61424
TFAP2A,-0.13923,-0.00481
YY2,-0.13931,-0.33904
TCF7,-0.13937,0.17771
ELK1,-0.13945,-0.14318
HOXD13,-0.13948,1.61407
TEAD1,-0.13952,0.23157
ESX1,-0.13956,1.18752
FOXA1,-0.13964,0.59218
CEBPG,-0.13979,0.22789
RUNX2,-0.13987,-0.44748
RFX5,-0.13991,0.24121
LHX6,-0.13993,1.97772
FOSL1,-0.13998,0.12968
NRL,-0.14007,0.13212
TCF4,-0.1403,-0.83621
ISL2,-0.14041,1.25248
HIC2,-0.14046,0.48876
BDP1,-0.14048,0.41219
HNF4G,-0.14052,0.89252
MAFK,-0.14057,-0.18717
MYBL2,-0.14057,-0.19707
GATA3,-0.1406,0.63765
RFX3,-0.1407,0.21238
ELF1,-0.14076,-0.0385
LHX2,-0.14077,1.74567
FOS,-0.14081,0.11477
NFYB,-0.14103,-0.01498
CTCF,-0.14103,0.1109
UBE2V1,-0.14104,-0.08291
SMARCC2,-0.14106,0.2036
NFYB,-0.14112,-0.01498
BARHL2,-0.14114,1.83251
FOXO4,-0.14122,0.05375
OLIG2,-0.14127,0.79877
POU3F3,-0.14139,1.52977
FOXO4,-0.14143,0.05375
TCF7,-0.14158,0.17771
NR2C1,-0.14165,0.14754
FOSL1,-0.14165,0.12968
AHR,-0.14167,-0.31593
NXPH3,-0.14172,0.17609
MXI1,-0.14182,0.36623
RFX5,-0.14183,0.24121
HOXA3,-0.14183,-0.49974
SMAP2,-0.14185,0.05035
GBX2,-0.14188,1.92073
RUNX2,-0.142,-0.44748
USF2,-0.14203,-0.17263
MSX1,-0.14205,0.83405
NR3C1,-0.14207,-0.11267
EGR1,-0.14213,0.22639
STAT1,-0.14218,-0.01743
CREB1,-0.14219,-0.1189
MAFF,-0.14221,0.15237
FOXC2,-0.14238,-2.00079
SRF,-0.14244,-0.18877
NR1H2,-0.14251,-0.17777
MEOX1,-0.14251,0.5983
TGIF1,-0.14259,0.24022
XBP1,-0.14261,0.09852
MEIS2,-0.14273,-0.06534
GATA3,-0.14287,0.63765
NFYC,-0.1429,0.04732
RUNX2,-0.14298,-0.44748
DLX6,-0.14308,1.50012
DLX2,-0.14324,0.70947
SOX1,-0.14329,1.77815
CEBPB,-0.14333,0.1585
MYBL2,-0.14334,-0.19707
NR2C1,-0.14336,0.14754
MEIS2,-0.14342,-0.06534
GATA3,-0.14345,0.63765
IRF5,-0.14346,0.56234
HSF1,-0.14348,0.46176
HOXD9,-0.14351,-0.24896
E2F1,-0.14357,-0.14567
TBX1,-0.14358,1.76691
HEY2,-0.1436,1.09575
RXRA,-0.14362,0.30198
ELK4,-0.14364,0.1604
GFI1,-0.14365,0.95373
JUND,-0.14368,-0.03685
RXRA,-0.14371,0.30198
BCL11A,-0.14377,1.84042
NR2F1,-0.14385,-0.40683
NFE2,-0.14392,0.59563
TFAP2C,-0.14394,0.6037
BHLHE41,-0.14395,-0.53218
TEAD3,-0.14409,-0.10294
HSF1,-0.14412,0.46176
ETV2,-0.14414,-0.21244
MNT,-0.14415,0.05603
PPARG,-0.14415,-0.0062
GATA2,-0.14419,-0.05162
BCL6,-0.14422,-0.46691
TBX1,-0.14431,1.76691
SOX15,-0.14432,-0.29176
NR3C1,-0.14434,-0.11267
MECP2,-0.14437,0.18722
LHX6,-0.1444,1.97772
ZNF143,-0.14443,-0.08045
GATA2,-0.14456,-0.05162
GATA3,-0.1446,0.63765
HOXD3,-0.14462,-0.7231
ZNF3,-0.1447,0.04979
RFX2,-0.14471,0.09243
SOX17,-0.14472,-2.18298
MYB,-0.14474,-0.11523
SREBF2,-0.14494,0.00057
KLF4,-0.14498,1.14393
EN1,-0.1451,1.50651
HNF4G,-0.14522,0.89252
MEOX1,-0.14531,0.5983
SOX8,-0.14544,0.98528
RXRA,-0.14545,0.30198
TFAP2A,-0.14558,-0.00481
JUND,-0.14561,-0.03685
RFX3,-0.14562,0.21238
FOXP3,-0.14563,0.80403
RORB,-0.14568,1.75358
SOX2,-0.14569,1.37658
TFAP2C,-0.1457,0.6037
AGGF1,-0.14573,0.05794
CREB3L1,-0.14574,-0.29251
STAT5B,-0.14581,-0.28536
REL,-0.14583,0.12775
POU6F1,-0.14591,-0.06658
INSM1,-0.14592,1.22789
TBP,-0.14595,0.01746
RXRA,-0.14595,0.30198
ESRRB,-0.14597,1.09807
SOX17,-0.14606,-2.18298
NR4A2,-0.14611,0.11007
MLX,-0.14615,0.04225
LEF1,-0.14622,0.99309
RAD21,-0.14626,0.33699
TGIF2,-0.14635,0.13496
TFAP2A,-0.14643,-0.00481
SRF,-0.14648,-0.18877
POU2F1,-0.14654,0.47712
BACH2,-0.14657,1.29373
EN2,-0.14662,1.5098
POU2F2,-0.14668,-0.79029
SOX8,-0.1467,0.98528
EN2,-0.14677,1.5098
CREB3L2,-0.1468,0.15749
SOX8,-0.14682,0.98528
SREBF1,-0.14683,-0.15578
MORN1,-0.14686,0.37255
NFE2L1,-0.14688,-0.03223
RFX5,-0.1469,0.24121
HMX2,-0.14692,1.25527
SRF,-0.14694,-0.18877
TBX1,-0.14695,1.76691
RUNX2,-0.14695,-0.44748
SREBF1,-0.14698,-0.15578
ETV4,-0.14701,0.15297
TBX1,-0.14707,1.76691
NFIL3,-0.14711,0.04188
FOXA1,-0.14716,0.59218
TCF12,-0.14717,-0.03309
ARID5B,-0.14723,-0.5962
NR3C2,-0.14724,0.66608
TCF3,-0.14726,-0.11833
CUX1,-0.14735,-0.02564
AR,-0.14736,0.74347
IRF8,-0.14757,0.31482
DLX6,-0.14759,1.50012
GBX2,-0.14762,1.92073
NR1H2,-0.14762,-0.17777
YY2,-0.14762,-0.33904
BCL6,-0.14764,-0.46691
MSX2,-0.14771,1.37658
SOX2,-0.14772,1.37658
ZIC2,-0.1478,2.51825
ATF7,-0.14782,0.14396
TBX1,-0.14787,1.76691
VAX2,-0.14788,-0.14018
SOX8,-0.14791,0.98528
CEBPB,-0.14795,0.1585
FOXO4,-0.14795,0.05375
EMX2,-0.14803,1.14301
NFIA,-0.14805,0.15147
RAD21,-0.14808,0.33699
ZNF711,-0.14814,2.03364
NR4A1,-0.14819,0.49659
ETV1,-0.14822,0.0445
MAFF,-0.14823,0.15237
RCOR1,-0.14824,0.29047
SNAI1,-0.14824,-0.00065
HOXB6,-0.14826,0.12505
ZEB1,-0.14837,-0.14882
GATA3,-0.14838,0.63765
ZBTB3,-0.14838,0.39844
CEBPB,-0.14839,0.1585
FOXP3,-0.1484,0.80403
NFIX,-0.14845,-0.37506
NKX6-1,-0.14853,1.89061
AHR,-0.14853,-0.31593
THRB,-0.14857,0.86606
CEBPA,-0.14858,1.86054
TP53,-0.14869,-0.06103
MYC,-0.14871,0.22497
ID4,-0.14873,-0.49292
NFKB1,-0.14878,-0.02496
UQCRB,-0.14883,0.26139
TBP,-0.14887,0.01746
MAGOH,-0.149,0.20422
FOXO4,-0.14904,0.05375
FOS,-0.14904,0.11477
FOXA1,-0.14907,0.59218
NR3C2,-0.14907,0.66608
BARHL2,-0.14909,1.83251
FLI1,-0.1491,-2.13898
ELK1,-0.14915,-0.14318
SOX13,-0.14921,0.20325
PAX2,-0.1493,1.0569
PBX3,-0.14941,0.40978
RXRA,-0.14947,0.30198
OTX1,-0.14948,0.61502
TBX1,-0.1495,1.76691
GATA6,-0.14956,-0.4102
MSX2,-0.14963,1.37658
FOXL1,-0.14965,-0.97272
PAX6,-0.14968,0.87769
HAND1,-0.1497,0.94118
SRP9,-0.14982,0.0278
ETS1,-0.14984,0.2381
REL,-0.14986,0.12775
ELK3,-0.14988,-0.31483
ELK1,-0.14993,-0.14318
REST,-0.15002,0.20711
ETV6,-0.15005,-0.12382
SRF,-0.15008,-0.18877
ESRRA,-0.15011,0.36686
SIX5,-0.15012,-0.04506
NR4A3,-0.15014,0.41497
E2F1,-0.15016,-0.14567
TCF12,-0.15021,-0.03309
NR2F6,-0.15024,-0.07863
YWHAE,-0.15032,0.00704
RFX2,-0.15033,0.09243
REL,-0.15034,0.12775
GMEB2,-0.15039,0.07687
SMC3,-0.15043,0.09897
TFEB,-0.15056,-0.41856
PCK2,-0.15066,0.89665
VDR,-0.15066,0.18204
ELK4,-0.15067,0.1604
ID4,-0.1507,-0.49292
TFAP2C,-0.15075,0.6037
EGR1,-0.15076,0.22639
IRF4,-0.15078,-0.17271
RUNX3,-0.15081,1.32536
HSF1,-0.15093,0.46176
SIX5,-0.15099,-0.04506
HNF4G,-0.15108,0.89252
TBX1,-0.15109,1.76691
RXRA,-0.1511,0.30198
YY2,-0.15113,-0.33904
PAX6,-0.15121,0.87769
ESRRA,-0.15123,0.36686
PBX1,-0.15124,-0.73611
TBP,-0.15127,0.01746
JDP2,-0.1513,0.49816
FOXO4,-0.15132,0.05375
MZF1,-0.15133,0.10253
ERG,-0.15135,1.54862
STAT6,-0.15153,-0.29029
ELF1,-0.15164,-0.0385
TFAP2C,-0.15167,0.6037
DLX4,-0.15171,1.70529
SOX15,-0.15181,-0.29176
SMAD1,-0.15181,-0.01057
SIN3A,-0.15184,0.04933
ZDHHC15,-0.15184,1.7796
GATA3,-0.15185,0.63765
SP8,-0.15185,1.34044
RUNX2,-0.15186,-0.44748
STAT1,-0.15191,-0.01743
HOXA5,-0.15195,0.04334
RFX2,-0.15199,0.09243
OTX1,-0.15203,0.61502
NFIC,-0.15204,-0.21458
MEF2D,-0.15214,-0.06654
GTF2F1,-0.15219,0.04066
PRDM4,-0.1523,0.23073
MEIS1,-0.15231,-0.46847
GLI2,-0.15236,0.00519
HINFP,-0.15237,0.09309
ISL2,-0.15273,1.25248
NFATC1,-0.15274,1.17367
MSC,-0.15288,0.03375
SREBF2,-0.15318,0.00057
PAX2,-0.15321,1.0569
MZF1,-0.15329,0.10253
BACH1,-0.15341,-0.08588
NKX2-8,-0.15343,1.30963
LMO2,-0.15343,0.51266
BHLHE41,-0.15351,-0.53218
SP3,-0.15353,0.05187
FLI1,-0.15367,-2.13898
MEIS2,-0.15369,-0.06534
MEIS2,-0.15371,-0.06534
MEIS1,-0.15373,-0.46847
RARA,-0.15391,-0.25519
ZSCAN16,-0.15395,0.07149
FLI1,-0.15402,-2.13898
AHR,-0.15408,-0.31593
TBP,-0.15418,0.01746
SOX8,-0.15422,0.98528
TP53,-0.15422,-0.06103
EN1,-0.15425,1.50651
TGIF1,-0.1543,0.24022
ZNF143,-0.15437,-0.08045
HOXA2,-0.15448,-0.49643
ZEB1,-0.1545,-0.14882
NR2F2,-0.15452,-0.04126
E2F2,-0.15454,0.546
OSR2,-0.15466,0.51205
MAFF,-0.15468,0.15237
STAT3,-0.15477,-0.16234
ELF2,-0.15481,0.08062
SIX1,-0.15489,0.9836
SRF,-0.15494,-0.18877
PKNOX1,-0.15497,-0.01682
RFX5,-0.15499,0.24121
VAX1,-0.15503,1.0607
FOSL2,-0.15506,0.07854
OLIG2,-0.15509,0.79877
CEBPB,-0.15516,0.1585
EMX1,-0.15516,1.22011
SIX5,-0.15518,-0.04506
GFI1,-0.15535,0.95373
DLX5,-0.15535,1.14301
PQBP1,-0.15536,0.02009
EGR2,-0.15538,1.68485
TFCP2,-0.15539,-0.18064
PAX2,-0.15553,1.0569
TEAD1,-0.15554,0.23157
RXRA,-0.15554,0.30198
TFAP2C,-0.15559,0.6037
GBX2,-0.15565,1.92073
TBX1,-0.1557,1.76691
RFX5,-0.15583,0.24121
TBX20,-0.15592,1.45484
USF1,-0.15593,-0.13268
HOXD11,-0.15594,0.14834
RUNX3,-0.15599,1.32536
REST,-0.15603,0.20711
GATA2,-0.15604,-0.05162
GMEB2,-0.15605,0.07687
PKNOX2,-0.15605,0.45558
JUND,-0.15608,-0.03685
NFYA,-0.15614,-0.02481
EGR1,-0.15622,0.22639
GBX2,-0.15625,1.92073
TBP,-0.15629,0.01746
SREBF2,-0.15634,0.00057
IRF2,-0.15639,-0.18248
PHLDA2,-0.15644,-0.17956
FOXF1,-0.15658,0.17609
JUND,-0.15664,-0.03685
RORA,-0.15675,1.26779
TFAP4,-0.15679,0.30334
NR2F2,-0.15701,-0.04126
GATA6,-0.15701,-0.4102
ELK3,-0.15707,-0.31483
NKX3-1,-0.15719,-0.17361
CYCS,-0.1572,0.10917
USF1,-0.15728,-0.13268
LBX2,-0.15736,1.06169
MYBL2,-0.15739,-0.19707
CEBPA,-0.15746,1.86054
E2F1,-0.15747,-0.14567
SREBF1,-0.15757,-0.15578
BHLHE40,-0.15761,0.12349
NR3C1,-0.15762,-0.11267
HOXA5,-0.15772,0.04334
CEBPZ,-0.15774,0.03188
IRF1,-0.15781,0.07358
GFI1,-0.15785,0.95373
EP300,-0.15793,0.07356
TFCP2,-0.15797,-0.18064
MYB,-0.15803,-0.11523
TFAP2A,-0.15809,-0.00481
FOXD1,-0.15815,0.21153
TBX1,-0.15823,1.76691
RUNX3,-0.15825,1.32536
FOS,-0.15834,0.11477
CREB3L1,-0.15841,-0.29251
NFIC,-0.15842,-0.21458
RAD21,-0.15843,0.33699
PBX1,-0.15849,-0.73611
NR2F1,-0.15851,-0.40683
SOD1,-0.15853,-0.02102
TCF4,-0.15859,-0.83621
ISL2,-0.15866,1.25248
MEF2A,-0.15872,-0.11613
E2F5,-0.15884,0.52151
ZEB1,-0.15886,-0.14882
SOX2,-0.15886,1.37658
RUNX3,-0.15888,1.32536
SP3,-0.15895,0.05187
SIX3,-0.1591,1.18469
FOXO4,-0.15914,0.05375
RFX7,-0.15915,-0.09369
ZBED1,-0.15916,-0.20248
DMBX1,-0.15927,1.4014
TFAP2A,-0.15928,-0.00481
PQBP1,-0.15936,0.02009
RUNX1,-0.15943,-0.06798
ZKSCAN1,-0.15949,0.25502
EMX2,-0.1595,1.14301
SOX17,-0.15953,-2.18298
MAFA,-0.15954,1.66573
SMARCC1,-0.15957,0.26372
GBX2,-0.15963,1.92073
NFE2L1,-0.1597,-0.03223
SOX18,-0.1597,1.26007
NFIX,-0.15971,-0.37506
PITX1,-0.15976,2.66087
HINFP,-0.15977,0.09309
REST,-0.15989,0.20711
TFAP4,-0.15992,0.30334
TCF12,-0.15994,-0.03309
HIC2,-0.15995,0.48876
FOXG1,-0.15996,1.5762
TEAD4,-0.15998,0.33182
OLIG2,-0.16001,0.79877
PPARG,-0.16002,-0.0062
FOXC1,-0.16004,0.69824
HIF1A,-0.16005,-0.1013
FOXG1,-0.16011,1.5762
PAX6,-0.16019,0.87769
PPARA,-0.1602,0.48827
MEIS2,-0.16024,-0.06534
RARB,-0.16028,-0.80509
HOXA1,-0.16034,0.09858
FOXO1,-0.16036,0.19161
MSX2,-0.16037,1.37658
SRF,-0.16037,-0.18877
MAFF,-0.16048,0.15237
CXXC1,-0.16052,-0.20636
AR,-0.16058,0.74347
TFEB,-0.1606,-0.41856
RFX2,-0.16067,0.09243
HINFP,-0.16069,0.09309
MSI2,-0.16078,0.47744
SREBF2,-0.16086,0.00057
TFAP2A,-0.16092,-0.00481
JUND,-0.16108,-0.03685
CUX2,-0.16111,1.0607
TCF7,-0.16119,0.17771
SIX5,-0.16123,-0.04506
TCF7,-0.16125,0.17771
FOXM1,-0.16125,-0.09234
HBP1,-0.16135,-0.38822
EGR2,-0.16156,1.68485
ZEB1,-0.16159,-0.14882
CUX1,-0.16175,-0.02564
CEBPB,-0.16177,0.1585
ETV4,-0.16188,0.15297
MAFK,-0.16188,-0.18717
ELF4,-0.16189,-0.23961
CYB5R1,-0.16199,-0.02612
HESX1,-0.16199,0.17438
CLOCK,-0.16211,0.06464
CREB3L1,-0.16217,-0.29251
ERG,-0.1622,1.54862
CEBPB,-0.16221,0.1585
CBFB,-0.16222,0.09939
RCOR1,-0.16226,0.29047
TFCP2,-0.16239,-0.18064
ISL2,-0.16251,1.25248
MAF,-0.16253,1.50435
FOS,-0.16268,0.11477
ZNF3,-0.16272,0.04979
TBP,-0.16275,0.01746
BRCA1,-0.16279,-0.27515
ZEB1,-0.16287,-0.14882
MYC,-0.16289,0.22497
TFAP2C,-0.16301,0.6037
HES1,-0.16306,0.29018
BHLHE40,-0.16307,0.12349
OLIG2,-0.16307,0.79877
RFX2,-0.16314,0.09243
FOXO4,-0.1632,0.05375
MAFB,-0.16322,0.64383
REL,-0.16324,0.12775
TGIF1,-0.16333,0.24022
FOXO1,-0.16338,0.19161
NFYA,-0.16339,-0.02481
HMX1,-0.16343,1.5563
REL,-0.16348,0.12775
USF2,-0.16348,-0.17263
NR3C1,-0.16349,-0.11267
MYB,-0.16349,-0.11523
TCF4,-0.16352,-0.83621
ZBTB3,-0.16353,0.39844
HOXB3,-0.16358,-0.40051
HOXC6,-0.16362,-0.04045
E2F1,-0.16368,-0.14567
TCF7L1,-0.16368,-0.12623
FOXP3,-0.16383,0.80403
FOXO6,-0.1639,1.52196
ETV1,-0.1639,0.0445
GLI3,-0.16406,-0.16955
ATF2,-0.16414,0.19734
XBP1,-0.16415,0.09852
SOX9,-0.16426,0.21723
NFATC3,-0.16441,0.26356
FOXO4,-0.16445,0.05375
CENPB,-0.16448,-0.10852
HOXA3,-0.16449,-0.49974
SMAD4,-0.16452,0.01087
STAT3,-0.16454,-0.16234
FOXD3,-0.16468,1.66375
HMBOX1,-0.1647,0.39571
RFX5,-0.1647,0.24121
SNAI2,-0.16487,-0.12542
ZNF350,-0.16494,0.07255
ETV4,-0.16511,0.15297
BCL6,-0.16512,-0.46691
ZNF143,-0.16515,-0.08045
ETV6,-0.16521,-0.12382
FOXO1,-0.16523,0.19161
LHX6,-0.16526,1.97772
FOXC2,-0.16526,-2.00079
FOSL2,-0.16527,0.07854
JUN,-0.16527,0.26082
BCL11A,-0.16529,1.84042
PDX1,-0.16534,1.13033
SOX15,-0.16538,-0.29176
NFIA,-0.16538,0.15147
FOS,-0.16545,0.11477
HOXD3,-0.16549,-0.7231
YY2,-0.16554,-0.33904
NR2C2,-0.16556,0.21475
ZEB1,-0.16562,-0.14882
NFIX,-0.16564,-0.37506
SMAD3,-0.16565,-0.38086
FOXB1,-0.16568,1.39094
AR,-0.16572,0.74347
ETS2,-0.16574,0.26666
MAFK,-0.16574,-0.18717
NR4A3,-0.16577,0.41497
NR3C1,-0.1659,-0.11267
SOX18,-0.16593,1.26007
HOXA3,-0.16594,-0.49974
BRCA1,-0.16602,-0.27515
MYC,-0.16608,0.22497
TBX3,-0.16614,-0.64016
EGR2,-0.16615,1.68485
SOX8,-0.1663,0.98528
FOSL1,-0.16632,0.12968
MYLK,-0.16634,-0.31107
RUNX3,-0.16646,1.32536
FOXJ3,-0.16651,0.24609
STAU2,-0.16654,0.26301
HIRIP3,-0.1666,0.17969
NKX6-1,-0.16665,1.89061
GRHL1,-0.16666,0.60779
MAX,-0.16669,0.13856
HINFP,-0.16677,0.09309
PAX2,-0.16687,1.0569
RXRA,-0.16691,0.30198
ZNF711,-0.16692,2.03364
YY2,-0.16696,-0.33904
NKX2-8,-0.16703,1.30963
GFI1,-0.16709,0.95373
BARX1,-0.1671,1.13672
GATA2,-0.1671,-0.05162
IRF3,-0.16711,-0.1629
HOXD9,-0.16711,-0.24896
HERPUD1,-0.16719,0.11175
VDR,-0.16721,0.18204
PAX9,-0.16721,1.51678
E2F1,-0.16726,-0.14567
CENPB,-0.16726,-0.10852
MEF2D,-0.1673,-0.06654
GMEB2,-0.16731,0.07687
RFX5,-0.16731,0.24121
EMX1,-0.16736,1.22011
NFIA,-0.16739,0.15147
SMAD2,-0.16743,-0.33837
MAFK,-0.16747,-0.18717
ZBTB4,-0.16751,-0.18334
TFAP2C,-0.16758,0.6037
ZNF143,-0.16761,-0.08045
SOX15,-0.16764,-0.29176
NR3C1,-0.1677,-0.11267
NFYB,-0.16771,-0.01498
MAFK,-0.16772,-0.18717
NR3C1,-0.16773,-0.11267
NFYA,-0.1678,-0.02481
VDR,-0.16782,0.18204
SREBF2,-0.16795,0.00057
ESRRB,-0.16807,1.09807
CTCF,-0.16831,0.1109
ARNT,-0.16833,0.03492
TP53,-0.16838,-0.06103
XBP1,-0.16844,0.09852
BCL11A,-0.16846,1.84042
TFAP2A,-0.1685,-0.00481
RAD21,-0.16852,0.33699
CEBPB,-0.16857,0.1585
MDM2,-0.1687,0.03939
HOXD3,-0.16872,-0.7231
BDP1,-0.16876,0.41219
TFAP2A,-0.16885,-0.00481
ELK1,-0.1689,-0.14318
TFAP2A,-0.1689,-0.00481
SMAD3,-0.16891,-0.38086
HOXA3,-0.16896,-0.49974
HOXA4,-0.16905,-0.29989
MLX,-0.16905,0.04225
ESRRA,-0.16908,0.36686
SOX2,-0.16924,1.37658
PKNOX1,-0.1694,-0.01682
NFE2L2,-0.16943,0.01426
MAFK,-0.16946,-0.18717
MAFK,-0.16947,-0.18717
TP53,-0.16948,-0.06103
RFX5,-0.16948,0.24121
PDX1,-0.1695,1.13033
ETV3,-0.16968,0.22639
NFKB1,-0.16969,-0.02496
PAX6,-0.1697,0.87769
FOXO4,-0.16971,0.05375
TBX20,-0.16974,1.45484
TCF7,-0.16974,0.17771
MYB,-0.16976,-0.11523
ARNT,-0.16983,0.03492
NKX2-1,-0.16985,2.41647
HOXB3,-0.16986,-0.40051
TBX2,-0.16991,0.74219
MGA,-0.16993,0.06935
RAD21,-0.16995,0.33699
HOXA3,-0.16996,-0.49974
OSR2,-0.1701,0.51205
MAFB,-0.17012,0.64383
NR2F2,-0.17014,-0.04126
PKNOX1,-0.17015,-0.01682
REL,-0.17029,0.12775
EGR1,-0.17032,0.22639
TCF7,-0.17033,0.17771
HOMEZ,-0.17035,0.41613
ZKSCAN8,-0.17044,0.3751
HESX1,-0.17044,0.17438
ZBTB33,-0.17044,0.15431
PAX6,-0.17046,0.87769
SREBF1,-0.17048,-0.15578
MYBL1,-0.17058,0.21759
CDX2,-0.17069,2.15473
THAP1,-0.17075,0.30516
CENPB,-0.17076,-0.10852
STAT1,-0.17077,-0.01743
MYB,-0.17082,-0.11523
NR3C1,-0.17083,-0.11267
FOSL1,-0.17088,0.12968
RFX5,-0.17089,0.24121
SRF,-0.17089,-0.18877
CEBPA,-0.17109,1.86054
CYB5R1,-0.1712,-0.02612
MEIS1,-0.17127,-0.46847
VDR,-0.17134,0.18204
SREBF1,-0.17135,-0.15578
HOXB3,-0.17136,-0.40051
JUNB,-0.17138,0.12824
ZNF143,-0.17146,-0.08045
TFAP2A,-0.17147,-0.00481
KLF3,-0.1715,0.08462
HINFP,-0.1715,0.09309
REL,-0.17154,0.12775
KLF8,-0.17154,1.24055
GATA4,-0.17158,-1.3276
CEBPZ,-0.17158,0.03188
SIX5,-0.1716,-0.04506
CTCF,-0.17165,0.1109
NFYA,-0.17168,-0.02481
NFE2L2,-0.17173,0.01426
ALX1,-0.17175,0.03003
ID4,-0.17183,-0.49292
TFAP2A,-0.17186,-0.00481
PAX6,-0.17187,0.87769
E2F1,-0.1719,-0.14567
NFE2,-0.17191,0.59563
LHX6,-0.17192,1.97772
CUX1,-0.17194,-0.02564
HMBOX1,-0.17203,0.39571
RARG,-0.17209,-0.50335
HOXB7,-0.17212,0.26541
HSF4,-0.17217,1.04243
NR3C1,-0.17226,-0.11267
TCF12,-0.17228,-0.03309
CEBPB,-0.17233,0.1585
ESRRA,-0.17236,0.36686
ZBTB4,-0.17238,-0.18334
ZEB1,-0.17242,-0.14882
TFCP2,-0.17246,-0.18064
NFKB1,-0.1725,-0.02496
NKX3-1,-0.17251,-0.17361
RUNX2,-0.17252,-0.44748
ESRRA,-0.17252,0.36686
TFAP2C,-0.17257,0.6037
SOX2,-0.17263,1.37658
PITX1,-0.17264,2.66087
EGR2,-0.17274,1.68485
RORA,-0.17276,1.26779
TBX2,-0.17281,0.74219
ZNF3,-0.17282,0.04979
ATF3,-0.17284,0.74563
FOSB,-0.17289,0.22429
SREBF2,-0.1729,0.00057
NR4A2,-0.173,0.11007
TFAP2A,-0.17306,-0.00481
RFX3,-0.17314,0.21238
SOX7,-0.17321,0.94009
SOX8,-0.17332,0.98528
NFIC,-0.17339,-0.21458
TFAP4,-0.17352,0.30334
PAX3,-0.17362,1.45939
ZBTB4,-0.17364,-0.18334
RFX2,-0.17366,0.09243
TGIF1,-0.17367,0.24022
ARNT,-0.1737,0.03492
HES1,-0.17375,0.29018
GATA6,-0.1738,-0.4102
ZBTB4,-0.17383,-0.18334
MAFK,-0.17386,-0.18717
ATF6,-0.17398,-0.21495
RXRA,-0.17402,0.30198
GATA6,-0.17402,-0.4102
FOSL1,-0.17406,0.12968
NFATC1,-0.17413,1.17367
MYBL1,-0.17413,0.21759
PDX1,-0.17416,1.13033
MSI1,-0.17423,1.7598
AHR,-0.17437,-0.31593
OTX1,-0.17441,0.61502
LSM6,-0.17449,0.16293
RARG,-0.17468,-0.50335
MLXIPL,-0.17471,1.28556
HNF4G,-0.17472,0.89252
MLX,-0.17483,0.04225
HEY2,-0.17491,1.09575
TBX20,-0.17493,1.45484
ZNF524,-0.17501,-0.36672
NKX2-8,-0.17503,1.30963
GMEB1,-0.17507,-0.0629
NKX2-8,-0.17513,1.30963
RFX2,-0.17522,0.09243
FOXM1,-0.17523,-0.09234
JUN,-0.17528,0.26082
SOX8,-0.1754,0.98528
SP1,-0.1754,0.23865
HIF1A,-0.17541,-0.1013
ERG,-0.17548,1.54862
ESRP2,-0.17549,1.66449
CEBPG,-0.17554,0.22789
MZF1,-0.17556,0.10253
FOXK1,-0.17564,0.61424
MSX2,-0.17572,1.37658
NRL,-0.17575,0.13212
NR4A2,-0.17577,0.11007
NR4A2,-0.17586,0.11007
USF1,-0.17586,-0.13268
GATA2,-0.17602,-0.05162
EN2,-0.17603,1.5098
GATA4,-0.17604,-1.3276
REL,-0.17605,0.12775
ZIC2,-0.17609,2.51825
RARA,-0.1761,-0.25519
TFAP2A,-0.17616,-0.00481
OTX1,-0.17616,0.61502
STAT1,-0.17617,-0.01743
ISL2,-0.17617,1.25248
YWHAZ,-0.17618,0.2477
CCDC6,-0.17632,0.18592
RXRA,-0.17632,0.30198
ETS1,-0.17633,0.2381
NKX3-1,-0.17635,-0.17361
HOXA1,-0.17636,0.09858
LUZP1,-0.17644,-0.12716
TFAP2C,-0.17648,0.6037
TEAD1,-0.17651,0.23157
TBX20,-0.17658,1.45484
NKX2-5,-0.17663,1.55041
ATF3,-0.17668,0.74563
RBM8A,-0.17668,-0.00956
AHR,-0.17668,-0.31593
TWIST1,-0.17673,-0.19509
MITF,-0.17691,0.30426
MEIS1,-0.17694,-0.46847
POU2F2,-0.17695,-0.79029
TFAP2A,-0.17697,-0.00481
ATF3,-0.17699,0.74563
RXRB,-0.17705,0.14875
HOXB7,-0.17709,0.26541
GMEB2,-0.17711,0.07687
GATA2,-0.17716,-0.05162
SETDB1,-0.17724,0.0425
RAD21,-0.17728,0.33699
BHLHA15,-0.17729,1.12494
FOXF2,-0.17742,0.41095
PAX2,-0.17747,1.0569
SREBF1,-0.17752,-0.15578
ETV6,-0.17752,-0.12382
SND1,-0.17754,-0.30727
MSX1,-0.17755,0.83405
EN1,-0.17758,1.50651
ATF7,-0.17767,0.14396
EPAS1,-0.17787,-0.67374
PROX1,-0.17793,1.25768
BHLHA15,-0.17797,1.12494
INSM1,-0.17806,1.22789
ESRRA,-0.17809,0.36686
HIC2,-0.17811,0.48876
NKX2-8,-0.17815,1.30963
HIVEP1,-0.17816,0.17371
EOMES,-0.17828,1.4624
AR,-0.17831,0.74347
RARA,-0.17844,-0.25519
SOX17,-0.17846,-2.18298
RFX2,-0.17852,0.09243
LHX6,-0.17859,1.97772
POU2F2,-0.17863,-0.79029
PBX3,-0.17869,0.40978
DLX2,-0.17881,0.70947
HOXA7,-0.17886,-1.08007
EBF3,-0.17888,1.02359
RFX5,-0.17894,0.24121
NR3C2,-0.17894,0.66608
MLX,-0.17897,0.04225
EGR1,-0.17899,0.22639
ALX4,-0.17904,1.37058
SOX8,-0.17908,0.98528
THRA,-0.1791,-0.23344
TFAP2C,-0.17911,0.6037
HIVEP1,-0.17919,0.17371
GMEB2,-0.17921,0.07687
ETV6,-0.17924,-0.12382
NFKB1,-0.17928,-0.02496
HIC2,-0.17938,0.48876
POU3F3,-0.17939,1.52977
FOXP3,-0.17941,0.80403
NR3C1,-0.17945,-0.11267
GFI1,-0.17945,0.95373
PAX2,-0.17947,1.0569
PLAG1,-0.17947,0.41363
KLF3,-0.17958,0.08462
TCF7,-0.17963,0.17771
FOXJ3,-0.17966,0.24609
ESRRA,-0.17972,0.36686
HERPUD1,-0.17972,0.11175
STAT3,-0.17974,-0.16234
TFCP2,-0.17974,-0.18064
YY2,-0.17977,-0.33904
SOX2,-0.17979,1.37658
BDP1,-0.17982,0.41219
ETS1,-0.17992,0.2381
ZSCAN16,-0.17994,0.07149
SOX8,-0.17995,0.98528
HOXD3,-0.18,-0.7231
CTCF,-0.18001,0.1109
RARG,-0.18016,-0.50335
DDIT3,-0.18018,0.31605
SMC3,-0.18021,0.09897
CUX2,-0.18031,1.0607
TFCP2,-0.18031,-0.18064
CLOCK,-0.18034,0.06464
HOXC6,-0.18042,-0.04045
TFAP2C,-0.18051,0.6037
FOS,-0.18051,0.11477
TCF12,-0.18059,-0.03309
KLF4,-0.18061,1.14393
MEIS2,-0.18063,-0.06534
ETV3,-0.18064,0.22639
CHD2,-0.18066,0.16413
NFIX,-0.18072,-0.37506
BARHL2,-0.18081,1.83251
FOSB,-0.18083,0.22429
FOXA3,-0.18086,1.07463
CREB1,-0.1809,-0.1189
CUX1,-0.1809,-0.02564
TFEB,-0.18095,-0.41856
REL,-0.18112,0.12775
EIF5A2,-0.18114,-0.32772
IRF1,-0.18117,0.07358
TEAD3,-0.1812,-0.10294
NR3C1,-0.1812,-0.11267
ETS1,-0.18121,0.2381
TFCP2,-0.18122,-0.18064
BHLHE40,-0.18128,0.12349
TFAP2C,-0.18134,0.6037
NKX2-5,-0.18139,1.55041
FOXA3,-0.18139,1.07463
HSF1,-0.18145,0.46176
HNF4G,-0.18147,0.89252
PAX6,-0.18147,0.87769
TCF3,-0.18151,-0.11833
NFE2L2,-0.18167,0.01426
ESRRA,-0.18169,0.36686
PBX3,-0.18191,0.40978
RXRA,-0.18215,0.30198
ESRRA,-0.18221,0.36686
ID4,-0.18222,-0.49292
NR3C1,-0.18231,-0.11267
HAND1,-0.18239,0.94118
CDC5L,-0.18242,-0.00818
CTCF,-0.18244,0.1109
REL,-0.18246,0.12775
JUNB,-0.18248,0.12824
MLXIPL,-0.18248,1.28556
HSF4,-0.18253,1.04243
HMGA1,-0.18254,0.06617
DMBX1,-0.18261,1.4014
ELK3,-0.18273,-0.31483
ZNF524,-0.18275,-0.36672
MEF2C,-0.18281,0.40985
YY1,-0.18286,0.14859
SOX2,-0.18288,1.37658
JDP2,-0.183,0.49816
MEIS3,-0.18302,0.68303
NFYB,-0.18303,-0.01498
LHX6,-0.18315,1.97772
TFE3,-0.1832,-0.02572
RPL6,-0.18321,0.06944
REL,-0.18346,0.12775
NFE2,-0.1835,0.59563
TFAP2C,-0.18353,0.6037
ESRRA,-0.18363,0.36686
RARA,-0.18363,-0.25519
HOXC11,-0.18364,0.58072
HOXD8,-0.18365,-0.50292
NFYA,-0.18369,-0.02481
ALX4,-0.1837,1.37058
SOX8,-0.18378,0.98528
ZBTB3,-0.18382,0.39844
TBP,-0.18384,0.01746
RFX5,-0.18387,0.24121
TWIST1,-0.18387,-0.19509
RARA,-0.18397,-0.25519
NFIA,-0.18404,0.15147
TCEAL2,-0.18417,1.83506
CLOCK,-0.18419,0.06464
OLIG2,-0.18433,0.79877
TGIF1,-0.18435,0.24022
RXRA,-0.18436,0.30198
ATF2,-0.18439,0.19734
NFIL3,-0.1844,0.04188
SOX2,-0.18448,1.37658
LHX6,-0.18452,1.97772
MSX1,-0.18458,0.83405
ETS1,-0.1846,0.2381
MYBL2,-0.18461,-0.19707
NFIL3,-0.18468,0.04188
DLX5,-0.18468,1.14301
HNF4G,-0.18471,0.89252
NR2F1,-0.18477,-0.40683
LMO2,-0.18487,0.51266
ZNF3,-0.18489,0.04979
HIF1A,-0.18497,-0.1013
ETV4,-0.18505,0.15297
TFE3,-0.18515,-0.02572
ESRRB,-0.18517,1.09807
TFCP2,-0.18518,-0.18064
TFAP4,-0.1852,0.30334
E2F1,-0.18536,-0.14567
BHLHA15,-0.1854,1.12494
FOXO4,-0.18545,0.05375
NR3C1,-0.18547,-0.11267
REL,-0.18564,0.12775
LHX2,-0.18573,1.74567
TGIF1,-0.18577,0.24022
ZEB1,-0.18581,-0.14882
FOXO3,-0.18581,-0.09404
GTPBP6,-0.18584,-0.21134
HINFP,-0.18585,0.09309
ETV3,-0.18587,0.22639
SOX8,-0.1859,0.98528
HEY2,-0.18595,1.09575
IRF3,-0.18607,-0.1629
AR,-0.1861,0.74347
CDX2,-0.18613,2.15473
TCF3,-0.18615,-0.11833
EN2,-0.18622,1.5098
RFX5,-0.18632,0.24121
ATF3,-0.18633,0.74563
RAD21,-0.18633,0.33699
ELK1,-0.18653,-0.14318
HNRNPH3,-0.18654,0.04128
TCF12,-0.1866,-0.03309
ZBTB6,-0.1866,0.06759
SREBF1,-0.18664,-0.15578
RREB1,-0.18679,0.27761
MEOX1,-0.18679,0.5983
RFX3,-0.18682,0.21238
FOXO4,-0.18687,0.05375
RXRA,-0.18687,0.30198
PAX6,-0.18688,0.87769
PDX1,-0.18694,1.13033
YY2,-0.18699,-0.33904
STAT5B,-0.18702,-0.28536
FOXP2,-0.18703,0.88336
ZBED1,-0.18708,-0.20248
HERPUD1,-0.1871,0.11175
SMAD2,-0.18718,-0.33837
BARHL2,-0.18719,1.83251
FLI1,-0.18724,-2.13898
SOX9,-0.18728,0.21723
MESP1,-0.18738,0.43381
POU6F1,-0.1874,-0.06658
ZBTB7B,-0.1874,-0.1944
MYBL2,-0.18748,-0.19707
HIF1A,-0.18749,-0.1013
HES1,-0.18756,0.29018
RFX2,-0.1876,0.09243
PAX2,-0.18761,1.0569
HNF4G,-0.18761,0.89252
TCF3,-0.18768,-0.11833
IRF5,-0.18775,0.56234
ARNT,-0.1879,0.03492
VAX1,-0.18793,1.0607
MAFK,-0.18794,-0.18717
TCF21,-0.18797,-0.07196
JDP2,-0.18799,0.49816
HIF1A,-0.18799,-0.1013
NR2C2,-0.188,0.21475
TFAP2A,-0.188,-0.00481
ID4,-0.18805,-0.49292
NKX3-2,-0.18814,1.28354
PPARA,-0.18814,0.48827
REL,-0.18816,0.12775
ALX4,-0.18826,1.37058
REST,-0.18831,0.20711
LEF1,-0.18837,0.99309
MEIS3,-0.18839,0.68303
CEBPG,-0.18842,0.22789
CUX1,-0.18845,-0.02564
NFKB1,-0.18848,-0.02496
RFX5,-0.1885,0.24121
ESRRG,-0.18857,1.19866
BCL6,-0.18858,-0.46691
FOXG1,-0.1887,1.5762
BCL6,-0.18873,-0.46691
MYC,-0.18876,0.22497
RARG,-0.18877,-0.50335
XBP1,-0.18883,0.09852
BCL6,-0.18885,-0.46691
ETS1,-0.18889,0.2381
BARX1,-0.18891,1.13672
OLIG2,-0.18893,0.79877
MYBL2,-0.18895,-0.19707
CEBPA,-0.18895,1.86054
MAFK,-0.189,-0.18717
HESX1,-0.18903,0.17438
HOXA1,-0.18912,0.09858
RXRB,-0.18915,0.14875
SOX8,-0.18921,0.98528
HOXD3,-0.18921,-0.7231
HOXA7,-0.18926,-1.08007
TEAD4,-0.18931,0.33182
ZNF143,-0.18931,-0.08045
MESP1,-0.18936,0.43381
XRCC1,-0.18936,-0.04663
ZBTB7A,-0.18936,-0.03833
MSX1,-0.18941,0.83405
HOXA13,-0.18949,1.58967
FOXJ2,-0.1895,-0.10174
NKX2-4,-0.18955,1.3483
TBX1,-0.18968,1.76691
PKNOX1,-0.18971,-0.01682
EMX2,-0.18972,1.14301
SIX5,-0.18978,-0.04506
DBP,-0.18979,-0.07406
USF2,-0.1898,-0.17263
HOXB3,-0.18982,-0.40051
RXRB,-0.18994,0.14875
ETS1,-0.19001,0.2381
GFI1,-0.19007,0.95373
NR2C1,-0.19015,0.14754
MYBL2,-0.19021,-0.19707
RXRA,-0.19022,0.30198
EN1,-0.19029,1.50651
SMAD3,-0.19031,-0.38086
BHLHE41,-0.19036,-0.53218
SP2,-0.19046,-0.07606
EP300,-0.19049,0.07356
TBX1,-0.19059,1.76691
EOMES,-0.19061,1.4624
NR2C2,-0.19062,0.21475
NFIA,-0.19063,0.15147
ZBTB7A,-0.19065,-0.03833
CTCF,-0.19068,0.1109
EP300,-0.1908,0.07356
MLX,-0.1908,0.04225
ETV2,-0.19084,-0.21244
ZBTB3,-0.19092,0.39844
RUNX3,-0.19093,1.32536
TFAP2A,-0.191,-0.00481
FOXA1,-0.19114,0.59218
TFAP2C,-0.1912,0.6037
PAX2,-0.19121,1.0569
HOXA13,-0.19123,1.58967
CTCF,-0.19127,0.1109
FLI1,-0.19135,-2.13898
SREBF2,-0.19137,0.00057
MAFF,-0.19147,0.15237
NFE2L2,-0.19153,0.01426
HOXA13,-0.19155,1.58967
GRHL1,-0.19165,0.60779
MEIS3,-0.19166,0.68303
ETS1,-0.19173,0.2381
SNAI2,-0.1918,-0.12542
ZSCAN16,-0.19181,0.07149
THRB,-0.19181,0.86606
SMAD3,-0.19185,-0.38086
YY1,-0.19191,0.14859
EGR1,-0.19195,0.22639
HOXA13,-0.19214,1.58967
NR5A1,-0.19224,-1.93768
SOX15,-0.19225,-0.29176
CREB1,-0.1923,-0.1189
E2F1,-0.19231,-0.14567
UBE2V1,-0.19235,-0.08291
HOXB13,-0.19236,1.17107
IRF8,-0.19237,0.31482
HOMEZ,-0.1924,0.41613
FOSL1,-0.19242,0.12968
EGR1,-0.1925,0.22639
FOXD1,-0.19251,0.21153
POU5F1,-0.19255,-0.17881
VDR,-0.19262,0.18204
INSM1,-0.19263,1.22789
FOXO3,-0.19264,-0.09404
RXRB,-0.19273,0.14875
HEY2,-0.19274,1.09575
RARG,-0.19278,-0.50335
ZNF3,-0.19279,0.04979
TCF4,-0.19281,-0.83621
E2F4,-0.19292,0.14148
ETS1,-0.19294,0.2381
NFIC,-0.19298,-0.21458
SOX1,-0.193,1.77815
EZH2,-0.19301,0.24374
PBX3,-0.19302,0.40978
FOXB1,-0.19304,1.39094
PBX3,-0.19304,0.40978
NR2C1,-0.19304,0.14754
IRF9,-0.19316,0.07959
NR2F1,-0.19324,-0.40683
PITX2,-0.19332,1.94874
NR2F2,-0.19333,-0.04126
ZBTB4,-0.19335,-0.18334
PAX3,-0.19335,1.45939
AHR,-0.19339,-0.31593
JUND,-0.1934,-0.03685
TFAP2A,-0.19349,-0.00481
AHR,-0.1935,-0.31593
FOS,-0.19353,0.11477
EGR1,-0.19358,0.22639
PAX6,-0.19361,0.87769
SOX4,-0.19364,-0.13172
ETV6,-0.19372,-0.12382
ATF3,-0.19376,0.74563
AR,-0.19384,0.74347
DDIT3,-0.19393,0.31605
HSF1,-0.19398,0.46176
NRF1,-0.194,-0.06707
RARA,-0.19407,-0.25519
NFAT5,-0.19417,0.64401
AFP,-0.19417,-0.7863
MNT,-0.19418,0.05603
SOX8,-0.19431,0.98528
TEAD1,-0.19434,0.23157
FOXP1,-0.1944,-0.47893
BBX,-0.19442,0.12503
CEBPD,-0.19442,0.31811
AR,-0.19451,0.74347
SOX2,-0.19455,1.37658
TGIF2,-0.19469,0.13496
STAU2,-0.19471,0.26301
MAX,-0.19475,0.13856
VAX1,-0.19476,1.0607
ID4,-0.19479,-0.49292
SND1,-0.19482,-0.30727
HOXD13,-0.19482,1.61407
ARNT,-0.19489,0.03492
GATA3,-0.19494,0.63765
NKX2-8,-0.195,1.30963
ERG,-0.195,1.54862
RARG,-0.19511,-0.50335
TCF3,-0.19521,-0.11833
RUNX3,-0.19524,1.32536
NR2F1,-0.1953,-0.40683
XRCC1,-0.19534,-0.04663
MAFB,-0.19536,0.64383
HSF4,-0.19541,1.04243
RBPJ,-0.19542,0.06557
NFIC,-0.19547,-0.21458
EP300,-0.19552,0.07356
NR5A1,-0.19552,-1.93768
ELF4,-0.1956,-0.23961
SOX8,-0.19562,0.98528
ERG,-0.19562,1.54862
TCF3,-0.1957,-0.11833
SMAD3,-0.19578,-0.38086
TGIF2,-0.19579,0.13496
VDR,-0.19582,0.18204
NFE2L1,-0.19589,-0.03223
PITX1,-0.1959,2.66087
SMAD2,-0.1959,-0.33837
TCF12,-0.19591,-0.03309
PURG,-0.19593,0.64052
FOXO6,-0.19595,1.52196
RFC3,-0.19619,-0.12198
TFAP2A,-0.1963,-0.00481
RFX5,-0.19633,0.24121
ELK3,-0.19641,-0.31483
NR3C2,-0.19643,0.66608
HBP1,-0.19644,-0.38822
OLIG2,-0.19652,0.79877
RARG,-0.19655,-0.50335
NFIC,-0.19659,-0.21458
SOX9,-0.19659,0.21723
RXRA,-0.19674,0.30198
TFAP2C,-0.19691,0.6037
SND1,-0.19704,-0.30727
SP3,-0.19705,0.05187
EGR1,-0.19707,0.22639
LHX2,-0.19707,1.74567
SMAD4,-0.19719,0.01087
HIF1A,-0.19728,-0.1013
RFX5,-0.19737,0.24121
SRF,-0.19745,-0.18877
RFX5,-0.19747,0.24121
NFYA,-0.19747,-0.02481
TCF12,-0.19748,-0.03309
SOX15,-0.19748,-0.29176
GBX2,-0.19754,1.92073
NFE2L1,-0.19755,-0.03223
TBX2,-0.19755,0.74219
NR3C1,-0.19756,-0.11267
ELK1,-0.19758,-0.14318
YY1,-0.19758,0.14859
SIX1,-0.19764,0.9836
HLX,-0.19764,-0.25098
NRL,-0.19766,0.13212
STAT3,-0.19766,-0.16234
PAX3,-0.19768,1.45939
SOX8,-0.1977,0.98528
CENPB,-0.19779,-0.10852
HIC1,-0.19784,-0.93177
HEY2,-0.19785,1.09575
PBX3,-0.19787,0.40978
EN2,-0.19798,1.5098
CUX1,-0.19799,-0.02564
MESP1,-0.19805,0.43381
POU2F2,-0.19821,-0.79029
MYBL2,-0.19822,-0.19707
ETV1,-0.19838,0.0445
NFE2,-0.1985,0.59563
EN1,-0.19857,1.50651
GMEB2,-0.1986,0.07687
TBP,-0.19868,0.01746
NFIL3,-0.19868,0.04188
ID4,-0.1987,-0.49292
NR3C1,-0.19874,-0.11267
EBF3,-0.19886,1.02359
TFEB,-0.19899,-0.41856
NFIA,-0.19903,0.15147
NFIA,-0.19903,0.15147
LARP1,-0.19909,0.39547
EN1,-0.19912,1.50651
EN2,-0.19913,1.5098
SOX9,-0.19914,0.21723
PBX3,-0.19924,0.40978
TFAP4,-0.19931,0.30334
NR4A2,-0.19934,0.11007
MEOX1,-0.1994,0.5983
PLAGL1,-0.1994,0.61926
ZEB1,-0.19942,-0.14882
TFAP2C,-0.19944,0.6037
POLE3,-0.19946,-0.11669
NKX3-2,-0.19954,1.28354
EN2,-0.19967,1.5098
MORN1,-0.19975,0.37255
GFI1,-0.19975,0.95373
MNT,-0.19982,0.05603
SOX18,-0.19985,1.26007
OTX1,-0.19986,0.61502
GMEB2,-0.19989,0.07687
SIN3A,-0.19994,0.04933
VDR,-0.19995,0.18204
RARG,-0.20002,-0.50335
SOX8,-0.20006,0.98528
PPARG,-0.20007,-0.0062
HAND1,-0.20012,0.94118
PKNOX1,-0.20014,-0.01682
SOX1,-0.20014,1.77815
FOXK1,-0.20015,0.61424
RORA,-0.20024,1.26779
RXRB,-0.20029,0.14875
HOXD9,-0.20031,-0.24896
ELK1,-0.20041,-0.14318
SOX9,-0.20046,0.21723
RFX3,-0.20051,0.21238
ETV6,-0.20051,-0.12382
CUX1,-0.20067,-0.02564
NFATC3,-0.20072,0.26356
TFAP2C,-0.20073,0.6037
RORA,-0.20075,1.26779
TCF3,-0.2008,-0.11833
MAF,-0.20081,1.50435
E2F3,-0.20085,0.35972
MAFF,-0.20087,0.15237
YY1,-0.20089,0.14859
TFAP2C,-0.201,0.6037
SMC3,-0.20101,0.09897
TGIF1,-0.20102,0.24022
SRF,-0.20104,-0.18877
EGR2,-0.20105,1.68485
CEBPB,-0.20118,0.1585
NR3C1,-0.20122,-0.11267
RAD21,-0.20136,0.33699
TCF4,-0.20144,-0.83621
ZNF766,-0.20146,0.13876
JUN,-0.2015,0.26082
SOX9,-0.20159,0.21723
HSF1,-0.20163,0.46176
TP73,-0.20166,1.60948
MGA,-0.20173,0.06935
SP2,-0.20185,-0.07606
TFAP2A,-0.20191,-0.00481
PICK1,-0.20194,0.23349
SP2,-0.20195,-0.07606
RBPJ,-0.20195,0.06557
TFAP4,-0.202,0.30334
EWSR1,-0.20203,0.02003
NELFB,-0.20205,0.0155
FOXD1,-0.20207,0.21153
IRF1,-0.2021,0.07358
NR4A2,-0.20219,0.11007
TP73,-0.20219,1.60948
SP4,-0.20228,0.31458
OLIG2,-0.20238,0.79877
CEBPB,-0.20247,0.1585
NR2C2,-0.20248,0.21475
BARX1,-0.20249,1.13672
BARHL2,-0.20257,1.83251
CTCF,-0.20264,0.1109
GRHL1,-0.20266,0.60779
SMAD4,-0.20267,0.01087
REST,-0.20277,0.20711
FOXD2,-0.20291,0.92604
TWIST1,-0.20301,-0.19509
RFX2,-0.20302,0.09243
TCF12,-0.20309,-0.03309
TCF3,-0.20309,-0.11833
RXRA,-0.2031,0.30198
RBPJ,-0.20321,0.06557
EP300,-0.20331,0.07356
MAFK,-0.20332,-0.18717
NFKB2,-0.20335,0.51364
JUN,-0.20335,0.26082
CCNT2,-0.20342,0.28587
RUNX2,-0.20345,-0.44748
NR4A2,-0.20351,0.11007
RUNX2,-0.20352,-0.44748
NFIC,-0.20356,-0.21458
SOX2,-0.20356,1.37658
SOX18,-0.2036,1.26007
ZEB1,-0.20361,-0.14882
GLI2,-0.20365,0.00519
ETV3,-0.20365,0.22639
SOX2,-0.20376,1.37658
NFATC2,-0.20386,0.12494
RARB,-0.20397,-0.80509
NR5A1,-0.20398,-1.93768
THRB,-0.20398,0.86606
NFIC,-0.20404,-0.21458
CEBPG,-0.20408,0.22789
REL,-0.20411,0.12775
ESRRB,-0.20413,1.09807
EMX1,-0.20421,1.22011
EN1,-0.20422,1.50651
TCF4,-0.20431,-0.83621
FLI1,-0.20431,-2.13898
THRA,-0.20435,-0.23344
DLX2,-0.20437,0.70947
HOXC9,-0.20438,-0.05244
LHX4,-0.20439,0.54007
GLI3,-0.20443,-0.16955
TFAP4,-0.20447,0.30334
ZBTB4,-0.20451,-0.18334
HSF1,-0.20453,0.46176
NKX3-1,-0.20454,-0.17361
CYCS,-0.20454,0.10917
TP53,-0.20456,-0.06103
FOXA1,-0.20459,0.59218
RFX5,-0.20461,0.24121
DBP,-0.20465,-0.07406
GTF2H3,-0.20466,0.18182
MYBL2,-0.20474,-0.19707
TFCP2,-0.20483,-0.18064
TFAP2A,-0.20493,-0.00481
MAF,-0.20495,1.50435
E2F1,-0.20495,-0.14567
CREM,-0.20498,-0.0345
E2F1,-0.20511,-0.14567
PPARA,-0.20512,0.48827
HOXA2,-0.20514,-0.49643
BHLHE40,-0.20523,0.12349
USF2,-0.20523,-0.17263
FOXA1,-0.20526,0.59218
RUNX2,-0.20533,-0.44748
GATA3,-0.20536,0.63765
NFATC1,-0.20539,1.17367
FOXC1,-0.20551,0.69824
FOXO6,-0.20555,1.52196
HAND1,-0.20557,0.94118
NFE2L2,-0.20558,0.01426
PAX9,-0.2056,1.51678
NFATC2,-0.20561,0.12494
HOXA2,-0.20567,-0.49643
YY1,-0.20582,0.14859
CREB3L2,-0.20593,0.15749
LHX4,-0.20597,0.54007
CBX7,-0.206,0.27095
THRA,-0.20604,-0.23344
RFX3,-0.20608,0.21238
NR2C2,-0.2062,0.21475
LBX2,-0.20627,1.06169
IRF1,-0.20628,0.07358
ZFP3,-0.20629,0.80123
CTCF,-0.2063,0.1109
ZNF524,-0.2063,-0.36672
REL,-0.20636,0.12775
BACH2,-0.2064,1.29373
ZBTB3,-0.20642,0.39844
RARG,-0.20643,-0.50335
LHX2,-0.20644,1.74567
STAT1,-0.20645,-0.01743
THRA,-0.20651,-0.23344
EOMES,-0.20651,1.4624
EN2,-0.20652,1.5098
E2F8,-0.20655,0.20928
JUN,-0.20657,0.26082
ALX1,-0.20661,0.03003
ESRRA,-0.20666,0.36686
MGA,-0.20668,0.06935
REL,-0.20669,0.12775
CREB1,-0.20675,-0.1189
TCF4,-0.20684,-0.83621
E2F1,-0.20691,-0.14567
PAX6,-0.20695,0.87769
NFIX,-0.20703,-0.37506
CLOCK,-0.20716,0.06464
RFX5,-0.20728,0.24121
GLI2,-0.20729,0.00519
CTCF,-0.20732,0.1109
IRF5,-0.20733,0.56234
MAFK,-0.20733,-0.18717
CENPB,-0.20743,-0.10852
ETV5,-0.2075,0.00428
LMX1B,-0.20765,1.549
FOXO6,-0.20772,1.52196
EMX1,-0.20779,1.22011
CLOCK,-0.20779,0.06464
RFX5,-0.20781,0.24121
DMC1,-0.20791,0.83476
NRF1,-0.20796,-0.06707
SOX9,-0.20798,0.21723
TFAP2A,-0.208,-0.00481
HINFP,-0.208,0.09309
HEY2,-0.20803,1.09575
NR2F6,-0.20804,-0.07863
HINFP,-0.2081,0.09309
RARB,-0.20813,-0.80509
OLIG2,-0.20815,0.79877
HES1,-0.20816,0.29018
IRF1,-0.2083,0.07358
MSX2,-0.20844,1.37658
CERS4,-0.2085,1.06555
NR2C1,-0.20867,0.14754
RFX3,-0.20868,0.21238
POU3F2,-0.20889,1.7839
AHR,-0.20894,-0.31593
HESX1,-0.20895,0.17438
CD59,-0.20895,-0.47754
TFAP2A,-0.209,-0.00481
SREBF2,-0.20905,0.00057
ETS1,-0.2091,0.2381
STAT1,-0.2091,-0.01743
RARA,-0.20916,-0.25519
CEBPG,-0.20918,0.22789
BCL11A,-0.2092,1.84042
NKX2-1,-0.20921,2.41647
RAD21,-0.20924,0.33699
DDX20,-0.20935,0.2126
EGR1,-0.20942,0.22639
OLIG2,-0.20951,0.79877
E2F1,-0.20963,-0.14567
SMAD1,-0.20966,-0.01057
GABPA,-0.20971,-0.14939
IRF8,-0.20984,0.31482
MGA,-0.20988,0.06935
ESRRA,-0.20991,0.36686
FLI1,-0.20999,-2.13898
RARA,-0.21006,-0.25519
NR3C1,-0.21007,-0.11267
HOXB5,-0.21011,0.18102
CTCF,-0.21013,0.1109
RFX5,-0.21016,0.24121
TCF12,-0.21016,-0.03309
ESRP1,-0.2102,1.23045
SRF,-0.21031,-0.18877
NR1D1,-0.2104,0.0778
HOXD9,-0.21057,-0.24896
RARA,-0.21063,-0.25519
GRHL1,-0.21065,0.60779
NR3C1,-0.21065,-0.11267
TFCP2,-0.21068,-0.18064
TFAP2A,-0.21072,-0.00481
NFE2,-0.2108,0.59563
ARNT,-0.21082,0.03492
TFAP2C,-0.21082,0.6037
AHR,-0.21084,-0.31593
TBX2,-0.21085,0.74219
ISL2,-0.21087,1.25248
ELK4,-0.21089,0.1604
MAF,-0.21095,1.50435
SIX5,-0.21102,-0.04506
FLI1,-0.21108,-2.13898
MAFB,-0.21109,0.64383
REL,-0.21114,0.12775
RARB,-0.21128,-0.80509
BACH1,-0.21129,-0.08588
CXXC1,-0.21135,-0.20636
C19orf25,-0.21147,0.07305
HOXA6,-0.21149,0.86378
PITX1,-0.21153,2.66087
NFIX,-0.21153,-0.37506
ARNT,-0.21158,0.03492
ZBTB4,-0.21158,-0.18334
JUND,-0.21159,-0.03685
MEIS1,-0.21178,-0.46847
CREB3L1,-0.21181,-0.29251
UBP1,-0.21189,0.11819
SOX2,-0.21197,1.37658
ZEB1,-0.21198,-0.14882
HSF4,-0.21204,1.04243
DMC1,-0.21205,0.83476
E2F1,-0.21209,-0.14567
FOXO3,-0.21215,-0.09404
HOXD11,-0.21231,0.14834
FOSB,-0.21243,0.22429
EXO5,-0.21244,0.14677
AR,-0.21255,0.74347
RFX3,-0.21257,0.21238
JUND,-0.21257,-0.03685
TFAP4,-0.21261,0.30334
MYB,-0.21263,-0.11523
RFX5,-0.21267,0.24121
NR3C1,-0.21269,-0.11267
HDX,-0.21286,0.08585
ETV4,-0.2129,0.15297
MEIS3,-0.21294,0.68303
PAX2,-0.21294,1.0569
REL,-0.21295,0.12775
ALX4,-0.21311,1.37058
NKX6-1,-0.21321,1.89061
RARB,-0.21324,-0.80509
PKNOX1,-0.21343,-0.01682
MEOX1,-0.21346,0.5983
POU5F1,-0.21346,-0.17881
ARNT,-0.21347,0.03492
ZFX,-0.21355,-0.17371
NFKB1,-0.21358,-0.02496
TFCP2,-0.21358,-0.18064
NFATC1,-0.21361,1.17367
HIC2,-0.21362,0.48876
EP300,-0.21373,0.07356
MAFB,-0.21374,0.64383
NR2F2,-0.21386,-0.04126
RFX5,-0.21387,0.24121
POU5F1,-0.2139,-0.17881
FOXO4,-0.21392,0.05375
GATA2,-0.21397,-0.05162
MAFK,-0.21401,-0.18717
YY1,-0.21402,0.14859
MYBL1,-0.21409,0.21759
MYBL2,-0.21413,-0.19707
SOX2,-0.21418,1.37658
MXD4,-0.21418,-0.10175
FOSL1,-0.21418,0.12968
LHX2,-0.2142,1.74567
NKX6-1,-0.21424,1.89061
RARG,-0.21429,-0.50335
NFIL3,-0.21431,0.04188
ZNF3,-0.21432,0.04979
HOXC9,-0.21463,-0.05244
ZNF524,-0.21477,-0.36672
TBP,-0.21485,0.01746
LHX2,-0.2149,1.74567
GMEB2,-0.21508,0.07687
BACH1,-0.21515,-0.08588
VDR,-0.21517,0.18204
PRDM4,-0.21519,0.23073
THRB,-0.21521,0.86606
HOXA1,-0.21529,0.09858
RUNX2,-0.2153,-0.44748
MESP1,-0.2153,0.43381
RFX3,-0.21531,0.21238
HDX,-0.21535,0.08585
JDP2,-0.21543,0.49816
HMBOX1,-0.21546,0.39571
HSF1,-0.21548,0.46176
LHX9,-0.21549,-1.03088
PPARG,-0.21553,-0.0062
ATF3,-0.21566,0.74563
MYC,-0.21572,0.22497
STAT3,-0.21576,-0.16234
FOXP3,-0.21577,0.80403
E2F1,-0.21577,-0.14567
TFAP2A,-0.21587,-0.00481
SOX1,-0.21589,1.77815
MAX,-0.2159,0.13856
HSF1,-0.21591,0.46176
RXRA,-0.21593,0.30198
HOXB3,-0.21596,-0.40051
RORB,-0.21597,1.75358
RFX5,-0.21601,0.24121
OSR2,-0.21605,0.51205
NMRAL1,-0.21618,0.52323
NKX3-2,-0.2162,1.28354
CLOCK,-0.21622,0.06464
FOXA3,-0.21627,1.07463
ELK3,-0.21627,-0.31483
TCF3,-0.2163,-0.11833
ZBED1,-0.21633,-0.20248
NR5A1,-0.21637,-1.93768
EMX1,-0.21639,1.22011
MYBL1,-0.21642,0.21759
FOXA3,-0.21652,1.07463
ETV4,-0.21654,0.15297
GMEB2,-0.21655,0.07687
LHX9,-0.21656,-1.03088
LRRFIP1,-0.21657,-0.15885
STAT1,-0.21659,-0.01743
REST,-0.21661,0.20711
STAT1,-0.21668,-0.01743
TEAD3,-0.21669,-0.10294
ETV2,-0.21691,-0.21244
NR3C1,-0.21702,-0.11267
EGR1,-0.21702,0.22639
IRF1,-0.21704,0.07358
REST,-0.21704,0.20711
FOXO6,-0.21708,1.52196
SIX5,-0.21711,-0.04506
RORA,-0.21712,1.26779
FOXC1,-0.2172,0.69824
TFCP2,-0.21723,-0.18064
MAFB,-0.21723,0.64383
FOXO4,-0.21724,0.05375
SREBF2,-0.2173,0.00057
MYB,-0.21733,-0.11523
SIX5,-0.2175,-0.04506
MYB,-0.21758,-0.11523
SOX9,-0.2176,0.21723
SOX9,-0.21761,0.21723
ETV4,-0.21766,0.15297
EGR2,-0.21768,1.68485
HINFP,-0.21773,0.09309
SIN3A,-0.21774,0.04933
TFAP2C,-0.21781,0.6037
YY1,-0.21781,0.14859
ELF1,-0.21781,-0.0385
EP300,-0.21785,0.07356
POU2F2,-0.21792,-0.79029
RFX5,-0.21799,0.24121
FOXO4,-0.21799,0.05375
ZBTB7A,-0.21822,-0.03833
PAX2,-0.21825,1.0569
MAFG,-0.21825,-0.03675
MEIS3,-0.21825,0.68303
MEIS1,-0.21827,-0.46847
INSM1,-0.21832,1.22789
CUX1,-0.21838,-0.02564
HBP1,-0.21841,-0.38822
NR1H2,-0.21858,-0.17777
IRF1,-0.2186,0.07358
TFAP2A,-0.21867,-0.00481
CREB3,-0.21871,-0.24841
TFAP4,-0.21876,0.30334
TLX2,-0.21882,1.02462
OSR2,-0.21882,0.51205
SP3,-0.21883,0.05187
BRCA1,-0.219,-0.27515
LHX9,-0.2192,-1.03088
RFX5,-0.21928,0.24121
E2F8,-0.21928,0.20928
OSR2,-0.21931,0.51205
CEBPB,-0.2195,0.1585
SOX2,-0.2196,1.37658
NKX2-8,-0.21965,1.30963
FOXO6,-0.21969,1.52196
STAT3,-0.21971,-0.16234
SOX18,-0.21974,1.26007
TCF7,-0.21974,0.17771
DBP,-0.21979,-0.07406
MGA,-0.21983,0.06935
JDP2,-0.21986,0.49816
FOXO4,-0.21987,0.05375
MEF2D,-0.21994,-0.06654
MAF,-0.21994,1.50435
SP8,-0.22,1.34044
TFDP1,-0.22006,-0.02352
GLI1,-0.22006,-0.49908
TBX20,-0.22014,1.45484
NFKB1,-0.22017,-0.02496
MYB,-0.22023,-0.11523
HOXC13,-0.22024,0.9857
GATA3,-0.22027,0.63765
ZNF350,-0.22031,0.07255
STAT1,-0.22034,-0.01743
POU2F2,-0.22037,-0.79029
SOX2,-0.22049,1.37658
NFKB1,-0.2206,-0.02496
IRF5,-0.22068,0.56234
TP53,-0.22069,-0.06103
NR2C1,-0.22074,0.14754
VAX1,-0.22075,1.0607
CEBPZ,-0.22075,0.03188
SOX8,-0.22077,0.98528
NKX6-1,-0.22095,1.89061
USF2,-0.22099,-0.17263
ZKSCAN1,-0.221,0.25502
REL,-0.22101,0.12775
NKX3-1,-0.22104,-0.17361
FOS,-0.22107,0.11477
ZNF8,-0.22114,0.67552
HMBOX1,-0.22114,0.39571
MSI2,-0.22121,0.47744
TBX1,-0.22123,1.76691
PPP5C,-0.2214,-0.10063
IRF1,-0.22142,0.07358
MITF,-0.22152,0.30426
HOXB2,-0.22156,-0.59651
CDX2,-0.22167,2.15473
CEBPB,-0.22167,0.1585
NR2F6,-0.22169,-0.07863
ONECUT2,-0.22174,1.50408
REST,-0.22179,0.20711
TFE3,-0.2218,-0.02572
SP8,-0.22181,1.34044
SRP9,-0.22201,0.0278
FOXO4,-0.22201,0.05375
CTCF,-0.22204,0.1109
CUX1,-0.22205,-0.02564
TFAP2A,-0.2221,-0.00481
ESRRA,-0.22213,0.36686
POU2F2,-0.22214,-0.79029
TFAP2C,-0.2222,0.6037
SMARCC2,-0.22222,0.2036
MAFK,-0.22231,-0.18717
RFX5,-0.22231,0.24121
PITX2,-0.2224,1.94874
ZNF333,-0.22248,-0.13501
NFIB,-0.22255,-0.34392
USF1,-0.22258,-0.13268
RUNX3,-0.2227,1.32536
PAX9,-0.22274,1.51678
GATA2,-0.22276,-0.05162
MESP1,-0.22277,0.43381
MZF1,-0.22279,0.10253
FOXN3,-0.22283,0.17011
TFAP2C,-0.22284,0.6037
TFAP4,-0.22295,0.30334
ELK3,-0.22295,-0.31483
FOXP3,-0.22303,0.80403
MSX1,-0.22307,0.83405
NFIA,-0.22308,0.15147
NR2F1,-0.22319,-0.40683
NFIB,-0.22324,-0.34392
YY2,-0.22326,-0.33904
LHX6,-0.22327,1.97772
IRF7,-0.2233,-0.16734
ESRRA,-0.22331,0.36686
OLIG2,-0.22338,0.79877
SREBF1,-0.22339,-0.15578
NFKB1,-0.22351,-0.02496
SOX2,-0.2236,1.37658
FOXP2,-0.22361,0.88336
TP73,-0.22362,1.60948
NKX2-5,-0.22371,1.55041
NRL,-0.22374,0.13212
PITX1,-0.22376,2.66087
STAT4,-0.22379,0.55131
RUNX3,-0.22383,1.32536
EOMES,-0.22383,1.4624
MLX,-0.22391,0.04225
MEF2A,-0.22397,-0.11613
NR2F1,-0.224,-0.40683
OTX1,-0.224,0.61502
PKNOX2,-0.22402,0.45558
NR2F6,-0.2241,-0.07863
FOSL1,-0.22417,0.12968
MEIS2,-0.22418,-0.06534
KLF6,-0.22425,0.26654
TFCP2,-0.22427,-0.18064
TCF3,-0.22428,-0.11833
IRF7,-0.22429,-0.16734
TFAP2A,-0.2244,-0.00481
DDIT3,-0.2244,0.31605
ELF4,-0.22441,-0.23961
HIC1,-0.22446,-0.93177
REST,-0.22446,0.20711
ELK3,-0.22447,-0.31483
PPARG,-0.22449,-0.0062
FOXO6,-0.22453,1.52196
HSF4,-0.22454,1.04243
HOXA1,-0.22456,0.09858
GBX2,-0.22461,1.92073
HCLS1,-0.22461,0.78449
SOX8,-0.22462,0.98528
ZNF589,-0.22462,0.55279
NR2F1,-0.22466,-0.40683
FOXB1,-0.22466,1.39094
FOSB,-0.22467,0.22429
NR3C2,-0.22475,0.66608
NKX3-2,-0.22477,1.28354
NFYA,-0.22478,-0.02481
TFAP4,-0.22487,0.30334
THAP5,-0.22496,-0.36523
REL,-0.22497,0.12775
VDR,-0.22499,0.18204
MAX,-0.22506,0.13856
HOXA1,-0.22507,0.09858
TFAP2A,-0.22512,-0.00481
HAND1,-0.22515,0.94118
PAX6,-0.22519,0.87769
NKX2-8,-0.22529,1.30963
NFIC,-0.2253,-0.21458
MYBL2,-0.2255,-0.19707
SREBF1,-0.22551,-0.15578
MEIS3,-0.22554,0.68303
ZNF3,-0.22559,0.04979
EGR1,-0.2256,0.22639
STAT3,-0.22566,-0.16234
SREBF1,-0.22567,-0.15578
TCF12,-0.2257,-0.03309
RXRA,-0.22577,0.30198
GBX2,-0.22586,1.92073
EGR1,-0.22586,0.22639
TBX20,-0.22587,1.45484
HIC2,-0.22591,0.48876
AHR,-0.22594,-0.31593
PPP1R10,-0.22597,0.05535
SOX2,-0.22608,1.37658
POU3F3,-0.22611,1.52977
ZNF148,-0.22617,0.15482
ATF6,-0.22618,-0.21495
TGIF2,-0.22618,0.13496
NFATC1,-0.2262,1.17367
VDR,-0.22625,0.18204
JUNB,-0.22628,0.12824
YY1,-0.2263,0.14859
NR4A2,-0.22632,0.11007
SMAD1,-0.22633,-0.01057
SP8,-0.22644,1.34044
LHX6,-0.22645,1.97772
CTCF,-0.22645,0.1109
NFE2L1,-0.22651,-0.03223
FOXO1,-0.22652,0.19161
ZEB1,-0.22664,-0.14882
IRF5,-0.22668,0.56234
RUNX3,-0.2267,1.32536
FOXO3,-0.22671,-0.09404
PITX2,-0.22673,1.94874
PAX3,-0.22679,1.45939
HOXA6,-0.22687,0.86378
ESRRA,-0.22689,0.36686
PGR,-0.2269,0.77101
GATA2,-0.22695,-0.05162
HINFP,-0.22703,0.09309
BARHL2,-0.22704,1.83251
JUND,-0.22707,-0.03685
RAD21,-0.22711,0.33699
NR4A2,-0.22716,0.11007
CBX7,-0.22725,0.27095
ETV5,-0.2273,0.00428
DLX4,-0.22741,1.70529
HINFP,-0.22744,0.09309
GATA3,-0.22747,0.63765
SMC3,-0.22752,0.09897
NELFB,-0.22755,0.0155
FOSL1,-0.2277,0.12968
NFIA,-0.22772,0.15147
ZNF524,-0.22773,-0.36672
ETS1,-0.22776,0.2381
NELFA,-0.22783,0.00211
POU5F1,-0.22783,-0.17881
GABPA,-0.22791,-0.14939
MEIS2,-0.22792,-0.06534
HOXB2,-0.22799,-0.59651
LHX9,-0.228,-1.03088
RUNX2,-0.228,-0.44748
RAD21,-0.22806,0.33699
DBP,-0.2281,-0.07406
SOX8,-0.22812,0.98528
BBX,-0.22818,0.12503
TLX2,-0.22819,1.02462
PRRX1,-0.22832,-0.44294
PBX1,-0.22848,-0.73611
ELK3,-0.2286,-0.31483
GRHL1,-0.22864,0.60779
POU5F1,-0.22865,-0.17881
MSX1,-0.22869,0.83405
ZEB1,-0.22873,-0.14882
NRL,-0.22877,0.13212
THRB,-0.22878,0.86606
NFYA,-0.22879,-0.02481
NFIB,-0.22882,-0.34392
ZBTB3,-0.22883,0.39844
SOX8,-0.22885,0.98528
ZRSR2,-0.22889,-0.31794
TBX1,-0.2289,1.76691
TFAP2C,-0.22892,0.6037
PBX1,-0.22894,-0.73611
POU3F2,-0.22898,1.7839
RXRA,-0.22902,0.30198
MSX1,-0.22906,0.83405
MECP2,-0.22913,0.18722
TCF12,-0.22916,-0.03309
MYB,-0.22929,-0.11523
FLI1,-0.22931,-2.13898
PAX6,-0.22937,0.87769
SP3,-0.22942,0.05187
TBX20,-0.22948,1.45484
MAFK,-0.2295,-0.18717
PAX9,-0.22967,1.51678
RARA,-0.22971,-0.25519
E2F1,-0.22984,-0.14567
MEIS3,-0.22989,0.68303
XBP1,-0.23001,0.09852
REST,-0.23011,0.20711
EGR2,-0.23014,1.68485
POU5F1,-0.23016,-0.17881
RARA,-0.23021,-0.25519
POU2F1,-0.23029,0.47712
ZEB1,-0.23029,-0.14882
IRX5,-0.23034,0.75392
CDC5L,-0.23039,-0.00818
NFIX,-0.23041,-0.37506
YY2,-0.23044,-0.33904
ARNT,-0.23047,0.03492
SIN3A,-0.23048,0.04933
MEIS3,-0.2305,0.68303
HOXA3,-0.23059,-0.49974
TFAP2A,-0.23059,-0.00481
DLX2,-0.23072,0.70947
MAFA,-0.23087,1.66573
RXRA,-0.23105,0.30198
SMAD3,-0.23106,-0.38086
TCF3,-0.23109,-0.11833
HOXD10,-0.2311,0.20355
EN2,-0.23114,1.5098
VDR,-0.23118,0.18204
BCL3,-0.2312,-0.30304
USF2,-0.2312,-0.17263
ZNF589,-0.23121,0.55279
ATF3,-0.23132,0.74563
OLIG2,-0.23147,0.79877
TFAP2A,-0.23152,-0.00481
HINFP,-0.23152,0.09309
TFAP2A,-0.23161,-0.00481
RORA,-0.23175,1.26779
ZKSCAN3,-0.23176,0.45019
TOB2,-0.23183,0.16796
RFX5,-0.23189,0.24121
USF1,-0.23192,-0.13268
RUNX3,-0.23197,1.32536
MGA,-0.23201,0.06935
YY1,-0.23206,0.14859
TFAP2A,-0.23212,-0.00481
TFAP4,-0.23212,0.30334
CEBPD,-0.23217,0.31811
CD59,-0.23223,-0.47754
MESP1,-0.2323,0.43381
NFIC,-0.23236,-0.21458
BHLHE41,-0.23242,-0.53218
TEAD1,-0.23253,0.23157
CEBPD,-0.23256,0.31811
NRL,-0.23261,0.13212
NR4A2,-0.23262,0.11007
NRF1,-0.23268,-0.06707
YY1,-0.23269,0.14859
IRF2,-0.23285,-0.18248
E2F1,-0.23288,-0.14567
MEF2D,-0.23289,-0.06654
NFYB,-0.23293,-0.01498
RBPJ,-0.23296,0.06557
ASAP3,-0.23298,-0.03807
RFX5,-0.233,0.24121
BPTF,-0.233,0.25822
MLXIPL,-0.23303,1.28556
TFEB,-0.23303,-0.41856
SOX18,-0.23315,1.26007
TCF7L1,-0.23319,-0.12623
ARNT,-0.23335,0.03492
GATA3,-0.23353,0.63765
SOX8,-0.23356,0.98528
TCF12,-0.23365,-0.03309
VDR,-0.23377,0.18204
HBP1,-0.23379,-0.38822
NR2F1,-0.23379,-0.40683
HINFP,-0.23381,0.09309
JUNB,-0.23386,0.12824
TBX20,-0.23404,1.45484
RFX2,-0.2341,0.09243
YY1,-0.2342,0.14859
AR,-0.2344,0.74347
THAP1,-0.23442,0.30516
SRF,-0.23451,-0.18877
NR3C1,-0.23453,-0.11267
TFAP4,-0.23454,0.30334
MSX1,-0.23457,0.83405
SOX8,-0.23463,0.98528
TFAP2C,-0.23463,0.6037
TFAP2C,-0.23475,0.6037
E2F1,-0.23475,-0.14567
HP1BP3,-0.23481,7e-05
VAX1,-0.23496,1.0607
NR2C2,-0.2351,0.21475
DDX20,-0.23513,0.2126
FOXC1,-0.23516,0.69824
JUND,-0.23516,-0.03685
HOXA2,-0.23519,-0.49643
SOX1,-0.2353,1.77815
TEAD1,-0.2353,0.23157
TEF,-0.23531,-0.46806
NRL,-0.23532,0.13212
SREBF2,-0.23544,0.00057
TBX1,-0.23553,1.76691
ELK4,-0.23556,0.1604
CREM,-0.23558,-0.0345
TCF3,-0.23558,-0.11833
GBX2,-0.23565,1.92073
VAX2,-0.23567,-0.14018
TGIF1,-0.2357,0.24022
EGR1,-0.23573,0.22639
SOX2,-0.23575,1.37658
RARG,-0.2358,-0.50335
PAX8,-0.23581,1.96565
DLX5,-0.23584,1.14301
REL,-0.23587,0.12775
IRF5,-0.23609,0.56234
LUZP1,-0.2361,-0.12716
RBPJ,-0.23614,0.06557
BACH1,-0.23622,-0.08588
RORA,-0.23623,1.26779
FOXO4,-0.23624,0.05375
ZEB1,-0.23624,-0.14882
SREBF1,-0.23625,-0.15578
HOXB6,-0.23626,0.12505
ISL2,-0.23626,1.25248
E2F1,-0.23629,-0.14567
TCF4,-0.23632,-0.83621
STAT3,-0.23635,-0.16234
RORA,-0.23636,1.26779
ESRRA,-0.23641,0.36686
CEBPD,-0.23643,0.31811
MXD4,-0.23646,-0.10175
ELK4,-0.23663,0.1604
FOXF2,-0.23674,0.41095
GMEB2,-0.23676,0.07687
PLAG1,-0.23682,0.41363
HBP1,-0.23687,-0.38822
MGA,-0.23687,0.06935
FOSL2,-0.23688,0.07854
STAT1,-0.2369,-0.01743
HSF1,-0.23691,0.46176
SOX4,-0.23692,-0.13172
ZBTB7A,-0.23693,-0.03833
SP2,-0.23695,-0.07606
HSF1,-0.23695,0.46176
TCF12,-0.23703,-0.03309
TEAD1,-0.23705,0.23157
ZKSCAN1,-0.23706,0.25502
BDP1,-0.23712,0.41219
TEAD1,-0.23722,0.23157
USF2,-0.23723,-0.17263
LEF1,-0.23723,0.99309
FOXB1,-0.2373,1.39094
TFAP4,-0.23732,0.30334
MEF2A,-0.2374,-0.11613
VDR,-0.2374,0.18204
ZEB1,-0.23745,-0.14882
ZNF3,-0.23752,0.04979
USF1,-0.23756,-0.13268
EGR1,-0.23762,0.22639
POU3F3,-0.23762,1.52977
PAX6,-0.23764,0.87769
ZHX3,-0.23767,-0.03225
TBX1,-0.23768,1.76691
TRIM21,-0.2377,-0.18352
PAX9,-0.23775,1.51678
ID4,-0.23777,-0.49292
CDX2,-0.23778,2.15473
HEY2,-0.23783,1.09575
AHR,-0.23783,-0.31593
TEAD1,-0.23785,0.23157
ETV6,-0.23785,-0.12382
ZNF76,-0.23786,0.27551
HOXC9,-0.23791,-0.05244
PAX6,-0.23795,0.87769
BCL11A,-0.23797,1.84042
MEIS3,-0.23799,0.68303
NFATC1,-0.23809,1.17367
IL24,-0.2381,0.32932
PKNOX2,-0.23817,0.45558
TFAP2A,-0.23819,-0.00481
FOXP3,-0.2382,0.80403
TCF4,-0.23823,-0.83621
TFEB,-0.23829,-0.41856
TMSB4XP8,-0.23833,-0.66584
HEY1,-0.23835,1.16638
HINFP,-0.2384,0.09309
ZSCAN9,-0.23842,0.1865
RUNX3,-0.23846,1.32536
SNAI2,-0.23851,-0.12542
ZBTB4,-0.23853,-0.18334
RXRA,-0.23862,0.30198
NFE2L1,-0.23863,-0.03223
LHX6,-0.23867,1.97772
PPARG,-0.2387,-0.0062
HERPUD1,-0.23873,0.11175
ATF1,-0.23878,-0.08557
ERF,-0.23889,-0.20753
ELF1,-0.23896,-0.0385
YY1,-0.23902,0.14859
GATA2,-0.23904,-0.05162
ERG,-0.23907,1.54862
HINFP,-0.23913,0.09309
ESRRA,-0.23916,0.36686
ZNF589,-0.23923,0.55279
POU2F2,-0.23923,-0.79029
SOX9,-0.23924,0.21723
NFYB,-0.23927,-0.01498
BCL6,-0.23936,-0.46691
SIX2,-0.23936,1.04244
TCF7,-0.23942,0.17771
PDX1,-0.23942,1.13033
SOX8,-0.23943,0.98528
HERPUD1,-0.23951,0.11175
ISL2,-0.23961,1.25248
TFAP4,-0.23962,0.30334
RUNX2,-0.2397,-0.44748
NR2F6,-0.23974,-0.07863
FOXF1,-0.23979,0.17609
PDCD11,-0.23981,0.31354
KLF5,-0.23986,0.8551
ARNT,-0.2401,0.03492
IRF1,-0.24011,0.07358
GLI3,-0.24017,-0.16955
TEAD1,-0.24017,0.23157
CEBPA,-0.24033,1.86054
TCF12,-0.24039,-0.03309
GBX2,-0.24043,1.92073
RBM8A,-0.24049,-0.00956
TFAP2C,-0.2405,0.6037
RREB1,-0.24051,0.27761
PAX6,-0.24052,0.87769
PDX1,-0.24053,1.13033
TCF3,-0.24064,-0.11833
TFAP2C,-0.2407,0.6037
CERS4,-0.24076,1.06555
LEF1,-0.24078,0.99309
SP8,-0.24082,1.34044
C19orf25,-0.24087,0.07305
NFIL3,-0.24091,0.04188
SP1,-0.24101,0.23865
ZNF784,-0.24103,-0.1146
TFAP2C,-0.24105,0.6037
REST,-0.24113,0.20711
REST,-0.24116,0.20711
SMAD2,-0.24119,-0.33837
ETV6,-0.24122,-0.12382
SOX18,-0.24123,1.26007
POU3F3,-0.24128,1.52977
FOXA1,-0.24134,0.59218
YY2,-0.24149,-0.33904
MTA3,-0.2415,0.13685
NR2F2,-0.24152,-0.04126
TFAP4,-0.24165,0.30334
PDX1,-0.24166,1.13033
NFIC,-0.24168,-0.21458
GLI2,-0.2417,0.00519
SREBF1,-0.24173,-0.15578
TFDP1,-0.24173,-0.02352
MNT,-0.24179,0.05603
ZNF524,-0.2418,-0.36672
FOSB,-0.2418,0.22429
DLX5,-0.24181,1.14301
HOXD13,-0.24182,1.61407
OTX1,-0.24187,0.61502
ELK3,-0.24189,-0.31483
MYBL1,-0.24192,0.21759
NFYA,-0.24193,-0.02481
HMX2,-0.24202,1.25527
PITX1,-0.24212,2.66087
DLX1,-0.24214,0.10983
BARX1,-0.24222,1.13672
TBX20,-0.24225,1.45484
RXRA,-0.24228,0.30198
REST,-0.24231,0.20711
MAX,-0.24231,0.13856
GATA4,-0.24231,-1.3276
HAND1,-0.24233,0.94118
NKX3-1,-0.24235,-0.17361
NFIC,-0.24236,-0.21458
USF1,-0.24241,-0.13268
DLX6,-0.24243,1.50012
SF3B1,-0.24249,-0.00878
GATA2,-0.24255,-0.05162
THRB,-0.24263,0.86606
ATF3,-0.24264,0.74563
DDX20,-0.24265,0.2126
ELF1,-0.24265,-0.0385
TFAP2C,-0.24265,0.6037
ARNT,-0.24269,0.03492
ZNF3,-0.24269,0.04979
GBX2,-0.24277,1.92073
CPSF4,-0.2429,0.01329
DMC1,-0.24297,0.83476
LHX6,-0.24302,1.97772
BPTF,-0.24303,0.25822
TBX20,-0.24314,1.45484
TFAP2C,-0.24315,0.6037
TBP,-0.24319,0.01746
RORA,-0.24328,1.26779
PROX1,-0.24332,1.25768
ETV3,-0.24333,0.22639
MYB,-0.24338,-0.11523
WT1,-0.24343,-0.88727
ZBTB6,-0.24345,0.06759
ZBED1,-0.24352,-0.20248
EN1,-0.24354,1.50651
CEBPG,-0.24358,0.22789
HES1,-0.24364,0.29018
ISL2,-0.24367,1.25248
BHLHE40,-0.24377,0.12349
MYB,-0.24378,-0.11523
PBX3,-0.24379,0.40978
PAX9,-0.24381,1.51678
NFIC,-0.24382,-0.21458
TGIF1,-0.24386,0.24022
VDR,-0.24387,0.18204
ZBTB33,-0.24394,0.15431
ESRRB,-0.24395,1.09807
TCF12,-0.244,-0.03309
RARA,-0.24401,-0.25519
SOX8,-0.24401,0.98528
ESRRA,-0.24402,0.36686
SOX7,-0.24421,0.94009
HOXB2,-0.2444,-0.59651
DLX5,-0.24441,1.14301
MSX1,-0.24441,0.83405
SMC3,-0.24445,0.09897
RFX3,-0.24445,0.21238
SP8,-0.2445,1.34044
RARA,-0.24456,-0.25519
NFE2L1,-0.24456,-0.03223
ZBTB3,-0.2446,0.39844
SREBF2,-0.2446,0.00057
NRL,-0.24462,0.13212
ESX1,-0.24481,1.18752
NFATC1,-0.24486,1.17367
DMBX1,-0.24493,1.4014
NR3C1,-0.24494,-0.11267
ETS1,-0.24496,0.2381
AHR,-0.24516,-0.31593
PTEN,-0.24516,0.03658
PAX8,-0.24519,1.96565
HOXD8,-0.24522,-0.50292
NFE2L2,-0.24528,0.01426
ETS2,-0.24531,0.26666
LMO2,-0.24533,0.51266
ZBED1,-0.24534,-0.20248
ETV2,-0.24543,-0.21244
MAFF,-0.24545,0.15237
TBX1,-0.24548,1.76691
GBX2,-0.2455,1.92073
NFYC,-0.24551,0.04732
MAFB,-0.24553,0.64383
NFKB1,-0.24556,-0.02496
MXI1,-0.24558,0.36623
PAX3,-0.24559,1.45939
NR2F1,-0.24559,-0.40683
NR4A3,-0.24568,0.41497
SNAI2,-0.24576,-0.12542
CTCF,-0.24583,0.1109
TGIF1,-0.24584,0.24022
TFAP2A,-0.24585,-0.00481
SMAD4,-0.24587,0.01087
FOXO1,-0.246,0.19161
NELFB,-0.24607,0.0155
MZF1,-0.24609,0.10253
HIF1A,-0.24613,-0.1013
RARA,-0.24616,-0.25519
TCF12,-0.24622,-0.03309
VDR,-0.24622,0.18204
FLI1,-0.24628,-2.13898
HMBOX1,-0.2463,0.39571
EP300,-0.24635,0.07356
GFI1,-0.24638,0.95373
HOXB13,-0.24643,1.17107
NR0B1,-0.24643,1.39794
PPARA,-0.24646,0.48827
EMX2,-0.24647,1.14301
THRA,-0.24648,-0.23344
ZBTB7B,-0.24655,-0.1944
NMI,-0.24664,-0.32474
GATA2,-0.24664,-0.05162
HOXA5,-0.24667,0.04334
CHD2,-0.24669,0.16413
NCBP2,-0.24675,-0.23668
ZNF784,-0.24677,-0.1146
MAX,-0.24679,0.13856
RXRA,-0.24679,0.30198
RFX7,-0.24683,-0.09369
USF1,-0.24686,-0.13268
ETS1,-0.24688,0.2381
ETV5,-0.24691,0.00428
RAD21,-0.24692,0.33699
PAX6,-0.24695,0.87769
POU2F2,-0.24704,-0.79029
CUX1,-0.2471,-0.02564
MAFA,-0.2471,1.66573
GMEB2,-0.24711,0.07687
TFAP2A,-0.24717,-0.00481
TFAP2C,-0.2472,0.6037
FOXJ3,-0.2472,0.24609
YY1,-0.24721,0.14859
TEAD2,-0.24725,-0.33669
LBX2,-0.24726,1.06169
NFAT5,-0.24731,0.64401
FOXO4,-0.24744,0.05375
MGA,-0.24745,0.06935
SREBF1,-0.24746,-0.15578
HLF,-0.2475,1.20049
FOXA1,-0.24757,0.59218
FOXB1,-0.24761,1.39094
CXXC1,-0.2477,-0.20636
TFAP4,-0.24778,0.30334
NR2F2,-0.24793,-0.04126
BHLHE41,-0.24794,-0.53218
MYB,-0.24796,-0.11523
RXRA,-0.24798,0.30198
RFX2,-0.24799,0.09243
TCF3,-0.24799,-0.11833
MAFA,-0.24801,1.66573
NELFA,-0.24806,0.00211
HOXA13,-0.24808,1.58967
RFX5,-0.24811,0.24121
EP300,-0.24811,0.07356
HMBOX1,-0.24814,0.39571
BARHL2,-0.24821,1.83251
OLIG2,-0.24822,0.79877
HNF4G,-0.24823,0.89252
PPARA,-0.24824,0.48827
MXI1,-0.24826,0.36623
NFE2L2,-0.24828,0.01426
CEBPB,-0.24831,0.1585
ETV4,-0.24832,0.15297
POU3F3,-0.24842,1.52977
ARID5A,-0.24846,-0.18956
PKNOX1,-0.24846,-0.01682
YY1,-0.24858,0.14859
GATA4,-0.24863,-1.3276
SOX8,-0.24865,0.98528
MNX1,-0.24865,2.02938
TRIM28,-0.2487,-0.01728
FOXK1,-0.2487,0.61424
AGGF1,-0.24872,0.05794
SRF,-0.24875,-0.18877
CUX1,-0.24877,-0.02564
HOXB7,-0.24878,0.26541
ZBTB7A,-0.24879,-0.03833
HOXA5,-0.24889,0.04334
HIC2,-0.24891,0.48876
KLF9,-0.24892,-0.19621
ESRRA,-0.24896,0.36686
HLX,-0.249,-0.25098
HNF4G,-0.24901,0.89252
ETV3,-0.24901,0.22639
TFAP2C,-0.24905,0.6037
OLIG2,-0.24906,0.79877
NFIL3,-0.24912,0.04188
HINFP,-0.24924,0.09309
ZNF350,-0.24935,0.07255
RFX2,-0.24942,0.09243
USF2,-0.24948,-0.17263
ID4,-0.24956,-0.49292
RFX7,-0.24968,-0.09369
MGA,-0.2497,0.06935
NFE2L1,-0.24972,-0.03223
YY2,-0.24987,-0.33904
EMX2,-0.24989,1.14301
CUX1,-0.24989,-0.02564
PAX2,-0.24989,1.0569
SOX8,-0.24996,0.98528
FOXP3,-0.25008,0.80403
TFAP2C,-0.2501,0.6037
TFAP2A,-0.25017,-0.00481
RARA,-0.25017,-0.25519
TEAD3,-0.25019,-0.10294
FLI1,-0.25032,-2.13898
NFIA,-0.25041,0.15147
EGR1,-0.25044,0.22639
TFAP4,-0.25051,0.30334
ZIC2,-0.25058,2.51825
TFAP2C,-0.25062,0.6037
ZNF589,-0.25062,0.55279
USF1,-0.25074,-0.13268
NR3C1,-0.25075,-0.11267
SREBF2,-0.25091,0.00057
TBX1,-0.25094,1.76691
TFAP2C,-0.25098,0.6037
PDX1,-0.251,1.13033
RARA,-0.251,-0.25519
LHX2,-0.25103,1.74567
JDP2,-0.25108,0.49816
PROX1,-0.2511,1.25768
TFAP4,-0.25114,0.30334
HOXA7,-0.25124,-1.08007
E2F1,-0.25124,-0.14567
ZBTB4,-0.25124,-0.18334
NXPH3,-0.25134,0.17609
GABPA,-0.25135,-0.14939
BARHL2,-0.25141,1.83251
POU3F2,-0.25142,1.7839
HMBOX1,-0.25142,0.39571
TFAP2A,-0.25142,-0.00481
GLI3,-0.25144,-0.16955
CEBPG,-0.25145,0.22789
FOXP1,-0.25149,-0.47893
EN1,-0.25149,1.50651
ZNF75A,-0.25151,0.45123
TCF3,-0.25152,-0.11833
SRF,-0.25154,-0.18877
ETV5,-0.25156,0.00428
SIN3A,-0.25173,0.04933
SOX17,-0.25173,-2.18298
NAP1L1,-0.25184,-0.01113
IRF9,-0.25186,0.07959
EN2,-0.25193,1.5098
ATF1,-0.25194,-0.08557
RXRA,-0.25194,0.30198
TCF4,-0.252,-0.83621
ETS1,-0.25211,0.2381
TFAP2A,-0.25218,-0.00481
STAT1,-0.25218,-0.01743
POU2F2,-0.2522,-0.79029
TFE3,-0.25223,-0.02572
FHL2,-0.25231,0.26944
LHX9,-0.25237,-1.03088
ZBTB49,-0.25239,0.01397
ESX1,-0.25249,1.18752
ELF4,-0.25249,-0.23961
THRB,-0.2525,0.86606
RAD21,-0.25254,0.33699
ZNF524,-0.25255,-0.36672
ZEB1,-0.25265,-0.14882
MESP1,-0.25274,0.43381
GATA2,-0.25282,-0.05162
DLX6,-0.25282,1.50012
FOXD2,-0.25283,0.92604
MEF2C,-0.25284,0.40985
EEF1D,-0.25293,0.43575
THAP1,-0.25296,0.30516
TFAP4,-0.25301,0.30334
RFX2,-0.25313,0.09243
SRF,-0.25321,-0.18877
EGR1,-0.25327,0.22639
FOXL1,-0.25328,-0.97272
HOXD3,-0.25329,-0.7231
TEF,-0.2533,-0.46806
SREBF2,-0.25343,0.00057
RARA,-0.2535,-0.25519
RFX5,-0.25361,0.24121
DMC1,-0.25373,0.83476
NKX3-2,-0.25387,1.28354
PAX6,-0.25391,0.87769
HMX2,-0.254,1.25527
ELK3,-0.254,-0.31483
RXRA,-0.25401,0.30198
HIC1,-0.25404,-0.93177
ESRRA,-0.25416,0.36686
PAX9,-0.25428,1.51678
LRRFIP1,-0.25431,-0.15885
NR2F6,-0.25435,-0.07863
HDAC2,-0.25435,0.15118
TFCP2,-0.25437,-0.18064
HIC1,-0.25439,-0.93177
RXRA,-0.25443,0.30198
HOXB3,-0.25444,-0.40051
MEIS1,-0.25445,-0.46847
MEIS3,-0.2545,0.68303
EMX1,-0.25453,1.22011
SOX9,-0.25462,0.21723
MAFF,-0.25463,0.15237
NR4A2,-0.25469,0.11007
PPARA,-0.25475,0.48827
NR3C1,-0.25483,-0.11267
VDR,-0.25483,0.18204
E2F4,-0.25486,0.14148
CBX3,-0.25492,-0.08862
GTF3C5,-0.25495,-0.04623
SOX4,-0.25496,-0.13172
NKX2-5,-0.25511,1.55041
NFYA,-0.25514,-0.02481
REL,-0.25519,0.12775
ELK3,-0.25522,-0.31483
STAT5A,-0.25526,-0.10044
LHX9,-0.25532,-1.03088
SPAG7,-0.25533,-0.25837
CREB3L1,-0.25537,-0.29251
SREBF1,-0.25538,-0.15578
SRF,-0.25542,-0.18877
NFIX,-0.25543,-0.37506
VAX2,-0.25545,-0.14018
MNX1,-0.25546,2.02938
FOXO3,-0.25548,-0.09404
PTCD1,-0.25552,0.04232
SOX8,-0.25555,0.98528
MYBL2,-0.25578,-0.19707
HOXA10,-0.25579,0.50735
FOSL2,-0.2558,0.07854
CUX1,-0.25583,-0.02564
HOXB3,-0.25604,-0.40051
ESX1,-0.25604,1.18752
GBX2,-0.25615,1.92073
ETS1,-0.25616,0.2381
RFX3,-0.2562,0.21238
MYBL1,-0.25627,0.21759
ETV4,-0.25628,0.15297
ETV4,-0.25644,0.15297
NFIC,-0.25646,-0.21458
TFAP2A,-0.25649,-0.00481
NR2C2,-0.2566,0.21475
NFE2L1,-0.25666,-0.03223
TFAP2A,-0.2567,-0.00481
TFAP2A,-0.25685,-0.00481
PAX8,-0.25695,1.96565
TFAP2C,-0.25695,0.6037
DLX6,-0.25697,1.50012
KLF4,-0.25698,1.14393
FOXL1,-0.25705,-0.97272
NUP107,-0.25717,0.00081
SOX8,-0.25717,0.98528
RARG,-0.25718,-0.50335
UTP18,-0.25725,-0.01788
FOXC2,-0.25729,-2.00079
GATA3,-0.25729,0.63765
CNOT6,-0.25732,0.42374
TAGLN2,-0.25732,-0.47419
FOXO4,-0.25738,0.05375
NFYA,-0.25739,-0.02481
ZNF3,-0.25753,0.04979
ESRRG,-0.25756,1.19866
EMX2,-0.25759,1.14301
MBD2,-0.2576,-0.39254
ZKSCAN3,-0.25766,0.45019
SMAD3,-0.25766,-0.38086
HOXA3,-0.25767,-0.49974
TFAP2C,-0.25768,0.6037
SMAD1,-0.25776,-0.01057
ARNT,-0.25777,0.03492
THRB,-0.25781,0.86606
BCL6,-0.25781,-0.46691
SOX8,-0.25783,0.98528
BACH1,-0.25788,-0.08588
ETS1,-0.25789,0.2381
TFAP2C,-0.25792,0.6037
IRF7,-0.25809,-0.16734
PBX1,-0.25817,-0.73611
TCF3,-0.25818,-0.11833
ZKSCAN3,-0.25819,0.45019
BHLHE41,-0.25824,-0.53218
IRF7,-0.25831,-0.16734
POU2F2,-0.25831,-0.79029
FOXB1,-0.25837,1.39094
HOXB3,-0.25851,-0.40051
RFX1,-0.25855,0.20032
RARA,-0.25857,-0.25519
THAP1,-0.25857,0.30516
RFX3,-0.25862,0.21238
NFIC,-0.25869,-0.21458
ZIC3,-0.25872,1.58206
ETS1,-0.25875,0.2381
TMSB4XP8,-0.25879,-0.66584
ARNT,-0.25886,0.03492
NR2F1,-0.25888,-0.40683
GFI1,-0.25896,0.95373
SOX2,-0.25898,1.37658
IRX3,-0.25899,0.16577
LHX9,-0.259,-1.03088
HEY1,-0.25906,1.16638
PAX2,-0.25908,1.0569
RORA,-0.25918,1.26779
CEBPG,-0.2592,0.22789
TFAP4,-0.25922,0.30334
GLI1,-0.25935,-0.49908
E2F1,-0.2594,-0.14567
ZBED1,-0.25947,-0.20248
MSC,-0.2595,0.03375
TGIF1,-0.2596,0.24022
MYBL2,-0.25962,-0.19707
MGA,-0.25969,0.06935
ZNF720,-0.25973,0.10997
TFCP2,-0.25974,-0.18064
TFAP4,-0.25975,0.30334
HIVEP1,-0.25979,0.17371
SOX7,-0.2598,0.94009
EN1,-0.25981,1.50651
RFX5,-0.25992,0.24121
ZNF524,-0.26003,-0.36672
VDR,-0.26005,0.18204
TEAD3,-0.26005,-0.10294
GATA6,-0.26008,-0.4102
TFCP2,-0.26011,-0.18064
NFE2L1,-0.26012,-0.03223
RUNX1,-0.26016,-0.06798
PAX6,-0.26017,0.87769
GFI1,-0.26018,0.95373
RFX5,-0.26022,0.24121
ZEB1,-0.26029,-0.14882
YY1,-0.2603,0.14859
HESX1,-0.26034,0.17438
ZBTB3,-0.26039,0.39844
CUX1,-0.26039,-0.02564
CEBPG,-0.2604,0.22789
MEIS3,-0.26041,0.68303
MYB,-0.26045,-0.11523
MNT,-0.26061,0.05603
HSF2,-0.26069,0.0708
RARB,-0.26072,-0.80509
ZBTB4,-0.26073,-0.18334
GBX2,-0.26081,1.92073
SIX5,-0.26083,-0.04506
ZSCAN16,-0.26083,0.07149
MEIS2,-0.26086,-0.06534
TFAP2C,-0.26086,0.6037
REL,-0.26097,0.12775
TFAP4,-0.26099,0.30334
HMBOX1,-0.26105,0.39571
SP1,-0.26111,0.23865
GBX2,-0.26111,1.92073
HOXB13,-0.26116,1.17107
HOXA2,-0.26117,-0.49643
MESP1,-0.26117,0.43381
NR3C1,-0.26127,-0.11267
RXRA,-0.26127,0.30198
HOXB9,-0.26132,0.83234
SOX2,-0.26147,1.37658
ETV5,-0.26149,0.00428
HEY2,-0.26149,1.09575
BARHL2,-0.2615,1.83251
STAT6,-0.26152,-0.29029
NFATC2,-0.26153,0.12494
VDR,-0.26158,0.18204
MSX1,-0.26166,0.83405
LEF1,-0.26166,0.99309
VAX2,-0.26168,-0.14018
SOX15,-0.26169,-0.29176
HOXA13,-0.26179,1.58967
FOXA1,-0.26183,0.59218
MEIS3,-0.26184,0.68303
PAX6,-0.26187,0.87769
BARHL2,-0.26191,1.83251
MYBL1,-0.26198,0.21759
STAT1,-0.26203,-0.01743
VDR,-0.26215,0.18204
MZF1,-0.26223,0.10253
MSX2,-0.26225,1.37658
MNX1,-0.26231,2.02938
MEIS3,-0.26244,0.68303
RAD21,-0.26247,0.33699
MYB,-0.26251,-0.11523
TCF4,-0.26259,-0.83621
LBX2,-0.26261,1.06169
NR4A2,-0.26262,0.11007
SOX7,-0.26278,0.94009
ZFX,-0.26278,-0.17371
SMAD3,-0.26283,-0.38086
PAX3,-0.26289,1.45939
NFATC1,-0.26294,1.17367
HNF4G,-0.26325,0.89252
RARA,-0.2633,-0.25519
PAX6,-0.26332,0.87769
DIABLO,-0.26341,-0.00431
HMX1,-0.26343,1.5563
LHX9,-0.26349,-1.03088
MYBL2,-0.26353,-0.19707
MYBL2,-0.26366,-0.19707
TCF3,-0.26407,-0.11833
GLI1,-0.26408,-0.49908
HSF2,-0.2644,0.0708
MEIS3,-0.26444,0.68303
DBP,-0.26446,-0.07406
RXRA,-0.26447,0.30198
FOS,-0.26448,0.11477
TBX20,-0.26449,1.45484
HOXA13,-0.26451,1.58967
TFAP2C,-0.26454,0.6037
PKNOX2,-0.26457,0.45558
SOX4,-0.26458,-0.13172
TEAD1,-0.26471,0.23157
ETV1,-0.26485,0.0445
ELK4,-0.26499,0.1604
ETS1,-0.26506,0.2381
GLI2,-0.26517,0.00519
JUND,-0.26522,-0.03685
GABPA,-0.26524,-0.14939
SMARCC2,-0.26528,0.2036
TCF12,-0.26535,-0.03309
USF2,-0.26536,-0.17263
NR4A2,-0.26538,0.11007
CEBPD,-0.2654,0.31811
ZNF713,-0.26542,0.09838
EGR1,-0.2655,0.22639
PAX2,-0.26552,1.0569
FOXF2,-0.26555,0.41095
MEOX1,-0.26561,0.5983
SP2,-0.26578,-0.07606
THRB,-0.26584,0.86606
HIC1,-0.26584,-0.93177
FOS,-0.26586,0.11477
RXRA,-0.26587,0.30198
SNAI2,-0.26592,-0.12542
NFIC,-0.26592,-0.21458
HIC2,-0.26603,0.48876
TBP,-0.26603,0.01746
HINFP,-0.26605,0.09309
HMX2,-0.26613,1.25527
TFAP2A,-0.26619,-0.00481
TFAP2C,-0.26623,0.6037
TCF4,-0.26626,-0.83621
POU2F1,-0.26629,0.47712
ABCF2,-0.26637,0.00184
NUCB1,-0.26638,-0.20132
EMX1,-0.26641,1.22011
BHLHA15,-0.26645,1.12494
EWSR1,-0.26648,0.02003
BARHL2,-0.26652,1.83251
EBF3,-0.26654,1.02359
MAF,-0.26657,1.50435
BCL6,-0.26658,-0.46691
ZBTB4,-0.26659,-0.18334
FOS,-0.26661,0.11477
BACH1,-0.26661,-0.08588
MAFF,-0.26664,0.15237
TGIF2,-0.2667,0.13496
MGA,-0.26696,0.06935
SNAI2,-0.26701,-0.12542
FOXO1,-0.26702,0.19161
NFE2,-0.26708,0.59563
HOXB3,-0.26709,-0.40051
RARG,-0.26724,-0.50335
RUNX2,-0.2673,-0.44748
SOX8,-0.2673,0.98528
XBP1,-0.26739,0.09852
RXRB,-0.26746,0.14875
EPAS1,-0.26753,-0.67374
MYC,-0.26762,0.22497
YY2,-0.26767,-0.33904
TP53,-0.26767,-0.06103
BCL6,-0.26771,-0.46691
YY1,-0.26773,0.14859
EN1,-0.26774,1.50651
ATF3,-0.26776,0.74563
HOXB5,-0.26796,0.18102
ZBTB3,-0.26798,0.39844
ZNF232,-0.26804,0.20163
TFAP2C,-0.26805,0.6037
RXRA,-0.26808,0.30198
GBX2,-0.26809,1.92073
LBX2,-0.26814,1.06169
UBP1,-0.26827,0.11819
PAX9,-0.26842,1.51678
TGIF1,-0.26844,0.24022
CEBPG,-0.26847,0.22789
NFIX,-0.26862,-0.37506
ESRRA,-0.26868,0.36686
POU6F1,-0.26869,-0.06658
USF1,-0.26872,-0.13268
ZNF3,-0.26881,0.04979
EGR1,-0.26882,0.22639
MAFK,-0.26884,-0.18717
MNT,-0.26891,0.05603
EGR1,-0.26896,0.22639
ESRRA,-0.26906,0.36686
LHX9,-0.26908,-1.03088
LBX2,-0.26911,1.06169
HMX2,-0.26913,1.25527
ETS1,-0.2693,0.2381
FOXO4,-0.26932,0.05375
YY1,-0.26946,0.14859
ETV3,-0.26948,0.22639
ETS1,-0.26951,0.2381
MYBL2,-0.26959,-0.19707
ZKSCAN3,-0.26961,0.45019
NFIC,-0.26964,-0.21458
NR0B1,-0.26971,1.39794
MAFG,-0.26972,-0.03675
MEIS2,-0.26979,-0.06534
NFYA,-0.26988,-0.02481
HOXD3,-0.26993,-0.7231
MAX,-0.27001,0.13856
AR,-0.27005,0.74347
PAX6,-0.27029,0.87769
IRF2,-0.27032,-0.18248
TP53,-0.27039,-0.06103
MYBL1,-0.27039,0.21759
TEAD2,-0.2704,-0.33669
MEF2C,-0.27041,0.40985
PAX9,-0.27048,1.51678
TFAP2C,-0.27053,0.6037
ENO1,-0.27064,-0.06049
CTCF,-0.27069,0.1109
MEF2D,-0.2707,-0.06654
PITX1,-0.2707,2.66087
NFIL3,-0.27071,0.04188
PBX3,-0.2708,0.40978
ATF6,-0.27081,-0.21495
VDR,-0.27082,0.18204
BPTF,-0.27082,0.25822
FOXA1,-0.27093,0.59218
GABPA,-0.271,-0.14939
TFAP2C,-0.27106,0.6037
ZBTB3,-0.27114,0.39844
LHX6,-0.27117,1.97772
ABCF2,-0.27121,0.00184
MEIS3,-0.27129,0.68303
GATA2,-0.27129,-0.05162
TCF3,-0.27131,-0.11833
FOXC2,-0.27133,-2.00079
TFCP2,-0.27143,-0.18064
ISL2,-0.27144,1.25248
RXRA,-0.27148,0.30198
MLX,-0.27152,0.04225
HOXD4,-0.27169,-0.33947
PQBP1,-0.27176,0.02009
ZBTB33,-0.27176,0.15431
EMX1,-0.27179,1.22011
TFAP2A,-0.27187,-0.00481
MSX1,-0.27195,0.83405
PPARA,-0.27196,0.48827
GABPA,-0.272,-0.14939
REL,-0.27209,0.12775
FOS,-0.27224,0.11477
HOXA1,-0.27225,0.09858
EMX2,-0.27226,1.14301
RFX5,-0.27231,0.24121
PKNOX1,-0.27231,-0.01682
OLIG2,-0.27235,0.79877
ATF3,-0.27239,0.74563
ELF1,-0.2724,-0.0385
CREB1,-0.27245,-0.1189
MEIS2,-0.27247,-0.06534
NKX2-8,-0.27247,1.30963
XRCC1,-0.27252,-0.04663
ALX1,-0.27253,0.03003
ELK1,-0.2726,-0.14318
MESP1,-0.27263,0.43381
NR3C1,-0.27266,-0.11267
FLI1,-0.27267,-2.13898
REL,-0.27274,0.12775
SREBF2,-0.27281,0.00057
SIN3A,-0.27284,0.04933
HINFP,-0.27287,0.09309
JUND,-0.27289,-0.03685
CHD2,-0.2729,0.16413
CEBPG,-0.27297,0.22789
MZF1,-0.27303,0.10253
SOX9,-0.27306,0.21723
STAT6,-0.27311,-0.29029
MEIS3,-0.27313,0.68303
CUX1,-0.27322,-0.02564
GRHL1,-0.27324,0.60779
HOXB8,-0.27331,0.34207
SP2,-0.27333,-0.07606
ELK1,-0.2734,-0.14318
STAT6,-0.27341,-0.29029
SOX2,-0.27342,1.37658
MAF,-0.27348,1.50435
EGR1,-0.27353,0.22639
PAX2,-0.27354,1.0569
HOXD4,-0.27362,-0.33947
TFAP2A,-0.27363,-0.00481
TFAP2C,-0.27366,0.6037
TPPP,-0.27369,1.254
SRF,-0.27371,-0.18877
PAX2,-0.27379,1.0569
PAX8,-0.2738,1.96565
NFIC,-0.27385,-0.21458
CTCF,-0.27405,0.1109
ZBED1,-0.27409,-0.20248
RARA,-0.27412,-0.25519
FOSL1,-0.27416,0.12968
RARA,-0.27419,-0.25519
GABPA,-0.27433,-0.14939
RFC3,-0.27434,-0.12198
NR4A2,-0.27436,0.11007
ESRRA,-0.27437,0.36686
ID4,-0.27448,-0.49292
JUNB,-0.27462,0.12824
NR2C2,-0.27468,0.21475
NR2F6,-0.27473,-0.07863
HOXD11,-0.27475,0.14834
MYC,-0.27486,0.22497
BRCA1,-0.27496,-0.27515
ANXA1,-0.27504,-0.16277
ATF6,-0.27505,-0.21495
NFIX,-0.27511,-0.37506
SOX18,-0.27513,1.26007
OTX1,-0.27518,0.61502
GBX2,-0.27524,1.92073
LHX9,-0.27526,-1.03088
ZNF3,-0.27531,0.04979
MLX,-0.27534,0.04225
MNT,-0.2754,0.05603
IRF3,-0.27543,-0.1629
SOX8,-0.27543,0.98528
RXRA,-0.27543,0.30198
BHLHA15,-0.27546,1.12494
ESRRA,-0.2755,0.36686
SP8,-0.27552,1.34044
FLI1,-0.27554,-2.13898
MYBL1,-0.27555,0.21759
NR2F1,-0.27556,-0.40683
MEIS3,-0.27558,0.68303
GATA2,-0.27561,-0.05162
USF1,-0.27566,-0.13268
FOXD2,-0.27573,0.92604
INSM1,-0.27576,1.22789
ZEB1,-0.27576,-0.14882
MYB,-0.27578,-0.11523
FOXP2,-0.27584,0.88336
ARID5B,-0.27599,-0.5962
NR3C2,-0.27599,0.66608
ARNT,-0.27603,0.03492
PKNOX2,-0.27604,0.45558
SP1,-0.27615,0.23865
TCF7,-0.27615,0.17771
HOXA2,-0.27626,-0.49643
DMBX1,-0.27628,1.4014
PDX1,-0.27635,1.13033
ZRSR2,-0.27637,-0.31794
TFAP4,-0.27637,0.30334
RAD21,-0.27644,0.33699
FLI1,-0.27647,-2.13898
FOXO6,-0.27661,1.52196
NR3C1,-0.27665,-0.11267
USF2,-0.27667,-0.17263
CEBPB,-0.27671,0.1585
MSX2,-0.27673,1.37658
HSF1,-0.2768,0.46176
TFAP2A,-0.27687,-0.00481
YY2,-0.27689,-0.33904
RBPJ,-0.2769,0.06557
HINFP,-0.27701,0.09309
HAND1,-0.27702,0.94118
YY2,-0.2771,-0.33904
FOXO1,-0.27715,0.19161
HOXC11,-0.27715,0.58072
CUX1,-0.27722,-0.02564
ZNF784,-0.27723,-0.1146
VDR,-0.27726,0.18204
ZSCAN16,-0.27729,0.07149
CEBPG,-0.27733,0.22789
ZIC3,-0.27741,1.58206
BCL3,-0.27745,-0.30304
TPI1,-0.27748,-0.02368
SRF,-0.27752,-0.18877
E4F1,-0.27756,0.19447
FLI1,-0.27757,-2.13898
POU2F1,-0.27761,0.47712
SOX17,-0.27764,-2.18298
BHLHE40,-0.27767,0.12349
ZNF784,-0.27773,-0.1146
ZBTB4,-0.27778,-0.18334
BHLHE41,-0.27786,-0.53218
JUND,-0.27789,-0.03685
ESRRB,-0.27804,1.09807
BARHL2,-0.27807,1.83251
FOXO4,-0.27813,0.05375
TFAP2C,-0.27815,0.6037
RFX5,-0.27817,0.24121
ARNT,-0.27821,0.03492
TBX20,-0.27822,1.45484
ZNF784,-0.27822,-0.1146
MESP1,-0.27838,0.43381
SOX8,-0.27854,0.98528
MAFF,-0.27859,0.15237
USF2,-0.2786,-0.17263
SOX2,-0.27861,1.37658
JUN,-0.27863,0.26082
RFC2,-0.27864,0.19902
TCF3,-0.27877,-0.11833
ESRRA,-0.27878,0.36686
CREB3L1,-0.2788,-0.29251
ESX1,-0.27881,1.18752
OLIG2,-0.2789,0.79877
CTCF,-0.27901,0.1109
HIC2,-0.27905,0.48876
RXRA,-0.27917,0.30198
USF2,-0.2792,-0.17263
REL,-0.27925,0.12775
SREBF1,-0.27927,-0.15578
PPARA,-0.27939,0.48827
ETV5,-0.27953,0.00428
IRF1,-0.27956,0.07358
NFE2L2,-0.27964,0.01426
RORA,-0.27969,1.26779
MEOX1,-0.27972,0.5983
TCF4,-0.27974,-0.83621
SOX8,-0.27975,0.98528
KLF4,-0.27978,1.14393
HOXA1,-0.27982,0.09858
ESRRA,-0.27999,0.36686
TFAP2C,-0.27999,0.6037
TBX2,-0.28,0.74219
IRX5,-0.28,0.75392
HSPA5,-0.28002,0.05671
HOXB5,-0.28002,0.18102
TFAP4,-0.28005,0.30334
ZBTB4,-0.28006,-0.18334
ZNF589,-0.28008,0.55279
PPARA,-0.28011,0.48827
NKX6-1,-0.28019,1.89061
NR2F1,-0.28022,-0.40683
ETS2,-0.2803,0.26666
ID4,-0.28039,-0.49292
LHX2,-0.28042,1.74567
RXRB,-0.28045,0.14875
TFAP2C,-0.28045,0.6037
TCF7,-0.28058,0.17771
HOXA13,-0.28067,1.58967
PAX6,-0.28069,0.87769
EN1,-0.28086,1.50651
ESRRB,-0.28087,1.09807
RFX5,-0.28089,0.24121
ELK1,-0.28102,-0.14318
RUNX2,-0.28104,-0.44748
ELF4,-0.2812,-0.23961
GBX2,-0.28128,1.92073
SOX17,-0.28129,-2.18298
SMAD4,-0.28138,0.01087
ESRRA,-0.28143,0.36686
ESRRA,-0.28146,0.36686
POU2F2,-0.28146,-0.79029
HOXA2,-0.28151,-0.49643
EPAS1,-0.28153,-0.67374
HEY2,-0.28155,1.09575
SNAI1,-0.28158,-0.00065
RFXANK,-0.2816,-0.06083
ECSIT,-0.28165,-0.05492
ELF2,-0.2817,0.08062
RARB,-0.28173,-0.80509
FOXD1,-0.28176,0.21153
MEF2C,-0.28181,0.40985
E2F1,-0.28189,-0.14567
SIX5,-0.28193,-0.04506
USF1,-0.28195,-0.13268
GRHL1,-0.28196,0.60779
FOXP3,-0.28198,0.80403
ZIC2,-0.282,2.51825
MYBL2,-0.282,-0.19707
SMAD1,-0.28221,-0.01057
MSC,-0.28222,0.03375
NKX2-8,-0.28227,1.30963
ARNT,-0.28227,0.03492
NKX2-8,-0.28238,1.30963
CENPB,-0.28262,-0.10852
INSM1,-0.28264,1.22789
GFI1,-0.28268,0.95373
ELK3,-0.28269,-0.31483
MECP2,-0.2827,0.18722
ZEB1,-0.28272,-0.14882
TCF3,-0.28275,-0.11833
TFAP2A,-0.28281,-0.00481
SOX15,-0.28283,-0.29176
NFKB1,-0.28285,-0.02496
ELK4,-0.28292,0.1604
SOX8,-0.28297,0.98528
HSPA1L,-0.283,0.04282
CNOT6,-0.28302,0.42374
POU5F1,-0.28304,-0.17881
HOXC10,-0.28315,0.94574
ZHX3,-0.28319,-0.03225
PKNOX1,-0.28329,-0.01682
SOX2,-0.2833,1.37658
TCF12,-0.28332,-0.03309
HINFP,-0.28333,0.09309
RFX3,-0.28336,0.21238
E2F1,-0.28337,-0.14567
TGIF1,-0.28347,0.24022
ZHX3,-0.28351,-0.03225
TFAP2C,-0.28355,0.6037
ESRRB,-0.28357,1.09807
HMX2,-0.2836,1.25527
JUND,-0.28361,-0.03685
NFIC,-0.28369,-0.21458
HMX1,-0.2837,1.5563
MSX2,-0.28372,1.37658
TFAP2C,-0.28374,0.6037
PRRX1,-0.28375,-0.44294
MEIS2,-0.28376,-0.06534
NFATC1,-0.28378,1.17367
SOX8,-0.2838,0.98528
MAX,-0.28391,0.13856
GABPA,-0.28394,-0.14939
HOXA5,-0.28395,0.04334
BARHL2,-0.28397,1.83251
CUX1,-0.28405,-0.02564
ELF2,-0.28412,0.08062
SMAD3,-0.28419,-0.38086
LHX9,-0.28425,-1.03088
ESRRA,-0.28429,0.36686
TEAD4,-0.2843,0.33182
NFIC,-0.28455,-0.21458
RFX7,-0.28465,-0.09369
SOX7,-0.28476,0.94009
SRF,-0.28478,-0.18877
TCF21,-0.28478,-0.07196
SOCS4,-0.28486,0.20644
NFE2,-0.28497,0.59563
ONECUT2,-0.28505,1.50408
PITX2,-0.28507,1.94874
TFAP2A,-0.28507,-0.00481
NFE2,-0.28508,0.59563
EPAS1,-0.28513,-0.67374
MSX1,-0.28522,0.83405
HIC2,-0.28524,0.48876
TFAP2C,-0.28527,0.6037
ETS1,-0.28528,0.2381
KLF7,-0.28532,-0.49837
MAFG,-0.28535,-0.03675
NFYC,-0.2854,0.04732
NFYB,-0.28543,-0.01498
SOX15,-0.28556,-0.29176
CUX2,-0.28556,1.0607
PAX9,-0.28558,1.51678
PPARD,-0.28564,-0.0265
BARHL2,-0.28566,1.83251
HIF1A,-0.2857,-0.1013
MESP1,-0.28572,0.43381
MRPL1,-0.28576,-0.04942
ZIC3,-0.28576,1.58206
EN1,-0.28583,1.50651
TFCP2,-0.28589,-0.18064
DLX1,-0.28594,0.10983
TP73,-0.28597,1.60948
HEY1,-0.28601,1.16638
SREBF2,-0.28605,0.00057
HOXA2,-0.28612,-0.49643
ISL2,-0.28617,1.25248
TP53,-0.28618,-0.06103
ALX1,-0.28619,0.03003
GABPA,-0.28628,-0.14939
TFAP2C,-0.28631,0.6037
SIX5,-0.28632,-0.04506
REL,-0.28633,0.12775
SOX8,-0.28634,0.98528
PAX2,-0.28641,1.0569
ETS1,-0.28643,0.2381
FOXO1,-0.28648,0.19161
GATA2,-0.28661,-0.05162
HOXD11,-0.28667,0.14834
RFX3,-0.28672,0.21238
HOXB3,-0.28674,-0.40051
YY1,-0.28679,0.14859
ELK4,-0.28679,0.1604
ADARB1,-0.28694,0.69463
STAT1,-0.28698,-0.01743
FOXP2,-0.28698,0.88336
NKX2-5,-0.28704,1.55041
USF1,-0.28706,-0.13268
IRF8,-0.28708,0.31482
SRF,-0.28724,-0.18877
MAFK,-0.28726,-0.18717
ZNF3,-0.28729,0.04979
TBX2,-0.28732,0.74219
SOX2,-0.28735,1.37658
RORA,-0.28735,1.26779
PBX3,-0.28741,0.40978
ESRRA,-0.28742,0.36686
ZHX3,-0.28745,-0.03225
USF2,-0.28748,-0.17263
PDX1,-0.28751,1.13033
GATA2,-0.28765,-0.05162
HAND1,-0.2877,0.94118
FOXC1,-0.28779,0.69824
MLXIPL,-0.28783,1.28556
SOX18,-0.28789,1.26007
ZKSCAN1,-0.28792,0.25502
FOXL1,-0.28798,-0.97272
TFAP4,-0.28798,0.30334
PKNOX2,-0.288,0.45558
GATA6,-0.28804,-0.4102
PKNOX1,-0.28806,-0.01682
RFX5,-0.28808,0.24121
HOXD3,-0.28819,-0.7231
ZEB1,-0.28821,-0.14882
AHR,-0.28824,-0.31593
IRF7,-0.28838,-0.16734
PITX1,-0.28842,2.66087
NFAT5,-0.28842,0.64401
MYC,-0.28844,0.22497
MSX1,-0.28847,0.83405
HOXA1,-0.28848,0.09858
TFAP2C,-0.2885,0.6037
JDP2,-0.28851,0.49816
SOX15,-0.28854,-0.29176
TFAP4,-0.28865,0.30334
TCF4,-0.28868,-0.83621
SOX1,-0.28873,1.77815
NKX2-1,-0.28875,2.41647
ESRRA,-0.28877,0.36686
YY1,-0.28881,0.14859
SREBF1,-0.28884,-0.15578
MAFB,-0.28886,0.64383
TBX20,-0.28888,1.45484
RXRA,-0.28902,0.30198
MAF,-0.28905,1.50435
TFCP2,-0.28908,-0.18064
HIC2,-0.28908,0.48876
TFAP2A,-0.28913,-0.00481
RFX2,-0.28914,0.09243
SOX9,-0.28917,0.21723
NFATC1,-0.28921,1.17367
OLIG2,-0.28927,0.79877
TFAP2C,-0.2893,0.6037
RORA,-0.28932,1.26779
NFIC,-0.28945,-0.21458
CTCF,-0.28947,0.1109
AHR,-0.28951,-0.31593
CEBPG,-0.2896,0.22789
NR3C1,-0.28966,-0.11267
GFI1,-0.28968,0.95373
NANOS1,-0.28969,0.50886
ZEB1,-0.28979,-0.14882
NRF1,-0.29,-0.06707
SOX8,-0.29004,0.98528
NR3C1,-0.29004,-0.11267
CUX1,-0.29006,-0.02564
DLX1,-0.29006,0.10983
SOX8,-0.29014,0.98528
PAX2,-0.29032,1.0569
TFAP4,-0.29036,0.30334
CUX1,-0.29046,-0.02564
TBP,-0.29049,0.01746
TFAP2A,-0.29054,-0.00481
IRF1,-0.29057,0.07358
RARA,-0.2906,-0.25519
ONECUT2,-0.29067,1.50408
GABPA,-0.29067,-0.14939
STAT6,-0.29072,-0.29029
NKX3-1,-0.29072,-0.17361
NFIC,-0.29085,-0.21458
E4F1,-0.29085,0.19447
EGR1,-0.29085,0.22639
USF2,-0.29097,-0.17263
USF1,-0.29099,-0.13268
ZEB1,-0.29105,-0.14882
DLX4,-0.29105,1.70529
TEAD3,-0.29116,-0.10294
TFAP2C,-0.29117,0.6037
ZEB1,-0.29119,-0.14882
RXRA,-0.29121,0.30198
EMX1,-0.29122,1.22011
USF1,-0.29125,-0.13268
HOXA1,-0.29126,0.09858
FOXO4,-0.29127,0.05375
LHX6,-0.29132,1.97772
FLI1,-0.29136,-2.13898
HSF1,-0.29141,0.46176
TGIF2,-0.29146,0.13496
NFYA,-0.29147,-0.02481
RARG,-0.29154,-0.50335
NFATC1,-0.29156,1.17367
ARNT,-0.29162,0.03492
FOXP2,-0.29175,0.88336
CEBPZ,-0.29175,0.03188
NR2C2,-0.29195,0.21475
ZBED1,-0.29213,-0.20248
ESX1,-0.29221,1.18752
RXRA,-0.29238,0.30198
BACH1,-0.29242,-0.08588
BARX1,-0.29245,1.13672
ZBTB7A,-0.29253,-0.03833
SOX15,-0.29254,-0.29176
PLAG1,-0.29264,0.41363
HMX2,-0.29267,1.25527
TFAP4,-0.29271,0.30334
SIX2,-0.29275,1.04244
ZNF524,-0.29282,-0.36672
CCNT2,-0.29285,0.28587
ZBTB3,-0.29285,0.39844
E2F1,-0.29287,-0.14567
EN1,-0.29296,1.50651
CXXC1,-0.29312,-0.20636
HINFP,-0.29313,0.09309
NNT,-0.29326,0.16549
ESRRG,-0.2933,1.19866
MZF1,-0.29335,0.10253
PPARA,-0.29339,0.48827
KLF5,-0.29341,0.8551
CLOCK,-0.29342,0.06464
TFEB,-0.29347,-0.41856
NR3C1,-0.29354,-0.11267
SRF,-0.29359,-0.18877
NR3C1,-0.29386,-0.11267
CEBPB,-0.29389,0.1585
SOX9,-0.29391,0.21723
HIC2,-0.29395,0.48876
EN1,-0.29401,1.50651
ARNT,-0.29401,0.03492
SP1,-0.29402,0.23865
EMX1,-0.29404,1.22011
INSM1,-0.2942,1.22789
POU5F1,-0.29426,-0.17881
NFIC,-0.29431,-0.21458
THRB,-0.29435,0.86606
NRL,-0.29436,0.13212
NRL,-0.29436,0.13212
TCF7,-0.29445,0.17771
FOXO3,-0.29445,-0.09404
SIN3A,-0.29449,0.04933
SMAD3,-0.29449,-0.38086
GRHL1,-0.29456,0.60779
SREBF1,-0.29456,-0.15578
ZNF3,-0.29461,0.04979
LHX2,-0.29494,1.74567
XBP1,-0.29497,0.09852
EXOSC3,-0.29499,0.03138
RBM8A,-0.295,-0.00956
SOX1,-0.29502,1.77815
MYB,-0.29502,-0.11523
MSC,-0.29502,0.03375
HHAT,-0.29506,0.44619
SOX8,-0.29508,0.98528
RFX5,-0.29508,0.24121
INSM1,-0.29511,1.22789
RFX2,-0.29511,0.09243
NKX2-8,-0.29521,1.30963
IRF4,-0.29521,-0.17271
PBX2,-0.29527,0.47253
TFAP2A,-0.29527,-0.00481
BARX1,-0.2953,1.13672
BDP1,-0.29531,0.41219
E2F1,-0.29537,-0.14567
HBP1,-0.29537,-0.38822
MAF,-0.29542,1.50435
LHX2,-0.29546,1.74567
GATA2,-0.29546,-0.05162
SREBF1,-0.29551,-0.15578
MSI1,-0.29559,1.7598
HOXB3,-0.2956,-0.40051
HOXA13,-0.2956,1.58967
PAX2,-0.29563,1.0569
GLI2,-0.29569,0.00519
CENPB,-0.29576,-0.10852
TCF12,-0.29583,-0.03309
ZBTB4,-0.2961,-0.18334
HMBOX1,-0.29615,0.39571
MSX2,-0.29617,1.37658
HNF4G,-0.29618,0.89252
TBX1,-0.29627,1.76691
RFX5,-0.29629,0.24121
GATA3,-0.29632,0.63765
ESRRA,-0.29638,0.36686
HOXB7,-0.29639,0.26541
IRF5,-0.2964,0.56234
NKX2-5,-0.29647,1.55041
MLX,-0.29649,0.04225
NR2F6,-0.2965,-0.07863
FOXA1,-0.29654,0.59218
ETS1,-0.29662,0.2381
MAFB,-0.2967,0.64383
RBPJ,-0.2967,0.06557
IRF9,-0.29676,0.07959
BCL6,-0.29678,-0.46691
TCF12,-0.29682,-0.03309
NKX3-1,-0.29691,-0.17361
E2F1,-0.29692,-0.14567
RXRB,-0.29697,0.14875
POU5F1,-0.29726,-0.17881
PAX9,-0.29726,1.51678
UBE2K,-0.29728,0.01165
SOX18,-0.29735,1.26007
EGR2,-0.29741,1.68485
ZBTB4,-0.29742,-0.18334
SOX2,-0.29745,1.37658
MESP1,-0.29757,0.43381
SREBF1,-0.29758,-0.15578
NKX2-1,-0.2976,2.41647
RARB,-0.2976,-0.80509
SOX6,-0.29763,0.35826
HIC1,-0.29767,-0.93177
PDX1,-0.29767,1.13033
NFIC,-0.29774,-0.21458
BHLHE41,-0.29775,-0.53218
FOXP2,-0.29776,0.88336
MXI1,-0.29784,0.36623
REL,-0.29788,0.12775
NKX2-8,-0.2979,1.30963
ZFX,-0.29791,-0.17371
HMBOX1,-0.29793,0.39571
SP8,-0.29793,1.34044
USF2,-0.29797,-0.17263
ETV2,-0.29798,-0.21244
FOS,-0.29811,0.11477
SOX2,-0.29811,1.37658
NR2F1,-0.29814,-0.40683
STAT1,-0.29819,-0.01743
TBX1,-0.29823,1.76691
NFIC,-0.29831,-0.21458
SP1,-0.29833,0.23865
ESRRA,-0.29856,0.36686
REL,-0.29876,0.12775
AHR,-0.2988,-0.31593
MSX1,-0.29904,0.83405
VAX1,-0.29913,1.0607
RUNX2,-0.29914,-0.44748
HOXA13,-0.29914,1.58967
USF1,-0.2993,-0.13268
MEIS3,-0.29932,0.68303
RARA,-0.29934,-0.25519
NR3C1,-0.29936,-0.11267
HOXD9,-0.29937,-0.24896
PAX6,-0.29938,0.87769
RFX2,-0.29944,0.09243
SIX5,-0.29946,-0.04506
TEAD1,-0.29948,0.23157
E2F1,-0.29951,-0.14567
HOXD11,-0.29969,0.14834
ALX1,-0.29978,0.03003
PDX1,-0.29984,1.13033
NKX3-1,-0.29984,-0.17361
CLK1,-0.29991,0.17066
DLX1,-0.29994,0.10983
HNF4G,-0.30003,0.89252
HDAC8,-0.30005,0.00122
POU5F1,-0.30019,-0.17881
CUX1,-0.3002,-0.02564
MYB,-0.30021,-0.11523
ZNF784,-0.30023,-0.1146
SMAD2,-0.30024,-0.33837
FOXJ2,-0.30032,-0.10174
ZEB1,-0.30035,-0.14882
GLI3,-0.30042,-0.16955
NKX2-8,-0.30042,1.30963
CEBPB,-0.30042,0.1585
AHR,-0.30042,-0.31593
ZNF524,-0.30043,-0.36672
TFE3,-0.30052,-0.02572
TEAD3,-0.30054,-0.10294
NFE2L1,-0.30085,-0.03223
LEF1,-0.30086,0.99309
RFX2,-0.30088,0.09243
ELF1,-0.30088,-0.0385
TGIF1,-0.30092,0.24022
CUX1,-0.30094,-0.02564
NKX2-4,-0.30101,1.3483
ETV1,-0.30115,0.0445
ERG,-0.30116,1.54862
NR3C1,-0.30116,-0.11267
HOXA3,-0.30118,-0.49974
CEBPB,-0.30121,0.1585
BARHL2,-0.30124,1.83251
IRF1,-0.30124,0.07358
THRB,-0.30133,0.86606
PKNOX2,-0.30134,0.45558
MYBL1,-0.30138,0.21759
POU3F2,-0.30145,1.7839
CUX2,-0.3015,1.0607
ETV1,-0.30153,0.0445
ESX1,-0.30156,1.18752
GLIS3,-0.30161,-0.88015
FOXO1,-0.3017,0.19161
EN2,-0.30174,1.5098
ESRRA,-0.30179,0.36686
ARID3A,-0.30184,0.49887
RXRA,-0.3021,0.30198
ID4,-0.3021,-0.49292
FOXD1,-0.30211,0.21153
ZNF3,-0.30223,0.04979
FOSL1,-0.30224,0.12968
EGR1,-0.30224,0.22639
TFE3,-0.30235,-0.02572
YY1,-0.3024,0.14859
PGR,-0.30245,0.77101
SREBF2,-0.30246,0.00057
MYBL2,-0.30251,-0.19707
ETV3,-0.30252,0.22639
SREBF1,-0.30257,-0.15578
ZEB1,-0.30258,-0.14882
MYBL2,-0.30264,-0.19707
SOX2,-0.30267,1.37658
GFI1,-0.30274,0.95373
TCF4,-0.30281,-0.83621
DLX1,-0.30282,0.10983
HOXA7,-0.30293,-1.08007
RXRA,-0.30296,0.30198
TCF3,-0.30299,-0.11833
HIF1A,-0.30302,-0.1013
SIX5,-0.30313,-0.04506
EGR1,-0.30313,0.22639
NFIA,-0.30323,0.15147
RFX5,-0.30325,0.24121
ZNF524,-0.30331,-0.36672
IRF2,-0.30338,-0.18248
PPARA,-0.30341,0.48827
NR3C1,-0.30344,-0.11267
EP300,-0.30344,0.07356
TFE3,-0.30352,-0.02572
ZBED1,-0.30355,-0.20248
TCF12,-0.30358,-0.03309
NRL,-0.30362,0.13212
MYBL1,-0.30365,0.21759
RFX5,-0.30365,0.24121
RFX5,-0.30376,0.24121
UBE2V1,-0.30377,-0.08291
ZNF784,-0.30385,-0.1146
ESRRA,-0.30385,0.36686
SOX9,-0.30386,0.21723
MYBL1,-0.30386,0.21759
NFE2L1,-0.3039,-0.03223
POU2F2,-0.3039,-0.79029
ESRRA,-0.30393,0.36686
GFI1,-0.30393,0.95373
CEBPA,-0.30396,1.86054
SOX18,-0.30396,1.26007
TFAP2C,-0.30406,0.6037
RXRA,-0.30409,0.30198
CENPB,-0.30417,-0.10852
LEF1,-0.30419,0.99309
PAX8,-0.30424,1.96565
SIX5,-0.30437,-0.04506
HBP1,-0.30441,-0.38822
MAFA,-0.30446,1.66573
NKX2-1,-0.30449,2.41647
ZEB1,-0.30453,-0.14882
FOSL2,-0.30456,0.07854
MYC,-0.30458,0.22497
PITX1,-0.3046,2.66087
TCF3,-0.3047,-0.11833
MNX1,-0.30482,2.02938
NKX3-2,-0.30482,1.28354
ARNT,-0.30495,0.03492
SEMA4A,-0.30514,0.2132
HLF,-0.30525,1.20049
PAX9,-0.30534,1.51678
SMAD3,-0.30542,-0.38086
FOXP4,-0.30549,-0.2733
NKX3-1,-0.30549,-0.17361
BARX1,-0.30549,1.13672
RXRA,-0.30562,0.30198
MYBL2,-0.30563,-0.19707
EGR2,-0.30565,1.68485
TFAP2C,-0.30575,0.6037
HNRNPC,-0.30575,0.08309
GATA4,-0.30577,-1.3276
THAP1,-0.30578,0.30516
JDP2,-0.30583,0.49816
CUX2,-0.30587,1.0607
BHLHE41,-0.30588,-0.53218
REL,-0.30592,0.12775
GLI2,-0.30596,0.00519
FOS,-0.30599,0.11477
TCF12,-0.30602,-0.03309
HMGA1,-0.3061,0.06617
FLI1,-0.30616,-2.13898
TSC22D4,-0.30625,-0.33311
REST,-0.30625,0.20711
YY1,-0.30632,0.14859
EP300,-0.30635,0.07356
CUX2,-0.30637,1.0607
ELK3,-0.30644,-0.31483
ZHX3,-0.30647,-0.03225
MECP2,-0.30648,0.18722
REL,-0.3065,0.12775
YY2,-0.30654,-0.33904
DDIT3,-0.30655,0.31605
MAFB,-0.30661,0.64383
FOSL2,-0.30663,0.07854
ETS2,-0.30664,0.26666
NFE2L1,-0.3067,-0.03223
GMEB2,-0.30672,0.07687
SP1,-0.30674,0.23865
TP53,-0.30686,-0.06103
TFAP2A,-0.30688,-0.00481
MESP1,-0.30693,0.43381
CREB3L1,-0.30707,-0.29251
HOXA4,-0.30707,-0.29989
SMAD3,-0.30717,-0.38086
HSF1,-0.30719,0.46176
PRRX1,-0.30723,-0.44294
ARNT,-0.3075,0.03492
RFX3,-0.30752,0.21238
REST,-0.30761,0.20711
MAFK,-0.30762,-0.18717
PKNOX2,-0.30765,0.45558
ZNF143,-0.30775,-0.08045
ATF3,-0.30776,0.74563
NCALD,-0.30781,-0.31231
ELK1,-0.30782,-0.14318
NFYB,-0.30788,-0.01498
NFYA,-0.30791,-0.02481
ZRSR2,-0.30796,-0.31794
ZBTB4,-0.30799,-0.18334
ESRRA,-0.30804,0.36686
MGA,-0.30807,0.06935
TGIF2,-0.30829,0.13496
THRB,-0.30841,0.86606
HOXB13,-0.30845,1.17107
TCF3,-0.3085,-0.11833
ALX1,-0.30851,0.03003
FOXL1,-0.30852,-0.97272
THAP1,-0.30854,0.30516
GMEB2,-0.30856,0.07687
LHX2,-0.30856,1.74567
NFYA,-0.30861,-0.02481
CENPB,-0.30863,-0.10852
TBP,-0.30865,0.01746
SOX4,-0.3087,-0.13172
PITX1,-0.3088,2.66087
FOXF2,-0.30886,0.41095
RAB2A,-0.30897,0.03192
ESX1,-0.30897,1.18752
MYB,-0.30902,-0.11523
ERG,-0.30919,1.54862
TFAP2A,-0.30924,-0.00481
TFAP4,-0.30926,0.30334
CUX2,-0.30931,1.0607
MEIS2,-0.30932,-0.06534
HSF1,-0.30937,0.46176
SOX8,-0.30941,0.98528
MYB,-0.30953,-0.11523
HOXC10,-0.30957,0.94574
CUX2,-0.30958,1.0607
E2F1,-0.30959,-0.14567
TEAD1,-0.3096,0.23157
ABCF2,-0.30964,0.00184
FOXF1,-0.30971,0.17609
MYBL2,-0.30972,-0.19707
POU2F2,-0.30976,-0.79029
ZIC3,-0.30979,1.58206
KLF3,-0.30981,0.08462
MRPL2,-0.30989,0.06913
MEIS1,-0.30989,-0.46847
SOX2,-0.3099,1.37658
MEIS3,-0.30994,0.68303
ZNF652,-0.30997,0.37539
TFAP4,-0.30998,0.30334
EN2,-0.31008,1.5098
NR2F6,-0.31011,-0.07863
TCF4,-0.31035,-0.83621
PRDM4,-0.31038,0.23073
GATA2,-0.31044,-0.05162
VAX2,-0.31066,-0.14018
YY1,-0.31068,0.14859
IRX3,-0.3107,0.16577
TFEB,-0.31071,-0.41856
PHTF1,-0.31081,-0.07843
TRIM28,-0.31085,-0.01728
HOXA13,-0.31089,1.58967
RARG,-0.3109,-0.50335
TCF4,-0.31092,-0.83621
RUNX3,-0.31095,1.32536
BARHL2,-0.31096,1.83251
EIF5A2,-0.31103,-0.32772
TFAP2C,-0.31106,0.6037
ELF2,-0.31113,0.08062
ETS1,-0.31114,0.2381
SP3,-0.31141,0.05187
FOXO6,-0.31142,1.52196
YY1,-0.31152,0.14859
LHX2,-0.31156,1.74567
SIX5,-0.31161,-0.04506
TFAP2A,-0.31161,-0.00481
HOXA6,-0.31168,0.86378
SOX12,-0.31173,0.14955
MEF2C,-0.31175,0.40985
SOX7,-0.31177,0.94009
RXRB,-0.31177,0.14875
NFE2L2,-0.3119,0.01426
SIN3A,-0.31192,0.04933
RUNX3,-0.31193,1.32536
RFX5,-0.31193,0.24121
NR2F1,-0.31208,-0.40683
ATF2,-0.31211,0.19734
NKX2-8,-0.31213,1.30963
CENPB,-0.31215,-0.10852
CEBPG,-0.31217,0.22789
TCF7,-0.31223,0.17771
RARA,-0.31225,-0.25519
TFAP2A,-0.31226,-0.00481
ESRRA,-0.31234,0.36686
DMBX1,-0.31238,1.4014
PAX2,-0.31239,1.0569
TCF12,-0.31241,-0.03309
SRF,-0.31243,-0.18877
CEBPA,-0.31253,1.86054
TFAP2A,-0.31258,-0.00481
TFAP2C,-0.31259,0.6037
SUCLG1,-0.31259,-0.06224
TBX20,-0.31262,1.45484
PAX3,-0.31272,1.45939
RORA,-0.31274,1.26779
TCF3,-0.31278,-0.11833
CTCF,-0.31278,0.1109
ZBED1,-0.3128,-0.20248
TCF3,-0.31281,-0.11833
FOXL1,-0.31281,-0.97272
EGR1,-0.31285,0.22639
CLOCK,-0.31289,0.06464
TCF4,-0.3129,-0.83621
NKX3-2,-0.31295,1.28354
NFIA,-0.31296,0.15147
YY1,-0.31303,0.14859
RFX5,-0.31304,0.24121
MYB,-0.31308,-0.11523
ETS1,-0.31308,0.2381
AFP,-0.31309,-0.7863
MESP1,-0.31311,0.43381
SP1,-0.31313,0.23865
TEAD3,-0.31323,-0.10294
EOMES,-0.31324,1.4624
GATA2,-0.31329,-0.05162
SOX2,-0.3134,1.37658
STAT1,-0.31342,-0.01743
SREBF1,-0.31348,-0.15578
CNOT6,-0.31351,0.42374
NRF1,-0.31353,-0.06707
ZKSCAN1,-0.31355,0.25502
MAFK,-0.31356,-0.18717
RARB,-0.31357,-0.80509
HOXB8,-0.31358,0.34207
GATA2,-0.31363,-0.05162
MAF,-0.31364,1.50435
AR,-0.31366,0.74347
ESRRA,-0.31374,0.36686
ARHGEF12,-0.3138,0.00333
SREBF2,-0.31381,0.00057
KLF4,-0.31382,1.14393
USF2,-0.31387,-0.17263
TEAD4,-0.31393,0.33182
NFE2L2,-0.31395,0.01426
YY1,-0.31397,0.14859
GABPA,-0.31398,-0.14939
E2F1,-0.31399,-0.14567
MYBL1,-0.31405,0.21759
FLI1,-0.31408,-2.13898
SOX2,-0.31408,1.37658
RFX2,-0.31432,0.09243
LHX6,-0.31434,1.97772
USF1,-0.31437,-0.13268
NRL,-0.31442,0.13212
HOXC11,-0.31443,0.58072
YY1,-0.31454,0.14859
SOX2,-0.31458,1.37658
FOXA1,-0.31459,0.59218
MITF,-0.31463,0.30426
RXRA,-0.31467,0.30198
RARA,-0.31469,-0.25519
JDP2,-0.3148,0.49816
SRF,-0.31489,-0.18877
E2F1,-0.31498,-0.14567
IRF1,-0.31502,0.07358
LHX4,-0.31504,0.54007
HOXA2,-0.31509,-0.49643
ZBTB3,-0.31509,0.39844
JUNB,-0.31519,0.12824
ZNF3,-0.31523,0.04979
SMAD3,-0.31528,-0.38086
ZBED1,-0.31535,-0.20248
TBP,-0.31541,0.01746
SREBF2,-0.31545,0.00057
HOXB3,-0.31547,-0.40051
SOX8,-0.31549,0.98528
NFKB1,-0.31549,-0.02496
OSR1,-0.31549,-0.53062
POU3F2,-0.3155,1.7839
MYBL1,-0.31555,0.21759
CEBPB,-0.31567,0.1585
DNMT3A,-0.31568,0.87345
MEF2C,-0.31571,0.40985
TGIF1,-0.31571,0.24022
POU2F2,-0.31573,-0.79029
AHR,-0.3158,-0.31593
GATA3,-0.31582,0.63765
GMEB2,-0.31582,0.07687
BARHL2,-0.31588,1.83251
MYBL1,-0.31593,0.21759
JUN,-0.31594,0.26082
PPARG,-0.31596,-0.0062
MYBL2,-0.31601,-0.19707
SMC3,-0.31608,0.09897
SMC3,-0.3161,0.09897
FOXA1,-0.31613,0.59218
TFAP4,-0.3162,0.30334
BPTF,-0.31625,0.25822
ELF1,-0.31626,-0.0385
REL,-0.31643,0.12775
PBX1,-0.3165,-0.73611
SIN3A,-0.31651,0.04933
TBX1,-0.31654,1.76691
IRF4,-0.31658,-0.17271
LHX2,-0.31663,1.74567
SRF,-0.3167,-0.18877
FOSB,-0.31677,0.22429
SOX8,-0.31678,0.98528
VAX2,-0.31678,-0.14018
HSF2,-0.3168,0.0708
NFYA,-0.31682,-0.02481
SREBF1,-0.31683,-0.15578
USF1,-0.31687,-0.13268
RORA,-0.31699,1.26779
NFIX,-0.31702,-0.37506
IRX5,-0.31702,0.75392
ETS1,-0.31708,0.2381
SOX8,-0.31713,0.98528
CXXC1,-0.31718,-0.20636
EOMES,-0.31733,1.4624
NR2C2,-0.31736,0.21475
CEBPG,-0.31741,0.22789
POU2F2,-0.31747,-0.79029
CREB1,-0.31751,-0.1189
PBX3,-0.31756,0.40978
CXXC1,-0.31757,-0.20636
SNAI2,-0.3176,-0.12542
NFE2L2,-0.31765,0.01426
SOX8,-0.31765,0.98528
NR2C2,-0.31768,0.21475
ZEB1,-0.31779,-0.14882
VDR,-0.31794,0.18204
OTX1,-0.31796,0.61502
NFE2L1,-0.31804,-0.03223
NFKB2,-0.31808,0.51364
RAD21,-0.31812,0.33699
PAX9,-0.31832,1.51678
GATA2,-0.31833,-0.05162
FOXA3,-0.31846,1.07463
NRL,-0.31861,0.13212
GMEB2,-0.31863,0.07687
YY1,-0.31869,0.14859
HOXD8,-0.31869,-0.50292
TFAP2C,-0.31874,0.6037
MEIS2,-0.31875,-0.06534
HSF2,-0.31876,0.0708
ISL2,-0.31892,1.25248
DBP,-0.31901,-0.07406
REL,-0.31901,0.12775
REL,-0.31902,0.12775
ZBED1,-0.31905,-0.20248
NR2F6,-0.31908,-0.07863
TFCP2,-0.31911,-0.18064
HEY2,-0.31914,1.09575
ZBTB4,-0.31916,-0.18334
TCF3,-0.31923,-0.11833
ZEB1,-0.31925,-0.14882
ESRRA,-0.31934,0.36686
USF1,-0.31937,-0.13268
GATA4,-0.31943,-1.3276
NR3C2,-0.31949,0.66608
RXRB,-0.31949,0.14875
FOXF2,-0.31956,0.41095
GLI2,-0.31958,0.00519
TCF7,-0.31963,0.17771
CENPB,-0.31969,-0.10852
GMEB2,-0.31976,0.07687
NRL,-0.31983,0.13212
PAX3,-0.31986,1.45939
TFAP2A,-0.31989,-0.00481
FOXP3,-0.31994,0.80403
IRF7,-0.32,-0.16734
TCF7,-0.32008,0.17771
GLI2,-0.32012,0.00519
IRF1,-0.32013,0.07358
TFAP2C,-0.32013,0.6037
NFIX,-0.32014,-0.37506
FOXO1,-0.32021,0.19161
MSC,-0.32028,0.03375
USF2,-0.32034,-0.17263
IRF9,-0.32042,0.07959
EN1,-0.32044,1.50651
HMGA2,-0.32047,-0.18061
NFYA,-0.32048,-0.02481
FOXO4,-0.3205,0.05375
HEY2,-0.32058,1.09575
EOMES,-0.3206,1.4624
ISL1,-0.3206,1.63749
EZR,-0.32073,0.12346
PAX6,-0.32078,0.87769
NR2F1,-0.32081,-0.40683
UBP1,-0.32081,0.11819
POU3F3,-0.32081,1.52977
PDX1,-0.32082,1.13033
HOXA7,-0.32084,-1.08007
ISL2,-0.3209,1.25248
IRF5,-0.3209,0.56234
SIX5,-0.32096,-0.04506
IRX3,-0.321,0.16577
STAT1,-0.32101,-0.01743
SIN3A,-0.32106,0.04933
NFIA,-0.32114,0.15147
TBX20,-0.32115,1.45484
NFIX,-0.3212,-0.37506
DNMT3A,-0.32124,0.87345
HSF2,-0.3214,0.0708
RFX2,-0.32142,0.09243
REST,-0.32154,0.20711
HOXA2,-0.32168,-0.49643
BHLHE41,-0.32175,-0.53218
EGR1,-0.32176,0.22639
TFAP2A,-0.32183,-0.00481
NR2C2,-0.32211,0.21475
TFE3,-0.32216,-0.02572
TFAP2A,-0.3223,-0.00481
HOXB7,-0.32235,0.26541
RARG,-0.32237,-0.50335
STAT1,-0.32237,-0.01743
SMAD3,-0.32251,-0.38086
SOX8,-0.32266,0.98528
IRF1,-0.32269,0.07358
TIMM44,-0.32272,0.20905
PPARG,-0.32284,-0.0062
EMX2,-0.32289,1.14301
JDP2,-0.32301,0.49816
TEAD3,-0.32303,-0.10294
LMX1B,-0.32304,1.549
DLX5,-0.32308,1.14301
MAFB,-0.32311,0.64383
SOX9,-0.32315,0.21723
ETV3,-0.32317,0.22639
JUNB,-0.3232,0.12824
FOXP3,-0.32335,0.80403
MESP1,-0.32338,0.43381
REL,-0.32345,0.12775
STAT1,-0.32347,-0.01743
ETV5,-0.3235,0.00428
SREBF2,-0.32352,0.00057
GATA2,-0.3236,-0.05162
ZBTB4,-0.32376,-0.18334
ELF1,-0.32388,-0.0385
C19orf25,-0.32392,0.07305
RFX3,-0.32395,0.21238
RORA,-0.32397,1.26779
ZBTB3,-0.32399,0.39844
HOXA2,-0.32404,-0.49643
HOXB3,-0.32407,-0.40051
NFIC,-0.32421,-0.21458
ZNF3,-0.32427,0.04979
BHLHE41,-0.32431,-0.53218
GBX2,-0.32434,1.92073
ELF1,-0.32435,-0.0385
LHX6,-0.32444,1.97772
MAFK,-0.32448,-0.18717
ATF3,-0.3245,0.74563
RXRA,-0.32458,0.30198
NR2C1,-0.32462,0.14754
SIN3A,-0.32479,0.04933
ERF,-0.32481,-0.20753
ETS1,-0.32482,0.2381
RUNX3,-0.32483,1.32536
RAD21,-0.32489,0.33699
PPARG,-0.32502,-0.0062
LEF1,-0.32506,0.99309
PDX1,-0.32512,1.13033
IRF2,-0.32518,-0.18248
JUND,-0.32523,-0.03685
NFIX,-0.32532,-0.37506
RARG,-0.32537,-0.50335
ELK4,-0.32543,0.1604
SOX17,-0.32547,-2.18298
SMAD3,-0.32547,-0.38086
NFE2L2,-0.3255,0.01426
USF2,-0.32555,-0.17263
PAX6,-0.32561,0.87769
YY1,-0.32566,0.14859
LHX6,-0.32567,1.97772
NR4A2,-0.32568,0.11007
MAPK1,-0.3257,-0.12737
REL,-0.32574,0.12775
PBX1,-0.32577,-0.73611
GATA3,-0.3258,0.63765
NR2F1,-0.32583,-0.40683
ZBTB33,-0.32595,0.15431
YY1,-0.32601,0.14859
MECP2,-0.32602,0.18722
CUX1,-0.32605,-0.02564
TFAP2C,-0.32605,0.6037
RFX5,-0.32612,0.24121
LHX9,-0.32619,-1.03088
MESP1,-0.32621,0.43381
PAX3,-0.32634,1.45939
TWIST1,-0.32634,-0.19509
HMGA1,-0.32638,0.06617
MEF2C,-0.32638,0.40985
E2F2,-0.32639,0.546
NR4A2,-0.3264,0.11007
TFCP2,-0.32641,-0.18064
EN2,-0.32642,1.5098
FOXN3,-0.32647,0.17011
ATF6,-0.32648,-0.21495
POU2F2,-0.32663,-0.79029
REL,-0.32671,0.12775
REST,-0.32676,0.20711
YY2,-0.32678,-0.33904
SREBF2,-0.32682,0.00057
USF1,-0.32683,-0.13268
PRRX1,-0.32683,-0.44294
TBX1,-0.32686,1.76691
IRF2,-0.32686,-0.18248
RARG,-0.32692,-0.50335
TCF12,-0.32694,-0.03309
FOXP1,-0.32701,-0.47893
ZNF8,-0.32706,0.67552
ZFP3,-0.32707,0.80123
ZBTB7A,-0.32711,-0.03833
ZBTB49,-0.32719,0.01397
REL,-0.32725,0.12775
FOXP1,-0.32728,-0.47893
ETV1,-0.32729,0.0445
ERG,-0.32731,1.54862
NKX3-1,-0.32742,-0.17361
DLX2,-0.32744,0.70947
FLI1,-0.32756,-2.13898
NR1H2,-0.32758,-0.17777
SOX2,-0.3277,1.37658
FOXO6,-0.32778,1.52196
TFCP2,-0.3278,-0.18064
HMBOX1,-0.32781,0.39571
RXRA,-0.32791,0.30198
FOS,-0.32797,0.11477
MAPK1,-0.32798,-0.12737
INSM1,-0.32808,1.22789
PBX3,-0.32814,0.40978
BHLHE41,-0.32815,-0.53218
NFKB1,-0.32816,-0.02496
EN2,-0.32825,1.5098
GBX2,-0.32829,1.92073
NKX2-5,-0.32841,1.55041
MYBL2,-0.32843,-0.19707
SIX5,-0.32848,-0.04506
ESRRA,-0.32859,0.36686
MEOX1,-0.32863,0.5983
NFIX,-0.32864,-0.37506
TWIST1,-0.32867,-0.19509
MZF1,-0.32868,0.10253
SOX15,-0.3287,-0.29176
SOX8,-0.32874,0.98528
ESRRA,-0.32874,0.36686
HOXA13,-0.3288,1.58967
ID4,-0.32887,-0.49292
LHX9,-0.32893,-1.03088
SP2,-0.32893,-0.07606
STAT1,-0.32895,-0.01743
RARG,-0.32895,-0.50335
MEIS3,-0.32902,0.68303
EN2,-0.32907,1.5098
SREBF1,-0.32909,-0.15578
FOS,-0.32912,0.11477
TFAP2C,-0.32913,0.6037
REST,-0.32927,0.20711
KLF4,-0.32928,1.14393
MYBL2,-0.32929,-0.19707
PPARA,-0.32948,0.48827
TCF3,-0.3295,-0.11833
TFAP2A,-0.32952,-0.00481
SIX5,-0.32959,-0.04506
USF1,-0.3296,-0.13268
CEBPD,-0.32963,0.31811
NR4A2,-0.32964,0.11007
FOXO6,-0.32975,1.52196
NRL,-0.3298,0.13212
SOX8,-0.32983,0.98528
MSX2,-0.32987,1.37658
CENPB,-0.33,-0.10852
PITX2,-0.33002,1.94874
INSM1,-0.33027,1.22789
MAFA,-0.3303,1.66573
NFYC,-0.33032,0.04732
STAT1,-0.33035,-0.01743
ZNF75A,-0.3304,0.45123
CEBPB,-0.33046,0.1585
THRA,-0.33052,-0.23344
ZIC3,-0.33061,1.58206
USF1,-0.33065,-0.13268
TFAP2C,-0.33078,0.6037
NFIC,-0.33081,-0.21458
ESRRA,-0.33084,0.36686
MYBL1,-0.3309,0.21759
E2F1,-0.33093,-0.14567
ETV1,-0.33094,0.0445
GABPA,-0.33095,-0.14939
FOXK1,-0.33105,0.61424
HESX1,-0.33111,0.17438
MZF1,-0.33124,0.10253
NFKB1,-0.33138,-0.02496
SMC3,-0.33143,0.09897
ETV5,-0.33146,0.00428
KLF6,-0.33146,0.26654
REL,-0.33147,0.12775
IRF8,-0.33154,0.31482
MYB,-0.33155,-0.11523
STAT3,-0.33163,-0.16234
ONECUT2,-0.33167,1.50408
MEIS3,-0.3317,0.68303
MAX,-0.33172,0.13856
ID4,-0.33177,-0.49292
USF1,-0.33183,-0.13268
HOXD4,-0.33186,-0.33947
HIC2,-0.3319,0.48876
NR1H2,-0.33196,-0.17777
HSF1,-0.33198,0.46176
ARID5A,-0.33199,-0.18956
SP4,-0.33202,0.31458
IRF9,-0.33207,0.07959
SOCS4,-0.33209,0.20644
LHX2,-0.33215,1.74567
SMAD3,-0.33216,-0.38086
DDX20,-0.33223,0.2126
ELK1,-0.3323,-0.14318
FOXO4,-0.33233,0.05375
BACH1,-0.33234,-0.08588
ESRRA,-0.33236,0.36686
BCL6,-0.33242,-0.46691
SP8,-0.33247,1.34044
PPARA,-0.33248,0.48827
FOXA1,-0.3325,0.59218
ESRP1,-0.33254,1.23045
TCF4,-0.33258,-0.83621
SMAD4,-0.3326,0.01087
HSF1,-0.33261,0.46176
TGIF1,-0.33271,0.24022
BRCA1,-0.33272,-0.27515
FHL2,-0.33274,0.26944
ZBTB3,-0.33284,0.39844
PAX2,-0.33297,1.0569
MEIS1,-0.33299,-0.46847
TFAP2A,-0.333,-0.00481
CDX2,-0.33303,2.15473
TIA1,-0.33309,0.03138
RFX5,-0.33323,0.24121
EN1,-0.33326,1.50651
REL,-0.33327,0.12775
NR1D1,-0.33331,0.0778
FOXC1,-0.33342,0.69824
EOMES,-0.33345,1.4624
ZSCAN16,-0.33347,0.07149
NFATC1,-0.33357,1.17367
SREBF2,-0.33359,0.00057
STAT1,-0.33365,-0.01743
EMX1,-0.33368,1.22011
CEBPB,-0.33369,0.1585
IRF1,-0.33372,0.07358
TCF7,-0.33375,0.17771
TCF4,-0.33376,-0.83621
SMAD1,-0.33378,-0.01057
EGR1,-0.33382,0.22639
PDX1,-0.33384,1.13033
E2F1,-0.33384,-0.14567
TFCP2,-0.33385,-0.18064
RFX5,-0.33395,0.24121
DIABLO,-0.33395,-0.00431
VAX1,-0.33396,1.0607
TMSB4XP8,-0.33409,-0.66584
FOXM1,-0.33412,-0.09234
CUX1,-0.33412,-0.02564
HOXB3,-0.33415,-0.40051
MEF2D,-0.33417,-0.06654
CHD2,-0.33418,0.16413
MYB,-0.33419,-0.11523
REST,-0.33421,0.20711
TFAP2C,-0.33422,0.6037
TFAP4,-0.33428,0.30334
HOXA5,-0.33429,0.04334
CEBPB,-0.33433,0.1585
TBX1,-0.33434,1.76691
DLX5,-0.33439,1.14301
ZEB1,-0.3344,-0.14882
TCF4,-0.33443,-0.83621
HSF1,-0.33446,0.46176
NFYA,-0.33461,-0.02481
NFKB1,-0.33463,-0.02496
MEIS2,-0.33467,-0.06534
USF1,-0.33469,-0.13268
HESX1,-0.33471,0.17438
SOX2,-0.33477,1.37658
TGIF2,-0.33477,0.13496
TBX1,-0.33481,1.76691
DLX2,-0.3349,0.70947
EOMES,-0.33501,1.4624
SOX2,-0.33505,1.37658
FOXC2,-0.33509,-2.00079
FOXA1,-0.33513,0.59218
IRF3,-0.3352,-0.1629
HSF4,-0.33521,1.04243
RORA,-0.33523,1.26779
SOX18,-0.3353,1.26007
CCDC6,-0.33537,0.18592
HAND1,-0.33539,0.94118
ALX1,-0.33541,0.03003
USF1,-0.33546,-0.13268
MYC,-0.3355,0.22497
FOXK1,-0.3355,0.61424
BHLHE41,-0.33554,-0.53218
FOXC2,-0.33556,-2.00079
TFAP2A,-0.33557,-0.00481
TP53,-0.33557,-0.06103
VDR,-0.33562,0.18204
TBX2,-0.33574,0.74219
FOS,-0.33574,0.11477
HSF1,-0.33575,0.46176
STAT2,-0.33577,0.19114
NFYA,-0.33591,-0.02481
PROX1,-0.33615,1.25768
USF2,-0.33618,-0.17263
FOXA1,-0.33618,0.59218
SP1,-0.33624,0.23865
CYB5R1,-0.33626,-0.02612
SOX2,-0.33628,1.37658
NFIA,-0.33631,0.15147
RAD21,-0.33643,0.33699
SOX9,-0.33649,0.21723
ALX4,-0.3365,1.37058
MAF,-0.33654,1.50435
ESRRA,-0.33666,0.36686
EN2,-0.33668,1.5098
RXRB,-0.3367,0.14875
SMARCC1,-0.33675,0.26372
PAX2,-0.33682,1.0569
TFAP4,-0.33695,0.30334
CCNT2,-0.33696,0.28587
YY1,-0.33699,0.14859
ZNF3,-0.33703,0.04979
FOXC1,-0.33708,0.69824
HOXA5,-0.33709,0.04334
CLOCK,-0.33711,0.06464
TFCP2,-0.33714,-0.18064
LHX2,-0.33723,1.74567
SP2,-0.33726,-0.07606
HLF,-0.33727,1.20049
SMAD3,-0.33727,-0.38086
STAT3,-0.33732,-0.16234
REL,-0.33733,0.12775
CDC5L,-0.33736,-0.00818
AR,-0.33737,0.74347
FOSL1,-0.33743,0.12968
TBX1,-0.33745,1.76691
AR,-0.33746,0.74347
TFCP2,-0.33747,-0.18064
SREBF1,-0.3375,-0.15578
THRB,-0.33755,0.86606
POU2F1,-0.33756,0.47712
HOXB2,-0.33758,-0.59651
MNT,-0.3376,0.05603
FOSL1,-0.33761,0.12968
RAD21,-0.33763,0.33699
TAF1A,-0.33787,0.38773
ATF7,-0.33802,0.14396
FOS,-0.33828,0.11477
NFIB,-0.33842,-0.34392
BHLHE40,-0.33844,0.12349
ZBTB7A,-0.33854,-0.03833
FOXD1,-0.33859,0.21153
NFYA,-0.33862,-0.02481
REST,-0.33864,0.20711
HIVEP1,-0.33867,0.17371
MEF2C,-0.33869,0.40985
HOXA7,-0.33882,-1.08007
TFAP4,-0.33885,0.30334
ELF1,-0.33885,-0.0385
CTCF,-0.33888,0.1109
RARB,-0.33889,-0.80509
PKNOX1,-0.33892,-0.01682
HOXA13,-0.33901,1.58967
EOMES,-0.33913,1.4624
ZC3H7A,-0.33923,0.06914
EBF3,-0.33932,1.02359
NRL,-0.33939,0.13212
HOXA13,-0.33941,1.58967
YY1,-0.33946,0.14859
BARX1,-0.33946,1.13672
ZNF143,-0.33964,-0.08045
HIC2,-0.33968,0.48876
EGR1,-0.3397,0.22639
FOXA1,-0.33971,0.59218
LMX1B,-0.33979,1.549
FOXA3,-0.3398,1.07463
AHR,-0.33988,-0.31593
REL,-0.33989,0.12775
LBX2,-0.33992,1.06169
ESRRG,-0.33995,1.19866
PROX1,-0.33996,1.25768
BHLHE41,-0.33997,-0.53218
DDIT3,-0.34004,0.31605
E2F4,-0.34007,0.14148
NR2C2,-0.34009,0.21475
EGR2,-0.34017,1.68485
NFKB2,-0.34025,0.51364
ELK1,-0.34029,-0.14318
SP1,-0.34039,0.23865
ATF3,-0.34045,0.74563
CEBPD,-0.34045,0.31811
ETS1,-0.34057,0.2381
HESX1,-0.34095,0.17438
MEF2A,-0.341,-0.11613
RXRA,-0.34101,0.30198
ETS1,-0.34115,0.2381
NRF1,-0.34125,-0.06707
MNX1,-0.34129,2.02938
NR2C1,-0.3413,0.14754
RARA,-0.3413,-0.25519
ETV3,-0.34137,0.22639
SOX8,-0.34141,0.98528
RUNX2,-0.34143,-0.44748
DLX6,-0.34147,1.50012
HOXB6,-0.34156,0.12505
LHX9,-0.34185,-1.03088
SRF,-0.34186,-0.18877
REST,-0.34199,0.20711
PPARG,-0.34201,-0.0062
KLF4,-0.34204,1.14393
HLF,-0.34205,1.20049
HOXA9,-0.34213,0.67702
SREBF2,-0.34215,0.00057
FOXK1,-0.3422,0.61424
NFYA,-0.34223,-0.02481
MEIS2,-0.34223,-0.06534
DDIT3,-0.34224,0.31605
FOXD3,-0.3425,1.66375
STAT5B,-0.34256,-0.28536
TEAD4,-0.34259,0.33182
SOX15,-0.34269,-0.29176
EN2,-0.34274,1.5098
FOXP3,-0.3428,0.80403
PROX1,-0.34281,1.25768
AR,-0.34289,0.74347
EXO5,-0.34289,0.14677
HOXD4,-0.34299,-0.33947
THAP1,-0.343,0.30516
XBP1,-0.34301,0.09852
RFX2,-0.34301,0.09243
AR,-0.34304,0.74347
SREBF1,-0.34306,-0.15578
NKX3-2,-0.34308,1.28354
NFIC,-0.3431,-0.21458
CLOCK,-0.34314,0.06464
LEF1,-0.34319,0.99309
SOX7,-0.34323,0.94009
RUNX2,-0.34325,-0.44748
TGIF2,-0.34326,0.13496
SOX9,-0.34344,0.21723
NKX2-5,-0.34344,1.55041
IRF1,-0.34348,0.07358
HINFP,-0.34348,0.09309
HOXD4,-0.34358,-0.33947
AR,-0.34362,0.74347
HCLS1,-0.34363,0.78449
GFI1,-0.34365,0.95373
CLOCK,-0.34365,0.06464
RARA,-0.34366,-0.25519
YY1,-0.34367,0.14859
GMEB2,-0.34368,0.07687
FOSL1,-0.34374,0.12968
SOX15,-0.34375,-0.29176
TCF21,-0.34378,-0.07196
PAX3,-0.34386,1.45939
HOXB13,-0.34393,1.17107
AR,-0.34403,0.74347
LMO2,-0.34411,0.51266
RXRA,-0.34412,0.30198
THRB,-0.34413,0.86606
SOX9,-0.34418,0.21723
OLIG2,-0.34418,0.79877
HMX1,-0.34423,1.5563
BARHL2,-0.34427,1.83251
TCF4,-0.34431,-0.83621
HOXD3,-0.34435,-0.7231
THRB,-0.3445,0.86606
BARHL2,-0.34458,1.83251
NFE2L2,-0.34462,0.01426
RFX3,-0.34466,0.21238
EGR1,-0.34467,0.22639
EGR2,-0.34468,1.68485
NRL,-0.34475,0.13212
ZNF589,-0.34489,0.55279
TCF3,-0.34492,-0.11833
OLIG2,-0.34496,0.79877
MZF1,-0.34508,0.10253
NFE2,-0.34514,0.59563
ESRRA,-0.34516,0.36686
SOX9,-0.34524,0.21723
HOXD10,-0.34526,0.20355
FOXO4,-0.34527,0.05375
AR,-0.34532,0.74347
STAT1,-0.34539,-0.01743
FOXP3,-0.34545,0.80403
EXO5,-0.34547,0.14677
MYC,-0.34551,0.22497
HNF4G,-0.34554,0.89252
ARNT,-0.34554,0.03492
HSF1,-0.34559,0.46176
EN1,-0.3456,1.50651
SOX8,-0.34561,0.98528
POU5F1,-0.34574,-0.17881
PAX3,-0.3458,1.45939
HSF1,-0.34583,0.46176
THAP5,-0.34585,-0.36523
EN1,-0.34592,1.50651
RFX7,-0.34593,-0.09369
NFIX,-0.34594,-0.37506
EOMES,-0.34594,1.4624
GTF2I,-0.34595,-0.05514
ETS1,-0.346,0.2381
NR2F6,-0.34607,-0.07863
HAND1,-0.3461,0.94118
TFAP2A,-0.34615,-0.00481
POU5F1,-0.3462,-0.17881
ZNF143,-0.34623,-0.08045
OLIG2,-0.3463,0.79877
PAX2,-0.34631,1.0569
ZSWIM1,-0.34635,0.07868
STAU2,-0.3464,0.26301
RUNX1,-0.34641,-0.06798
ZEB1,-0.34642,-0.14882
HSF2,-0.34662,0.0708
XBP1,-0.34663,0.09852
GATA2,-0.34665,-0.05162
HOXA3,-0.3467,-0.49974
RFX2,-0.34671,0.09243
RARA,-0.34676,-0.25519
RORA,-0.34682,1.26779
NR2F2,-0.34699,-0.04126
MSX1,-0.34701,0.83405
TFCP2,-0.34705,-0.18064
TFAP2A,-0.34707,-0.00481
NFKB1,-0.34716,-0.02496
SREBF2,-0.34716,0.00057
ELK1,-0.34719,-0.14318
TBX1,-0.34724,1.76691
KLF7,-0.34727,-0.49837
SOCS4,-0.3474,0.20644
NR2C2,-0.34741,0.21475
SIX5,-0.34742,-0.04506
ISL2,-0.34746,1.25248
HIC2,-0.34756,0.48876
LHX2,-0.34758,1.74567
TFAP2C,-0.3476,0.6037
TFCP2,-0.34764,-0.18064
CTCF,-0.34767,0.1109
HEY2,-0.34771,1.09575
ETV6,-0.34775,-0.12382
TFCP2,-0.34782,-0.18064
MEF2C,-0.34784,0.40985
NKX2-8,-0.34804,1.30963
RAB7A,-0.34806,0.0373
CTCF,-0.34818,0.1109
CUX2,-0.34843,1.0607
KLF9,-0.34846,-0.19621
NKX6-1,-0.34849,1.89061
MEF2D,-0.34854,-0.06654
RAD21,-0.34854,0.33699
ZKSCAN1,-0.34858,0.25502
GATA3,-0.34858,0.63765
ELF4,-0.34859,-0.23961
TCF4,-0.34863,-0.83621
ETV1,-0.34866,0.0445
FOXF2,-0.34874,0.41095
FOXF1,-0.34876,0.17609
NR2C1,-0.34878,0.14754
MYBL1,-0.34886,0.21759
RFX5,-0.3489,0.24121
HIC2,-0.3491,0.48876
ERF,-0.3491,-0.20753
ZEB1,-0.34922,-0.14882
NR1H2,-0.34924,-0.17777
NR4A2,-0.34931,0.11007
MYB,-0.34941,-0.11523
ZBTB18,-0.34958,0.00701
HNF4G,-0.34962,0.89252
TBP,-0.34963,0.01746
TFAP2C,-0.34965,0.6037
NR2F2,-0.34971,-0.04126
TFAP2C,-0.34985,0.6037
AHR,-0.34993,-0.31593
CEBPG,-0.34996,0.22789
BHLHE40,-0.35008,0.12349
NR2F1,-0.35013,-0.40683
AHR,-0.35013,-0.31593
NFKB1,-0.35014,-0.02496
ELF1,-0.35016,-0.0385
MEOX1,-0.35031,0.5983
GATA3,-0.35034,0.63765
TEAD2,-0.35036,-0.33669
ATF5,-0.35049,-0.34711
RXRA,-0.35054,0.30198
STAT3,-0.35078,-0.16234
ISL2,-0.35078,1.25248
RFX3,-0.35081,0.21238
TCF3,-0.35083,-0.11833
BACH1,-0.35084,-0.08588
CUX1,-0.35092,-0.02564
TEAD3,-0.35099,-0.10294
NKX2-1,-0.351,2.41647
TBX20,-0.35105,1.45484
ZKSCAN3,-0.35113,0.45019
REST,-0.35116,0.20711
PROX1,-0.35157,1.25768
POU3F2,-0.3516,1.7839
TFAP2A,-0.35164,-0.00481
E2F8,-0.35164,0.20928
PAX8,-0.35174,1.96565
RXRB,-0.35175,0.14875
HSF1,-0.35182,0.46176
SRF,-0.35182,-0.18877
JUNB,-0.35187,0.12824
RAB2A,-0.3519,0.03192
TGIF1,-0.35191,0.24022
NR3C1,-0.35194,-0.11267
TCF3,-0.352,-0.11833
POU6F1,-0.35201,-0.06658
HINFP,-0.35201,0.09309
TEAD3,-0.35207,-0.10294
NKX2-5,-0.35209,1.55041
POU2F2,-0.3522,-0.79029
ARNT,-0.35222,0.03492
CUX1,-0.3523,-0.02564
TFAP2A,-0.35231,-0.00481
STAT6,-0.35233,-0.29029
ZBTB3,-0.35239,0.39844
IRF5,-0.35245,0.56234
ETV4,-0.35266,0.15297
PKNOX1,-0.35275,-0.01682
LBX2,-0.35285,1.06169
NFKB2,-0.35291,0.51364
IRF1,-0.35296,0.07358
ETS1,-0.35296,0.2381
RARB,-0.35305,-0.80509
DLX5,-0.35335,1.14301
ELF1,-0.35337,-0.0385
FLI1,-0.35342,-2.13898
FOXD1,-0.35343,0.21153
CPSF4,-0.35355,0.01329
SOX8,-0.35358,0.98528
ELF1,-0.35362,-0.0385
MLX,-0.35363,0.04225
ERG,-0.35364,1.54862
SMAD1,-0.35368,-0.01057
PAX3,-0.3537,1.45939
RORA,-0.35381,1.26779
LHX6,-0.35381,1.97772
THRA,-0.35387,-0.23344
POU3F3,-0.35394,1.52977
GZF1,-0.35398,-0.10714
EMX2,-0.35398,1.14301
REST,-0.35399,0.20711
RXRA,-0.35405,0.30198
TFCP2,-0.35407,-0.18064
PTEN,-0.35412,0.03658
MXI1,-0.35422,0.36623
SOX4,-0.35433,-0.13172
AHR,-0.35434,-0.31593
ZNF784,-0.35434,-0.1146
ZBTB6,-0.35436,0.06759
SP2,-0.35441,-0.07606
TGIF1,-0.3545,0.24022
RUNX2,-0.3545,-0.44748
HOXC6,-0.35469,-0.04045
MAF,-0.35472,1.50435
CENPB,-0.35475,-0.10852
FOXC1,-0.35479,0.69824
SOX9,-0.35479,0.21723
ELK4,-0.35485,0.1604
CTCF,-0.35489,0.1109
NKX2-1,-0.35491,2.41647
E2F4,-0.35498,0.14148
NR3C1,-0.355,-0.11267
TP73,-0.35506,1.60948
HHEX,-0.35507,-0.0457
MAFB,-0.35513,0.64383
SOX8,-0.35517,0.98528
ERG,-0.35519,1.54862
HOXA2,-0.35519,-0.49643
TFAP4,-0.3552,0.30334
E2F1,-0.3553,-0.14567
FLI1,-0.3553,-2.13898
BARHL2,-0.35531,1.83251
NR3C1,-0.35532,-0.11267
TCF7,-0.35533,0.17771
STAT2,-0.35543,0.19114
THAP1,-0.35559,0.30516
IRF4,-0.35567,-0.17271
RORA,-0.35569,1.26779
SMAD2,-0.35571,-0.33837
USF1,-0.35572,-0.13268
AR,-0.35577,0.74347
NFIC,-0.3558,-0.21458
SIX1,-0.35581,0.9836
IRF8,-0.35583,0.31482
HOXD13,-0.35585,1.61407
NFE2L1,-0.35586,-0.03223
TSNAX,-0.35587,0.11721
YY1,-0.35611,0.14859
SP1,-0.35619,0.23865
RFX5,-0.35619,0.24121
TFAP4,-0.35637,0.30334
NKX2-1,-0.35639,2.41647
LBX2,-0.35641,1.06169
TP53,-0.35644,-0.06103
ETV4,-0.35645,0.15297
RUNX3,-0.35655,1.32536
MECP2,-0.35656,0.18722
VAX1,-0.35656,1.0607
MSX2,-0.35657,1.37658
JUND,-0.3566,-0.03685
ESRRA,-0.35663,0.36686
EMX1,-0.35678,1.22011
AHR,-0.35679,-0.31593
FOXP1,-0.35684,-0.47893
THAP1,-0.35702,0.30516
EN1,-0.35713,1.50651
LHX2,-0.35715,1.74567
DMBX1,-0.35718,1.4014
ESX1,-0.35724,1.18752
SOX15,-0.35724,-0.29176
MSX1,-0.35729,0.83405
GRHL1,-0.35729,0.60779
TEAD1,-0.3573,0.23157
PROX1,-0.35731,1.25768
MTA3,-0.35736,0.13685
RXRA,-0.3575,0.30198
MYBL2,-0.35752,-0.19707
TFAP2C,-0.35754,0.6037
FOS,-0.35754,0.11477
SNAI2,-0.35759,-0.12542
RFX2,-0.35759,0.09243
ZBTB7A,-0.35761,-0.03833
SMAD3,-0.35764,-0.38086
PAX3,-0.35767,1.45939
BARHL2,-0.35771,1.83251
BHLHE41,-0.35772,-0.53218
HINFP,-0.35775,0.09309
MEIS2,-0.35785,-0.06534
TPI1,-0.35789,-0.02368
TFAP2C,-0.35796,0.6037
SOX2,-0.35803,1.37658
RARG,-0.35808,-0.50335
TBX20,-0.35829,1.45484
SOX2,-0.35834,1.37658
TFAP2C,-0.35845,0.6037
HOXA2,-0.35847,-0.49643
ZBTB7A,-0.3585,-0.03833
EGR1,-0.35854,0.22639
JUN,-0.35856,0.26082
EGR1,-0.35872,0.22639
RFX5,-0.35873,0.24121
SRF,-0.35875,-0.18877
RARB,-0.35877,-0.80509
MZF1,-0.35879,0.10253
EP300,-0.3588,0.07356
HESX1,-0.35882,0.17438
BARX1,-0.35895,1.13672
ARNT,-0.35905,0.03492
CUX1,-0.35906,-0.02564
NR2C2,-0.35912,0.21475
FOXJ2,-0.35914,-0.10174
ASAP3,-0.35925,-0.03807
REST,-0.35931,0.20711
INSM1,-0.35936,1.22789
MZF1,-0.35936,0.10253
SIX5,-0.35937,-0.04506
NR3C1,-0.35942,-0.11267
STAT6,-0.35947,-0.29029
TBX2,-0.3595,0.74219
FOXK1,-0.35954,0.61424
HOXB4,-0.35963,-0.31825
MYBL1,-0.35972,0.21759
TFAP4,-0.35972,0.30334
TEAD4,-0.35995,0.33182
SOX15,-0.36007,-0.29176
HOXB3,-0.36007,-0.40051
TP53,-0.36016,-0.06103
EN2,-0.36033,1.5098
TCF3,-0.36037,-0.11833
ZNF75A,-0.36042,0.45123
PAX9,-0.36043,1.51678
HBP1,-0.36043,-0.38822
NR2F1,-0.36047,-0.40683
PPARG,-0.36054,-0.0062
TFEB,-0.36055,-0.41856
RFX5,-0.36058,0.24121
BARX1,-0.36059,1.13672
GATA2,-0.36062,-0.05162
TCF3,-0.36069,-0.11833
FOXG1,-0.36069,1.5762
FOXP4,-0.36071,-0.2733
ETV1,-0.36073,0.0445
STAT3,-0.36075,-0.16234
REST,-0.36079,0.20711
GATA4,-0.36084,-1.3276
TAF1A,-0.36091,0.38773
THAP1,-0.36092,0.30516
ESRRA,-0.36094,0.36686
EGR1,-0.36122,0.22639
TCF3,-0.36124,-0.11833
MSX2,-0.36125,1.37658
HNF4G,-0.36133,0.89252
MAGEF1,-0.36136,-0.19609
NFIA,-0.36137,0.15147
RARA,-0.36148,-0.25519
ALX4,-0.36148,1.37058
NR2F2,-0.36155,-0.04126
RUNX1,-0.36162,-0.06798
TFAP2C,-0.36166,0.6037
RFX2,-0.36166,0.09243
DMBX1,-0.36179,1.4014
ZIC3,-0.3618,1.58206
ZBED1,-0.36182,-0.20248
MEOX1,-0.36187,0.5983
MYBL1,-0.36202,0.21759
FOXB1,-0.36203,1.39094
SMAD1,-0.36211,-0.01057
NFIC,-0.36223,-0.21458
NR2F1,-0.36224,-0.40683
SOX18,-0.36225,1.26007
PBX2,-0.36239,0.47253
HOXC11,-0.36263,0.58072
MAFA,-0.36269,1.66573
TCF12,-0.36275,-0.03309
RUNX2,-0.36278,-0.44748
HES1,-0.3628,0.29018
RUNX2,-0.36281,-0.44748
ZIC2,-0.36286,2.51825
NFIX,-0.36296,-0.37506
NR2C2,-0.363,0.21475
HOXB8,-0.36303,0.34207
SOX15,-0.36305,-0.29176
TFAP4,-0.36306,0.30334
LHX6,-0.36313,1.97772
DMBX1,-0.36316,1.4014
BAX,-0.36327,-0.21986
ZBTB6,-0.36327,0.06759
HLF,-0.3633,1.20049
AGGF1,-0.36331,0.05794
SMAD4,-0.36333,0.01087
TBX20,-0.36337,1.45484
NFE2L1,-0.36343,-0.03223
TCF7,-0.36348,0.17771
TEAD3,-0.36349,-0.10294
TCF3,-0.36353,-0.11833
ESRRB,-0.36354,1.09807
NFIX,-0.36358,-0.37506
PBX1,-0.3636,-0.73611
ETV5,-0.36363,0.00428
SOX9,-0.36364,0.21723
RFX5,-0.36366,0.24121
MEIS1,-0.36371,-0.46847
TFAP4,-0.36383,0.30334
EP300,-0.36398,0.07356
ZBTB4,-0.36405,-0.18334
TFCP2,-0.36409,-0.18064
ZBTB7A,-0.36409,-0.03833
SREBF1,-0.36409,-0.15578
REL,-0.36414,0.12775
PAX6,-0.36438,0.87769
PAX3,-0.36443,1.45939
SOX18,-0.36452,1.26007
JUN,-0.36454,0.26082
FOXC1,-0.3646,0.69824
TCF3,-0.36461,-0.11833
E2F1,-0.36462,-0.14567
HIF1A,-0.36477,-0.1013
FOXO1,-0.36479,0.19161
RFX5,-0.3648,0.24121
RXRA,-0.36491,0.30198
TFAP2A,-0.36494,-0.00481
CBFA2T2,-0.36495,0.25191
FOS,-0.36496,0.11477
SMAD3,-0.36509,-0.38086
TBX2,-0.36512,0.74219
PRRX1,-0.36513,-0.44294
NR6A1,-0.36528,0.87404
PAX8,-0.3653,1.96565
TGIF2,-0.3653,0.13496
NANOS1,-0.36533,0.50886
PKNOX1,-0.36538,-0.01682
E2F1,-0.36541,-0.14567
CUX1,-0.36544,-0.02564
RAD21,-0.36545,0.33699
GATA3,-0.36561,0.63765
ZFP3,-0.36578,0.80123
ETV2,-0.3658,-0.21244
NAP1L1,-0.3658,-0.01113
NR6A1,-0.3658,0.87404
TGIF2,-0.36583,0.13496
REL,-0.36583,0.12775
LBX2,-0.36587,1.06169
ERG,-0.36589,1.54862
HOXB7,-0.36592,0.26541
HOXC6,-0.36598,-0.04045
DLX2,-0.36599,0.70947
ZEB1,-0.36601,-0.14882
NKX2-8,-0.36601,1.30963
ZBTB4,-0.36608,-0.18334
NR3C1,-0.36628,-0.11267
DLX5,-0.3663,1.14301
HOXB3,-0.36631,-0.40051
LHX6,-0.36634,1.97772
CDC5L,-0.36644,-0.00818
VDR,-0.36644,0.18204
ATF3,-0.36647,0.74563
HOXB2,-0.3665,-0.59651
SREBF1,-0.36651,-0.15578
ZNF143,-0.36651,-0.08045
NR2C2,-0.3666,0.21475
FLI1,-0.36673,-2.13898
ID4,-0.36685,-0.49292
GMEB2,-0.36685,0.07687
NRL,-0.36687,0.13212
CTCF,-0.36703,0.1109
SREBF1,-0.36705,-0.15578
SOX2,-0.36707,1.37658
NFKB1,-0.36709,-0.02496
GFI1,-0.36714,0.95373
TCF7L1,-0.36714,-0.12623
ETS1,-0.3672,0.2381
ESRRA,-0.36722,0.36686
HMX1,-0.36724,1.5563
MEIS2,-0.36726,-0.06534
HIC1,-0.36728,-0.93177
HOXA2,-0.36729,-0.49643
ELF4,-0.36738,-0.23961
GATA2,-0.36739,-0.05162
NFKB1,-0.36741,-0.02496
BACH1,-0.36746,-0.08588
TEAD1,-0.36749,0.23157
KLF4,-0.36751,1.14393
ETV4,-0.36752,0.15297
SOX13,-0.36752,0.20325
ZBTB4,-0.36753,-0.18334
TFCP2,-0.36757,-0.18064
ZSCAN16,-0.36771,0.07149
HOXB3,-0.36771,-0.40051
VDR,-0.36773,0.18204
TEAD1,-0.36775,0.23157
NFKB1,-0.36793,-0.02496
MGA,-0.36794,0.06935
EGR2,-0.36794,1.68485
RARA,-0.36801,-0.25519
TFAP2C,-0.36809,0.6037
USF1,-0.36809,-0.13268
E2F4,-0.36811,0.14148
FOXA1,-0.36817,0.59218
NR4A1,-0.36818,0.49659
RFX5,-0.36821,0.24121
ZNF3,-0.36838,0.04979
GBX2,-0.36842,1.92073
TBP,-0.36851,0.01746
MNX1,-0.36858,2.02938
MEIS3,-0.36878,0.68303
GATA3,-0.36878,0.63765
TP73,-0.36891,1.60948
HMG20A,-0.36893,0.08937
ISL2,-0.36893,1.25248
RARA,-0.36893,-0.25519
MYBL1,-0.36913,0.21759
AHR,-0.36916,-0.31593
EN1,-0.3692,1.50651
TGIF2,-0.36924,0.13496
DLX4,-0.36926,1.70529
NFYA,-0.36928,-0.02481
LHX9,-0.36939,-1.03088
HOXA3,-0.36944,-0.49974
GATA2,-0.36949,-0.05162
LHX6,-0.36949,1.97772
ZNF143,-0.3695,-0.08045
HOXD11,-0.36954,0.14834
RXRB,-0.36957,0.14875
EGR1,-0.36958,0.22639
MGA,-0.36959,0.06935
TFAP2A,-0.3696,-0.00481
THRB,-0.36967,0.86606
ELF4,-0.3698,-0.23961
CREB3L1,-0.36984,-0.29251
BHLHE40,-0.36995,0.12349
FOXA1,-0.37,0.59218
NFATC3,-0.37,0.26356
HLF,-0.37,1.20049
HOXD3,-0.37011,-0.7231
HINFP,-0.37016,0.09309
PPP1R10,-0.37024,0.05535
NR2F6,-0.37028,-0.07863
BACH2,-0.37039,1.29373
ZBTB18,-0.3704,0.00701
EBF3,-0.37052,1.02359
HOXB8,-0.37053,0.34207
ESX1,-0.37058,1.18752
LHX1,-0.37064,0.72793
STAT3,-0.37072,-0.16234
JUNB,-0.37081,0.12824
PTEN,-0.37086,0.03658
NFIB,-0.37087,-0.34392
OLIG2,-0.37088,0.79877
TCF3,-0.37089,-0.11833
ESX1,-0.37089,1.18752
SRF,-0.3709,-0.18877
LMX1B,-0.37092,1.549
ZKSCAN8,-0.37112,0.3751
ETS1,-0.37116,0.2381
JUND,-0.37117,-0.03685
DLX1,-0.3712,0.10983
MYC,-0.37126,0.22497
IRF5,-0.37129,0.56234
ESRRG,-0.37134,1.19866
MGA,-0.3714,0.06935
SP1,-0.37147,0.23865
TAF1A,-0.37147,0.38773
MLX,-0.37154,0.04225
ETV1,-0.37155,0.0445
ZNF720,-0.37162,0.10997
MEIS2,-0.37163,-0.06534
GATA2,-0.37168,-0.05162
MESP1,-0.37168,0.43381
NR3C1,-0.37172,-0.11267
CDX2,-0.37174,2.15473
SRF,-0.3718,-0.18877
ZBTB4,-0.37185,-0.18334
MEIS1,-0.37186,-0.46847
TBX1,-0.3719,1.76691
PBX2,-0.37201,0.47253
NFKB1,-0.37201,-0.02496
HOXC10,-0.37209,0.94574
RARA,-0.37217,-0.25519
MYC,-0.37223,0.22497
RPL35,-0.37224,0.03825
NRF1,-0.37226,-0.06707
HIC2,-0.37231,0.48876
GMEB2,-0.37231,0.07687
ZNF143,-0.37239,-0.08045
NFIX,-0.3724,-0.37506
ELF4,-0.37241,-0.23961
SP3,-0.37242,0.05187
ZNF71,-0.3725,-0.07264
REST,-0.37256,0.20711
RFX3,-0.3726,0.21238
GLI2,-0.37264,0.00519
RFX2,-0.37277,0.09243
FOXO1,-0.37283,0.19161
NR2C2,-0.37284,0.21475
JUN,-0.37287,0.26082
ETV2,-0.37288,-0.21244
NFKB1,-0.37291,-0.02496
ZEB1,-0.37297,-0.14882
SOX8,-0.373,0.98528
EGR2,-0.37304,1.68485
NFIL3,-0.37306,0.04188
TFAP2C,-0.37324,0.6037
SOX9,-0.37326,0.21723
THRA,-0.37332,-0.23344
HOXD9,-0.37337,-0.24896
SOX4,-0.37341,-0.13172
NFIX,-0.37341,-0.37506
CUX1,-0.37346,-0.02564
HSF4,-0.3735,1.04243
ZEB1,-0.37352,-0.14882
MEF2C,-0.37367,0.40985
ETV6,-0.37368,-0.12382
PPARG,-0.37372,-0.0062
RUNX1,-0.37377,-0.06798
AHR,-0.3738,-0.31593
TFAP2C,-0.37382,0.6037
FOXL1,-0.37382,-0.97272
NRL,-0.37384,0.13212
ETS1,-0.37387,0.2381
SP3,-0.3739,0.05187
THRB,-0.37393,0.86606
SREBF2,-0.37408,0.00057
MAFK,-0.37411,-0.18717
BARHL2,-0.37416,1.83251
HINFP,-0.37422,0.09309
ZNF524,-0.3744,-0.36672
TGIF1,-0.37448,0.24022
ESRRA,-0.3745,0.36686
MYBL2,-0.37452,-0.19707
RFX5,-0.37454,0.24121
RXRA,-0.37458,0.30198
MSX2,-0.37459,1.37658
PBX3,-0.37462,0.40978
EN2,-0.37465,1.5098
ARNT,-0.37466,0.03492
EGR1,-0.37469,0.22639
NKX3-2,-0.37472,1.28354
MLX,-0.37474,0.04225
HSF1,-0.37477,0.46176
ANXA1,-0.3748,-0.16277
TCF4,-0.37482,-0.83621
NFYC,-0.37482,0.04732
ATF3,-0.37487,0.74563
YY2,-0.37494,-0.33904
GMEB2,-0.37496,0.07687
SOX2,-0.37496,1.37658
GMEB2,-0.37498,0.07687
FOSL2,-0.37501,0.07854
MGA,-0.37503,0.06935
GLI2,-0.37508,0.00519
MXD4,-0.3751,-0.10175
NFYA,-0.37512,-0.02481
DMRTA2,-0.37517,0.91568
RARA,-0.37523,-0.25519
HOXD3,-0.37523,-0.7231
ESRRB,-0.37555,1.09807
REL,-0.37556,0.12775
E2F3,-0.3756,0.35972
NFIC,-0.37564,-0.21458
GLI2,-0.37567,0.00519
HEY1,-0.37571,1.16638
ZBTB3,-0.37572,0.39844
TEAD4,-0.37576,0.33182
ZEB1,-0.37578,-0.14882
CEBPG,-0.37586,0.22789
HAND1,-0.37586,0.94118
ETS1,-0.37589,0.2381
EMX1,-0.37607,1.22011
ALX4,-0.37607,1.37058
NR3C1,-0.37609,-0.11267
PAX6,-0.37616,0.87769
RXRB,-0.37621,0.14875
LBX2,-0.37635,1.06169
TP53,-0.37643,-0.06103
FOXO6,-0.37644,1.52196
GBX2,-0.37646,1.92073
STAT5A,-0.3766,-0.10044
EPAS1,-0.37666,-0.67374
GLI2,-0.37673,0.00519
TFAP2A,-0.37674,-0.00481
YY1,-0.37701,0.14859
ZNF589,-0.37701,0.55279
CEBPB,-0.37701,0.1585
RAD21,-0.37703,0.33699
GATA4,-0.37707,-1.3276
GFI1,-0.37708,0.95373
SMAD1,-0.37708,-0.01057
SMAD2,-0.37709,-0.33837
SP3,-0.37711,0.05187
HINFP,-0.37717,0.09309
TFAP2A,-0.37721,-0.00481
NFYA,-0.37729,-0.02481
EGR1,-0.37729,0.22639
NR4A1,-0.37733,0.49659
EN1,-0.37733,1.50651
ZBTB7A,-0.37737,-0.03833
NFYA,-0.3774,-0.02481
HOXB8,-0.3774,0.34207
NR2F1,-0.37747,-0.40683
TFAP4,-0.37752,0.30334
TFAP2A,-0.37754,-0.00481
NFYA,-0.3776,-0.02481
TFAP2A,-0.37761,-0.00481
HOXA7,-0.37761,-1.08007
MSX2,-0.37768,1.37658
SOX2,-0.3777,1.37658
MEIS2,-0.37774,-0.06534
ERG,-0.3778,1.54862
THRA,-0.37782,-0.23344
RFX2,-0.37784,0.09243
REL,-0.37788,0.12775
EBF3,-0.37793,1.02359
LBX2,-0.37796,1.06169
SMAD4,-0.37799,0.01087
POU2F2,-0.37808,-0.79029
GATA2,-0.37808,-0.05162
PROX1,-0.37808,1.25768
ESRRA,-0.3782,0.36686
GABPA,-0.37823,-0.14939
FOXA1,-0.37824,0.59218
ID4,-0.37842,-0.49292
CTCF,-0.37842,0.1109
BHLHE41,-0.37845,-0.53218
ETS1,-0.37849,0.2381
TFAP2C,-0.3785,0.6037
NR2F1,-0.37861,-0.40683
MYB,-0.37865,-0.11523
HOXD13,-0.37867,1.61407
FOS,-0.37869,0.11477
TP53,-0.37871,-0.06103
NFIL3,-0.37876,0.04188
RXRA,-0.37881,0.30198
FOXO1,-0.37896,0.19161
NFKB1,-0.37896,-0.02496
MEOX1,-0.37897,0.5983
SREBF2,-0.37903,0.00057
CUX1,-0.37906,-0.02564
SRF,-0.37909,-0.18877
EGR1,-0.37919,0.22639
TFAP4,-0.37923,0.30334
TBP,-0.37928,0.01746
NFE2,-0.37928,0.59563
EGR1,-0.37928,0.22639
HOXC10,-0.37929,0.94574
GTPBP1,-0.37933,0.07181
NFATC1,-0.3794,1.17367
HOXC8,-0.37942,0.02345
FOXC1,-0.37942,0.69824
GFI1,-0.37943,0.95373
PAX2,-0.37945,1.0569
TFAP2C,-0.37945,0.6037
NRF1,-0.37947,-0.06707
SEMA4A,-0.37957,0.2132
SP2,-0.37964,-0.07606
PAX3,-0.37965,1.45939
YY1,-0.3797,0.14859
FOXC2,-0.37974,-2.00079
BPTF,-0.37974,0.25822
HESX1,-0.3799,0.17438
PAX3,-0.37997,1.45939
SPAG7,-0.37998,-0.25837
TFAP2C,-0.37999,0.6037
AHR,-0.38015,-0.31593
ZBTB4,-0.38019,-0.18334
TFAP2A,-0.38024,-0.00481
MEIS2,-0.38024,-0.06534
HOXA2,-0.38025,-0.49643
PKNOX1,-0.38028,-0.01682
HIC1,-0.38029,-0.93177
SMAD3,-0.38032,-0.38086
NKX3-2,-0.38037,1.28354
GATA3,-0.38048,0.63765
TFAP2C,-0.38057,0.6037
ESRRG,-0.38063,1.19866
SMAD3,-0.3807,-0.38086
ETV1,-0.38077,0.0445
ETS1,-0.38081,0.2381
EP300,-0.38082,0.07356
POU2F2,-0.38085,-0.79029
TGIF2,-0.38088,0.13496
TBX2,-0.38089,0.74219
DBP,-0.38099,-0.07406
AFP,-0.38102,-0.7863
EGR1,-0.38102,0.22639
POU3F3,-0.38105,1.52977
HOXD11,-0.38107,0.14834
MBD2,-0.38107,-0.39254
EMX2,-0.38111,1.14301
HOXD8,-0.38116,-0.50292
E2F1,-0.38118,-0.14567
AHR,-0.38125,-0.31593
LHX6,-0.3813,1.97772
HOXA2,-0.38153,-0.49643
GFI1,-0.38156,0.95373
NFATC1,-0.38161,1.17367
SREBF2,-0.38162,0.00057
CD59,-0.38168,-0.47754
RXRA,-0.3818,0.30198
VDR,-0.38181,0.18204
FOSL1,-0.38182,0.12968
HOXD3,-0.38188,-0.7231
CEBPG,-0.38194,0.22789
TBP,-0.38211,0.01746
MEIS3,-0.38215,0.68303
FOXO1,-0.38226,0.19161
SRF,-0.38228,-0.18877
SOX8,-0.38251,0.98528
FOXA1,-0.38255,0.59218
NR2F1,-0.38263,-0.40683
JUND,-0.38269,-0.03685
PITX1,-0.38271,2.66087
NFYB,-0.38277,-0.01498
HESX1,-0.3828,0.17438
PITX1,-0.38281,2.66087
GLIS3,-0.38284,-0.88015
NR3C1,-0.38291,-0.11267
ZNF3,-0.38295,0.04979
PURA,-0.38298,0.0202
GATA6,-0.38306,-0.4102
EP300,-0.38306,0.07356
TCF4,-0.38312,-0.83621
ERG,-0.38313,1.54862
HOXB3,-0.38314,-0.40051
OTX1,-0.38337,0.61502
UBP1,-0.38341,0.11819
MAF,-0.3835,1.50435
MITF,-0.38356,0.30426
OTX1,-0.38364,0.61502
PAX9,-0.38364,1.51678
HSF1,-0.38364,0.46176
SREBF2,-0.38369,0.00057
HOXD8,-0.38371,-0.50292
TWIST1,-0.38386,-0.19509
BAX,-0.38397,-0.21986
TBX3,-0.38399,-0.64016
NFATC3,-0.38409,0.26356
PBX1,-0.38409,-0.73611
JUN,-0.38412,0.26082
REST,-0.38414,0.20711
GATA2,-0.3843,-0.05162
EN2,-0.3843,1.5098
SOX2,-0.38445,1.37658
BCL11A,-0.38446,1.84042
PKNOX1,-0.3845,-0.01682
NFIC,-0.38454,-0.21458
TCF4,-0.38457,-0.83621
PLAG1,-0.38467,0.41363
POU2F2,-0.38467,-0.79029
SOX17,-0.38472,-2.18298
NR3C1,-0.38476,-0.11267
FOXD3,-0.38478,1.66375
ZBED1,-0.38479,-0.20248
JUNB,-0.3848,0.12824
MEOX1,-0.38483,0.5983
PLAGL1,-0.38484,0.61926
NKX2-8,-0.38488,1.30963
EP300,-0.385,0.07356
REL,-0.38507,0.12775
ZNF143,-0.38509,-0.08045
SRF,-0.38509,-0.18877
CEBPB,-0.38523,0.1585
ID4,-0.38526,-0.49292
ZBTB7A,-0.38531,-0.03833
NR2F1,-0.38539,-0.40683
GMEB1,-0.38546,-0.0629
HOXD13,-0.38548,1.61407
TFAP4,-0.38555,0.30334
EGR1,-0.38576,0.22639
EPAS1,-0.38576,-0.67374
GATA3,-0.38583,0.63765
SRF,-0.38593,-0.18877
LHX6,-0.3861,1.97772
ELF4,-0.38611,-0.23961
TCF7,-0.38613,0.17771
ARID5A,-0.38625,-0.18956
RAD21,-0.38631,0.33699
ELF1,-0.38632,-0.0385
NFKB1,-0.38639,-0.02496
RFX5,-0.38644,0.24121
GATA3,-0.38648,0.63765
CUX1,-0.38651,-0.02564
PDX1,-0.38658,1.13033
CUX1,-0.3866,-0.02564
MEIS2,-0.38667,-0.06534
BRCA1,-0.38682,-0.27515
HOXC11,-0.3869,0.58072
TFAP2C,-0.38703,0.6037
NFIC,-0.38712,-0.21458
TFAP2C,-0.38712,0.6037
NELFA,-0.38731,0.00211
FOXA1,-0.38733,0.59218
BHLHE40,-0.38737,0.12349
REL,-0.38742,0.12775
PPARA,-0.38751,0.48827
HOXA3,-0.38753,-0.49974
STAT1,-0.38762,-0.01743
GMEB2,-0.38763,0.07687
ETV1,-0.38769,0.0445
RARA,-0.38775,-0.25519
ESRRG,-0.38786,1.19866
ELK1,-0.38786,-0.14318
CUX1,-0.3879,-0.02564
YY2,-0.3879,-0.33904
SOX7,-0.38794,0.94009
TCF7L1,-0.38798,-0.12623
IRF2,-0.38802,-0.18248
NR4A1,-0.38804,0.49659
MAFK,-0.38806,-0.18717
TFAP2C,-0.38814,0.6037
TGIF1,-0.38822,0.24022
CEBPA,-0.38832,1.86054
DMC1,-0.38844,0.83476
HSF4,-0.38848,1.04243
CUX1,-0.38855,-0.02564
SREBF2,-0.38856,0.00057
HOXD4,-0.3886,-0.33947
SRF,-0.38868,-0.18877
SNAI2,-0.38871,-0.12542
MSX2,-0.38873,1.37658
TBP,-0.38874,0.01746
ZBTB7B,-0.38876,-0.1944
ARNT,-0.38882,0.03492
TBP,-0.38896,0.01746
HINFP,-0.38913,0.09309
TFAP2C,-0.38915,0.6037
DIS3,-0.3893,0.14983
EGR1,-0.38933,0.22639
IRX3,-0.38934,0.16577
ID4,-0.38939,-0.49292
MYBL1,-0.38945,0.21759
ZEB1,-0.38956,-0.14882
EP300,-0.38956,0.07356
STAT1,-0.38958,-0.01743
IRF7,-0.38961,-0.16734
MEIS1,-0.38963,-0.46847
ERG,-0.38968,1.54862
OTX1,-0.38978,0.61502
EN2,-0.38986,1.5098
SIN3A,-0.38986,0.04933
PRRX1,-0.38991,-0.44294
NFIC,-0.38999,-0.21458
TFAP2C,-0.39,0.6037
EN2,-0.39005,1.5098
ESX1,-0.39005,1.18752
ESRRG,-0.39006,1.19866
TBX2,-0.39012,0.74219
XBP1,-0.39019,0.09852
ID4,-0.3903,-0.49292
HMBOX1,-0.39033,0.39571
TFCP2,-0.39035,-0.18064
MYBL1,-0.39035,0.21759
CEBPB,-0.39041,0.1585
HINFP,-0.39046,0.09309
BAX,-0.39059,-0.21986
TFCP2,-0.39077,-0.18064
NR2F2,-0.39085,-0.04126
TGIF1,-0.39099,0.24022
NR2F2,-0.391,-0.04126
ETV2,-0.39103,-0.21244
SIX1,-0.39118,0.9836
FOS,-0.39119,0.11477
SFT2D1,-0.39134,0.08654
THRB,-0.39135,0.86606
MAFK,-0.39136,-0.18717
MAFK,-0.39149,-0.18717
SP2,-0.39151,-0.07606
ZSCAN31,-0.39164,-0.51355
TCF12,-0.39168,-0.03309
BHLHE41,-0.3917,-0.53218
SP2,-0.3917,-0.07606
EMX1,-0.39178,1.22011
NRF1,-0.39179,-0.06707
SIX4,-0.39185,0.71485
PRDM4,-0.39186,0.23073
ARNT,-0.3919,0.03492
RARA,-0.39192,-0.25519
HINFP,-0.39202,0.09309
POU6F1,-0.39202,-0.06658
EOMES,-0.39205,1.4624
ING3,-0.39207,-0.28377
SOX8,-0.39207,0.98528
SREBF2,-0.39208,0.00057
TFAP2C,-0.39214,0.6037
TFAP2C,-0.39215,0.6037
SOX13,-0.39223,0.20325
BARHL2,-0.39229,1.83251
NR2C2,-0.39235,0.21475
HEY2,-0.39236,1.09575
YY1,-0.39242,0.14859
TFAP4,-0.39247,0.30334
LHX6,-0.39255,1.97772
FOXJ3,-0.39256,0.24609
STAT3,-0.39257,-0.16234
BCL6,-0.39268,-0.46691
HOXB5,-0.39272,0.18102
HOXD9,-0.39275,-0.24896
SREBF2,-0.39282,0.00057
NFIA,-0.39286,0.15147
RXRA,-0.39288,0.30198
TEAD3,-0.39297,-0.10294
RFX3,-0.393,0.21238
TEF,-0.393,-0.46806
GRHL1,-0.39316,0.60779
MDM2,-0.39325,0.03939
NKX2-1,-0.39329,2.41647
MXI1,-0.3933,0.36623
PRDM4,-0.39337,0.23073
PAX8,-0.39337,1.96565
PDX1,-0.39337,1.13033
TFAP4,-0.39339,0.30334
RUNX1,-0.39339,-0.06798
TEAD1,-0.39343,0.23157
ESRRG,-0.39348,1.19866
LHX6,-0.39349,1.97772
PKNOX2,-0.39354,0.45558
HOXC8,-0.39355,0.02345
EN1,-0.39355,1.50651
TCF7,-0.39356,0.17771
CEBPB,-0.39358,0.1585
POU3F2,-0.39364,1.7839
GLI1,-0.39366,-0.49908
BACH1,-0.39368,-0.08588
EGR1,-0.39371,0.22639
BACH1,-0.39372,-0.08588
SREBF1,-0.39379,-0.15578
TBX20,-0.39384,1.45484
HSF1,-0.39388,0.46176
TFCP2,-0.39393,-0.18064
TFAP2C,-0.39398,0.6037
CEBPB,-0.39405,0.1585
MAFB,-0.39408,0.64383
SOX4,-0.39417,-0.13172
FOXA3,-0.39419,1.07463
SMAD3,-0.3942,-0.38086
AHR,-0.39423,-0.31593
STAT1,-0.39423,-0.01743
EP300,-0.39431,0.07356
FOXK1,-0.39436,0.61424
GLI2,-0.39437,0.00519
RFX2,-0.39437,0.09243
MEOX1,-0.39455,0.5983
POU5F1,-0.39459,-0.17881
VAX2,-0.39463,-0.14018
MYB,-0.39475,-0.11523
TEAD4,-0.39476,0.33182
SOX8,-0.39488,0.98528
JUNB,-0.395,0.12824
SOX8,-0.39508,0.98528
NR2F1,-0.39509,-0.40683
ZC3H7A,-0.39511,0.06914
SMC3,-0.39524,0.09897
VAX2,-0.39532,-0.14018
FLI1,-0.39534,-2.13898
MITF,-0.39536,0.30426
RFX5,-0.39539,0.24121
CUX1,-0.39546,-0.02564
FLI1,-0.39549,-2.13898
ZBTB33,-0.39553,0.15431
NR4A1,-0.39556,0.49659
EGR2,-0.39563,1.68485
ZEB1,-0.39564,-0.14882
RUNX1,-0.39565,-0.06798
LHX6,-0.39569,1.97772
HOXA3,-0.3957,-0.49974
HIC2,-0.39573,0.48876
MEIS3,-0.39584,0.68303
MYBL1,-0.39591,0.21759
HCFC2,-0.39608,0.09281
PITX1,-0.39619,2.66087
ESRRA,-0.39619,0.36686
HOXC10,-0.39621,0.94574
SOX9,-0.39623,0.21723
CEBPG,-0.39626,0.22789
NFATC1,-0.39628,1.17367
TCF3,-0.39656,-0.11833
SIX3,-0.39656,1.18469
ZEB1,-0.39659,-0.14882
MAFB,-0.39662,0.64383
FOXO4,-0.39663,0.05375
PAX3,-0.39667,1.45939
MYBL2,-0.39667,-0.19707
MORN1,-0.39674,0.37255
SREBF1,-0.39682,-0.15578
PITX1,-0.39683,2.66087
SOX9,-0.39686,0.21723
TFAP2A,-0.39689,-0.00481
MYBL2,-0.3969,-0.19707
SOX8,-0.39705,0.98528
SMAD3,-0.39705,-0.38086
FOS,-0.39707,0.11477
NR4A2,-0.39717,0.11007
FLI1,-0.39718,-2.13898
PITX2,-0.39722,1.94874
JUNB,-0.39735,0.12824
DMRTA2,-0.39737,0.91568
GFI1,-0.39742,0.95373
ERF,-0.3976,-0.20753
ZBTB7A,-0.39761,-0.03833
KLF4,-0.39767,1.14393
PPARG,-0.39769,-0.0062
RXRA,-0.39777,0.30198
UBE2V1,-0.39778,-0.08291
ESRRA,-0.39787,0.36686
NR5A1,-0.39789,-1.93768
NRF1,-0.39792,-0.06707
BARHL2,-0.39799,1.83251
ERG,-0.39812,1.54862
TGIF2,-0.39813,0.13496
HOXD3,-0.39814,-0.7231
PAX6,-0.39821,0.87769
ESRRG,-0.39822,1.19866
DLX1,-0.39833,0.10983
HINFP,-0.39834,0.09309
FOXO4,-0.3984,0.05375
NR2C2,-0.39844,0.21475
SREBF2,-0.39856,0.00057
SOX8,-0.39857,0.98528
RXRA,-0.3986,0.30198
RORA,-0.39863,1.26779
NFE2,-0.39872,0.59563
GLIS3,-0.39881,-0.88015
TFCP2,-0.39889,-0.18064
NFYA,-0.39892,-0.02481
TFAP4,-0.39895,0.30334
HOXA2,-0.39896,-0.49643
POU5F1,-0.39897,-0.17881
EMX2,-0.39897,1.14301
EMX1,-0.39901,1.22011
SOX8,-0.39903,0.98528
TCF7,-0.39908,0.17771
GATA4,-0.39918,-1.3276
RFX5,-0.39923,0.24121
MAX,-0.39926,0.13856
STAT6,-0.39934,-0.29029
CLOCK,-0.39948,0.06464
MGA,-0.39956,0.06935
MAFA,-0.39956,1.66573
ESRRB,-0.39958,1.09807
MAZ,-0.3996,0.03792
TEAD1,-0.39962,0.23157
ETV6,-0.39965,-0.12382
TFAP4,-0.39978,0.30334
HOXA13,-0.3998,1.58967
MAF,-0.3998,1.50435
TFAP2A,-0.39992,-0.00481
TEAD1,-0.39996,0.23157
SP1,-0.40006,0.23865
ESX1,-0.4001,1.18752
NR3C1,-0.40012,-0.11267
TBP,-0.40015,0.01746
GLI2,-0.40018,0.00519
PDX1,-0.40019,1.13033
ANXA1,-0.40021,-0.16277
BARHL2,-0.40027,1.83251
RUNX3,-0.40031,1.32536
ZEB1,-0.4004,-0.14882
MYBL1,-0.40058,0.21759
NR5A1,-0.40059,-1.93768
SMAD1,-0.40064,-0.01057
ESRRA,-0.40066,0.36686
HNF4G,-0.40068,0.89252
MTF1,-0.40074,0.11672
MSC,-0.4008,0.03375
FOXO4,-0.40086,0.05375
RFX5,-0.40094,0.24121
SOX7,-0.40095,0.94009
RFX2,-0.40098,0.09243
NR2C2,-0.40104,0.21475
NRF1,-0.40111,-0.06707
ZBTB4,-0.40113,-0.18334
ELF2,-0.40115,0.08062
HMBOX1,-0.40116,0.39571
TGIF2,-0.40129,0.13496
TPPP,-0.40136,1.254
RFX2,-0.40146,0.09243
RUNX2,-0.40159,-0.44748
EN1,-0.4016,1.50651
PAX6,-0.40171,0.87769
IRF7,-0.40172,-0.16734
TCF12,-0.40186,-0.03309
TCF3,-0.40191,-0.11833
SNAI2,-0.40191,-0.12542
RXRA,-0.40197,0.30198
SOX13,-0.40198,0.20325
STAT2,-0.40198,0.19114
HOXD11,-0.40206,0.14834
ZBTB6,-0.40215,0.06759
HSF1,-0.40224,0.46176
MXD4,-0.4023,-0.10175
JUN,-0.40239,0.26082
CTCF,-0.40241,0.1109
EN1,-0.40253,1.50651
NRL,-0.40254,0.13212
SP1,-0.40255,0.23865
HAND1,-0.40271,0.94118
CENPB,-0.40285,-0.10852
LHX6,-0.4029,1.97772
TBX3,-0.40292,-0.64016
ID4,-0.40296,-0.49292
RFX5,-0.40305,0.24121
USF1,-0.40307,-0.13268
FOXA3,-0.40321,1.07463
RFX3,-0.4034,0.21238
HOXB8,-0.40343,0.34207
NFE2,-0.40348,0.59563
RORA,-0.40354,1.26779
MEOX1,-0.40356,0.5983
MSX1,-0.40361,0.83405
FLI1,-0.40371,-2.13898
ZBTB7A,-0.4038,-0.03833
ITGB2,-0.40381,1.87118
TBX20,-0.40388,1.45484
RUNX2,-0.40394,-0.44748
JUNB,-0.40398,0.12824
NR2F1,-0.40405,-0.40683
REST,-0.40406,0.20711
PDX1,-0.40411,1.13033
FOXO3,-0.40412,-0.09404
TGIF1,-0.40421,0.24022
ESRRA,-0.40422,0.36686
HIC1,-0.40424,-0.93177
HOXA1,-0.40424,0.09858
ELK1,-0.40433,-0.14318
EP300,-0.4044,0.07356
TFE3,-0.40442,-0.02572
NKX3-1,-0.40446,-0.17361
FOXO4,-0.40451,0.05375
ZBED1,-0.4046,-0.20248
RXRA,-0.40468,0.30198
REST,-0.40471,0.20711
PGR,-0.40472,0.77101
GRHL1,-0.40492,0.60779
HOXC13,-0.40496,0.9857
YY1,-0.40499,0.14859
TFE3,-0.40531,-0.02572
ESRRA,-0.40531,0.36686
ZNF784,-0.40534,-0.1146
E2F4,-0.40545,0.14148
DLX1,-0.40546,0.10983
FOXO1,-0.40548,0.19161
MLX,-0.4055,0.04225
PBX3,-0.40551,0.40978
SMAD3,-0.40555,-0.38086
DLX1,-0.40558,0.10983
TFAP4,-0.4056,0.30334
FOSL2,-0.40561,0.07854
MECP2,-0.4057,0.18722
NFE2L1,-0.40574,-0.03223
TCF3,-0.40575,-0.11833
VAX1,-0.40578,1.0607
SOX8,-0.40581,0.98528
ZKSCAN1,-0.40585,0.25502
CXXC1,-0.40585,-0.20636
MGA,-0.40587,0.06935
PAX2,-0.40613,1.0569
GFI1,-0.40614,0.95373
SMAD3,-0.40614,-0.38086
MITF,-0.40615,0.30426
CUX1,-0.40628,-0.02564
DLX4,-0.40628,1.70529
GFI1,-0.40632,0.95373
FHL2,-0.40632,0.26944
FOXJ3,-0.4064,0.24609
NR1H2,-0.40641,-0.17777
RXRA,-0.40644,0.30198
SOX15,-0.40655,-0.29176
RFX5,-0.40663,0.24121
MYC,-0.40671,0.22497
STAT1,-0.40676,-0.01743
ISL2,-0.40678,1.25248
SP3,-0.40681,0.05187
ATF4,-0.40684,0.11374
ESRRG,-0.40685,1.19866
TFAP2A,-0.40691,-0.00481
LHX6,-0.40693,1.97772
MSC,-0.40695,0.03375
LRRFIP1,-0.40701,-0.15885
TP53,-0.40707,-0.06103
BARHL2,-0.40718,1.83251
MSC,-0.40735,0.03375
TFAP2C,-0.40743,0.6037
TP73,-0.40758,1.60948
SMAD4,-0.40761,0.01087
POU2F2,-0.40763,-0.79029
AHR,-0.40777,-0.31593
SRF,-0.40778,-0.18877
MSC,-0.40781,0.03375
MAFK,-0.40787,-0.18717
BCL6,-0.40793,-0.46691
STAT1,-0.40803,-0.01743
ZKSCAN3,-0.40804,0.45019
SOX4,-0.40816,-0.13172
JUN,-0.40816,0.26082
ERG,-0.40821,1.54862
NKX2-5,-0.40828,1.55041
ESRRA,-0.40837,0.36686
DBP,-0.40837,-0.07406
MNT,-0.40845,0.05603
EN2,-0.40848,1.5098
TFAP2A,-0.40868,-0.00481
DDIT3,-0.40882,0.31605
NKX6-1,-0.40904,1.89061
LBX2,-0.40905,1.06169
TP53,-0.40905,-0.06103
SNAI2,-0.40915,-0.12542
JUN,-0.40915,0.26082
LHX2,-0.40915,1.74567
TBP,-0.40921,0.01746
NFATC2,-0.40924,0.12494
NKX2-8,-0.4094,1.30963
TAF1,-0.4095,0.11649
TEAD1,-0.40952,0.23157
TCF3,-0.40957,-0.11833
POU3F3,-0.40959,1.52977
CEBPA,-0.40978,1.86054
NCALD,-0.40983,-0.31231
PBX3,-0.40983,0.40978
HOXB3,-0.40988,-0.40051
IRF5,-0.40989,0.56234
EMX2,-0.40994,1.14301
TBX1,-0.40999,1.76691
LHX6,-0.41009,1.97772
ZNF652,-0.41019,0.37539
NFYA,-0.41028,-0.02481
NR3C1,-0.4103,-0.11267
TGIF1,-0.41032,0.24022
TFDP1,-0.41043,-0.02352
EN2,-0.41046,1.5098
RUNX2,-0.41054,-0.44748
HOXA1,-0.41055,0.09858
NR2F1,-0.41056,-0.40683
ELF4,-0.41057,-0.23961
POU2F2,-0.41058,-0.79029
TGIF2,-0.4106,0.13496
FOXO4,-0.41065,0.05375
ALX4,-0.41066,1.37058
ETS1,-0.4107,0.2381
FOXA1,-0.41071,0.59218
RFX5,-0.41075,0.24121
PDX1,-0.41076,1.13033
HBP1,-0.41082,-0.38822
ETV3,-0.41083,0.22639
ETV2,-0.41084,-0.21244
EZR,-0.41084,0.12346
ETV2,-0.41084,-0.21244
DDIT3,-0.41087,0.31605
PAX9,-0.41096,1.51678
ETV4,-0.41099,0.15297
ID4,-0.41101,-0.49292
HSF1,-0.41103,0.46176
MYB,-0.41104,-0.11523
GABPA,-0.41104,-0.14939
NFYB,-0.41106,-0.01498
RFX2,-0.41109,0.09243
SOX9,-0.4111,0.21723
MGA,-0.41123,0.06935
MAFG,-0.41126,-0.03675
SOX2,-0.41148,1.37658
HSF1,-0.41155,0.46176
ZNF589,-0.4117,0.55279
MSX1,-0.41193,0.83405
LHX2,-0.41199,1.74567
MYB,-0.41204,-0.11523
TFAP2A,-0.41207,-0.00481
GRHL1,-0.41215,0.60779
NKX6-1,-0.41232,1.89061
ATF5,-0.41251,-0.34711
BARHL2,-0.41253,1.83251
TFE3,-0.41259,-0.02572
DLX6,-0.41261,1.50012
HMBOX1,-0.4127,0.39571
TFAP2A,-0.41272,-0.00481
AHR,-0.41274,-0.31593
HHEX,-0.41275,-0.0457
FOXL1,-0.41279,-0.97272
HOXD8,-0.4128,-0.50292
FOXK1,-0.41281,0.61424
ETV5,-0.41289,0.00428
TCF4,-0.41295,-0.83621
HOXA3,-0.41297,-0.49974
E2F1,-0.41304,-0.14567
PPARA,-0.41306,0.48827
FOXD3,-0.41311,1.66375
NFIC,-0.41321,-0.21458
RARA,-0.41327,-0.25519
TFAP2A,-0.41328,-0.00481
GBX2,-0.41329,1.92073
NR3C1,-0.41337,-0.11267
FOXG1,-0.41344,1.5762
NR3C1,-0.41347,-0.11267
ONECUT2,-0.41352,1.50408
E2F2,-0.41363,0.546
NFE2L1,-0.41367,-0.03223
MAF,-0.41373,1.50435
RXRA,-0.41375,0.30198
POU2F2,-0.41382,-0.79029
OLIG2,-0.41387,0.79877
RFX5,-0.41402,0.24121
JUN,-0.4141,0.26082
CENPB,-0.41413,-0.10852
TEAD4,-0.41415,0.33182
CCNT2,-0.4142,0.28587
BRCA1,-0.41424,-0.27515
BHLHE40,-0.41431,0.12349
NR3C1,-0.41431,-0.11267
NFE2L2,-0.41456,0.01426
JUN,-0.41461,0.26082
LHX6,-0.41466,1.97772
ETV4,-0.41472,0.15297
PITX1,-0.41472,2.66087
NKX2-5,-0.41475,1.55041
NFIL3,-0.41475,0.04188
USF1,-0.41488,-0.13268
SOX13,-0.41489,0.20325
NFYA,-0.41495,-0.02481
ATF5,-0.41497,-0.34711
MYBL1,-0.41511,0.21759
CTCF,-0.41517,0.1109
OLIG2,-0.41519,0.79877
RUNX3,-0.4152,1.32536
FOSL2,-0.41524,0.07854
HESX1,-0.41526,0.17438
LHX2,-0.41528,1.74567
SOX8,-0.41528,0.98528
ID4,-0.41531,-0.49292
LHX6,-0.41543,1.97772
TFAP2C,-0.41555,0.6037
NR2C2,-0.41563,0.21475
ESRRA,-0.41568,0.36686
TCF7L2,-0.41569,0.09821
EP300,-0.41576,0.07356
GABPA,-0.41582,-0.14939
RXRB,-0.41585,0.14875
AR,-0.41599,0.74347
JUND,-0.416,-0.03685
BHLHE41,-0.41608,-0.53218
NFYB,-0.41614,-0.01498
NFIX,-0.41617,-0.37506
POU6F1,-0.41618,-0.06658
PBX3,-0.41621,0.40978
SMAD3,-0.41622,-0.38086
FOXA1,-0.41639,0.59218
FOXC1,-0.4164,0.69824
HNF4G,-0.41651,0.89252
ELF4,-0.41658,-0.23961
SOX9,-0.41663,0.21723
ZBTB3,-0.41664,0.39844
SOX2,-0.41664,1.37658
TP53,-0.41665,-0.06103
TFAP2C,-0.41686,0.6037
FOXP2,-0.41689,0.88336
HOXA3,-0.41691,-0.49974
TFCP2,-0.41701,-0.18064
TCF3,-0.41706,-0.11833
ESRRG,-0.4171,1.19866
FOXO3,-0.41714,-0.09404
TBX1,-0.41728,1.76691
RFX5,-0.41738,0.24121
POU5F1,-0.41756,-0.17881
CENPB,-0.41765,-0.10852
NFIA,-0.41767,0.15147
FHL2,-0.41778,0.26944
FOXA1,-0.4178,0.59218
NR3C1,-0.41784,-0.11267
NFE2L1,-0.41798,-0.03223
NKX3-1,-0.41798,-0.17361
RORA,-0.41799,1.26779
CDX2,-0.41806,2.15473
HOXB7,-0.41812,0.26541
SRF,-0.41825,-0.18877
STAT1,-0.41829,-0.01743
FOXB1,-0.41839,1.39094
ZNF3,-0.4184,0.04979
SP1,-0.41841,0.23865
TAF1A,-0.41842,0.38773
JUN,-0.41843,0.26082
HIF1A,-0.41845,-0.1013
TFAP4,-0.41852,0.30334
NKX2-8,-0.41852,1.30963
SRF,-0.41863,-0.18877
CUX1,-0.41864,-0.02564
POU2F2,-0.41873,-0.79029
RFX2,-0.41882,0.09243
MEOX1,-0.41885,0.5983
NR4A1,-0.41894,0.49659
JUND,-0.41896,-0.03685
RFX2,-0.41897,0.09243
MEF2C,-0.41897,0.40985
GATA2,-0.41899,-0.05162
PAX3,-0.41903,1.45939
EP300,-0.41904,0.07356
HOXA7,-0.41925,-1.08007
SRP9,-0.41928,0.0278
RBPJ,-0.41928,0.06557
EXO5,-0.41933,0.14677
TBX1,-0.41948,1.76691
TFAP2A,-0.41963,-0.00481
GATA3,-0.41977,0.63765
ESRRA,-0.4198,0.36686
ATF3,-0.41992,0.74563
HMGN3,-0.41994,0.37831
PKNOX2,-0.41998,0.45558
ETS1,-0.41999,0.2381
TFAP2C,-0.42003,0.6037
CEBPG,-0.42009,0.22789
CTCF,-0.42011,0.1109
RARG,-0.42016,-0.50335
REL,-0.42016,0.12775
EPAS1,-0.42018,-0.67374
HINFP,-0.42031,0.09309
NKX3-1,-0.42032,-0.17361
RUNX2,-0.42044,-0.44748
OTX1,-0.42045,0.61502
EOMES,-0.42046,1.4624
SP1,-0.42052,0.23865
HSF1,-0.42058,0.46176
PAX3,-0.42068,1.45939
SREBF1,-0.42077,-0.15578
CEBPB,-0.42088,0.1585
ETV4,-0.42095,0.15297
ESRRA,-0.42113,0.36686
PPARG,-0.42125,-0.0062
EGR1,-0.42129,0.22639
PAX8,-0.42131,1.96565
ETV2,-0.42131,-0.21244
HOXA6,-0.42132,0.86378
REST,-0.42133,0.20711
YY1,-0.42133,0.14859
PDX1,-0.42142,1.13033
ETS1,-0.42144,0.2381
TP53,-0.42146,-0.06103
ETV2,-0.42153,-0.21244
NFKB1,-0.42153,-0.02496
ZNF589,-0.42155,0.55279
SOX9,-0.42168,0.21723
FOXM1,-0.42171,-0.09234
SIX5,-0.42198,-0.04506
BARHL2,-0.42207,1.83251
YY1,-0.42207,0.14859
MAFK,-0.42209,-0.18717
GBX2,-0.42215,1.92073
LMX1B,-0.42215,1.549
TEAD3,-0.42216,-0.10294
SOX9,-0.42226,0.21723
TBX20,-0.42229,1.45484
FLI1,-0.42232,-2.13898
FOXL1,-0.42234,-0.97272
DLX6,-0.42236,1.50012
E2F1,-0.42241,-0.14567
SMAD4,-0.42247,0.01087
MGA,-0.42252,0.06935
NKX3-2,-0.42267,1.28354
RBPJ,-0.42269,0.06557
ETV6,-0.42279,-0.12382
SRF,-0.42285,-0.18877
SP2,-0.42288,-0.07606
MLXIPL,-0.42288,1.28556
TFAP2A,-0.4229,-0.00481
MEIS3,-0.42291,0.68303
ERG,-0.42294,1.54862
TRIM28,-0.42297,-0.01728
ZBTB4,-0.42317,-0.18334
PAX9,-0.42319,1.51678
ELF1,-0.42322,-0.0385
NFIA,-0.42323,0.15147
SOX15,-0.42334,-0.29176
GATA2,-0.42338,-0.05162
MSX1,-0.42339,0.83405
NKX2-8,-0.42341,1.30963
XBP1,-0.42352,0.09852
BARHL2,-0.42355,1.83251
TSNAX,-0.42356,0.11721
EGR1,-0.42371,0.22639
RFX5,-0.42379,0.24121
THRB,-0.42383,0.86606
JUN,-0.42388,0.26082
MYBL1,-0.42392,0.21759
PAXIP1,-0.42392,0.01033
PBX1,-0.42396,-0.73611
CEBPA,-0.42415,1.86054
POU4F1,-0.42418,1.85377
PIK3C3,-0.42421,-0.32589
TBX20,-0.42432,1.45484
REST,-0.42436,0.20711
MYBL1,-0.42436,0.21759
TFAP4,-0.42436,0.30334
MEIS3,-0.42463,0.68303
AR,-0.42467,0.74347
SOX9,-0.42467,0.21723
NFKB1,-0.42472,-0.02496
NKX2-8,-0.42475,1.30963
UBP1,-0.42479,0.11819
POU2F2,-0.42492,-0.79029
MSC,-0.42493,0.03375
FOSL1,-0.42507,0.12968
NR3C1,-0.42511,-0.11267
TBX2,-0.42512,0.74219
MTHFD1,-0.42513,0.3286
GMEB1,-0.42523,-0.0629
HEY1,-0.42528,1.16638
AVEN,-0.4253,-0.31702
NR2F1,-0.42534,-0.40683
VAX1,-0.4254,1.0607
E2F4,-0.42543,0.14148
ATF3,-0.42552,0.74563
MEIS3,-0.42554,0.68303
NFIX,-0.42559,-0.37506
E2F5,-0.42562,0.52151
NFYA,-0.42564,-0.02481
FOXO6,-0.42568,1.52196
PKNOX2,-0.42574,0.45558
THRA,-0.4258,-0.23344
CEBPA,-0.42593,1.86054
GRHL1,-0.42594,0.60779
RUNX1,-0.4261,-0.06798
NKX3-1,-0.42611,-0.17361
SREBF2,-0.42611,0.00057
PPARA,-0.42612,0.48827
ERF,-0.42613,-0.20753
HOXA3,-0.42613,-0.49974
FOXM1,-0.42619,-0.09234
HSF2,-0.42625,0.0708
EN1,-0.42631,1.50651
HAND1,-0.4264,0.94118
GLI2,-0.42646,0.00519
ESRRB,-0.42648,1.09807
RXRA,-0.42658,0.30198
HOXA5,-0.42665,0.04334
E2F1,-0.42666,-0.14567
ZEB1,-0.42672,-0.14882
TEAD1,-0.42674,0.23157
ETV5,-0.42674,0.00428
ELK3,-0.42677,-0.31483
MSX1,-0.42686,0.83405
ZIC2,-0.42688,2.51825
JUNB,-0.4269,0.12824
FOXO3,-0.42691,-0.09404
TCF4,-0.42694,-0.83621
ETV2,-0.42697,-0.21244
GATA3,-0.42698,0.63765
NR2C2,-0.42704,0.21475
RFX2,-0.42714,0.09243
NKX2-1,-0.42719,2.41647
SMC3,-0.42719,0.09897
ESRRG,-0.42719,1.19866
HOXA4,-0.42721,-0.29989
HOXA5,-0.42728,0.04334
SOX8,-0.42745,0.98528
MBD2,-0.42755,-0.39254
GBX2,-0.42769,1.92073
POU4F1,-0.42773,1.85377
TFAP4,-0.42775,0.30334
GLI2,-0.42776,0.00519
RFX5,-0.42803,0.24121
MSC,-0.42806,0.03375
SREBF2,-0.42808,0.00057
PAX2,-0.4281,1.0569
SOX7,-0.42813,0.94009
MSX1,-0.42819,0.83405
SMAD1,-0.42823,-0.01057
TBX3,-0.42825,-0.64016
JDP2,-0.42838,0.49816
RFX7,-0.42838,-0.09369
FOXB1,-0.42845,1.39094
FOXJ2,-0.42845,-0.10174
JUN,-0.42854,0.26082
HSF2,-0.42859,0.0708
HIC2,-0.42873,0.48876
PBX1,-0.4288,-0.73611
ZBTB3,-0.42882,0.39844
SOX2,-0.42885,1.37658
HIC2,-0.42887,0.48876
PITX1,-0.42891,2.66087
TFAP2C,-0.42898,0.6037
RFX7,-0.42906,-0.09369
ZBTB7A,-0.42911,-0.03833
RUNX2,-0.42912,-0.44748
FOSL2,-0.42932,0.07854
RUNX3,-0.42935,1.32536
POU3F2,-0.42945,1.7839
FOXK1,-0.42949,0.61424
NR0B1,-0.42952,1.39794
CENPB,-0.42953,-0.10852
ZNF784,-0.42955,-0.1146
SOX2,-0.42958,1.37658
EMX1,-0.42962,1.22011
ZBED1,-0.42966,-0.20248
TFCP2,-0.42972,-0.18064
E2F1,-0.42981,-0.14567
LMO2,-0.42991,0.51266
ERF,-0.42999,-0.20753
RFX3,-0.43003,0.21238
NFE2L1,-0.43003,-0.03223
TFAP4,-0.43004,0.30334
SOX18,-0.43007,1.26007
TFAP4,-0.43007,0.30334
RFX3,-0.43008,0.21238
CUX2,-0.43022,1.0607
NFIL3,-0.43025,0.04188
HINFP,-0.4303,0.09309
SRF,-0.43031,-0.18877
FOXK1,-0.43038,0.61424
SIN3A,-0.43047,0.04933
CUX1,-0.43058,-0.02564
BPTF,-0.43061,0.25822
GLI2,-0.43065,0.00519
TEAD3,-0.43076,-0.10294
ZNF524,-0.43093,-0.36672
RUNX3,-0.43098,1.32536
BCL6,-0.43099,-0.46691
PDX1,-0.43101,1.13033
LHX4,-0.43103,0.54007
ETV3,-0.43105,0.22639
OTX1,-0.43106,0.61502
MGA,-0.4311,0.06935
TFAP2C,-0.43113,0.6037
SIN3A,-0.43134,0.04933
RAB7A,-0.43136,0.0373
HOXB8,-0.43138,0.34207
NR2F1,-0.43138,-0.40683
ZNF148,-0.43148,0.15482
ZBTB49,-0.43155,0.01397
KLF3,-0.43156,0.08462
GFI1,-0.43158,0.95373
INSM1,-0.4316,1.22789
FOXA1,-0.43161,0.59218
NR3C2,-0.43163,0.66608
ZNF524,-0.43163,-0.36672
RFX7,-0.43167,-0.09369
USF2,-0.43176,-0.17263
EP300,-0.43182,0.07356
ELK3,-0.43183,-0.31483
THRA,-0.43184,-0.23344
MAFK,-0.43186,-0.18717
NR3C1,-0.43189,-0.11267
BACH1,-0.43213,-0.08588
CREB3L1,-0.43216,-0.29251
FOXO3,-0.43218,-0.09404
AR,-0.43219,0.74347
ELF1,-0.4322,-0.0385
STAT3,-0.43224,-0.16234
USF2,-0.43226,-0.17263
SOX8,-0.43227,0.98528
TFAP2A,-0.43236,-0.00481
MAFG,-0.43238,-0.03675
RXRB,-0.43238,0.14875
SNAI2,-0.4325,-0.12542
SOX9,-0.4326,0.21723
LHX6,-0.4327,1.97772
ZBTB7A,-0.43271,-0.03833
JUN,-0.43273,0.26082
MSX2,-0.43295,1.37658
NFKB1,-0.43296,-0.02496
CTCF,-0.43307,0.1109
SP1,-0.43311,0.23865
TOPORS,-0.43313,-0.16762
ZNF713,-0.43315,0.09838
TEF,-0.4332,-0.46806
ETV3,-0.43338,0.22639
ZEB1,-0.43342,-0.14882
HAND1,-0.43344,0.94118
RARA,-0.4335,-0.25519
ESRRA,-0.43365,0.36686
POU3F3,-0.43365,1.52977
ETV2,-0.43371,-0.21244
ELK3,-0.43373,-0.31483
FOXN3,-0.43374,0.17011
XBP1,-0.43381,0.09852
RARA,-0.43384,-0.25519
NR2F2,-0.43389,-0.04126
FEZ1,-0.43391,0.10682
SOX8,-0.43392,0.98528
TFCP2,-0.43398,-0.18064
HIC2,-0.43398,0.48876
REST,-0.43398,0.20711
YWHAE,-0.43412,0.00704
MLXIPL,-0.43412,1.28556
MEIS2,-0.43414,-0.06534
ZNF524,-0.43426,-0.36672
GLI2,-0.43434,0.00519
SRF,-0.43436,-0.18877
TCF3,-0.43439,-0.11833
VAX2,-0.4344,-0.14018
HIC1,-0.43442,-0.93177
MSC,-0.43448,0.03375
MSX1,-0.43453,0.83405
ZBED1,-0.43457,-0.20248
RPP25,-0.43466,0.70366
TEAD3,-0.43468,-0.10294
BARHL2,-0.43469,1.83251
CBX3,-0.4348,-0.08862
SOX8,-0.43482,0.98528
ETV1,-0.43491,0.0445
FOXK1,-0.43494,0.61424
NFIB,-0.43507,-0.34392
ATF3,-0.43524,0.74563
TP53,-0.43525,-0.06103
EN2,-0.43542,1.5098
ZBTB4,-0.43546,-0.18334
ELF1,-0.43546,-0.0385
ESRRA,-0.43546,0.36686
HOXC11,-0.43551,0.58072
GMEB2,-0.43556,0.07687
CEBPG,-0.4356,0.22789
POU2F2,-0.43577,-0.79029
ESRRA,-0.43577,0.36686
ZNF3,-0.4359,0.04979
ZHX3,-0.43591,-0.03225
TCF21,-0.43594,-0.07196
FLI1,-0.43597,-2.13898
TP73,-0.43598,1.60948
SRF,-0.43608,-0.18877
MESP1,-0.43632,0.43381
EN1,-0.43639,1.50651
PRRX1,-0.43658,-0.44294
TFAP2A,-0.43662,-0.00481
SOX2,-0.43668,1.37658
GTF2I,-0.43684,-0.05514
CEBPB,-0.43685,0.1585
GABPA,-0.43687,-0.14939
SOX9,-0.437,0.21723
HIC2,-0.43708,0.48876
TFE3,-0.43712,-0.02572
IRF5,-0.43717,0.56234
NFKB1,-0.43731,-0.02496
MYBL1,-0.43734,0.21759
BRCA1,-0.43737,-0.27515
TBX1,-0.43748,1.76691
TBX1,-0.43753,1.76691
KLF9,-0.43755,-0.19621
STAT3,-0.43757,-0.16234
POU6F1,-0.43758,-0.06658
NKX2-8,-0.43763,1.30963
STAT2,-0.43771,0.19114
TCF3,-0.43776,-0.11833
EN2,-0.43778,1.5098
ESRRA,-0.43792,0.36686
FOXD1,-0.438,0.21153
SOX2,-0.43802,1.37658
PBX2,-0.43803,0.47253
CEBPA,-0.43808,1.86054
TEAD1,-0.43808,0.23157
GFI1,-0.43809,0.95373
VAX1,-0.43814,1.0607
NFKB1,-0.43817,-0.02496
SNAI2,-0.4383,-0.12542
MEIS2,-0.43832,-0.06534
SOX8,-0.43835,0.98528
DBP,-0.43837,-0.07406
HNF4G,-0.43842,0.89252
YY1,-0.43844,0.14859
SNRNP70,-0.43847,0.01738
ETV6,-0.43853,-0.12382
NFIL3,-0.43862,0.04188
NR3C1,-0.43876,-0.11267
NRL,-0.43879,0.13212
TBP,-0.43881,0.01746
JUND,-0.43883,-0.03685
HOXD3,-0.43884,-0.7231
HMBOX1,-0.4389,0.39571
RAD21,-0.43904,0.33699
GTF3C2,-0.43909,-0.0718
NR2C2,-0.43922,0.21475
ETV6,-0.43922,-0.12382
RXRA,-0.43927,0.30198
TFCP2,-0.43933,-0.18064
GABPA,-0.43941,-0.14939
ZSCAN16,-0.43941,0.07149
SP2,-0.4395,-0.07606
RFX5,-0.43962,0.24121
NRL,-0.43963,0.13212
HNF4G,-0.43972,0.89252
FOXD3,-0.43982,1.66375
ELF1,-0.43988,-0.0385
NUP107,-0.43991,0.00081
EMX2,-0.43993,1.14301
TFAP2A,-0.44003,-0.00481
SP8,-0.44006,1.34044
RFX2,-0.44012,0.09243
GTF2I,-0.44012,-0.05514
CEBPA,-0.44017,1.86054
RFX5,-0.4402,0.24121
MAFK,-0.44026,-0.18717
ETS1,-0.44027,0.2381
RARA,-0.44036,-0.25519
HOXC9,-0.44046,-0.05244
ZNF720,-0.44067,0.10997
MSC,-0.44078,0.03375
ERG,-0.44083,1.54862
LHX2,-0.44088,1.74567
FOS,-0.44095,0.11477
CCNT2,-0.44103,0.28587
NKX3-1,-0.44113,-0.17361
ETS1,-0.44116,0.2381
PITX1,-0.44119,2.66087
POU4F1,-0.44122,1.85377
JUN,-0.44123,0.26082
SOX8,-0.44125,0.98528
MAFB,-0.44135,0.64383
FOXG1,-0.44145,1.5762
TBX2,-0.44147,0.74219
BARHL2,-0.44154,1.83251
TFCP2,-0.44156,-0.18064
SMAD4,-0.44162,0.01087
NR4A1,-0.44174,0.49659
TFAP2A,-0.44181,-0.00481
FOXA1,-0.44181,0.59218
ETS1,-0.44196,0.2381
ALX4,-0.44199,1.37058
ZBTB7A,-0.44199,-0.03833
ESRRA,-0.442,0.36686
JUND,-0.44201,-0.03685
MYB,-0.44213,-0.11523
ESRRG,-0.44214,1.19866
HOXC11,-0.44215,0.58072
SREBF1,-0.44223,-0.15578
SOX2,-0.44226,1.37658
THAP1,-0.44239,0.30516
SOX1,-0.44242,1.77815
PPARG,-0.44252,-0.0062
EN2,-0.44258,1.5098
JUND,-0.44262,-0.03685
NR3C1,-0.44263,-0.11267
EGR2,-0.44266,1.68485
LHX6,-0.44278,1.97772
SREBF1,-0.4428,-0.15578
TFAP2C,-0.44292,0.6037
NUP107,-0.44295,0.00081
PKNOX2,-0.44298,0.45558
ESRRA,-0.44318,0.36686
LMX1B,-0.4432,1.549
E2F1,-0.44336,-0.14567
SMAD3,-0.44336,-0.38086
IRF2,-0.44344,-0.18248
E2F1,-0.44353,-0.14567
TBX1,-0.44353,1.76691
GMEB2,-0.44355,0.07687
HSF4,-0.44356,1.04243
REST,-0.44381,0.20711
MEOX1,-0.44381,0.5983
ZEB1,-0.44382,-0.14882
FOXM1,-0.44385,-0.09234
CLOCK,-0.44397,0.06464
RUNX3,-0.444,1.32536
FOSL2,-0.44412,0.07854
TBP,-0.44413,0.01746
HOXD8,-0.44424,-0.50292
NRL,-0.44424,0.13212
ESRRB,-0.44429,1.09807
DLX4,-0.44436,1.70529
JUNB,-0.44437,0.12824
TPI1,-0.4444,-0.02368
DIS3,-0.44449,0.14983
HOXC10,-0.44452,0.94574
HHEX,-0.44452,-0.0457
STAT1,-0.44459,-0.01743
ZKSCAN3,-0.44459,0.45019
ELF1,-0.44469,-0.0385
SMAP2,-0.44471,0.05035
CUX1,-0.44474,-0.02564
YY1,-0.4448,0.14859
NFIX,-0.44481,-0.37506
REL,-0.44495,0.12775
GATA6,-0.44495,-0.4102
BHLHE41,-0.44503,-0.53218
POU2F2,-0.44505,-0.79029
ETV4,-0.44516,0.15297
MLXIPL,-0.44516,1.28556
EN1,-0.44516,1.50651
HOXC11,-0.44519,0.58072
DMBX1,-0.4452,1.4014
GBX2,-0.44522,1.92073
KLF8,-0.44534,1.24055
RARA,-0.44539,-0.25519
POU3F2,-0.44557,1.7839
NFIL3,-0.44579,0.04188
ETS1,-0.44596,0.2381
EN1,-0.44603,1.50651
E2F2,-0.44611,0.546
SREBF2,-0.44614,0.00057
CTCF,-0.44615,0.1109
LHX9,-0.44623,-1.03088
NFYB,-0.44626,-0.01498
EN2,-0.44632,1.5098
TFE3,-0.44635,-0.02572
RNASEH2C,-0.44643,0.22658
POU2F2,-0.44643,-0.79029
ZNF8,-0.44646,0.67552
FOXO6,-0.44648,1.52196
SOX1,-0.44661,1.77815
MZF1,-0.44667,0.10253
IRF7,-0.44669,-0.16734
ESRRA,-0.44682,0.36686
MSX1,-0.44685,0.83405
NRF1,-0.44688,-0.06707
HIF1A,-0.4469,-0.1013
TBX20,-0.44699,1.45484
FOXM1,-0.44705,-0.09234
FOXA1,-0.44707,0.59218
PKNOX1,-0.4471,-0.01682
TFAP2A,-0.4471,-0.00481
FOSB,-0.44713,0.22429
NKX2-5,-0.44737,1.55041
NFATC3,-0.44749,0.26356
NFE2L1,-0.44754,-0.03223
BARHL2,-0.44756,1.83251
NR3C1,-0.44773,-0.11267
NFIA,-0.44773,0.15147
POU3F2,-0.4478,1.7839
MYBL1,-0.44786,0.21759
NFYA,-0.44788,-0.02481
HEY2,-0.44805,1.09575
HMX2,-0.44805,1.25527
ETV3,-0.4481,0.22639
ZBTB7A,-0.44819,-0.03833
HLF,-0.44819,1.20049
TCF7,-0.44838,0.17771
ERG,-0.44847,1.54862
YY2,-0.44848,-0.33904
SREBF1,-0.44851,-0.15578
NFE2,-0.44853,0.59563
EN2,-0.44853,1.5098
BARHL2,-0.44856,1.83251
HINFP,-0.44865,0.09309
TBX20,-0.44867,1.45484
YY2,-0.44871,-0.33904
YY2,-0.44879,-0.33904
TCF3,-0.44892,-0.11833
ETS1,-0.44903,0.2381
TFAP2A,-0.44906,-0.00481
GLI2,-0.44906,0.00519
NFIA,-0.44915,0.15147
FOXO3,-0.44916,-0.09404
DLX4,-0.44918,1.70529
NME1,-0.44923,-0.05802
ARID5B,-0.44928,-0.5962
NFYA,-0.44941,-0.02481
TBX1,-0.44942,1.76691
MYB,-0.44951,-0.11523
ETV4,-0.44955,0.15297
SRF,-0.44956,-0.18877
TBP,-0.44962,0.01746
PDX1,-0.44965,1.13033
THRB,-0.44969,0.86606
PTPMT1,-0.44976,0.08155
HINFP,-0.44992,0.09309
NR3C2,-0.44997,0.66608
PHLDA2,-0.45003,-0.17956
TBL1XR1,-0.45009,0.17124
TEAD1,-0.45009,0.23157
CNOT6,-0.45022,0.42374
SMAD3,-0.45035,-0.38086
SRF,-0.45044,-0.18877
XBP1,-0.45052,0.09852
THAP1,-0.45052,0.30516
AR,-0.45054,0.74347
ZBTB4,-0.45059,-0.18334
BHLHE41,-0.45063,-0.53218
ESX1,-0.45063,1.18752
MYC,-0.45065,0.22497
NFIA,-0.45071,0.15147
RXRB,-0.45079,0.14875
NFIL3,-0.45092,0.04188
HOXD10,-0.45107,0.20355
JUN,-0.45108,0.26082
YY2,-0.45108,-0.33904
SRF,-0.4511,-0.18877
STAT2,-0.45112,0.19114
ZNF589,-0.4512,0.55279
SRF,-0.4514,-0.18877
BRCA1,-0.45174,-0.27515
POU6F1,-0.45188,-0.06658
MAF,-0.45191,1.50435
RFX5,-0.45194,0.24121
MAFK,-0.45201,-0.18717
TFAP2C,-0.45206,0.6037
IRX3,-0.45225,0.16577
FOXO4,-0.45233,0.05375
YY2,-0.45243,-0.33904
SOX8,-0.45251,0.98528
HOXD13,-0.45252,1.61407
MAFB,-0.45253,0.64383
HBP1,-0.45278,-0.38822
EIF5A2,-0.45284,-0.32772
YY1,-0.45285,0.14859
EGR1,-0.45286,0.22639
NKX3-1,-0.45292,-0.17361
FOXO6,-0.45295,1.52196
PRRX1,-0.45295,-0.44294
YY1,-0.45302,0.14859
SREBF1,-0.45308,-0.15578
ZFP3,-0.45308,0.80123
HLX,-0.45308,-0.25098
YY1,-0.45318,0.14859
REL,-0.45321,0.12775
PAX9,-0.45323,1.51678
ATF3,-0.45348,0.74563
RXRA,-0.45349,0.30198
ZBTB7B,-0.4535,-0.1944
NRL,-0.45359,0.13212
NR2F1,-0.45362,-0.40683
NR3C1,-0.45374,-0.11267
RORA,-0.45378,1.26779
TP53,-0.45381,-0.06103
BRCA1,-0.45384,-0.27515
TCF7,-0.45392,0.17771
HOXA3,-0.45402,-0.49974
TBP,-0.45404,0.01746
TBX20,-0.4541,1.45484
MSX1,-0.45429,0.83405
TFAP4,-0.4543,0.30334
SREBF1,-0.45436,-0.15578
ID4,-0.45441,-0.49292
EEF1D,-0.45445,0.43575
FOXJ3,-0.45447,0.24609
RARA,-0.45453,-0.25519
MEOX1,-0.45456,0.5983
HSF1,-0.45457,0.46176
PSMC2,-0.45462,-0.51529
MNT,-0.45464,0.05603
OTX1,-0.45466,0.61502
MSX2,-0.45473,1.37658
FOXA1,-0.45475,0.59218
VAX2,-0.45478,-0.14018
RXRA,-0.45486,0.30198
HMX2,-0.45493,1.25527
ZKSCAN3,-0.45496,0.45019
TFCP2,-0.45499,-0.18064
USF2,-0.45501,-0.17263
MYBL1,-0.45502,0.21759
NR3C1,-0.45502,-0.11267
EWSR1,-0.45504,0.02003
RARA,-0.45505,-0.25519
HOXC8,-0.45507,0.02345
TEF,-0.45508,-0.46806
GMEB2,-0.45525,0.07687
YY1,-0.45527,0.14859
ETV4,-0.45538,0.15297
SRF,-0.45559,-0.18877
EP300,-0.45564,0.07356
NR3C1,-0.45575,-0.11267
TFAP2A,-0.4558,-0.00481
HOXC11,-0.45582,0.58072
EGR1,-0.45589,0.22639
ETV5,-0.4559,0.00428
NKX3-1,-0.45594,-0.17361
OSR2,-0.45594,0.51205
SND1,-0.45597,-0.30727
MEIS3,-0.45602,0.68303
NR4A2,-0.45604,0.11007
TFCP2,-0.45605,-0.18064
LARP1,-0.45611,0.39547
STAT5A,-0.45634,-0.10044
SOX8,-0.45638,0.98528
YY2,-0.45638,-0.33904
MNT,-0.45643,0.05603
KLF9,-0.45643,-0.19621
HIF1A,-0.45657,-0.1013
STAT3,-0.45672,-0.16234
REL,-0.45673,0.12775
HOXA13,-0.4569,1.58967
SMAD3,-0.4569,-0.38086
RARG,-0.45693,-0.50335
SRF,-0.45698,-0.18877
HOXB3,-0.45704,-0.40051
HOXA3,-0.45704,-0.49974
RFX5,-0.45704,0.24121
HOXA2,-0.45708,-0.49643
PRRX1,-0.45711,-0.44294
MNX1,-0.45719,2.02938
PITX2,-0.45727,1.94874
ZSCAN31,-0.45728,-0.51355
MSX2,-0.45767,1.37658
RXRA,-0.45768,0.30198
NFE2,-0.45769,0.59563
TAF1A,-0.45773,0.38773
ETS1,-0.45773,0.2381
NR1H2,-0.45777,-0.17777
FOXC1,-0.45792,0.69824
JUN,-0.45793,0.26082
ESRRB,-0.45796,1.09807
ZKSCAN1,-0.45802,0.25502
ONECUT2,-0.45805,1.50408
GLI2,-0.4581,0.00519
TCF12,-0.45812,-0.03309
FOXA1,-0.4582,0.59218
HEY2,-0.45828,1.09575
THRB,-0.4583,0.86606
ETV5,-0.45841,0.00428
ID4,-0.45845,-0.49292
SRF,-0.45856,-0.18877
NR2C2,-0.4586,0.21475
ETS1,-0.45863,0.2381
EGR2,-0.45871,1.68485
SOX17,-0.45883,-2.18298
ID4,-0.45887,-0.49292
SREBF1,-0.4589,-0.15578
HOXD10,-0.45909,0.20355
EBF3,-0.45914,1.02359
SREBF1,-0.45919,-0.15578
TSN,-0.4592,0.09182
ATF4,-0.45925,0.11374
ELK1,-0.45932,-0.14318
MGA,-0.45934,0.06935
RFX2,-0.45935,0.09243
PKNOX1,-0.45937,-0.01682
PBX3,-0.4594,0.40978
FOXK1,-0.4594,0.61424
TFAP2C,-0.45942,0.6037
SMUG1,-0.45964,0.0608
YY1,-0.45977,0.14859
LHX6,-0.45979,1.97772
XBP1,-0.45982,0.09852
ETV1,-0.45983,0.0445
SMAD1,-0.45988,-0.01057
TBX2,-0.45988,0.74219
PAX9,-0.45989,1.51678
RARA,-0.45989,-0.25519
RUNX3,-0.4599,1.32536
TFAP2A,-0.46,-0.00481
TFAP4,-0.46011,0.30334
AVEN,-0.46012,-0.31702
CBFA2T2,-0.46022,0.25191
HDAC2,-0.46022,0.15118
NR3C1,-0.46023,-0.11267
SMAD4,-0.46027,0.01087
NFE2L2,-0.46028,0.01426
OTX1,-0.46029,0.61502
HIF1A,-0.46035,-0.1013
SOX8,-0.46045,0.98528
YBX1,-0.46047,0.03072
FOSL1,-0.46048,0.12968
NR2F1,-0.4605,-0.40683
ZBTB18,-0.46058,0.00701
FOXD3,-0.4608,1.66375
TBP,-0.46081,0.01746
PITX2,-0.46081,1.94874
RFX5,-0.46092,0.24121
FOXO6,-0.46094,1.52196
SMAD3,-0.46106,-0.38086
SP2,-0.4611,-0.07606
STAT5A,-0.46123,-0.10044
LHX6,-0.46125,1.97772
NFIC,-0.46126,-0.21458
ZNF784,-0.46132,-0.1146
MEIS1,-0.46162,-0.46847
PAX3,-0.46171,1.45939
NKX3-1,-0.46173,-0.17361
HOXA3,-0.46175,-0.49974
ETS1,-0.46196,0.2381
ISL2,-0.46197,1.25248
ETS2,-0.46202,0.26666
CEBPG,-0.46212,0.22789
SOX15,-0.46213,-0.29176
RAD21,-0.46214,0.33699
EPAS1,-0.46215,-0.67374
STAT3,-0.46216,-0.16234
TFAP4,-0.46219,0.30334
E2F1,-0.46226,-0.14567
FOXA1,-0.46243,0.59218
MNT,-0.46244,0.05603
TFAP2C,-0.4625,0.6037
SIX5,-0.46267,-0.04506
HOXC8,-0.46279,0.02345
ZEB1,-0.4628,-0.14882
NR0B1,-0.4628,1.39794
TEF,-0.46296,-0.46806
SRF,-0.46318,-0.18877
TFAP4,-0.46322,0.30334
RORB,-0.46328,1.75358
NKX2-5,-0.46341,1.55041
SOX18,-0.46341,1.26007
HLF,-0.46343,1.20049
RARA,-0.46344,-0.25519
ZNF524,-0.46344,-0.36672
REL,-0.46345,0.12775
CTCF,-0.46358,0.1109
PPARA,-0.46359,0.48827
NUP107,-0.4636,0.00081
E2F2,-0.46364,0.546
HMGA1,-0.46366,0.06617
ZNF3,-0.46366,0.04979
RUNX2,-0.46367,-0.44748
HESX1,-0.46383,0.17438
HSF1,-0.46394,0.46176
VDR,-0.46394,0.18204
PDX1,-0.46396,1.13033
MAFK,-0.46414,-0.18717
NR2F6,-0.46417,-0.07863
EZH2,-0.46422,0.24374
MGA,-0.46423,0.06935
TFAP2C,-0.46439,0.6037
HLF,-0.4644,1.20049
RAD21,-0.46442,0.33699
THRA,-0.46446,-0.23344
ETV5,-0.46454,0.00428
HINFP,-0.46461,0.09309
OSR2,-0.46463,0.51205
EGR1,-0.46464,0.22639
BHLHE41,-0.46472,-0.53218
FLI1,-0.46478,-2.13898
NKX6-1,-0.4648,1.89061
HOXB6,-0.46485,0.12505
ERF,-0.46495,-0.20753
FOXA1,-0.46517,0.59218
VDR,-0.46521,0.18204
MYBL2,-0.46532,-0.19707
FOXD3,-0.46542,1.66375
EN2,-0.46544,1.5098
CCDC6,-0.46547,0.18592
GMEB2,-0.46548,0.07687
MSC,-0.46556,0.03375
NFKB1,-0.46572,-0.02496
SMAD3,-0.46584,-0.38086
TCF3,-0.46591,-0.11833
HINFP,-0.46594,0.09309
MYB,-0.46595,-0.11523
MGA,-0.46598,0.06935
EGR1,-0.46598,0.22639
TCF12,-0.46604,-0.03309
ESRRG,-0.46605,1.19866
NR3C1,-0.46609,-0.11267
PDX1,-0.46614,1.13033
PDS5A,-0.46619,0.02221
TFAP2A,-0.46634,-0.00481
NKX2-8,-0.46649,1.30963
HOXA13,-0.46654,1.58967
CENPB,-0.46655,-0.10852
HOXC11,-0.46661,0.58072
ARNT,-0.4667,0.03492
KLF9,-0.46679,-0.19621
TFAP2A,-0.46686,-0.00481
RARA,-0.46689,-0.25519
PROX1,-0.46693,1.25768
RFX1,-0.467,0.20032
ETV2,-0.46709,-0.21244
ETV2,-0.46721,-0.21244
ZSWIM1,-0.46735,0.07868
TFAP2A,-0.46745,-0.00481
DLX4,-0.46746,1.70529
SOX2,-0.4675,1.37658
ESRRA,-0.46762,0.36686
POU5F1,-0.46768,-0.17881
PAX3,-0.46774,1.45939
BCL6,-0.4678,-0.46691
HOXA11,-0.46783,0.40226
TP53,-0.4681,-0.06103
FOXD3,-0.46816,1.66375
RARG,-0.4682,-0.50335
RXRA,-0.46821,0.30198
PDX1,-0.46826,1.13033
PPARA,-0.46829,0.48827
ATF2,-0.46842,0.19734
LHX6,-0.46858,1.97772
TCF3,-0.46866,-0.11833
ETV2,-0.46882,-0.21244
NFIL3,-0.46883,0.04188
HOXC6,-0.46884,-0.04045
MAFK,-0.469,-0.18717
TBP,-0.46901,0.01746
SOX7,-0.46907,0.94009
ELF2,-0.46915,0.08062
MGA,-0.46916,0.06935
DLX2,-0.46916,0.70947
CEBPG,-0.46917,0.22789
NR3C1,-0.46917,-0.11267
MYC,-0.4693,0.22497
RARG,-0.46934,-0.50335
EGR2,-0.46935,1.68485
HOXA11,-0.46937,0.40226
NR3C1,-0.46938,-0.11267
FOXF2,-0.46941,0.41095
DLX2,-0.4695,0.70947
TFAP4,-0.46957,0.30334
NR3C1,-0.46958,-0.11267
BDP1,-0.46967,0.41219
LHX2,-0.46969,1.74567
AHR,-0.46973,-0.31593
LEF1,-0.4699,0.99309
FOXC1,-0.46995,0.69824
OTX1,-0.46998,0.61502
POU2F2,-0.47003,-0.79029
NELFA,-0.47007,0.00211
USF2,-0.47013,-0.17263
NR3C1,-0.47015,-0.11267
HAND1,-0.47016,0.94118
MSX1,-0.47025,0.83405
JUND,-0.47029,-0.03685
HMGA1,-0.47031,0.06617
TFAP2A,-0.47033,-0.00481
ZBTB7A,-0.47042,-0.03833
NR0B1,-0.47054,1.39794
TP73,-0.47055,1.60948
TFAP2C,-0.47056,0.6037
STAT1,-0.4706,-0.01743
HSF1,-0.47064,0.46176
MGA,-0.47065,0.06935
MYB,-0.47077,-0.11523
NR4A3,-0.47077,0.41497
ELK1,-0.4708,-0.14318
ETV1,-0.47081,0.0445
TFAP4,-0.47083,0.30334
SNAI2,-0.47086,-0.12542
GMEB2,-0.47087,0.07687
PRRX1,-0.47096,-0.44294
TGIF1,-0.47096,0.24022
LHX2,-0.471,1.74567
GATA4,-0.47115,-1.3276
ESRRA,-0.47122,0.36686
BDP1,-0.47131,0.41219
ARID3A,-0.47138,0.49887
SREBF1,-0.47157,-0.15578
RPL35,-0.47165,0.03825
NR2F1,-0.47172,-0.40683
ETS1,-0.47176,0.2381
PPARG,-0.47179,-0.0062
CEBPG,-0.47185,0.22789
POU3F2,-0.47196,1.7839
MAX,-0.47205,0.13856
ISL2,-0.4721,1.25248
NFIC,-0.47222,-0.21458
RAD21,-0.47224,0.33699
TBX1,-0.47229,1.76691
LBX2,-0.47233,1.06169
CEBPB,-0.47238,0.1585
SND1,-0.47239,-0.30727
HOXD9,-0.4724,-0.24896
SMAD3,-0.47243,-0.38086
CEBPG,-0.47245,0.22789
ERG,-0.47254,1.54862
SOX2,-0.47256,1.37658
EN1,-0.47259,1.50651
GBX2,-0.47264,1.92073
BDP1,-0.47267,0.41219
TFAP2A,-0.47268,-0.00481
SIN3A,-0.47268,0.04933
NFIC,-0.47272,-0.21458
OTX1,-0.4728,0.61502
RAD21,-0.47282,0.33699
ERG,-0.47284,1.54862
RUNX3,-0.47285,1.32536
MLX,-0.47286,0.04225
NFKB1,-0.47296,-0.02496
PBX3,-0.47297,0.40978
ESRRA,-0.47303,0.36686
MAFK,-0.47303,-0.18717
HMX2,-0.47303,1.25527
IRF2,-0.47306,-0.18248
EN1,-0.47311,1.50651
TEF,-0.47313,-0.46806
LHX9,-0.47314,-1.03088
CEBPZ,-0.47321,0.03188
PBX1,-0.47324,-0.73611
FEZ1,-0.47325,0.10682
TCF21,-0.47328,-0.07196
FOXP3,-0.47329,0.80403
SOX4,-0.47333,-0.13172
SNAPC5,-0.47335,-0.15661
NR3C1,-0.47338,-0.11267
RAD21,-0.47341,0.33699
PIK3C3,-0.47342,-0.32589
GTF3C2,-0.47356,-0.0718
CEBPB,-0.47356,0.1585
USF2,-0.47365,-0.17263
FIP1L1,-0.47373,0.10052
EEF1D,-0.47373,0.43575
MZF1,-0.47374,0.10253
LHX2,-0.47386,1.74567
EGR2,-0.47389,1.68485
TFCP2,-0.47397,-0.18064
ENO1,-0.47398,-0.06049
TFAP4,-0.47413,0.30334
TCF4,-0.47414,-0.83621
MYB,-0.47434,-0.11523
ESRRA,-0.47442,0.36686
OTX1,-0.4745,0.61502
IRF5,-0.4745,0.56234
NFYC,-0.47462,0.04732
TBP,-0.47465,0.01746
ETS2,-0.47474,0.26666
ZIC3,-0.47476,1.58206
ESRRB,-0.47477,1.09807
MYBL2,-0.47481,-0.19707
NFIA,-0.47481,0.15147
BHLHE40,-0.47485,0.12349
E2F1,-0.47492,-0.14567
KLF8,-0.475,1.24055
CEBPB,-0.47507,0.1585
KLF3,-0.47508,0.08462
SRF,-0.47525,-0.18877
FOXJ3,-0.47527,0.24609
GRHL1,-0.47527,0.60779
TBP,-0.47531,0.01746
TFAP2A,-0.47532,-0.00481
AR,-0.47535,0.74347
TCEAL2,-0.47536,1.83506
ELK4,-0.47541,0.1604
TFAP2C,-0.47547,0.6037
HSF1,-0.47548,0.46176
NFE2L2,-0.47564,0.01426
EMX1,-0.47565,1.22011
CEBPG,-0.47577,0.22789
SRF,-0.47587,-0.18877
REL,-0.47606,0.12775
TP53,-0.47614,-0.06103
TFAP2A,-0.47614,-0.00481
FOXC2,-0.47618,-2.00079
ESRRA,-0.47626,0.36686
UBP1,-0.47628,0.11819
AHR,-0.47628,-0.31593
NR2F1,-0.4763,-0.40683
REL,-0.47633,0.12775
HOXC10,-0.47638,0.94574
TFCP2,-0.47638,-0.18064
MAFF,-0.4764,0.15237
VAX1,-0.47643,1.0607
E2F4,-0.47662,0.14148
CEBPD,-0.47667,0.31811
TFAP2A,-0.47669,-0.00481
CEBPB,-0.47669,0.1585
GABPA,-0.47689,-0.14939
CEBPB,-0.47692,0.1585
ETV5,-0.47693,0.00428
THAP1,-0.47696,0.30516
CLOCK,-0.4771,0.06464
PITX1,-0.47711,2.66087
NFYB,-0.47711,-0.01498
ID4,-0.47712,-0.49292
TFAP2A,-0.47717,-0.00481
RORA,-0.47717,1.26779
PPARA,-0.47719,0.48827
RARA,-0.47725,-0.25519
EP300,-0.47732,0.07356
NR2F1,-0.47732,-0.40683
BHLHE41,-0.47733,-0.53218
TCF12,-0.47737,-0.03309
TFAP2C,-0.47741,0.6037
EGR1,-0.47743,0.22639
RFX5,-0.47745,0.24121
GATA2,-0.4775,-0.05162
USF1,-0.47753,-0.13268
GRHL1,-0.47756,0.60779
TFAP2A,-0.47759,-0.00481
NR3C2,-0.47765,0.66608
LHX6,-0.47774,1.97772
TFAP2C,-0.47775,0.6037
ESRRA,-0.47778,0.36686
GABPA,-0.47784,-0.14939
ZBTB7A,-0.47787,-0.03833
GLI2,-0.47789,0.00519
TCF3,-0.47793,-0.11833
NFE2L1,-0.47802,-0.03223
TFAP2C,-0.47805,0.6037
EN2,-0.47809,1.5098
HINFP,-0.47814,0.09309
CEBPG,-0.47844,0.22789
NKX6-1,-0.4785,1.89061
ETV1,-0.47853,0.0445
TFAP2C,-0.47855,0.6037
GATA2,-0.47856,-0.05162
MAF,-0.47869,1.50435
TCF7,-0.47874,0.17771
NFIX,-0.47883,-0.37506
HINFP,-0.47884,0.09309
SMAD3,-0.47886,-0.38086
GATA3,-0.4789,0.63765
ID4,-0.47894,-0.49292
ELF1,-0.47902,-0.0385
SMAD4,-0.47909,0.01087
TBP,-0.4791,0.01746
TFAP2C,-0.47912,0.6037
MAFF,-0.47913,0.15237
MYB,-0.47914,-0.11523
AHR,-0.47915,-0.31593
VDR,-0.47928,0.18204
PLAGL1,-0.47971,0.61926
HMX1,-0.47976,1.5563
USF2,-0.47985,-0.17263
ETV1,-0.47987,0.0445
NRF1,-0.47996,-0.06707
FOSL1,-0.47997,0.12968
MEIS3,-0.48007,0.68303
TFAP2A,-0.4801,-0.00481
GATA3,-0.48013,0.63765
ZNF524,-0.48014,-0.36672
TFAP2A,-0.48018,-0.00481
NELFA,-0.48023,0.00211
TCF4,-0.48039,-0.83621
CEBPB,-0.4804,0.1585
RARA,-0.48045,-0.25519
ZEB1,-0.48048,-0.14882
ZNF784,-0.48049,-0.1146
IRF7,-0.48063,-0.16734
HOXB2,-0.48064,-0.59651
ATF3,-0.48073,0.74563
KLF4,-0.48073,1.14393
LHX6,-0.48074,1.97772
TBX20,-0.48082,1.45484
RXRA,-0.48082,0.30198
RFX5,-0.48087,0.24121
RORA,-0.48093,1.26779
MEF2C,-0.48096,0.40985
POU6F1,-0.48112,-0.06658
TFAP2A,-0.48115,-0.00481
FOXO4,-0.48119,0.05375
GATA2,-0.4813,-0.05162
NKX2-8,-0.48143,1.30963
ETS1,-0.48155,0.2381
GBX2,-0.48156,1.92073
RUNX2,-0.4816,-0.44748
CEBPB,-0.48168,0.1585
CEBPB,-0.48174,0.1585
JUND,-0.48175,-0.03685
FOXO4,-0.48181,0.05375
HINFP,-0.48189,0.09309
MAFK,-0.48191,-0.18717
NRF1,-0.48192,-0.06707
NFYA,-0.48196,-0.02481
ELK3,-0.48216,-0.31483
ETV1,-0.48218,0.0445
TFAP4,-0.48234,0.30334
MEIS3,-0.48235,0.68303
EN2,-0.4824,1.5098
HCFC1,-0.4824,0.32821
GATA2,-0.48246,-0.05162
BARHL2,-0.48247,1.83251
MSC,-0.48248,0.03375
HOXA3,-0.48251,-0.49974
SMAP2,-0.48264,0.05035
FOXD3,-0.48288,1.66375
PAX6,-0.48308,0.87769
ETV6,-0.48312,-0.12382
SRF,-0.48313,-0.18877
HSF1,-0.48313,0.46176
HOXB13,-0.48315,1.17107
FOXO3,-0.48317,-0.09404
HSF4,-0.48324,1.04243
TCF7,-0.48327,0.17771
HNF4G,-0.48337,0.89252
DLX4,-0.48338,1.70529
IRX5,-0.48339,0.75392
MAFK,-0.48365,-0.18717
TCF7,-0.48385,0.17771
TFAP4,-0.48385,0.30334
EN2,-0.48387,1.5098
FOXF2,-0.48387,0.41095
HES1,-0.4839,0.29018
SRF,-0.48391,-0.18877
ID4,-0.48395,-0.49292
RXRA,-0.484,0.30198
TFAP2A,-0.484,-0.00481
TFAP4,-0.48406,0.30334
STAT3,-0.48407,-0.16234
EGR1,-0.48413,0.22639
FOXP2,-0.48428,0.88336
HEY1,-0.48429,1.16638
GABPA,-0.48437,-0.14939
HINFP,-0.48437,0.09309
EGR2,-0.48438,1.68485
TBX20,-0.48452,1.45484
HOXD3,-0.48459,-0.7231
ZNF3,-0.48459,0.04979
GLI1,-0.48459,-0.49908
ONECUT2,-0.4846,1.50408
LHX9,-0.48463,-1.03088
STAT4,-0.48463,0.55131
ESRRA,-0.48467,0.36686
PKNOX2,-0.48479,0.45558
ELF4,-0.48486,-0.23961
SMAD2,-0.48487,-0.33837
HIC1,-0.485,-0.93177
FOS,-0.48509,0.11477
USF2,-0.4851,-0.17263
TFAP2C,-0.48511,0.6037
STAT3,-0.48517,-0.16234
RFX3,-0.48518,0.21238
HOXD13,-0.4852,1.61407
MAFB,-0.48533,0.64383
ETS1,-0.48534,0.2381
NR2C2,-0.48538,0.21475
PKNOX2,-0.48539,0.45558
FOXP2,-0.48543,0.88336
MEIS3,-0.48561,0.68303
NUP107,-0.48577,0.00081
NFYA,-0.4858,-0.02481
TCF7,-0.48583,0.17771
SOX8,-0.48587,0.98528
IRF4,-0.48592,-0.17271
HIVEP1,-0.48601,0.17371
NFIC,-0.48603,-0.21458
CTCF,-0.48607,0.1109
GFI1,-0.48619,0.95373
NR3C1,-0.48632,-0.11267
TP53,-0.48642,-0.06103
BHLHE40,-0.48652,0.12349
GLI1,-0.48653,-0.49908
LMO2,-0.48657,0.51266
FOSB,-0.48672,0.22429
SMAD1,-0.4869,-0.01057
ERG,-0.48693,1.54862
ELK4,-0.48694,0.1604
TFCP2,-0.48696,-0.18064
HCFC2,-0.48731,0.09281
BARHL2,-0.48746,1.83251
EGR1,-0.48748,0.22639
EN1,-0.48763,1.50651
HOXA4,-0.48778,-0.29989
HAND1,-0.48778,0.94118
SPAG7,-0.48781,-0.25837
SREBF1,-0.48789,-0.15578
BHLHA15,-0.48796,1.12494
NR6A1,-0.48797,0.87404
GATA3,-0.48801,0.63765
GATA2,-0.48802,-0.05162
BHLHE41,-0.48812,-0.53218
BHLHA15,-0.48813,1.12494
EGR2,-0.48819,1.68485
MNT,-0.48825,0.05603
USF2,-0.48828,-0.17263
BARHL2,-0.4883,1.83251
DBP,-0.48837,-0.07406
TFE3,-0.4885,-0.02572
SMAD4,-0.48855,0.01087
TCF7L1,-0.48856,-0.12623
VDR,-0.48857,0.18204
RARA,-0.4887,-0.25519
GMEB2,-0.48875,0.07687
EN2,-0.48877,1.5098
BRCA1,-0.48886,-0.27515
FOS,-0.48887,0.11477
LHX2,-0.48889,1.74567
FOXL1,-0.48892,-0.97272
TFAP2A,-0.48902,-0.00481
NR3C1,-0.48907,-0.11267
TFAP2C,-0.48911,0.6037
TCF4,-0.48931,-0.83621
RFX2,-0.48935,0.09243
HIC1,-0.48937,-0.93177
PITX1,-0.48942,2.66087
TCF4,-0.48946,-0.83621
FOXO4,-0.48946,0.05375
NR3C2,-0.48952,0.66608
NMRAL1,-0.48967,0.52323
GATA6,-0.48981,-0.4102
USF2,-0.48983,-0.17263
ISL1,-0.48991,1.63749
NFIX,-0.48998,-0.37506
FOXB1,-0.49007,1.39094
TGIF1,-0.49032,0.24022
TCF3,-0.49047,-0.11833
TBP,-0.49049,0.01746
OTX1,-0.49051,0.61502
TCF4,-0.49052,-0.83621
POU5F1,-0.49056,-0.17881
LHX6,-0.49061,1.97772
ARID5A,-0.49062,-0.18956
EGR1,-0.4907,0.22639
SMAD4,-0.49089,0.01087
FOXO4,-0.49096,0.05375
RFX5,-0.49109,0.24121
NRF1,-0.49113,-0.06707
FOXO4,-0.49117,0.05375
TFAP2A,-0.49118,-0.00481
NR2F2,-0.49118,-0.04126
BHLHE41,-0.49126,-0.53218
HOXC8,-0.49129,0.02345
EN2,-0.49134,1.5098
TGIF2,-0.49135,0.13496
POU5F1,-0.49145,-0.17881
HLF,-0.49145,1.20049
SMC3,-0.49145,0.09897
MEIS3,-0.49156,0.68303
FOXO4,-0.49177,0.05375
FOSL2,-0.49178,0.07854
ELK4,-0.49194,0.1604
RPL35,-0.49197,0.03825
NR3C1,-0.49205,-0.11267
TBX20,-0.49215,1.45484
MAX,-0.4923,0.13856
TCF3,-0.49234,-0.11833
HOXD4,-0.49234,-0.33947
E2F4,-0.49237,0.14148
EMX1,-0.49239,1.22011
GABPA,-0.49241,-0.14939
TFAP2A,-0.49242,-0.00481
MEF2D,-0.49243,-0.06654
MYBL2,-0.49247,-0.19707
TCF3,-0.49259,-0.11833
MAGOH,-0.49269,0.20422
TFAP2A,-0.49273,-0.00481
GBX2,-0.49287,1.92073
NFIC,-0.49288,-0.21458
RXRB,-0.4929,0.14875
ID4,-0.4929,-0.49292
HES1,-0.49294,0.29018
OTX1,-0.49297,0.61502
MSX1,-0.4931,0.83405
LHX6,-0.49312,1.97772
TFCP2,-0.49315,-0.18064
HOXB2,-0.49319,-0.59651
EGR1,-0.49322,0.22639
EN1,-0.49323,1.50651
ERF,-0.49323,-0.20753
RBMS1,-0.49332,0.25977
E2F4,-0.49333,0.14148
HOXC8,-0.49336,0.02345
MSX1,-0.49345,0.83405
RARG,-0.49347,-0.50335
PBX3,-0.49358,0.40978
PITX1,-0.49362,2.66087
KLF3,-0.49365,0.08462
SOX7,-0.49376,0.94009
ZEB1,-0.49395,-0.14882
HOXB6,-0.49403,0.12505
REST,-0.49415,0.20711
JUNB,-0.49416,0.12824
SOX7,-0.49416,0.94009
HOXD8,-0.4942,-0.50292
SOX18,-0.4942,1.26007
MEIS1,-0.49429,-0.46847
THAP1,-0.49439,0.30516
NFYA,-0.49442,-0.02481
SRF,-0.49449,-0.18877
NR2F1,-0.49455,-0.40683
RUNX2,-0.49461,-0.44748
TFAP2C,-0.49468,0.6037
FOXO6,-0.49471,1.52196
TP73,-0.49474,1.60948
BRCA1,-0.49493,-0.27515
CBFA2T2,-0.49503,0.25191
TCF12,-0.49503,-0.03309
BHLHE40,-0.4952,0.12349
VDR,-0.49521,0.18204
PDX1,-0.4953,1.13033
MAF,-0.4953,1.50435
BACH1,-0.49543,-0.08588
TCF7,-0.49555,0.17771
TBP,-0.49564,0.01746
ETV6,-0.49568,-0.12382
HOXA13,-0.49572,1.58967
HOXB6,-0.49582,0.12505
NKX3-1,-0.49604,-0.17361
TP53,-0.49617,-0.06103
TFAP4,-0.49626,0.30334
ZBTB7A,-0.49644,-0.03833
GATA3,-0.49649,0.63765
GMEB1,-0.49651,-0.0629
ESRRA,-0.49658,0.36686
SIX5,-0.49659,-0.04506
ZBTB6,-0.49664,0.06759
RFX5,-0.49674,0.24121
SIN3A,-0.49688,0.04933
RFX1,-0.49695,0.20032
ZBTB6,-0.49698,0.06759
TFCP2,-0.49702,-0.18064
HOXA11,-0.49707,0.40226
HOXC6,-0.49715,-0.04045
SOX7,-0.4974,0.94009
TCF3,-0.49749,-0.11833
TBP,-0.49755,0.01746
GFI1,-0.49755,0.95373
ARNT,-0.49762,0.03492
FOXA1,-0.49775,0.59218
SOX2,-0.49786,1.37658
ZNF282,-0.49789,0.11948
TP73,-0.49806,1.60948
NONO,-0.4981,0.07184
FOXO4,-0.49815,0.05375
EN1,-0.49817,1.50651
TFAP2A,-0.49821,-0.00481
POU2F1,-0.49826,0.47712
HNF4G,-0.49842,0.89252
PITX1,-0.49845,2.66087
VAX2,-0.49847,-0.14018
NKX2-5,-0.49858,1.55041
RARG,-0.49869,-0.50335
TBX20,-0.49869,1.45484
EN1,-0.49871,1.50651
TP53,-0.49872,-0.06103
NRF1,-0.49874,-0.06707
CEBPG,-0.49875,0.22789
FLI1,-0.49885,-2.13898
BRCA1,-0.49889,-0.27515
IRF5,-0.49895,0.56234
MEIS3,-0.49896,0.68303
MEIS2,-0.49904,-0.06534
LHX6,-0.49913,1.97772
TFAP4,-0.49914,0.30334
CEBPD,-0.49918,0.31811
PRDM4,-0.49919,0.23073
NKX3-2,-0.49919,1.28354
TBP,-0.49927,0.01746
HINFP,-0.49927,0.09309
MEOX1,-0.49943,0.5983
TBX20,-0.49948,1.45484
STAT1,-0.49949,-0.01743
SOX8,-0.49949,0.98528
HSF2,-0.49961,0.0708
GATA3,-0.49973,0.63765
ARNT,-0.4999,0.03492
SRF,-0.49992,-0.18877
EGR1,-0.49995,0.22639
MYC,-0.49995,0.22497
TEAD3,-0.49999,-0.10294
NFIC,-0.5,-0.21458
PAX9,-0.50008,1.51678
FOXO6,-0.50014,1.52196
FOXP1,-0.50019,-0.47893
EWSR1,-0.50025,0.02003
NR2C2,-0.50026,0.21475
NR4A2,-0.50052,0.11007
XBP1,-0.50054,0.09852
ETS1,-0.50057,0.2381
TCF4,-0.50058,-0.83621
BPTF,-0.50058,0.25822
SND1,-0.50067,-0.30727
FOXM1,-0.5008,-0.09234
HOXA2,-0.5008,-0.49643
PKNOX1,-0.50086,-0.01682
JDP2,-0.50089,0.49816
NFIX,-0.501,-0.37506
CYB5R1,-0.50102,-0.02612
AHR,-0.50102,-0.31593
GLI2,-0.50109,0.00519
OLIG2,-0.50116,0.79877
PTEN,-0.50121,0.03658
BDP1,-0.50126,0.41219
IRX5,-0.50128,0.75392
NFATC1,-0.50135,1.17367
NKX2-5,-0.50141,1.55041
NFATC1,-0.50145,1.17367
RBPJ,-0.50151,0.06557
NR1D1,-0.50157,0.0778
TFAP2C,-0.50165,0.6037
RXRA,-0.50168,0.30198
FOXG1,-0.50177,1.5762
ETV5,-0.50186,0.00428
TCF4,-0.50193,-0.83621
HOXD13,-0.50213,1.61407
TFAP2C,-0.50216,0.6037
SMAD1,-0.50223,-0.01057
SMAD3,-0.50224,-0.38086
YY2,-0.50227,-0.33904
GRHL1,-0.5023,0.60779
TFAP2A,-0.50254,-0.00481
ETV4,-0.50256,0.15297
TFAP2A,-0.50257,-0.00481
BHLHE41,-0.50258,-0.53218
RPP25,-0.50259,0.70366
DLX1,-0.5026,0.10983
PRDM4,-0.50262,0.23073
SF3B1,-0.50278,-0.00878
SIN3A,-0.50279,0.04933
ESRRB,-0.50285,1.09807
EMX2,-0.50287,1.14301
MRPL2,-0.50288,0.06913
LMX1B,-0.50304,1.549
ZBTB4,-0.50306,-0.18334
NFYA,-0.5031,-0.02481
HOXA13,-0.50314,1.58967
NR2C1,-0.50316,0.14754
RXRB,-0.50321,0.14875
NFIC,-0.50324,-0.21458
GATA3,-0.50331,0.63765
MYBL1,-0.50335,0.21759
BARHL2,-0.50337,1.83251
FOXD2,-0.50338,0.92604
TFAP2C,-0.50341,0.6037
TCF4,-0.50344,-0.83621
ELF4,-0.50349,-0.23961
VDR,-0.50354,0.18204
GLI2,-0.50363,0.00519
SRF,-0.50384,-0.18877
TLX2,-0.50391,1.02462
LEF1,-0.50391,0.99309
MESP1,-0.50399,0.43381
FOXO4,-0.50432,0.05375
SMAP2,-0.50433,0.05035
NR4A2,-0.50434,0.11007
NR3C1,-0.50436,-0.11267
SOX8,-0.50443,0.98528
ZNF784,-0.50444,-0.1146
GATA2,-0.50445,-0.05162
ZNF524,-0.50454,-0.36672
BARHL2,-0.50457,1.83251
TFAP4,-0.50471,0.30334
HOXA13,-0.50474,1.58967
TCF3,-0.50476,-0.11833
MEF2D,-0.50477,-0.06654
NFKB1,-0.50486,-0.02496
TCF7,-0.50493,0.17771
STAT4,-0.50495,0.55131
SOX18,-0.50497,1.26007
MZF1,-0.50507,0.10253
PAX2,-0.50525,1.0569
TFAP4,-0.50529,0.30334
GATA6,-0.5053,-0.4102
NRF1,-0.50532,-0.06707
ETV2,-0.50542,-0.21244
HIC1,-0.50543,-0.93177
LHX6,-0.50555,1.97772
JUND,-0.50561,-0.03685
NR2F1,-0.50571,-0.40683
VDR,-0.50575,0.18204
NRF1,-0.50577,-0.06707
BARHL2,-0.50581,1.83251
NFATC1,-0.50592,1.17367
HNF4G,-0.50597,0.89252
NR3C1,-0.50607,-0.11267
INSM1,-0.5063,1.22789
RXRA,-0.50635,0.30198
NFIB,-0.5065,-0.34392
PPARG,-0.50658,-0.0062
MAF,-0.5066,1.50435
ZBTB6,-0.50665,0.06759
CXXC1,-0.50674,-0.20636
RFX3,-0.50677,0.21238
SMAD4,-0.50688,0.01087
YY1,-0.50691,0.14859
RFX5,-0.50697,0.24121
ID4,-0.50699,-0.49292
FOXD2,-0.50709,0.92604
PDX1,-0.50712,1.13033
ARNT,-0.5072,0.03492
GMEB1,-0.50721,-0.0629
GZF1,-0.50722,-0.10714
MGA,-0.50731,0.06935
NKX3-2,-0.50744,1.28354
TEAD3,-0.50757,-0.10294
DMRT2,-0.50762,-0.75849
MAFG,-0.50762,-0.03675
ERG,-0.50763,1.54862
JDP2,-0.50768,0.49816
TFAP2A,-0.50776,-0.00481
ETV5,-0.5078,0.00428
MGA,-0.50786,0.06935
TP73,-0.50787,1.60948
STAT2,-0.50794,0.19114
RAD21,-0.50794,0.33699
MSX2,-0.50795,1.37658
SMAD1,-0.50796,-0.01057
TFAP2C,-0.50803,0.6037
NR2F2,-0.50811,-0.04126
TFCP2,-0.50817,-0.18064
NFYA,-0.5083,-0.02481
VDR,-0.50835,0.18204
RBPJ,-0.50841,0.06557
ESRRA,-0.50842,0.36686
NFYA,-0.50846,-0.02481
DIABLO,-0.50848,-0.00431
TEAD1,-0.50849,0.23157
MYC,-0.50852,0.22497
NFYA,-0.5087,-0.02481
SOX4,-0.50879,-0.13172
IRF1,-0.50881,0.07358
OTX1,-0.50884,0.61502
MYC,-0.50887,0.22497
MYC,-0.50889,0.22497
SOX6,-0.50891,0.35826
TBX3,-0.509,-0.64016
NFATC2,-0.50903,0.12494
MYBL1,-0.50904,0.21759
ELK4,-0.50914,0.1604
HOXA3,-0.50916,-0.49974
MSX1,-0.50918,0.83405
TCF4,-0.50919,-0.83621
EPAS1,-0.50924,-0.67374
HOXA2,-0.50927,-0.49643
HOXC4,-0.50938,0.94279
SMAD1,-0.50954,-0.01057
SMAD3,-0.50956,-0.38086
NR4A1,-0.50962,0.49659
NR3C2,-0.50967,0.66608
FOXP1,-0.50984,-0.47893
NFKB1,-0.50995,-0.02496
NR4A2,-0.51001,0.11007
ZEB1,-0.51002,-0.14882
DDX20,-0.51005,0.2126
UBB,-0.51018,-0.44848
ELF1,-0.5102,-0.0385
BHLHE41,-0.51024,-0.53218
ELK3,-0.51024,-0.31483
THRB,-0.51039,0.86606
RAB7A,-0.51042,0.0373
EOMES,-0.51047,1.4624
KLF9,-0.51048,-0.19621
ETV1,-0.51061,0.0445
FOS,-0.51061,0.11477
USF1,-0.51065,-0.13268
OLIG2,-0.51068,0.79877
CEBPB,-0.51076,0.1585
HNF4G,-0.51078,0.89252
TBX2,-0.51082,0.74219
DTL,-0.51083,-0.3358
HESX1,-0.51085,0.17438
NKX3-1,-0.51091,-0.17361
SNAI2,-0.51098,-0.12542
ETV6,-0.51101,-0.12382
ETV5,-0.51108,0.00428
USF2,-0.51109,-0.17263
GLI2,-0.51109,0.00519
EGR1,-0.51115,0.22639
MEIS3,-0.51119,0.68303
TFAP4,-0.51127,0.30334
FOXF2,-0.51134,0.41095
MSC,-0.51136,0.03375
NFYB,-0.51138,-0.01498
UBP1,-0.51144,0.11819
TCF4,-0.51153,-0.83621
SMAD3,-0.51157,-0.38086
HDX,-0.51161,0.08585
IRF7,-0.51176,-0.16734
HNF4G,-0.51177,0.89252
MAFF,-0.51183,0.15237
GABPA,-0.51185,-0.14939
ZFHX3,-0.51192,0.80452
GATA3,-0.51202,0.63765
SMAD2,-0.51254,-0.33837
EP300,-0.51262,0.07356
TFAP2C,-0.51268,0.6037
IRF1,-0.51274,0.07358
HAND1,-0.5128,0.94118
EGR2,-0.5128,1.68485
HOXA5,-0.51282,0.04334
SOX8,-0.51283,0.98528
ETV4,-0.51286,0.15297
AHR,-0.51292,-0.31593
MEF2C,-0.51295,0.40985
TFAP2C,-0.51305,0.6037
HOXD13,-0.51313,1.61407
PAX6,-0.51318,0.87769
MEOX1,-0.51319,0.5983
REST,-0.51321,0.20711
PBX2,-0.51323,0.47253
TFAP2C,-0.51333,0.6037
MESP1,-0.51336,0.43381
FOXD2,-0.51348,0.92604
SOX9,-0.51372,0.21723
ELF4,-0.51373,-0.23961
PBX1,-0.51386,-0.73611
RXRA,-0.51389,0.30198
ELK4,-0.514,0.1604
FOXO4,-0.51403,0.05375
FOXO3,-0.51405,-0.09404
CEBPG,-0.51407,0.22789
HMX1,-0.51407,1.5563
ID4,-0.51407,-0.49292
EN1,-0.51418,1.50651
CREB3L1,-0.51427,-0.29251
SOX18,-0.51428,1.26007
MESP1,-0.51428,0.43381
SOX18,-0.51433,1.26007
SOX2,-0.51451,1.37658
DLX4,-0.51452,1.70529
NFATC1,-0.51454,1.17367
TFAP2A,-0.51468,-0.00481
TFAP2A,-0.51471,-0.00481
ZC3H7A,-0.51482,0.06914
POU6F1,-0.51487,-0.06658
NRF1,-0.51487,-0.06707
RARA,-0.51487,-0.25519
PPARA,-0.51495,0.48827
EGR1,-0.51523,0.22639
SOCS4,-0.51524,0.20644
ETS1,-0.51544,0.2381
E2F1,-0.51548,-0.14567
ELF2,-0.51554,0.08062
MYBL1,-0.51559,0.21759
TFAP2A,-0.51562,-0.00481
SOX17,-0.51562,-2.18298
ESRRA,-0.51566,0.36686
TCF12,-0.51572,-0.03309
AHR,-0.51573,-0.31593
TCF7,-0.51574,0.17771
REL,-0.51575,0.12775
TCF4,-0.51606,-0.83621
ZEB1,-0.5161,-0.14882
ELF4,-0.51612,-0.23961
SOX8,-0.51621,0.98528
TCF3,-0.51628,-0.11833
FOS,-0.5163,0.11477
ID4,-0.51633,-0.49292
TFAP2A,-0.51635,-0.00481
TFAP2A,-0.51641,-0.00481
SOX8,-0.51646,0.98528
SOX8,-0.51648,0.98528
PRRX1,-0.5165,-0.44294
SRF,-0.5166,-0.18877
NR2F6,-0.5167,-0.07863
ETS1,-0.51671,0.2381
BCL6,-0.51675,-0.46691
ZNF589,-0.51676,0.55279
NFIA,-0.51683,0.15147
NRF1,-0.51702,-0.06707
GTF2I,-0.51715,-0.05514
ETS1,-0.51722,0.2381
PBX2,-0.51724,0.47253
NFIL3,-0.51731,0.04188
ZNF8,-0.51746,0.67552
NFIC,-0.51747,-0.21458
EXO5,-0.51751,0.14677
NFE2,-0.51755,0.59563
KLF8,-0.51759,1.24055
ESRRG,-0.51764,1.19866
FOSL2,-0.51773,0.07854
HOXC13,-0.51774,0.9857
POU6F1,-0.51798,-0.06658
EWSR1,-0.51803,0.02003
NELFA,-0.51804,0.00211
ESRRA,-0.51814,0.36686
JUN,-0.51821,0.26082
RFX3,-0.51823,0.21238
GLI2,-0.51825,0.00519
BHLHE40,-0.51832,0.12349
EPAS1,-0.51838,-0.67374
EZH2,-0.51848,0.24374
CUX1,-0.51849,-0.02564
ZBTB4,-0.5185,-0.18334
VDR,-0.51868,0.18204
NFIL3,-0.5188,0.04188
MZF1,-0.5188,0.10253
GTF2I,-0.51911,-0.05514
HOXA11,-0.51924,0.40226
SPAG7,-0.51934,-0.25837
TFAP4,-0.51936,0.30334
EOMES,-0.51938,1.4624
EGR2,-0.51938,1.68485
NR2F6,-0.5194,-0.07863
THRB,-0.51954,0.86606
PROX1,-0.51959,1.25768
GATA3,-0.51963,0.63765
OTUD4,-0.51964,0.10643
RARA,-0.51969,-0.25519
THRA,-0.5197,-0.23344
SREBF2,-0.51981,0.00057
FOXC2,-0.52016,-2.00079
GATA4,-0.52019,-1.3276
SP1,-0.52029,0.23865
STAT1,-0.52033,-0.01743
EMX2,-0.52036,1.14301
LMX1B,-0.52036,1.549
FOXP1,-0.52046,-0.47893
TFEB,-0.52047,-0.41856
HIC1,-0.52047,-0.93177
NFIA,-0.52054,0.15147
THRB,-0.52055,0.86606
ZNF784,-0.52058,-0.1146
GATA2,-0.52058,-0.05162
ALX1,-0.52062,0.03003
HMX1,-0.52073,1.5563
FOXJ3,-0.52074,0.24609
JUND,-0.52078,-0.03685
NR2F1,-0.52085,-0.40683
PAX9,-0.52097,1.51678
NR3C1,-0.52103,-0.11267
MSX1,-0.52104,0.83405
XBP1,-0.52109,0.09852
SOX2,-0.52111,1.37658
ESRRG,-0.52115,1.19866
ZBTB3,-0.52121,0.39844
MYBL1,-0.52125,0.21759
NFYB,-0.52133,-0.01498
ETV6,-0.52134,-0.12382
HOXA1,-0.52141,0.09858
ELF2,-0.52158,0.08062
PAX2,-0.52159,1.0569
CEBPG,-0.52167,0.22789
TBP,-0.52168,0.01746
GATA2,-0.52187,-0.05162
ZKSCAN1,-0.52191,0.25502
LEF1,-0.52203,0.99309
MGA,-0.52218,0.06935
TGIF1,-0.52221,0.24022
NKX2-5,-0.52222,1.55041
BARX1,-0.52237,1.13672
NFYB,-0.52242,-0.01498
NR3C1,-0.52261,-0.11267
SP3,-0.52265,0.05187
RUNX3,-0.52282,1.32536
NKX2-8,-0.52293,1.30963
NRL,-0.52301,0.13212
TCF4,-0.52301,-0.83621
USF1,-0.52315,-0.13268
SOX15,-0.52328,-0.29176
SOX17,-0.52329,-2.18298
ZEB1,-0.5233,-0.14882
ZNF589,-0.5233,0.55279
PPARA,-0.52332,0.48827
RFX2,-0.52351,0.09243
TAF1,-0.52362,0.11649
FOXA1,-0.52363,0.59218
ZBTB4,-0.52365,-0.18334
SMAD1,-0.52367,-0.01057
HOXB9,-0.5238,0.83234
NFYA,-0.5238,-0.02481
MEIS3,-0.52381,0.68303
PRRX1,-0.52387,-0.44294
MAFA,-0.52396,1.66573
HOXA13,-0.52407,1.58967
GATA2,-0.52418,-0.05162
LBX2,-0.52443,1.06169
PBX1,-0.52457,-0.73611
NKX3-2,-0.52462,1.28354
TFAP2A,-0.52473,-0.00481
PITX1,-0.5248,2.66087
SMAD4,-0.52485,0.01087
SOX2,-0.52492,1.37658
TPPP,-0.52506,1.254
TFAP4,-0.52508,0.30334
CUX1,-0.52512,-0.02564
SOX7,-0.52527,0.94009
MSX1,-0.5253,0.83405
GMEB2,-0.52532,0.07687
FOXO4,-0.52533,0.05375
ESRRA,-0.52539,0.36686
TLX2,-0.52547,1.02462
MAX,-0.52548,0.13856
EGR1,-0.52552,0.22639
MEIS1,-0.52577,-0.46847
SMAD3,-0.52579,-0.38086
AR,-0.52601,0.74347
GABPA,-0.52601,-0.14939
CEBPA,-0.52605,1.86054
NFIL3,-0.52606,0.04188
PROX1,-0.52608,1.25768
EGR1,-0.52609,0.22639
NFE2L2,-0.52619,0.01426
HSF1,-0.52621,0.46176
BACH1,-0.5263,-0.08588
MYBL1,-0.52635,0.21759
REL,-0.52638,0.12775
ARID3A,-0.52667,0.49887
STAT3,-0.52668,-0.16234
ELF1,-0.5267,-0.0385
MSX1,-0.52674,0.83405
CEBPA,-0.527,1.86054
FOXD1,-0.52701,0.21153
FOS,-0.52717,0.11477
TBX20,-0.5273,1.45484
RARA,-0.52746,-0.25519
MNT,-0.5275,0.05603
EP300,-0.5276,0.07356
BARX1,-0.52769,1.13672
HOXA5,-0.5277,0.04334
SNAPC5,-0.52773,-0.15661
GLI2,-0.52787,0.00519
TP53,-0.52794,-0.06103
NR1H2,-0.52799,-0.17777
ZEB1,-0.52805,-0.14882
ARNT,-0.52811,0.03492
SOX2,-0.52817,1.37658
CEBPB,-0.52851,0.1585
TBP,-0.52855,0.01746
TWIST1,-0.52863,-0.19509
HOXB9,-0.52867,0.83234
ETS1,-0.52868,0.2381
FOXD1,-0.52869,0.21153
ZNF713,-0.52872,0.09838
LHX6,-0.52875,1.97772
TFAP4,-0.52883,0.30334
REL,-0.52884,0.12775
THAP1,-0.5289,0.30516
VAX2,-0.52915,-0.14018
YY1,-0.52915,0.14859
EN1,-0.52918,1.50651
ISL1,-0.52926,1.63749
NFKB1,-0.52926,-0.02496
MESP1,-0.52945,0.43381
EN1,-0.52946,1.50651
ELF1,-0.52946,-0.0385
KLF3,-0.52947,0.08462
ITGB2,-0.5296,1.87118
ZBTB3,-0.52969,0.39844
RUNX2,-0.52986,-0.44748
TFAP2A,-0.52994,-0.00481
BARHL2,-0.53001,1.83251
KLF4,-0.53012,1.14393
BCL6,-0.53014,-0.46691
SOX18,-0.53017,1.26007
CUX1,-0.53026,-0.02564
ETS1,-0.53033,0.2381
SMAD3,-0.53037,-0.38086
ETV3,-0.53039,0.22639
EOMES,-0.53044,1.4624
HSF1,-0.53047,0.46176
TRIP10,-0.53052,0.29724
MEIS1,-0.53058,-0.46847
GATA3,-0.53064,0.63765
HNF4G,-0.53067,0.89252
SOX9,-0.53082,0.21723
TBX20,-0.53086,1.45484
NONO,-0.53089,0.07184
REL,-0.53092,0.12775
ZIC3,-0.53095,1.58206
GRHL1,-0.53096,0.60779
EGR1,-0.53111,0.22639
AHR,-0.53114,-0.31593
ARNT,-0.53145,0.03492
MEOX1,-0.53172,0.5983
STAT3,-0.53175,-0.16234
MZF1,-0.5318,0.10253
TCF3,-0.53187,-0.11833
ESRRG,-0.53203,1.19866
NFATC3,-0.53203,0.26356
GRHL1,-0.53206,0.60779
POU2F2,-0.53217,-0.79029
TFAP2A,-0.53218,-0.00481
NKX2-1,-0.53222,2.41647
TP53,-0.53222,-0.06103
IRF7,-0.53242,-0.16734
SOX8,-0.53246,0.98528
GMEB1,-0.53271,-0.0629
ZEB1,-0.53277,-0.14882
FOXB1,-0.53277,1.39094
ELK4,-0.53278,0.1604
CREB3L1,-0.53284,-0.29251
ERG,-0.53285,1.54862
IRF9,-0.53285,0.07959
PBX1,-0.53296,-0.73611
LEF1,-0.53315,0.99309
POU5F1,-0.53323,-0.17881
GMEB2,-0.53324,0.07687
TCF12,-0.53325,-0.03309
ATF3,-0.53327,0.74563
FOXD3,-0.53329,1.66375
SIX5,-0.53332,-0.04506
TCF7L1,-0.5334,-0.12623
TFAP2A,-0.53345,-0.00481
ELK1,-0.53348,-0.14318
HOXA11,-0.53352,0.40226
VAX2,-0.53357,-0.14018
FOXP3,-0.53358,0.80403
LEF1,-0.53363,0.99309
REST,-0.53367,0.20711
ARNT,-0.53374,0.03492
ELK3,-0.53374,-0.31483
ERF,-0.53378,-0.20753
HSF4,-0.53381,1.04243
EMX1,-0.53382,1.22011
MYBL2,-0.53396,-0.19707
CEBPG,-0.53402,0.22789
FOXO1,-0.53416,0.19161
TCF12,-0.53419,-0.03309
MEIS3,-0.53435,0.68303
NRF1,-0.53445,-0.06707
PRDM4,-0.53447,0.23073
TRIM21,-0.53452,-0.18352
TCF4,-0.53464,-0.83621
FOXA3,-0.53466,1.07463
ESX1,-0.53468,1.18752
LHX6,-0.53476,1.97772
CEBPG,-0.53485,0.22789
BACH1,-0.53488,-0.08588
TOPORS,-0.53491,-0.16762
EGR1,-0.53494,0.22639
ELF1,-0.535,-0.0385
RXRA,-0.53505,0.30198
SOX2,-0.53512,1.37658
HOXA5,-0.53522,0.04334
NFE2L1,-0.53524,-0.03223
NFE2L2,-0.53526,0.01426
FOXP3,-0.53528,0.80403
PURG,-0.5353,0.64052
ESRRA,-0.53533,0.36686
SRF,-0.53537,-0.18877
PQBP1,-0.53539,0.02009
BCL3,-0.53544,-0.30304
HOXD11,-0.53561,0.14834
ETV1,-0.53564,0.0445
REL,-0.53564,0.12775
HIC2,-0.5357,0.48876
ZKSCAN3,-0.53594,0.45019
EMX1,-0.53616,1.22011
BARHL2,-0.53616,1.83251
NFIL3,-0.53618,0.04188
ASPSCR1,-0.53621,-0.23327
GATA3,-0.53626,0.63765
ZIC2,-0.5363,2.51825
DDIT3,-0.53631,0.31605
ZHX3,-0.53636,-0.03225
TEAD1,-0.53651,0.23157
TP53,-0.53652,-0.06103
SOX7,-0.53656,0.94009
MEOX1,-0.53658,0.5983
OTX1,-0.53668,0.61502
ARNT,-0.53705,0.03492
ETV4,-0.53712,0.15297
TFAP2A,-0.53719,-0.00481
GFI1,-0.53723,0.95373
FOXP3,-0.53728,0.80403
BARHL2,-0.53728,1.83251
ERF,-0.53735,-0.20753
OSR1,-0.53739,-0.53062
NFE2L2,-0.53744,0.01426
SOX9,-0.5376,0.21723
SRF,-0.53793,-0.18877
FOXO1,-0.53806,0.19161
TGIF2,-0.53808,0.13496
OTX1,-0.5381,0.61502
JUNB,-0.5381,0.12824
PKNOX2,-0.53833,0.45558
BHLHE40,-0.53837,0.12349
ELK3,-0.53845,-0.31483
TAF1,-0.53846,0.11649
TFAP2C,-0.53858,0.6037
TEF,-0.53866,-0.46806
MYBL2,-0.53876,-0.19707
MYB,-0.5389,-0.11523
LBX2,-0.53896,1.06169
HOXA1,-0.5392,0.09858
TFAP2C,-0.53927,0.6037
NME1,-0.53928,-0.05802
TBX1,-0.53929,1.76691
ETV6,-0.53929,-0.12382
NFIA,-0.5394,0.15147
ZBTB7A,-0.53951,-0.03833
FOXO1,-0.53951,0.19161
MEIS2,-0.53965,-0.06534
CDX2,-0.5398,2.15473
TCF3,-0.53998,-0.11833
DLX5,-0.54001,1.14301
TFAP2C,-0.54006,0.6037
SOX9,-0.54009,0.21723
SREBF1,-0.54014,-0.15578
FOXP3,-0.54021,0.80403
CEBPG,-0.54024,0.22789
ZNF713,-0.54036,0.09838
TEF,-0.54041,-0.46806
TP53,-0.54042,-0.06103
NUP107,-0.54044,0.00081
FOXJ2,-0.54048,-0.10174
TFAP4,-0.54057,0.30334
HOXB5,-0.54059,0.18102
MYB,-0.54073,-0.11523
LBX2,-0.54078,1.06169
HOXA1,-0.54092,0.09858
AR,-0.54099,0.74347
ETS1,-0.541,0.2381
RXRA,-0.54103,0.30198
MEIS3,-0.54111,0.68303
HOXC11,-0.54112,0.58072
EN1,-0.54115,1.50651
TFE3,-0.54122,-0.02572
NFYB,-0.54128,-0.01498
SRF,-0.54136,-0.18877
E2F4,-0.54143,0.14148
RFX2,-0.54144,0.09243
HOXD13,-0.54145,1.61407
GTF2B,-0.54149,0.31598
NFIC,-0.54165,-0.21458
USF1,-0.5417,-0.13268
RARG,-0.5417,-0.50335
E2F2,-0.54188,0.546
TFAP2A,-0.54196,-0.00481
SNAPC4,-0.54197,0.21099
RARB,-0.54204,-0.80509
EMX1,-0.54209,1.22011
APEX2,-0.54214,0.01034
TFAP2A,-0.54252,-0.00481
TEAD1,-0.54261,0.23157
TGIF2,-0.54268,0.13496
EMX2,-0.5428,1.14301
RXRA,-0.54284,0.30198
ESRRB,-0.54286,1.09807
NFIA,-0.5429,0.15147
MAFK,-0.54291,-0.18717
BARHL2,-0.54292,1.83251
TCF3,-0.54292,-0.11833
TWIST1,-0.54295,-0.19509
SMAD3,-0.54297,-0.38086
ZNF350,-0.54298,0.07255
TFAP2A,-0.54309,-0.00481
PAX6,-0.54329,0.87769
NUP107,-0.54334,0.00081
PBX3,-0.54342,0.40978
THRA,-0.54366,-0.23344
NAP1L1,-0.54377,-0.01113
MYBL1,-0.54381,0.21759
PSMA6,-0.54383,-0.06677
BARHL2,-0.54386,1.83251
ZBTB7B,-0.54386,-0.1944
RARB,-0.54392,-0.80509
MYB,-0.54393,-0.11523
SMAD3,-0.54399,-0.38086
NFYA,-0.54399,-0.02481
TP73,-0.54403,1.60948
MAX,-0.54411,0.13856
PBX3,-0.54414,0.40978
BHLHE40,-0.54417,0.12349
TEF,-0.54417,-0.46806
HOXD3,-0.5444,-0.7231
TEF,-0.54441,-0.46806
TCF7,-0.54441,0.17771
FOXJ2,-0.5446,-0.10174
FOXA1,-0.54473,0.59218
ARNT,-0.54474,0.03492
GFI1,-0.54476,0.95373
SUCLG1,-0.5448,-0.06224
SOX2,-0.54493,1.37658
POU5F1,-0.54498,-0.17881
ETS1,-0.5451,0.2381
HINFP,-0.54519,0.09309
PAX3,-0.54523,1.45939
HOXA13,-0.54532,1.58967
EP300,-0.54538,0.07356
TLX2,-0.54541,1.02462
GABPA,-0.54543,-0.14939
OSR1,-0.54545,-0.53062
ZNF8,-0.5455,0.67552
POU6F1,-0.54551,-0.06658
JUND,-0.54554,-0.03685
HIC1,-0.54581,-0.93177
HOXB3,-0.54585,-0.40051
SRF,-0.54589,-0.18877
AR,-0.54592,0.74347
HMX1,-0.5461,1.5563
GLI1,-0.54621,-0.49908
ELF2,-0.54642,0.08062
HOXD13,-0.54647,1.61407
PAX2,-0.54652,1.0569
APEX2,-0.54656,0.01034
SOX8,-0.54686,0.98528
MEIS2,-0.5469,-0.06534
SOX2,-0.54699,1.37658
ZNF75A,-0.54704,0.45123
RARA,-0.54709,-0.25519
MEIS2,-0.5472,-0.06534
PBX1,-0.5474,-0.73611
RORA,-0.54743,1.26779
NFATC1,-0.54746,1.17367
GBX2,-0.5475,1.92073
HAND1,-0.54753,0.94118
SMAD1,-0.5476,-0.01057
EP300,-0.54779,0.07356
MYBL2,-0.548,-0.19707
JUNB,-0.5482,0.12824
PBX1,-0.5482,-0.73611
IRF5,-0.54826,0.56234
NFIC,-0.54829,-0.21458
FOXP3,-0.54848,0.80403
BARHL2,-0.5485,1.83251
TFAP4,-0.54851,0.30334
TBX20,-0.54867,1.45484
USF2,-0.5487,-0.17263
ZBTB6,-0.54876,0.06759
SREBF2,-0.54878,0.00057
MYBL2,-0.54879,-0.19707
THRA,-0.54882,-0.23344
DLX5,-0.54898,1.14301
TFAP2A,-0.54908,-0.00481
PAX9,-0.54909,1.51678
EN1,-0.54929,1.50651
HOXD8,-0.54931,-0.50292
MYBL1,-0.54938,0.21759
CEBPA,-0.54941,1.86054
ID4,-0.5495,-0.49292
JDP2,-0.54951,0.49816
ESX1,-0.54959,1.18752
EGR2,-0.5496,1.68485
MYC,-0.5497,0.22497
ASCC1,-0.5497,0.03715
TCF4,-0.54978,-0.83621
SOX18,-0.5498,1.26007
TBX1,-0.54989,1.76691
HLCS,-0.54997,-0.06321
ESRRA,-0.54997,0.36686
KLF3,-0.55002,0.08462
FLI1,-0.55007,-2.13898
SOX8,-0.55018,0.98528
NFIX,-0.55022,-0.37506
NR4A1,-0.55024,0.49659
SP3,-0.5503,0.05187
REL,-0.55031,0.12775
NR3C1,-0.55033,-0.11267
USF2,-0.55045,-0.17263
CEBPG,-0.55061,0.22789
ETS1,-0.55061,0.2381
TCF4,-0.55061,-0.83621
MYBL2,-0.55062,-0.19707
ESRRA,-0.55071,0.36686
ESX1,-0.55072,1.18752
RFX5,-0.55078,0.24121
NR6A1,-0.55079,0.87404
RARA,-0.55079,-0.25519
SOX18,-0.55095,1.26007
TFAP2C,-0.55098,0.6037
ALX4,-0.55104,1.37058
FOXK1,-0.55107,0.61424
RXRA,-0.55116,0.30198
SREBF2,-0.55116,0.00057
PAX6,-0.55124,0.87769
RFX2,-0.55127,0.09243
GLI2,-0.55141,0.00519
ETV3,-0.55143,0.22639
ID4,-0.55146,-0.49292
STAU2,-0.55154,0.26301
PRDM4,-0.55155,0.23073
FOXB1,-0.5516,1.39094
ERG,-0.55166,1.54862
PAX9,-0.55173,1.51678
ZIC2,-0.55177,2.51825
RUNX3,-0.5518,1.32536
DLX6,-0.55185,1.50012
HMBOX1,-0.55189,0.39571
FOXC2,-0.55192,-2.00079
TFAP2A,-0.55198,-0.00481
HMX2,-0.55203,1.25527
RBM8A,-0.55209,-0.00956
NFIL3,-0.5522,0.04188
PLAGL1,-0.55239,0.61926
TBX20,-0.55243,1.45484
ID4,-0.55245,-0.49292
HAND1,-0.5525,0.94118
JUN,-0.55275,0.26082
TCF3,-0.55275,-0.11833
NFYA,-0.55279,-0.02481
FOXJ3,-0.55284,0.24609
GBX2,-0.55294,1.92073
THRA,-0.55304,-0.23344
MAFB,-0.55307,0.64383
ETV1,-0.55313,0.0445
STAU2,-0.55316,0.26301
VDR,-0.55336,0.18204
USF2,-0.55339,-0.17263
LHX2,-0.5534,1.74567
ZBTB3,-0.55352,0.39844
NFAT5,-0.55354,0.64401
BCL3,-0.55364,-0.30304
NRF1,-0.55388,-0.06707
MYBL2,-0.55394,-0.19707
YY1,-0.55396,0.14859
ETV6,-0.55399,-0.12382
FLI1,-0.55409,-2.13898
BHLHA15,-0.55413,1.12494
STAT3,-0.55426,-0.16234
USF2,-0.55429,-0.17263
ETV5,-0.55433,0.00428
TP53,-0.55443,-0.06103
ZNF8,-0.55444,0.67552
SRF,-0.55475,-0.18877
ETS1,-0.55485,0.2381
MLX,-0.55493,0.04225
MYB,-0.55502,-0.11523
IRX5,-0.55509,0.75392
AHR,-0.55512,-0.31593
MECP2,-0.55521,0.18722
SOX17,-0.55524,-2.18298
HOXC13,-0.55538,0.9857
ELK4,-0.55538,0.1604
AR,-0.55542,0.74347
NKX3-2,-0.55549,1.28354
ERG,-0.55567,1.54862
RUNX2,-0.55581,-0.44748
EGR1,-0.55595,0.22639
ETV1,-0.55602,0.0445
ELK1,-0.55614,-0.14318
ZBTB6,-0.55619,0.06759
ERG,-0.55622,1.54862
ZBTB7A,-0.55625,-0.03833
TCF12,-0.55626,-0.03309
ERG,-0.55631,1.54862
ARNT,-0.55637,0.03492
TBX2,-0.55649,0.74219
MEOX1,-0.5566,0.5983
FOXP4,-0.55677,-0.2733
HIF1A,-0.55678,-0.1013
IRF4,-0.55682,-0.17271
TCF3,-0.55684,-0.11833
MAFB,-0.55686,0.64383
NFYC,-0.55688,0.04732
SEMA4A,-0.55717,0.2132
CUX1,-0.55724,-0.02564
HNF4G,-0.55734,0.89252
ESRRA,-0.55734,0.36686
RXRA,-0.55755,0.30198
LHX9,-0.55757,-1.03088
LBX2,-0.55773,1.06169
TFE3,-0.55777,-0.02572
PGR,-0.5578,0.77101
PITX2,-0.55781,1.94874
BRCA1,-0.55809,-0.27515
ESRRG,-0.5581,1.19866
MYC,-0.55822,0.22497
NFE2L1,-0.55837,-0.03223
FOXD3,-0.55842,1.66375
TCF7,-0.55846,0.17771
ETV6,-0.55861,-0.12382
NR2F1,-0.55862,-0.40683
CEBPG,-0.55863,0.22789
UBE2K,-0.55877,0.01165
EGR1,-0.55883,0.22639
TFAP2C,-0.55887,0.6037
EZH2,-0.55889,0.24374
ZEB1,-0.55892,-0.14882
SIX2,-0.55909,1.04244
HOXB5,-0.55917,0.18102
MLX,-0.55928,0.04225
GMEB2,-0.55931,0.07687
MAFB,-0.55938,0.64383
GRHL1,-0.55946,0.60779
GATA3,-0.55948,0.63765
SOX2,-0.55948,1.37658
TFEB,-0.55951,-0.41856
XBP1,-0.55954,0.09852
MYC,-0.55967,0.22497
AR,-0.5597,0.74347
GLI2,-0.55973,0.00519
TFCP2,-0.55976,-0.18064
EN1,-0.55977,1.50651
FOXO4,-0.5598,0.05375
MEIS3,-0.55985,0.68303
JUND,-0.55991,-0.03685
TEAD1,-0.56,0.23157
ETV5,-0.56012,0.00428
PAX8,-0.56025,1.96565
HOXC10,-0.56051,0.94574
STAT1,-0.56052,-0.01743
LBX2,-0.56055,1.06169
NR2F2,-0.56071,-0.04126
HOXD11,-0.56075,0.14834
NKX2-5,-0.56076,1.55041
KLF3,-0.56087,0.08462
SOX2,-0.56105,1.37658
ESRP1,-0.56117,1.23045
EOMES,-0.56137,1.4624
ETV6,-0.56139,-0.12382
SRF,-0.56146,-0.18877
TFAP2A,-0.56151,-0.00481
ETV6,-0.56152,-0.12382
SP2,-0.56162,-0.07606
MEF2A,-0.56164,-0.11613
BHLHE40,-0.56165,0.12349
SREBF1,-0.56168,-0.15578
SP8,-0.56178,1.34044
TFAP2A,-0.56183,-0.00481
SIRT6,-0.56189,-0.01814
PAX3,-0.562,1.45939
PKNOX2,-0.56201,0.45558
GLI2,-0.56206,0.00519
THAP1,-0.56216,0.30516
TFAP4,-0.56219,0.30334
NR3C1,-0.56221,-0.11267
PITX1,-0.56229,2.66087
NFYA,-0.56231,-0.02481
TP53,-0.56232,-0.06103
ESRRA,-0.56236,0.36686
HMBOX1,-0.56242,0.39571
TFAP2C,-0.56244,0.6037
TFAP2A,-0.56266,-0.00481
ATF2,-0.56269,0.19734
YWHAZ,-0.56296,0.2477
TCF12,-0.56313,-0.03309
TCF7L2,-0.56314,0.09821
ZBTB3,-0.56316,0.39844
REL,-0.56335,0.12775
ETV6,-0.56355,-0.12382
SRF,-0.56357,-0.18877
TBX20,-0.56359,1.45484
PKNOX2,-0.56365,0.45558
ALX4,-0.5637,1.37058
NRF1,-0.56373,-0.06707
FOXK1,-0.56377,0.61424
PROX1,-0.56391,1.25768
NR3C1,-0.56393,-0.11267
IRX3,-0.564,0.16577
EBF3,-0.56404,1.02359
IRF8,-0.56404,0.31482
SOX9,-0.56413,0.21723
CTCF,-0.56417,0.1109
BAD,-0.56422,0.10233
SMAD4,-0.56424,0.01087
JDP2,-0.56432,0.49816
MYBL2,-0.56453,-0.19707
TP53,-0.5646,-0.06103
EGR1,-0.5646,0.22639
NFIX,-0.5647,-0.37506
TFAP2C,-0.56474,0.6037
SIX1,-0.56476,0.9836
TEF,-0.56477,-0.46806
TFAP4,-0.56478,0.30334
UBE2V1,-0.56485,-0.08291
ZNF524,-0.56492,-0.36672
BCL6,-0.56493,-0.46691
HIC2,-0.5651,0.48876
POU5F1,-0.56523,-0.17881
STAT3,-0.56525,-0.16234
MAF,-0.56538,1.50435
ETV3,-0.56542,0.22639
ZBTB3,-0.56542,0.39844
SOX2,-0.56543,1.37658
MLXIPL,-0.56544,1.28556
THAP1,-0.56544,0.30516
MRPL1,-0.56544,-0.04942
EGR1,-0.56551,0.22639
NFYA,-0.56551,-0.02481
SOX13,-0.56558,0.20325
TFAP2A,-0.56568,-0.00481
IRX3,-0.56575,0.16577
SRF,-0.56593,-0.18877
MSX1,-0.56598,0.83405
LBX2,-0.56613,1.06169
EP300,-0.56614,0.07356
ZBTB3,-0.5662,0.39844
SOX9,-0.56622,0.21723
FLI1,-0.56622,-2.13898
MORN1,-0.56642,0.37255
CUX1,-0.56652,-0.02564
TFAP4,-0.56663,0.30334
BHLHA15,-0.56698,1.12494
MYB,-0.56701,-0.11523
PITX2,-0.56704,1.94874
SIX1,-0.56708,0.9836
LHX6,-0.56711,1.97772
FOXK1,-0.56728,0.61424
RARA,-0.56732,-0.25519
JDP2,-0.56732,0.49816
ZBTB4,-0.56734,-0.18334
HOXA5,-0.56754,0.04334
ESRRA,-0.56768,0.36686
LHX6,-0.56778,1.97772
TGIF2,-0.56788,0.13496
KLF4,-0.56796,1.14393
SIN3A,-0.56802,0.04933
HOXA2,-0.56807,-0.49643
TFAP2A,-0.56809,-0.00481
HOXA5,-0.56884,0.04334
TCF3,-0.56903,-0.11833
TCF7,-0.56905,0.17771
WRNIP1,-0.56909,0.28669
TFAP4,-0.56918,0.30334
TBX20,-0.5692,1.45484
PAX9,-0.56925,1.51678
KLF4,-0.56961,1.14393
NR4A1,-0.56966,0.49659
PKNOX1,-0.56994,-0.01682
ETV2,-0.56997,-0.21244
ZNF524,-0.57011,-0.36672
TFAP2A,-0.57012,-0.00481
ELK1,-0.57012,-0.14318
FOXA1,-0.57014,0.59218
CEBPB,-0.57017,0.1585
BARHL2,-0.57019,1.83251
ZSCAN31,-0.5704,-0.51355
TFAP4,-0.57046,0.30334
TP73,-0.57055,1.60948
JDP2,-0.57062,0.49816
SOX2,-0.57063,1.37658
ZEB1,-0.57063,-0.14882
NR1D1,-0.57072,0.0778
E2F6,-0.5708,0.21414
NR2F1,-0.57094,-0.40683
TCF3,-0.57096,-0.11833
HMX2,-0.57103,1.25527
SOX9,-0.57112,0.21723
TFAP4,-0.57118,0.30334
TFAP2C,-0.57129,0.6037
LHX2,-0.5713,1.74567
HOXC10,-0.5714,0.94574
ETV6,-0.57145,-0.12382
SMAD1,-0.57155,-0.01057
ARHGEF12,-0.57163,0.00333
TCF4,-0.57164,-0.83621
NKX6-1,-0.57174,1.89061
ETS1,-0.57193,0.2381
ZNF143,-0.57201,-0.08045
ERF,-0.57202,-0.20753
NFIX,-0.57208,-0.37506
RARA,-0.57209,-0.25519
FOXO4,-0.57247,0.05375
RFX5,-0.57262,0.24121
SOX8,-0.57263,0.98528
EGR1,-0.57266,0.22639
GBX2,-0.57267,1.92073
TFAP4,-0.57267,0.30334
NR3C2,-0.57267,0.66608
ALX1,-0.57288,0.03003
RUNX2,-0.57297,-0.44748
TBX2,-0.57302,0.74219
MAGEF1,-0.57305,-0.19609
REST,-0.57326,0.20711
THRB,-0.57328,0.86606
RFX5,-0.57333,0.24121
CEBPB,-0.57334,0.1585
HOXC10,-0.57334,0.94574
TFAP2C,-0.57338,0.6037
GLI2,-0.57348,0.00519
ERG,-0.57349,1.54862
ETV5,-0.57352,0.00428
FOXO3,-0.57353,-0.09404
EGR1,-0.57384,0.22639
HMBOX1,-0.57384,0.39571
ZEB1,-0.57388,-0.14882
ETS1,-0.57388,0.2381
SNAPC5,-0.57419,-0.15661
ZNF524,-0.57419,-0.36672
YY1,-0.57421,0.14859
HSF4,-0.57422,1.04243
TEAD1,-0.57425,0.23157
RORA,-0.5743,1.26779
FLI1,-0.57436,-2.13898
EN1,-0.57446,1.50651
ETS1,-0.57468,0.2381
GATA3,-0.57474,0.63765
IRF8,-0.57493,0.31482
JDP2,-0.57495,0.49816
SRF,-0.57508,-0.18877
ELF1,-0.57522,-0.0385
ERF,-0.57524,-0.20753
TCF3,-0.57524,-0.11833
E2F8,-0.57534,0.20928
HEY1,-0.57558,1.16638
TFE3,-0.57558,-0.02572
MEOX1,-0.57571,0.5983
SOX13,-0.57588,0.20325
NFATC4,-0.57593,0.08731
FOXP1,-0.57641,-0.47893
SOX4,-0.57645,-0.13172
AGGF1,-0.57652,0.05794
GLI2,-0.57659,0.00519
MYBL1,-0.5767,0.21759
EN1,-0.57676,1.50651
POU5F1,-0.57677,-0.17881
RFX3,-0.57679,0.21238
AR,-0.57683,0.74347
NKX3-2,-0.57693,1.28354
HCFC2,-0.57717,0.09281
GBX2,-0.57731,1.92073
DLX2,-0.57731,0.70947
ISL2,-0.57752,1.25248
DMC1,-0.57754,0.83476
FOSL1,-0.5776,0.12968
EGR1,-0.57763,0.22639
TFAP4,-0.57786,0.30334
ZBTB4,-0.57796,-0.18334
IRF4,-0.57801,-0.17271
OLIG2,-0.57812,0.79877
ZIC2,-0.57813,2.51825
ESRRA,-0.57827,0.36686
ZNF784,-0.57841,-0.1146
TP53,-0.57842,-0.06103
TCF7,-0.57843,0.17771
STAT3,-0.57847,-0.16234
LHX2,-0.57883,1.74567
TFAP2C,-0.57887,0.6037
EOMES,-0.57888,1.4624
RFX5,-0.57892,0.24121
RFX3,-0.57907,0.21238
TCF7L1,-0.57914,-0.12623
RREB1,-0.57916,0.27761
SOX8,-0.57932,0.98528
TEAD3,-0.57933,-0.10294
FOXN3,-0.57936,0.17011
HOXD8,-0.57938,-0.50292
LHX9,-0.57962,-1.03088
CHD2,-0.57972,0.16413
GATA3,-0.57995,0.63765
ESRRA,-0.58004,0.36686
TFCP2,-0.58048,-0.18064
RARG,-0.58067,-0.50335
TBX1,-0.58068,1.76691
INSM1,-0.58079,1.22789
NFIC,-0.58087,-0.21458
FOXO4,-0.581,0.05375
ESRRB,-0.58111,1.09807
E2F2,-0.58122,0.546
ETV4,-0.58127,0.15297
CTCF,-0.58144,0.1109
TCF3,-0.58165,-0.11833
UBP1,-0.58165,0.11819
PPARD,-0.58182,-0.0265
TGIF2,-0.58196,0.13496
NRL,-0.58201,0.13212
NFIX,-0.58201,-0.37506
GABPA,-0.58207,-0.14939
RARG,-0.58211,-0.50335
NR4A2,-0.58211,0.11007
SOX8,-0.58217,0.98528
JUND,-0.58224,-0.03685
STAT5A,-0.58226,-0.10044
TSN,-0.58239,0.09182
FOXO6,-0.58242,1.52196
ZBTB4,-0.58246,-0.18334
CREB1,-0.58252,-0.1189
HTATIP2,-0.58255,0.39794
SMAD2,-0.58266,-0.33837
NFE2,-0.58267,0.59563
RXRA,-0.5827,0.30198
ESRRA,-0.58273,0.36686
CTCF,-0.58276,0.1109
SOX4,-0.58279,-0.13172
NFIX,-0.58286,-0.37506
TFCP2,-0.58295,-0.18064
TFAP2C,-0.58301,0.6037
FOXA1,-0.58304,0.59218
ARNT,-0.58321,0.03492
ANXA1,-0.5833,-0.16277
ELF1,-0.58336,-0.0385
GFI1,-0.58351,0.95373
EN2,-0.58353,1.5098
NFIC,-0.58381,-0.21458
ZBTB3,-0.58382,0.39844
CEBPB,-0.58384,0.1585
SRF,-0.58384,-0.18877
STAT3,-0.58392,-0.16234
TEAD3,-0.58394,-0.10294
FLI1,-0.58394,-2.13898
TFAP2A,-0.58404,-0.00481
TGIF2,-0.58408,0.13496
HOXD9,-0.58416,-0.24896
ETV2,-0.58419,-0.21244
NFAT5,-0.58425,0.64401
RARA,-0.58442,-0.25519
BHLHA15,-0.58448,1.12494
SIX5,-0.58457,-0.04506
ZEB1,-0.58472,-0.14882
TCF4,-0.58481,-0.83621
ETS1,-0.58487,0.2381
ESRRB,-0.58492,1.09807
MAFK,-0.58496,-0.18717
TFAP2A,-0.58501,-0.00481
ZBTB7B,-0.58503,-0.1944
ESX1,-0.58513,1.18752
TFCP2,-0.58516,-0.18064
FOXC2,-0.58522,-2.00079
USF2,-0.5853,-0.17263
SP2,-0.58531,-0.07606
FOXA1,-0.58536,0.59218
NR3C1,-0.58542,-0.11267
ELK1,-0.58547,-0.14318
PLAG1,-0.5855,0.41363
IRF5,-0.58551,0.56234
PITX2,-0.58558,1.94874
ARNT,-0.58564,0.03492
RFX5,-0.58571,0.24121
SREBF1,-0.58586,-0.15578
KLF9,-0.58597,-0.19621
ETV1,-0.58598,0.0445
GFI1,-0.5861,0.95373
KLF7,-0.58622,-0.49837
FOXO6,-0.58636,1.52196
MECP2,-0.58652,0.18722
GATA3,-0.58655,0.63765
SP3,-0.58679,0.05187
MAFK,-0.58705,-0.18717
TFAP4,-0.58706,0.30334
HOXD9,-0.58709,-0.24896
HIC1,-0.58718,-0.93177
CLOCK,-0.58721,0.06464
PSMC2,-0.58725,-0.51529
E4F1,-0.58728,0.19447
NR3C1,-0.5873,-0.11267
ZEB1,-0.58732,-0.14882
SNAI1,-0.58732,-0.00065
SOX8,-0.58736,0.98528
TCF4,-0.58746,-0.83621
ZBED1,-0.5875,-0.20248
TFAP2A,-0.58755,-0.00481
SOX2,-0.58758,1.37658
MGA,-0.58767,0.06935
RXRA,-0.58769,0.30198
JDP2,-0.58773,0.49816
LBX2,-0.58773,1.06169
TP53,-0.58795,-0.06103
MEIS3,-0.58806,0.68303
HMBOX1,-0.58809,0.39571
AHR,-0.5881,-0.31593
RARA,-0.58818,-0.25519
FOXA1,-0.5882,0.59218
MYBL1,-0.58826,0.21759
ZBTB7A,-0.58837,-0.03833
INSM1,-0.58882,1.22789
TFAP2A,-0.58884,-0.00481
HINFP,-0.58894,0.09309
RFX5,-0.58912,0.24121
ALX1,-0.58929,0.03003
EBF3,-0.58938,1.02359
MYB,-0.58941,-0.11523
SOX8,-0.58959,0.98528
ESRRA,-0.58969,0.36686
NR3C1,-0.58973,-0.11267
ELF1,-0.58975,-0.0385
LHX9,-0.5898,-1.03088
BHLHA15,-0.58983,1.12494
TFAP2C,-0.58989,0.6037
SREBF1,-0.59007,-0.15578
SOCS4,-0.59042,0.20644
HERPUD1,-0.59056,0.11175
DLX4,-0.59076,1.70529
TCF12,-0.5909,-0.03309
NFYA,-0.59101,-0.02481
JUND,-0.59101,-0.03685
JDP2,-0.59117,0.49816
STAT3,-0.59124,-0.16234
HINFP,-0.59129,0.09309
TFE3,-0.59139,-0.02572
UBP1,-0.59139,0.11819
CEBPB,-0.59141,0.1585
ESRRA,-0.59144,0.36686
ESRRA,-0.59151,0.36686
BARHL2,-0.59159,1.83251
TFAP4,-0.59175,0.30334
FLI1,-0.59178,-2.13898
SREBF1,-0.5919,-0.15578
HOXA11,-0.5919,0.40226
AR,-0.59193,0.74347
ATF3,-0.59198,0.74563
EN1,-0.59203,1.50651
ZNF8,-0.59212,0.67552
EGR1,-0.59212,0.22639
SRF,-0.59218,-0.18877
VDR,-0.59229,0.18204
NKX2-1,-0.59229,2.41647
IRF7,-0.59229,-0.16734
TEAD1,-0.59234,0.23157
HES1,-0.59245,0.29018
TP73,-0.59246,1.60948
BACH1,-0.59257,-0.08588
NR2F1,-0.59259,-0.40683
TEAD3,-0.59262,-0.10294
MYBL1,-0.59263,0.21759
ETV3,-0.5927,0.22639
OTX1,-0.59282,0.61502
ETS1,-0.59292,0.2381
OTX1,-0.59296,0.61502
SREBF1,-0.59306,-0.15578
SREBF2,-0.59306,0.00057
XBP1,-0.59309,0.09852
HMGA2,-0.59309,-0.18061
NFIC,-0.59309,-0.21458
TCF4,-0.59325,-0.83621
MSX1,-0.59366,0.83405
REL,-0.59368,0.12775
GMEB2,-0.59376,0.07687
TFAP2A,-0.59386,-0.00481
IRX3,-0.59397,0.16577
USF2,-0.59407,-0.17263
NFIL3,-0.59412,0.04188
HSF2,-0.59437,0.0708
NRL,-0.59439,0.13212
GRHL1,-0.59443,0.60779
ELF1,-0.59448,-0.0385
SREBF1,-0.59451,-0.15578
GABPA,-0.59464,-0.14939
NFKB1,-0.59464,-0.02496
MTA3,-0.59469,0.13685
HOXC10,-0.59469,0.94574
BHLHE41,-0.59472,-0.53218
TFAP2C,-0.59472,0.6037
MEOX1,-0.59479,0.5983
TBX1,-0.59481,1.76691
PROX1,-0.59481,1.25768
GATA3,-0.5949,0.63765
NFIA,-0.59492,0.15147
HOXD13,-0.59493,1.61407
STAT3,-0.59495,-0.16234
AR,-0.595,0.74347
PRDM4,-0.59501,0.23073
MLX,-0.59501,0.04225
PBX1,-0.59529,-0.73611
FOXO4,-0.59541,0.05375
MAFK,-0.59546,-0.18717
SREBF1,-0.59547,-0.15578
SOX9,-0.59563,0.21723
HIC1,-0.59577,-0.93177
BARHL2,-0.59581,1.83251
ETS1,-0.59583,0.2381
MEF2C,-0.59608,0.40985
FOXA1,-0.59616,0.59218
BHLHA15,-0.59628,1.12494
ERF,-0.59636,-0.20753
GFI1,-0.59639,0.95373
BACH1,-0.59643,-0.08588
SOX4,-0.59643,-0.13172
TCF12,-0.59657,-0.03309
RUNX2,-0.59658,-0.44748
SP1,-0.59661,0.23865
NKX2-8,-0.59666,1.30963
RARG,-0.59667,-0.50335
CEBPB,-0.59671,0.1585
TEAD3,-0.59676,-0.10294
SMAD1,-0.59679,-0.01057
ZNF784,-0.597,-0.1146
ETS1,-0.59715,0.2381
BHLHE41,-0.59716,-0.53218
IRF4,-0.59718,-0.17271
NR2F6,-0.5972,-0.07863
TEAD1,-0.59727,0.23157
REST,-0.59757,0.20711
FOXD2,-0.59771,0.92604
ZBTB6,-0.59776,0.06759
RUNX2,-0.59779,-0.44748
KLF4,-0.59782,1.14393
POU2F2,-0.59786,-0.79029
TFAP2C,-0.59803,0.6037
DDIT3,-0.59805,0.31605
AHR,-0.59825,-0.31593
PAX6,-0.59828,0.87769
MEF2C,-0.59836,0.40985
MYB,-0.59836,-0.11523
TFAP2C,-0.5984,0.6037
KLF6,-0.59848,0.26654
BPTF,-0.59849,0.25822
FOXK1,-0.59855,0.61424
EN1,-0.59856,1.50651
STAT3,-0.5986,-0.16234
CREB3L1,-0.5986,-0.29251
NFYA,-0.59863,-0.02481
CSNK2B,-0.59865,0.20303
FOXB1,-0.59868,1.39094
ELF1,-0.59886,-0.0385
POU3F3,-0.5989,1.52977
TFAP2A,-0.59906,-0.00481
TGIF2,-0.59909,0.13496
TFAP4,-0.59914,0.30334
GLI2,-0.59919,0.00519
ETV1,-0.59925,0.0445
CEBPB,-0.59951,0.1585
MGA,-0.59961,0.06935
MYBL1,-0.59963,0.21759
SPAG7,-0.59963,-0.25837
TFAP2C,-0.59976,0.6037
HOXC11,-0.59982,0.58072
ELF1,-0.59984,-0.0385
IRF1,-0.59986,0.07358
SOX2,-0.59995,1.37658
TP53,-0.59999,-0.06103
RAD21,-0.60005,0.33699
TFCP2,-0.60006,-0.18064
FOXA1,-0.60013,0.59218
GATA2,-0.60039,-0.05162
HMX1,-0.60043,1.5563
FOXO1,-0.60047,0.19161
SOX7,-0.60054,0.94009
TFDP1,-0.60062,-0.02352
REL,-0.60073,0.12775
CLOCK,-0.60076,0.06464
ZNF524,-0.60106,-0.36672
TRIM28,-0.60106,-0.01728
MYBL1,-0.60125,0.21759
GATA2,-0.6013,-0.05162
AHR,-0.6014,-0.31593
SOX9,-0.60152,0.21723
HOXB13,-0.60154,1.17107
HOXA10,-0.60158,0.50735
NFIA,-0.60173,0.15147
TFAP2A,-0.60175,-0.00481
MAF,-0.60177,1.50435
NFATC1,-0.60181,1.17367
ID4,-0.60185,-0.49292
FLI1,-0.60199,-2.13898
EGR1,-0.60217,0.22639
UBP1,-0.60229,0.11819
ZBED1,-0.6023,-0.20248
TFAP2C,-0.60248,0.6037
SMC3,-0.60254,0.09897
SP1,-0.60256,0.23865
FOXG1,-0.60257,1.5762
GFI1,-0.60261,0.95373
MEIS2,-0.60263,-0.06534
FOXG1,-0.60299,1.5762
XBP1,-0.60302,0.09852
TFAP4,-0.60303,0.30334
RXRA,-0.60305,0.30198
FHL2,-0.6031,0.26944
CEBPB,-0.60325,0.1585
ARNT,-0.60332,0.03492
NR2F2,-0.60333,-0.04126
LMO2,-0.60365,0.51266
HOXD13,-0.60372,1.61407
MAFK,-0.60373,-0.18717
MEIS3,-0.60385,0.68303
MYB,-0.60413,-0.11523
PKNOX1,-0.60413,-0.01682
NR4A2,-0.60415,0.11007
TFCP2,-0.60415,-0.18064
TBX20,-0.60417,1.45484
ETS1,-0.60425,0.2381
CREB3L1,-0.60432,-0.29251
NFATC2,-0.6045,0.12494
FOXO1,-0.60453,0.19161
FLI1,-0.60458,-2.13898
MYBL2,-0.60464,-0.19707
SMAD3,-0.60469,-0.38086
SRF,-0.60502,-0.18877
SOX15,-0.60509,-0.29176
GFI1,-0.60519,0.95373
PPARG,-0.6052,-0.0062
SOX2,-0.60522,1.37658
PPARG,-0.60528,-0.0062
FOXK1,-0.6053,0.61424
SP8,-0.60532,1.34044
MAFK,-0.60552,-0.18717
ISL2,-0.60571,1.25248
TCF3,-0.60571,-0.11833
MEIS3,-0.60578,0.68303
SOX8,-0.60601,0.98528
TGIF1,-0.60608,0.24022
POU2F2,-0.60617,-0.79029
NR4A2,-0.60625,0.11007
STAT2,-0.60638,0.19114
ZBED1,-0.60639,-0.20248
MEF2C,-0.60643,0.40985
CEBPG,-0.60644,0.22789
DLX1,-0.60654,0.10983
FLI1,-0.60678,-2.13898
NRF1,-0.60684,-0.06707
TOPORS,-0.60694,-0.16762
ETS1,-0.60699,0.2381
DLX2,-0.60712,0.70947
NKX3-1,-0.60719,-0.17361
FOXO4,-0.60729,0.05375
TBP,-0.60732,0.01746
ESRRA,-0.60739,0.36686
HSF2,-0.60739,0.0708
ZBTB7A,-0.60745,-0.03833
ESRP1,-0.60746,1.23045
NFYA,-0.60749,-0.02481
HOXD13,-0.60751,1.61407
SRF,-0.60753,-0.18877
MEIS3,-0.60756,0.68303
ELK1,-0.60759,-0.14318
NFYB,-0.60772,-0.01498
HOXA2,-0.60778,-0.49643
HOXA13,-0.60788,1.58967
MEIS2,-0.60793,-0.06534
GRHL1,-0.60794,0.60779
SOX8,-0.608,0.98528
JUN,-0.60832,0.26082
NR2F6,-0.60856,-0.07863
TCF3,-0.60859,-0.11833
MAFA,-0.60887,1.66573
ATF7,-0.60889,0.14396
HIC2,-0.60891,0.48876
MYBL1,-0.60893,0.21759
MEF2C,-0.6091,0.40985
DLX6,-0.60913,1.50012
CENPB,-0.60916,-0.10852
HIC1,-0.60918,-0.93177
NR2C1,-0.60935,0.14754
REL,-0.60939,0.12775
ETS2,-0.60953,0.26666
PITX1,-0.6096,2.66087
LBX2,-0.6097,1.06169
RIOK2,-0.60971,0.0548
TFAP2A,-0.60974,-0.00481
OLIG2,-0.60977,0.79877
RARG,-0.60989,-0.50335
STAT1,-0.60995,-0.01743
TP53,-0.60998,-0.06103
ELF1,-0.61001,-0.0385
TFAP2C,-0.61002,0.6037
SOX9,-0.61006,0.21723
ZNF784,-0.61014,-0.1146
TGIF2,-0.61035,0.13496
FOXP3,-0.61046,0.80403
BARHL2,-0.61074,1.83251
FOSL1,-0.61091,0.12968
THAP1,-0.61102,0.30516
TBX2,-0.61105,0.74219
FOXO4,-0.6111,0.05375
PBX1,-0.61113,-0.73611
JUN,-0.6112,0.26082
GBX2,-0.61123,1.92073
RXRA,-0.61125,0.30198
LHX9,-0.6113,-1.03088
ZNF282,-0.61134,0.11948
SREBF2,-0.61136,0.00057
ZNF524,-0.61141,-0.36672
PITX2,-0.61141,1.94874
HDX,-0.61153,0.08585
TCF4,-0.61154,-0.83621
RUNX3,-0.61155,1.32536
OTX1,-0.61155,0.61502
ESRRA,-0.6116,0.36686
GABPA,-0.6116,-0.14939
HOXB5,-0.61161,0.18102
ESRRA,-0.61165,0.36686
NKX2-8,-0.61169,1.30963
FOXO3,-0.61172,-0.09404
CENPB,-0.61181,-0.10852
NRF1,-0.6119,-0.06707
MEF2C,-0.61207,0.40985
NFATC1,-0.61219,1.17367
FOXO6,-0.61221,1.52196
SNAI1,-0.61226,-0.00065
HHEX,-0.61256,-0.0457
TFDP1,-0.61265,-0.02352
AHR,-0.61293,-0.31593
SMAD3,-0.61301,-0.38086
SOX9,-0.61302,0.21723
DLX1,-0.61307,0.10983
ZNF8,-0.61307,0.67552
MEIS3,-0.61309,0.68303
BACH2,-0.61319,1.29373
ETV4,-0.61324,0.15297
SOX18,-0.61331,1.26007
NR4A2,-0.61332,0.11007
TEAD3,-0.6137,-0.10294
NFYB,-0.61377,-0.01498
TBX20,-0.61377,1.45484
HOXA9,-0.6138,0.67702
DBP,-0.61383,-0.07406
MEIS1,-0.61385,-0.46847
RXRA,-0.61385,0.30198
NKX2-5,-0.61389,1.55041
FOXP3,-0.6142,0.80403
DMBX1,-0.61429,1.4014
TCF4,-0.61434,-0.83621
NKX2-5,-0.61436,1.55041
RARA,-0.61449,-0.25519
HOXC11,-0.6145,0.58072
TCF3,-0.61457,-0.11833
BRCA1,-0.61471,-0.27515
SNAI2,-0.61482,-0.12542
CREB1,-0.61529,-0.1189
FOXJ3,-0.61542,0.24609
HOXA7,-0.61552,-1.08007
RFX5,-0.61569,0.24121
SOX2,-0.6157,1.37658
SOX8,-0.61581,0.98528
NFIL3,-0.61583,0.04188
NR3C1,-0.61595,-0.11267
ZBTB4,-0.61612,-0.18334
PKNOX2,-0.61614,0.45558
FLI1,-0.61618,-2.13898
MEIS2,-0.61618,-0.06534
ETS2,-0.61619,0.26666
TFAP2A,-0.61633,-0.00481
HOXB2,-0.61646,-0.59651
NFYC,-0.61659,0.04732
ELK4,-0.6166,0.1604
VDR,-0.61702,0.18204
MYBL1,-0.61702,0.21759
MYBL2,-0.61703,-0.19707
REST,-0.6173,0.20711
TFAP2A,-0.6173,-0.00481
NFIX,-0.61743,-0.37506
BARHL2,-0.61749,1.83251
VDR,-0.61754,0.18204
SOX2,-0.61767,1.37658
EGR1,-0.61772,0.22639
RORA,-0.61779,1.26779
EMX1,-0.6178,1.22011
TEAD1,-0.6178,0.23157
RORA,-0.61782,1.26779
FOXC1,-0.61788,0.69824
TP53,-0.61806,-0.06103
FOXM1,-0.61809,-0.09234
GBX2,-0.6181,1.92073
PAX6,-0.6181,0.87769
ETV4,-0.61812,0.15297
MAX,-0.6182,0.13856
BDP1,-0.6182,0.41219
MYB,-0.61827,-0.11523
PRRX1,-0.61835,-0.44294
NFKB1,-0.61845,-0.02496
TFAP2C,-0.61845,0.6037
RARA,-0.61849,-0.25519
MSC,-0.61851,0.03375
MSI2,-0.61853,0.47744
NRF1,-0.6186,-0.06707
NME1,-0.61867,-0.05802
VDR,-0.61869,0.18204
TFAP4,-0.61877,0.30334
SNAPC5,-0.61881,-0.15661
JUN,-0.61885,0.26082
HNF4G,-0.6189,0.89252
FOXG1,-0.61899,1.5762
MSC,-0.61902,0.03375
FLI1,-0.61906,-2.13898
GMEB2,-0.61907,0.07687
TBP,-0.6191,0.01746
MRPS25,-0.61917,0.22092
NFYC,-0.61918,0.04732
NR3C1,-0.61923,-0.11267
PKNOX2,-0.61925,0.45558
EGR1,-0.61927,0.22639
PKNOX2,-0.61943,0.45558
RAN,-0.6195,0.01105
PDS5A,-0.61955,0.02221
TGIF2,-0.61959,0.13496
FOS,-0.61966,0.11477
HOXA7,-0.6197,-1.08007
GATA6,-0.61982,-0.4102
ERF,-0.61991,-0.20753
SMAD1,-0.61994,-0.01057
POU3F2,-0.61995,1.7839
PKNOX1,-0.62,-0.01682
GATA2,-0.62018,-0.05162
TCF7,-0.62039,0.17771
ARNT,-0.6204,0.03492
SOX7,-0.6204,0.94009
NR3C1,-0.6204,-0.11267
SP1,-0.62045,0.23865
E2F2,-0.6205,0.546
ELK3,-0.62056,-0.31483
ELF1,-0.62056,-0.0385
RARG,-0.62063,-0.50335
VAX2,-0.62063,-0.14018
SP1,-0.62067,0.23865
FOXM1,-0.6207,-0.09234
ESRRB,-0.6207,1.09807
SOX1,-0.62072,1.77815
RARA,-0.62074,-0.25519
DDIT3,-0.62087,0.31605
NFYB,-0.62108,-0.01498
DLX2,-0.62109,0.70947
HSF4,-0.6211,1.04243
TFCP2,-0.62125,-0.18064
IRF1,-0.62133,0.07358
MYBL1,-0.62149,0.21759
SP1,-0.62154,0.23865
NFYA,-0.6217,-0.02481
LHX6,-0.6218,1.97772
PAX2,-0.62181,1.0569
TCF7,-0.62187,0.17771
TGIF2,-0.62189,0.13496
EWSR1,-0.6219,0.02003
SOX2,-0.62192,1.37658
UBP1,-0.62198,0.11819
BHLHA15,-0.62202,1.12494
HIVEP1,-0.62204,0.17371
NFE2L1,-0.62204,-0.03223
HOXB3,-0.62205,-0.40051
NFYA,-0.62217,-0.02481
STAT6,-0.6222,-0.29029
SOX2,-0.6223,1.37658
FOS,-0.62251,0.11477
PBX1,-0.62258,-0.73611
GATA3,-0.62264,0.63765
SOX7,-0.62274,0.94009
PAX8,-0.62281,1.96565
ZNF143,-0.6231,-0.08045
FOS,-0.62312,0.11477
NFYA,-0.62321,-0.02481
CEBPB,-0.62333,0.1585
KLF8,-0.62341,1.24055
GABPA,-0.62345,-0.14939
POU5F1,-0.62358,-0.17881
USF2,-0.62374,-0.17263
EGR1,-0.62381,0.22639
NRF1,-0.62394,-0.06707
SRF,-0.62403,-0.18877
TFAP2A,-0.62406,-0.00481
MAFA,-0.62418,1.66573
PKNOX2,-0.62421,0.45558
TP53,-0.62442,-0.06103
CUX2,-0.6245,1.0607
TFAP4,-0.62454,0.30334
IRX3,-0.62455,0.16577
FOXF1,-0.62456,0.17609
NFIL3,-0.62457,0.04188
ZNF3,-0.62461,0.04979
NR3C1,-0.62482,-0.11267
TFAP4,-0.62489,0.30334
POU3F2,-0.62493,1.7839
JDP2,-0.62494,0.49816
ATF3,-0.62494,0.74563
FOXO1,-0.62499,0.19161
RCOR1,-0.6251,0.29047
TFAP2C,-0.62515,0.6037
GATA3,-0.62517,0.63765
SREBF1,-0.62521,-0.15578
ETV3,-0.62523,0.22639
ZFP3,-0.62547,0.80123
SMAD3,-0.6256,-0.38086
NFE2L2,-0.6256,0.01426
FLI1,-0.62561,-2.13898
SOX13,-0.62584,0.20325
JDP2,-0.62584,0.49816
MGA,-0.62589,0.06935
MAFA,-0.626,1.66573
ATF2,-0.62604,0.19734
FOXC2,-0.62614,-2.00079
SRF,-0.6262,-0.18877
RUNX3,-0.62627,1.32536
SREBF2,-0.62631,0.00057
NXPH3,-0.62635,0.17609
TFAP4,-0.62636,0.30334
CDK2AP1,-0.62639,-0.3608
JUN,-0.62653,0.26082
SOX8,-0.62661,0.98528
OTX1,-0.62709,0.61502
GADD45A,-0.6271,0.50305
RARG,-0.62718,-0.50335
SP1,-0.62722,0.23865
SOX2,-0.62724,1.37658
CUX1,-0.62727,-0.02564
MAFK,-0.62734,-0.18717
SP2,-0.62734,-0.07606
NKX3-2,-0.62742,1.28354
EP300,-0.62744,0.07356
RFX5,-0.62754,0.24121
MEIS2,-0.62756,-0.06534
EN1,-0.62763,1.50651
YY1,-0.6277,0.14859
LBX2,-0.62777,1.06169
YY1,-0.62782,0.14859
ERF,-0.62782,-0.20753
ETS2,-0.62785,0.26666
ELK1,-0.6279,-0.14318
TCF3,-0.62791,-0.11833
TFAP4,-0.62794,0.30334
ARNT,-0.62796,0.03492
ATF3,-0.62812,0.74563
EN1,-0.62825,1.50651
IRF1,-0.62829,0.07358
YY1,-0.62832,0.14859
THRA,-0.62858,-0.23344
NR2F2,-0.62861,-0.04126
AHR,-0.62868,-0.31593
AR,-0.62868,0.74347
FOXO6,-0.62876,1.52196
REL,-0.62881,0.12775
NKX2-8,-0.62888,1.30963
JUN,-0.62896,0.26082
NFIC,-0.6293,-0.21458
HOXA5,-0.62942,0.04334
TBX1,-0.62953,1.76691
NKX6-1,-0.62956,1.89061
TFAP2A,-0.62959,-0.00481
TFAP4,-0.62966,0.30334
DLX4,-0.62967,1.70529
TBP,-0.62969,0.01746
FLI1,-0.62986,-2.13898
SP1,-0.6299,0.23865
NR2F1,-0.62994,-0.40683
STAT2,-0.62995,0.19114
AR,-0.63003,0.74347
NKX2-1,-0.63006,2.41647
SOX9,-0.63013,0.21723
HOXD11,-0.63029,0.14834
NFE2,-0.63034,0.59563
EGR1,-0.63037,0.22639
ERF,-0.63053,-0.20753
MYBL1,-0.63056,0.21759
RARB,-0.63065,-0.80509
NKX6-1,-0.63065,1.89061
TFCP2,-0.63067,-0.18064
FLI1,-0.63086,-2.13898
SOX4,-0.63088,-0.13172
FOXO1,-0.63089,0.19161
NFYA,-0.63102,-0.02481
ERG,-0.63104,1.54862
NKX6-1,-0.63113,1.89061
LMX1B,-0.63115,1.549
TBX1,-0.63132,1.76691
HOXD13,-0.63165,1.61407
NR2F1,-0.63166,-0.40683
LHX2,-0.6317,1.74567
PRRX1,-0.63172,-0.44294
SOX18,-0.63192,1.26007
SNRPB2,-0.63193,-0.25645
TFAP2C,-0.63219,0.6037
SOX9,-0.63231,0.21723
MLXIPL,-0.63231,1.28556
THAP5,-0.63251,-0.36523
BARHL2,-0.63252,1.83251
NFE2L2,-0.63256,0.01426
MSC,-0.63257,0.03375
LEF1,-0.63258,0.99309
SP1,-0.63259,0.23865
BARHL2,-0.63272,1.83251
MSC,-0.63284,0.03375
PAX9,-0.63291,1.51678
BHLHE40,-0.63296,0.12349
MEIS2,-0.63298,-0.06534
MEIS2,-0.63314,-0.06534
VAX2,-0.63327,-0.14018
REST,-0.63328,0.20711
NFYA,-0.63354,-0.02481
JUNB,-0.63359,0.12824
MYBL2,-0.63366,-0.19707
NKX3-1,-0.63367,-0.17361
NR4A1,-0.63374,0.49659
FOXP3,-0.63413,0.80403
NR3C1,-0.63415,-0.11267
DMRTA2,-0.63425,0.91568
NRF1,-0.63433,-0.06707
HLX,-0.63444,-0.25098
SOX15,-0.63458,-0.29176
NR3C1,-0.6346,-0.11267
NR2F6,-0.63467,-0.07863
SOX7,-0.63495,0.94009
SOX7,-0.63509,0.94009
RBM8A,-0.63512,-0.00956
ELF1,-0.63512,-0.0385
TBP,-0.63533,0.01746
EN2,-0.63536,1.5098
ISL2,-0.63541,1.25248
TFAP4,-0.6355,0.30334
HOXC6,-0.63552,-0.04045
USF2,-0.63553,-0.17263
TCF7,-0.63556,0.17771
TFAP2C,-0.63565,0.6037
MYBL1,-0.63565,0.21759
SRF,-0.63571,-0.18877
NFATC2,-0.63579,0.12494
TBX1,-0.63602,1.76691
MYBL2,-0.63613,-0.19707
TFAP4,-0.63614,0.30334
PTEN,-0.63618,0.03658
POU2F1,-0.6363,0.47712
ZBTB18,-0.63635,0.00701
PBX1,-0.63645,-0.73611
NR6A1,-0.63653,0.87404
TP53,-0.63657,-0.06103
ESX1,-0.6367,1.18752
NKX2-1,-0.6369,2.41647
STAT1,-0.63698,-0.01743
ZKSCAN3,-0.63706,0.45019
EGR2,-0.6372,1.68485
NR1H2,-0.63723,-0.17777
EMX1,-0.63731,1.22011
FOXG1,-0.63743,1.5762
SOX2,-0.63744,1.37658
SMAD3,-0.6375,-0.38086
ETV6,-0.63752,-0.12382
FOXP3,-0.63755,0.80403
MEF2C,-0.63764,0.40985
ZNF3,-0.63765,0.04979
LHX6,-0.63787,1.97772
NKX6-1,-0.63806,1.89061
NR3C1,-0.63812,-0.11267
TBX2,-0.6382,0.74219
TCF12,-0.63825,-0.03309
OLIG2,-0.63833,0.79877
VDR,-0.63834,0.18204
MYB,-0.63842,-0.11523
SPAG7,-0.63855,-0.25837
EN2,-0.63859,1.5098
ISL1,-0.63861,1.63749
CEBPA,-0.63861,1.86054
OTX1,-0.63864,0.61502
NR3C1,-0.63865,-0.11267
SOX2,-0.63873,1.37658
RBPJ,-0.63881,0.06557
STAT3,-0.63895,-0.16234
USF1,-0.63897,-0.13268
TGIF1,-0.639,0.24022
RFX7,-0.63905,-0.09369
CEBPD,-0.6391,0.31811
AR,-0.63922,0.74347
NFATC1,-0.63926,1.17367
RFX2,-0.63927,0.09243
CUX1,-0.63928,-0.02564
NR3C1,-0.63944,-0.11267
ETV1,-0.63946,0.0445
PTEN,-0.63951,0.03658
SOX8,-0.63957,0.98528
CEBPG,-0.6397,0.22789
SIX1,-0.6399,0.9836
SOX4,-0.63995,-0.13172
AR,-0.63998,0.74347
IRF9,-0.64004,0.07959
FOXD2,-0.64012,0.92604
ETV4,-0.64022,0.15297
NFIC,-0.64023,-0.21458
MSC,-0.64029,0.03375
MYBL1,-0.64048,0.21759
EN2,-0.6406,1.5098
CNOT6,-0.64082,0.42374
NKX3-2,-0.64082,1.28354
HOXD10,-0.64088,0.20355
STAT6,-0.6409,-0.29029
NFKB1,-0.64095,-0.02496
EMX2,-0.64095,1.14301
RXRA,-0.64107,0.30198
NFIX,-0.64157,-0.37506
HLF,-0.6416,1.20049
HNF4G,-0.64163,0.89252
ZBTB7A,-0.64169,-0.03833
GATA3,-0.64173,0.63765
YY2,-0.64182,-0.33904
NKX6-1,-0.64193,1.89061
ZEB1,-0.64201,-0.14882
FOXM1,-0.64213,-0.09234
CUX1,-0.64215,-0.02564
HMGA1,-0.64217,0.06617
MGA,-0.64241,0.06935
TFAP2A,-0.64243,-0.00481
PLAG1,-0.64243,0.41363
ELK1,-0.64253,-0.14318
RFX5,-0.64268,0.24121
TCF3,-0.64272,-0.11833
STAT1,-0.64278,-0.01743
TGIF2,-0.64282,0.13496
LHX9,-0.64315,-1.03088
NR5A1,-0.64326,-1.93768
TCF7,-0.64333,0.17771
ZNF3,-0.64364,0.04979
BARHL2,-0.64371,1.83251
TGIF2,-0.64382,0.13496
ETV2,-0.64386,-0.21244
ESRRB,-0.6441,1.09807
TEAD3,-0.64443,-0.10294
ZNF333,-0.64443,-0.13501
SPAG7,-0.6445,-0.25837
TBX1,-0.64469,1.76691
ELF4,-0.64481,-0.23961
ETS1,-0.64483,0.2381
HOXD11,-0.64485,0.14834
ZIC3,-0.64488,1.58206
POU5F1,-0.64491,-0.17881
ETV4,-0.64509,0.15297
HMGN3,-0.64515,0.37831
BACH1,-0.64527,-0.08588
KLF7,-0.64534,-0.49837
ETS1,-0.64555,0.2381
HOXC11,-0.64556,0.58072
EN2,-0.6456,1.5098
MYBL1,-0.6457,0.21759
ETV5,-0.64572,0.00428
FOXP3,-0.64573,0.80403
RORA,-0.64582,1.26779
DDIT3,-0.64586,0.31605
NFIB,-0.64595,-0.34392
TCF3,-0.64599,-0.11833
SOX4,-0.64602,-0.13172
RARA,-0.64604,-0.25519
ELF2,-0.64604,0.08062
ETV4,-0.64621,0.15297
TFAP2C,-0.64624,0.6037
ARNT,-0.64669,0.03492
TP53,-0.64681,-0.06103
SOX17,-0.647,-2.18298
TCF4,-0.64703,-0.83621
ZEB1,-0.64703,-0.14882
HOXB5,-0.64709,0.18102
ZBTB18,-0.64723,0.00701
SOX17,-0.64724,-2.18298
SOX1,-0.6475,1.77815
ZNF350,-0.64766,0.07255
RARG,-0.64766,-0.50335
FOXA3,-0.64776,1.07463
GFI1,-0.64777,0.95373
AR,-0.64783,0.74347
IRF4,-0.64784,-0.17271
MEOX1,-0.64787,0.5983
FOXO1,-0.64794,0.19161
THRA,-0.64816,-0.23344
STAT1,-0.64829,-0.01743
NFIL3,-0.64846,0.04188
STAT1,-0.64873,-0.01743
FOXO4,-0.64882,0.05375
JDP2,-0.64893,0.49816
MYC,-0.649,0.22497
IRF1,-0.64906,0.07358
HOXC13,-0.64907,0.9857
BARHL2,-0.64909,1.83251
PDX1,-0.64917,1.13033
VDR,-0.6492,0.18204
TCF12,-0.64922,-0.03309
SOX8,-0.64942,0.98528
GMEB2,-0.64944,0.07687
CXXC1,-0.64957,-0.20636
NFATC3,-0.64966,0.26356
IRF7,-0.64967,-0.16734
SNAI2,-0.64969,-0.12542
MYB,-0.6497,-0.11523
ELK4,-0.64977,0.1604
DDIT3,-0.64986,0.31605
SOX6,-0.64996,0.35826
REL,-0.65,0.12775
RFX2,-0.65002,0.09243
HOXB2,-0.65006,-0.59651
SREBF1,-0.6501,-0.15578
TEAD3,-0.65033,-0.10294
ETS1,-0.65037,0.2381
CUX1,-0.65039,-0.02564
NR4A2,-0.65055,0.11007
TFAP2C,-0.65062,0.6037
NFIX,-0.65063,-0.37506
ELF1,-0.65067,-0.0385
BARX1,-0.65081,1.13672
EN2,-0.65087,1.5098
ZCCHC14,-0.65089,0.15638
PAX3,-0.65101,1.45939
ERG,-0.65104,1.54862
STAT1,-0.65105,-0.01743
HINFP,-0.65106,0.09309
EP300,-0.65114,0.07356
VDR,-0.65115,0.18204
FOXO1,-0.65124,0.19161
ETV4,-0.65124,0.15297
NUP107,-0.65126,0.00081
RXRA,-0.65136,0.30198
MNX1,-0.6515,2.02938
POU2F2,-0.65158,-0.79029
SMC3,-0.65167,0.09897
HIRIP3,-0.65172,0.17969
ELF1,-0.65174,-0.0385
TFAP2A,-0.65176,-0.00481
XBP1,-0.65182,0.09852
FOXJ2,-0.65186,-0.10174
NFIA,-0.65198,0.15147
SRP9,-0.65202,0.0278
RORA,-0.65208,1.26779
NR3C1,-0.6521,-0.11267
FLI1,-0.65211,-2.13898
HESX1,-0.65216,0.17438
TEAD1,-0.65233,0.23157
OSR1,-0.65237,-0.53062
RXRA,-0.65242,0.30198
ZEB1,-0.6527,-0.14882
TBX20,-0.65271,1.45484
TFAP2A,-0.65271,-0.00481
LHX2,-0.65281,1.74567
USF2,-0.65284,-0.17263
ARID5B,-0.65287,-0.5962
HMBOX1,-0.65287,0.39571
ELK4,-0.65303,0.1604
TP53,-0.6532,-0.06103
POU2F2,-0.65333,-0.79029
REL,-0.65337,0.12775
MSC,-0.65344,0.03375
ERG,-0.6535,1.54862
SOX18,-0.65356,1.26007
FOXJ3,-0.65359,0.24609
TCF21,-0.6539,-0.07196
EMX1,-0.65396,1.22011
SMAD3,-0.65405,-0.38086
MYBL2,-0.65412,-0.19707
EN1,-0.65424,1.50651
TCF7,-0.65426,0.17771
PLAG1,-0.6543,0.41363
FOSL1,-0.6543,0.12968
NFYA,-0.65441,-0.02481
SMAD3,-0.65447,-0.38086
BCL6,-0.65456,-0.46691
FOXF1,-0.65458,0.17609
SOX15,-0.65469,-0.29176
ZBTB7B,-0.65472,-0.1944
FOSB,-0.65473,0.22429
BARHL2,-0.65478,1.83251
MAFK,-0.65498,-0.18717
CTCF,-0.65502,0.1109
MSX1,-0.65502,0.83405
EGR1,-0.65523,0.22639
SRF,-0.65533,-0.18877
CEBPG,-0.65547,0.22789
SOX8,-0.65551,0.98528
HIC1,-0.65558,-0.93177
RFX5,-0.65577,0.24121
E2F1,-0.65588,-0.14567
SP1,-0.65599,0.23865
IKZF3,-0.65601,1.89927
FLI1,-0.6562,-2.13898
ESRRA,-0.65631,0.36686
SP3,-0.65643,0.05187
SP1,-0.65691,0.23865
HLF,-0.65709,1.20049
TP53,-0.65713,-0.06103
JUN,-0.65715,0.26082
XRCC1,-0.65723,-0.04663
MYBL2,-0.65727,-0.19707
PAX3,-0.65735,1.45939
E2F2,-0.65742,0.546
ZNF503,-0.65756,0.41999
NFKB2,-0.65779,0.51364
EMX1,-0.6578,1.22011
JUN,-0.65782,0.26082
PAX9,-0.6579,1.51678
NFKB1,-0.65792,-0.02496
ZBTB4,-0.65798,-0.18334
HNF4G,-0.65805,0.89252
FOXP3,-0.65805,0.80403
TFAP2C,-0.65808,0.6037
SREBF2,-0.65809,0.00057
TFCP2,-0.6583,-0.18064
STAT5A,-0.65837,-0.10044
SMAD3,-0.65838,-0.38086
SRF,-0.65838,-0.18877
HOXD4,-0.6586,-0.33947
NFYA,-0.65863,-0.02481
MSX1,-0.65871,0.83405
STAT3,-0.65877,-0.16234
MYBL1,-0.65881,0.21759
DBP,-0.65882,-0.07406
SETDB1,-0.65906,0.0425
HOXD10,-0.65918,0.20355
NKX2-8,-0.65934,1.30963
DIS3,-0.65935,0.14983
EGR1,-0.6596,0.22639
ETV6,-0.65963,-0.12382
PBX3,-0.65964,0.40978
TFAP2A,-0.66,-0.00481
HIF1A,-0.66001,-0.1013
MAFB,-0.66003,0.64383
PITX1,-0.66041,2.66087
SREBF1,-0.66042,-0.15578
VPS4B,-0.66051,-0.33691
MESP1,-0.66088,0.43381
TFAP2A,-0.66094,-0.00481
POU2F2,-0.66101,-0.79029
HOXB3,-0.66102,-0.40051
ETV2,-0.66112,-0.21244
NELFA,-0.66114,0.00211
ATF3,-0.66124,0.74563
TCF7,-0.66128,0.17771
HMX1,-0.66135,1.5563
POU6F1,-0.66141,-0.06658
SOX17,-0.66142,-2.18298
MYBL2,-0.66148,-0.19707
RARB,-0.66157,-0.80509
JUNB,-0.66159,0.12824
EMX2,-0.66164,1.14301
TFAP2C,-0.66171,0.6037
IRF2,-0.66178,-0.18248
GRHL1,-0.66185,0.60779
BACH1,-0.66185,-0.08588
GMEB2,-0.66203,0.07687
RARA,-0.66221,-0.25519
MLX,-0.66227,0.04225
RARA,-0.66255,-0.25519
ZIC2,-0.66271,2.51825
SNRPB2,-0.66274,-0.25645
ETS1,-0.66297,0.2381
MYB,-0.66298,-0.11523
MLX,-0.66312,0.04225
ELK4,-0.66318,0.1604
RFX5,-0.66334,0.24121
FLI1,-0.66336,-2.13898
ESRRB,-0.66358,1.09807
GRHL1,-0.66391,0.60779
POU5F1,-0.66408,-0.17881
MEIS3,-0.66415,0.68303
HNF4G,-0.66415,0.89252
CLK1,-0.66416,0.17066
ZBTB3,-0.66428,0.39844
FLI1,-0.66428,-2.13898
SOX2,-0.66436,1.37658
ZBTB3,-0.66438,0.39844
MEIS2,-0.6645,-0.06534
EN2,-0.66452,1.5098
EGR2,-0.66453,1.68485
ELF2,-0.66468,0.08062
GABPA,-0.66469,-0.14939
SRF,-0.66484,-0.18877
TFAP2A,-0.66484,-0.00481
ZNF524,-0.66502,-0.36672
MYB,-0.66511,-0.11523
FOXG1,-0.66528,1.5762
FOXO6,-0.66529,1.52196
MCTP2,-0.6654,1.21703
EN1,-0.66546,1.50651
HEY1,-0.66546,1.16638
MYBL1,-0.66547,0.21759
SOX9,-0.66556,0.21723
OSR2,-0.66562,0.51205
DDIT3,-0.66585,0.31605
SOX2,-0.66593,1.37658
HOXB7,-0.66595,0.26541
GRHL1,-0.66668,0.60779
TFAP2C,-0.66672,0.6037
MEIS3,-0.66692,0.68303
SOX8,-0.66707,0.98528
EXO5,-0.66718,0.14677
ERG,-0.66721,1.54862
NRL,-0.66756,0.13212
HNRNPLL,-0.66781,-0.15873
NR3C1,-0.66802,-0.11267
HSF1,-0.6681,0.46176
HES1,-0.66826,0.29018
NFIA,-0.66834,0.15147
NFIC,-0.66835,-0.21458
POU5F1,-0.66836,-0.17881
HOXC10,-0.66838,0.94574
FOXP3,-0.66842,0.80403
POU2F2,-0.66865,-0.79029
PAX2,-0.66866,1.0569
RPL35,-0.66874,0.03825
EGR2,-0.66874,1.68485
ELK3,-0.66875,-0.31483
APEX2,-0.66888,0.01034
PBX1,-0.66892,-0.73611
GBX2,-0.66904,1.92073
ELF2,-0.66906,0.08062
ATF2,-0.66937,0.19734
FOXO6,-0.66938,1.52196
PPARG,-0.66956,-0.0062
RXRA,-0.66961,0.30198
FLI1,-0.67005,-2.13898
HAND1,-0.67008,0.94118
ERG,-0.67015,1.54862
HIC1,-0.67018,-0.93177
GATA3,-0.6702,0.63765
NFIC,-0.67022,-0.21458
ELF1,-0.67044,-0.0385
ESRRG,-0.67047,1.19866
EN2,-0.67068,1.5098
BARHL2,-0.67076,1.83251
TFCP2,-0.67084,-0.18064
ISL2,-0.67085,1.25248
NKX2-5,-0.67087,1.55041
NFATC1,-0.67116,1.17367
TFAP2A,-0.67118,-0.00481
ZBTB7A,-0.67119,-0.03833
IRF9,-0.67132,0.07959
ARNT,-0.67139,0.03492
RPP25,-0.67141,0.70366
HOXD11,-0.67142,0.14834
ERG,-0.6716,1.54862
TBX1,-0.67175,1.76691
JUNB,-0.67193,0.12824
NFYC,-0.67219,0.04732
NR3C1,-0.67221,-0.11267
OTX1,-0.67221,0.61502
ZNF652,-0.67253,0.37539
ELK3,-0.67268,-0.31483
TBX20,-0.67275,1.45484
FLI1,-0.67283,-2.13898
RXRA,-0.6729,0.30198
TCF3,-0.67293,-0.11833
TCF21,-0.67296,-0.07196
NKX2-1,-0.673,2.41647
POU2F2,-0.67306,-0.79029
GLI3,-0.67309,-0.16955
IRX5,-0.6731,0.75392
AR,-0.67337,0.74347
ELF1,-0.67341,-0.0385
JDP2,-0.67345,0.49816
MSX1,-0.67347,0.83405
IRF3,-0.67363,-0.1629
ELF1,-0.67391,-0.0385
ERG,-0.67393,1.54862
NRL,-0.67396,0.13212
PBX1,-0.67424,-0.73611
NFIC,-0.67439,-0.21458
IKZF3,-0.67439,1.89927
EN2,-0.67439,1.5098
ISL1,-0.67448,1.63749
SOX17,-0.67449,-2.18298
NR3C1,-0.67484,-0.11267
SOX9,-0.67487,0.21723
SMAD3,-0.67515,-0.38086
EMX1,-0.67535,1.22011
MNX1,-0.67543,2.02938
AR,-0.67556,0.74347
RUNX1,-0.67561,-0.06798
NKX2-1,-0.67563,2.41647
IRF2,-0.67568,-0.18248
TBX20,-0.67586,1.45484
RXRA,-0.67588,0.30198
KLF3,-0.67615,0.08462
IRF5,-0.67624,0.56234
ETS1,-0.67632,0.2381
SOX13,-0.67652,0.20325
LHX2,-0.67669,1.74567
ETV2,-0.67672,-0.21244
TCF12,-0.67674,-0.03309
ZBED1,-0.67674,-0.20248
ZBTB4,-0.67677,-0.18334
ERG,-0.67684,1.54862
GATA6,-0.67698,-0.4102
CAT,-0.67705,-0.16471
NFKB1,-0.67706,-0.02496
IRF5,-0.67709,0.56234
VDR,-0.67715,0.18204
TFAP2A,-0.67724,-0.00481
LBX2,-0.67727,1.06169
VAX2,-0.67731,-0.14018
BHLHE40,-0.67734,0.12349
MSX1,-0.67734,0.83405
SREBF1,-0.67738,-0.15578
ESX1,-0.67744,1.18752
ATF3,-0.67745,0.74563
SP1,-0.67757,0.23865
FOXG1,-0.67758,1.5762
POU5F1,-0.67767,-0.17881
ETV4,-0.67777,0.15297
PPARA,-0.67795,0.48827
CEBPG,-0.67799,0.22789
ETV2,-0.67802,-0.21244
IRF5,-0.67825,0.56234
RXRB,-0.67828,0.14875
RUNX3,-0.6783,1.32536
POU2F1,-0.67843,0.47712
BHLHE41,-0.67865,-0.53218
NRF1,-0.67865,-0.06707
OTX1,-0.6787,0.61502
CEBPG,-0.67888,0.22789
HMX2,-0.67893,1.25527
PAX6,-0.67895,0.87769
NFATC1,-0.67898,1.17367
ERG,-0.67901,1.54862
PDX1,-0.67903,1.13033
HOXA5,-0.67907,0.04334
HOXA10,-0.67908,0.50735
HINFP,-0.67908,0.09309
NR4A2,-0.67912,0.11007
FOXB1,-0.67925,1.39094
MYBL1,-0.6794,0.21759
SREBF2,-0.67947,0.00057
NKX2-8,-0.67964,1.30963
NFKB1,-0.67975,-0.02496
ERG,-0.6798,1.54862
OLIG2,-0.67989,0.79877
HOXA2,-0.67993,-0.49643
TP53,-0.67996,-0.06103
MZF1,-0.68014,0.10253
VDR,-0.68024,0.18204
SP1,-0.68036,0.23865
CREB1,-0.68049,-0.1189
YY2,-0.68053,-0.33904
FLI1,-0.68059,-2.13898
NR2F6,-0.68064,-0.07863
GABPA,-0.68086,-0.14939
HOXA1,-0.68103,0.09858
GABPA,-0.6811,-0.14939
EN2,-0.68147,1.5098
MAFB,-0.68159,0.64383
GATA2,-0.68167,-0.05162
ZNF3,-0.68172,0.04979
EGR1,-0.68176,0.22639
GATA2,-0.68178,-0.05162
FOXD1,-0.68185,0.21153
MEOX1,-0.68243,0.5983
SMAD3,-0.68251,-0.38086
RREB1,-0.68254,0.27761
SNRPB2,-0.68257,-0.25645
CUX1,-0.68272,-0.02564
REST,-0.68282,0.20711
INSM1,-0.68293,1.22789
HSF1,-0.68303,0.46176
NRF1,-0.68307,-0.06707
GABPA,-0.6831,-0.14939
NFYC,-0.68312,0.04732
TFAP2C,-0.68317,0.6037
SRF,-0.68323,-0.18877
ETV4,-0.68332,0.15297
OLIG2,-0.68334,0.79877
NFE2L2,-0.68337,0.01426
HINFP,-0.68346,0.09309
JUND,-0.68349,-0.03685
GABPA,-0.68377,-0.14939
CREB3L1,-0.68382,-0.29251
NR2C2,-0.68382,0.21475
BHLHE41,-0.68399,-0.53218
FOXO1,-0.68408,0.19161
FOXB1,-0.6841,1.39094
ATF7,-0.68421,0.14396
EGR1,-0.68427,0.22639
BARX1,-0.6843,1.13672
EGR1,-0.68442,0.22639
ZEB1,-0.68447,-0.14882
HOXD3,-0.68455,-0.7231
ELK1,-0.68456,-0.14318
RUNX1,-0.68486,-0.06798
HOXD3,-0.68488,-0.7231
EMX1,-0.68502,1.22011
NKX3-2,-0.68512,1.28354
IRF7,-0.68531,-0.16734
CEBPB,-0.68535,0.1585
NKX2-8,-0.68537,1.30963
CEBPB,-0.68555,0.1585
TFAP2C,-0.68571,0.6037
HOXA1,-0.68608,0.09858
ELF4,-0.68615,-0.23961
TCF4,-0.68633,-0.83621
TFAP2C,-0.68639,0.6037
ESX1,-0.68643,1.18752
EGR1,-0.68655,0.22639
BARHL2,-0.6867,1.83251
TGIF1,-0.68681,0.24022
TFCP2,-0.68738,-0.18064
ELK4,-0.68738,0.1604
ZEB1,-0.68739,-0.14882
BRCA1,-0.68744,-0.27515
ETV4,-0.68748,0.15297
SP1,-0.68749,0.23865
ETV5,-0.68776,0.00428
SOX8,-0.68785,0.98528
ZBTB4,-0.68786,-0.18334
TEAD1,-0.68789,0.23157
STAT3,-0.68801,-0.16234
SOX7,-0.68805,0.94009
RFXANK,-0.68828,-0.06083
SOX17,-0.68842,-2.18298
SREBF2,-0.68844,0.00057
NFYB,-0.68847,-0.01498
ARNT,-0.68851,0.03492
FOXA1,-0.68864,0.59218
MEF2D,-0.6887,-0.06654
MYB,-0.68884,-0.11523
ETV5,-0.68901,0.00428
FOXP3,-0.68928,0.80403
TCF4,-0.68934,-0.83621
FLI1,-0.68941,-2.13898
SOX1,-0.6895,1.77815
MYB,-0.68953,-0.11523
MAX,-0.68963,0.13856
SREBF1,-0.6898,-0.15578
FOXF2,-0.69031,0.41095
ZKSCAN8,-0.69043,0.3751
GFI1,-0.69054,0.95373
PPARA,-0.69068,0.48827
REL,-0.69071,0.12775
TWIST1,-0.69075,-0.19509
TP53,-0.69079,-0.06103
SMC3,-0.69107,0.09897
RXRA,-0.69133,0.30198
SRF,-0.69138,-0.18877
HOXB6,-0.6914,0.12505
RAD21,-0.69148,0.33699
NR4A2,-0.69151,0.11007
MSX1,-0.69156,0.83405
MYB,-0.69168,-0.11523
REL,-0.69174,0.12775
SIN3A,-0.69176,0.04933
NFYA,-0.6918,-0.02481
SREBF1,-0.69195,-0.15578
NFKB1,-0.69195,-0.02496
ETS1,-0.69218,0.2381
GLI3,-0.69231,-0.16955
TFAP4,-0.6924,0.30334
ELF4,-0.69242,-0.23961
ZBTB7A,-0.69254,-0.03833
HOXA2,-0.69259,-0.49643
DLX4,-0.69269,1.70529
TFAP4,-0.69272,0.30334
NKX2-5,-0.69275,1.55041
TCF7,-0.69277,0.17771
TEAD1,-0.69282,0.23157
PBX1,-0.69283,-0.73611
TFCP2,-0.69302,-0.18064
SOX8,-0.69302,0.98528
PPARG,-0.69319,-0.0062
OTX1,-0.69327,0.61502
FOXL1,-0.6933,-0.97272
ELK4,-0.69334,0.1604
ESRRA,-0.69338,0.36686
SP8,-0.69342,1.34044
TP53,-0.69344,-0.06103
SREBF1,-0.69361,-0.15578
MAFK,-0.69371,-0.18717
CUX1,-0.6938,-0.02564
PITX1,-0.6939,2.66087
RARG,-0.69393,-0.50335
CEBPG,-0.69431,0.22789
LHX9,-0.69444,-1.03088
HOXC8,-0.69448,0.02345
NR1H2,-0.69454,-0.17777
TFAP2A,-0.69473,-0.00481
MAGEF1,-0.69476,-0.19609
MSX1,-0.69499,0.83405
NR2F1,-0.69507,-0.40683
NR5A1,-0.6951,-1.93768
TFAP4,-0.69515,0.30334
POU2F1,-0.69533,0.47712
CREB3L2,-0.69536,0.15749
CTCF,-0.69551,0.1109
REL,-0.69556,0.12775
NFYB,-0.69565,-0.01498
EGR1,-0.6958,0.22639
HOXC10,-0.69586,0.94574
ISL2,-0.69587,1.25248
CUX1,-0.69604,-0.02564
HOXA11,-0.69615,0.40226
TEAD3,-0.69619,-0.10294
EMX1,-0.69652,1.22011
ZNF524,-0.69652,-0.36672
NFYC,-0.69664,0.04732
MYBL2,-0.69675,-0.19707
ELK1,-0.69686,-0.14318
TFAP4,-0.69709,0.30334
NFE2,-0.69717,0.59563
KLF7,-0.69719,-0.49837
NR2F6,-0.69745,-0.07863
NR2F6,-0.69745,-0.07863
TPI1,-0.69755,-0.02368
SREBF1,-0.69767,-0.15578
NFYC,-0.69771,0.04732
EN1,-0.69772,1.50651
FOXC2,-0.69782,-2.00079
FOXC1,-0.69785,0.69824
PPARD,-0.69823,-0.0265
ELF1,-0.6985,-0.0385
RFX3,-0.69864,0.21238
GATA2,-0.69864,-0.05162
NFYA,-0.69871,-0.02481
GMEB2,-0.69877,0.07687
NFYB,-0.69895,-0.01498
MZF1,-0.69921,0.10253
SRF,-0.69924,-0.18877
ONECUT2,-0.69928,1.50408
CEBPA,-0.69967,1.86054
NR3C1,-0.69967,-0.11267
TFAP2A,-0.69999,-0.00481
NFATC1,-0.70012,1.17367
SOX2,-0.70012,1.37658
RARA,-0.70026,-0.25519
SOX9,-0.70054,0.21723
ISL2,-0.70065,1.25248
ZBTB7A,-0.70077,-0.03833
HOXB3,-0.70113,-0.40051
AGAP2,-0.70117,0.60759
NFATC1,-0.70137,1.17367
CEBPA,-0.70144,1.86054
SRF,-0.70162,-0.18877
ESRRA,-0.70163,0.36686
PAX8,-0.70179,1.96565
SOX8,-0.70196,0.98528
GFI1,-0.70209,0.95373
VAX2,-0.7021,-0.14018
PTCD1,-0.70214,0.04232
MAX,-0.70232,0.13856
TCF12,-0.70257,-0.03309
TEAD1,-0.70266,0.23157
NMI,-0.70268,-0.32474
SRF,-0.70269,-0.18877
SMAD3,-0.70282,-0.38086
BARHL2,-0.70282,1.83251
USF2,-0.70319,-0.17263
MYBL2,-0.70343,-0.19707
DLX1,-0.70344,0.10983
TEAD3,-0.70375,-0.10294
ETV1,-0.70376,0.0445
HOXA5,-0.70387,0.04334
FOXP1,-0.70394,-0.47893
FOXF1,-0.70402,0.17609
ZNF589,-0.70414,0.55279
PAX9,-0.70427,1.51678
TEF,-0.70438,-0.46806
TCF3,-0.70444,-0.11833
TFAP2A,-0.70457,-0.00481
ZNF3,-0.70496,0.04979
USF2,-0.705,-0.17263
TGIF1,-0.70506,0.24022
PBX2,-0.70508,0.47253
KLF7,-0.70512,-0.49837
CEBPA,-0.70515,1.86054
TP73,-0.70536,1.60948
ETS1,-0.70537,0.2381
STAU2,-0.70547,0.26301
NR2F1,-0.70554,-0.40683
POU2F2,-0.70573,-0.79029
TP53,-0.70589,-0.06103
JUN,-0.70597,0.26082
NR3C1,-0.70611,-0.11267
NFYA,-0.70617,-0.02481
FLI1,-0.7063,-2.13898
TCF3,-0.70641,-0.11833
SOX7,-0.70667,0.94009
TCF7,-0.70672,0.17771
NFIA,-0.70685,0.15147
SP1,-0.70696,0.23865
NFE2,-0.70704,0.59563
ETV4,-0.70728,0.15297
FLI1,-0.70732,-2.13898
TCF12,-0.7074,-0.03309
CREB1,-0.70754,-0.1189
TFAP4,-0.70764,0.30334
NFYB,-0.70771,-0.01498
PBX3,-0.70774,0.40978
NFIC,-0.7078,-0.21458
NFYA,-0.70784,-0.02481
EN1,-0.70795,1.50651
NFYC,-0.70796,0.04732
ZBTB6,-0.70808,0.06759
FOXA1,-0.70814,0.59218
FOXO4,-0.70819,0.05375
NFE2L1,-0.70823,-0.03223
TRIM69,-0.70825,-0.14646
SMAD4,-0.70825,0.01087
NKX2-8,-0.70827,1.30963
HIC1,-0.70841,-0.93177
ETV5,-0.70864,0.00428
LHX6,-0.70868,1.97772
HINFP,-0.70878,0.09309
EOMES,-0.70898,1.4624
KLF7,-0.70899,-0.49837
SOX9,-0.709,0.21723
SRF,-0.70923,-0.18877
TFAP2C,-0.70924,0.6037
TCF7,-0.70944,0.17771
ZNF384,-0.70948,0.13354
HOXA3,-0.7095,-0.49974
ZNF3,-0.7096,0.04979
HESX1,-0.70969,0.17438
TCF3,-0.71005,-0.11833
TFAP2C,-0.71005,0.6037
HOXA3,-0.71016,-0.49974
PROX1,-0.71018,1.25768
ID4,-0.71058,-0.49292
ELF4,-0.7106,-0.23961
SOX9,-0.71088,0.21723
BHLHA15,-0.71095,1.12494
GRHL1,-0.71095,0.60779
NFYA,-0.71096,-0.02481
TFAP4,-0.71101,0.30334
CEBPG,-0.71101,0.22789
NRF1,-0.71101,-0.06707
SREBF2,-0.71124,0.00057
NR3C1,-0.71129,-0.11267
CLOCK,-0.71135,0.06464
NFIA,-0.71139,0.15147
PROX1,-0.7114,1.25768
JUN,-0.71156,0.26082
CENPB,-0.71158,-0.10852
KLF8,-0.71168,1.24055
FOXD2,-0.71177,0.92604
TP53,-0.71184,-0.06103
NR2F6,-0.71211,-0.07863
ETV4,-0.7122,0.15297
SMARCC1,-0.7124,0.26372
HINFP,-0.71241,0.09309
DLX4,-0.71259,1.70529
REST,-0.71268,0.20711
MSX1,-0.71279,0.83405
CTCF,-0.71291,0.1109
CEBPB,-0.71293,0.1585
NRL,-0.71294,0.13212
DHX36,-0.71323,-0.09176
GFI1,-0.71338,0.95373
DDIT3,-0.71345,0.31605
SREBF1,-0.71352,-0.15578
MBTPS2,-0.71385,-0.21475
TEF,-0.71389,-0.46806
NFIC,-0.71425,-0.21458
SOX4,-0.71432,-0.13172
SOX2,-0.71442,1.37658
NR3C1,-0.7146,-0.11267
NR2F1,-0.71464,-0.40683
SIN3A,-0.71468,0.04933
TFCP2,-0.71468,-0.18064
EOMES,-0.71486,1.4624
ELK1,-0.71498,-0.14318
EGR1,-0.7152,0.22639
NFIA,-0.7153,0.15147
HOXA10,-0.71551,0.50735
ETS1,-0.71552,0.2381
TBX20,-0.71557,1.45484
ELF4,-0.7156,-0.23961
NR4A2,-0.71581,0.11007
HOXB5,-0.71581,0.18102
TFAP2C,-0.71604,0.6037
DBP,-0.71624,-0.07406
REST,-0.7165,0.20711
TCF3,-0.71654,-0.11833
ELK1,-0.71678,-0.14318
SOX15,-0.71695,-0.29176
HINFP,-0.71699,0.09309
NR2F1,-0.71702,-0.40683
E2F4,-0.71705,0.14148
MEIS3,-0.71707,0.68303
CUX2,-0.71718,1.0607
MYBL1,-0.71725,0.21759
NFYA,-0.71756,-0.02481
ETS1,-0.71757,0.2381
RFX3,-0.71758,0.21238
XBP1,-0.7176,0.09852
ZEB1,-0.71783,-0.14882
LHX9,-0.71792,-1.03088
ELK4,-0.718,0.1604
STAT1,-0.71806,-0.01743
EN1,-0.71816,1.50651
PAX9,-0.71831,1.51678
SMAD2,-0.71845,-0.33837
DLX2,-0.7185,0.70947
PAX6,-0.71862,0.87769
HOXA2,-0.71867,-0.49643
CREB1,-0.71892,-0.1189
FOXA1,-0.71912,0.59218
MSX1,-0.71921,0.83405
FLI1,-0.71924,-2.13898
MSX1,-0.71925,0.83405
IRX3,-0.71942,0.16577
ANXA1,-0.71957,-0.16277
NFKB1,-0.7196,-0.02496
GBX2,-0.71972,1.92073
ZNF3,-0.71981,0.04979
SREBF1,-0.71983,-0.15578
GATA2,-0.71995,-0.05162
NR3C1,-0.71998,-0.11267
HOXC11,-0.72,0.58072
TP53,-0.72002,-0.06103
MAFK,-0.72007,-0.18717
TFE3,-0.72026,-0.02572
ELF1,-0.72061,-0.0385
MAFK,-0.72062,-0.18717
REST,-0.72091,0.20711
MYBL2,-0.72127,-0.19707
FLI1,-0.72134,-2.13898
ZKSCAN3,-0.72145,0.45019
NFYA,-0.72146,-0.02481
NR3C1,-0.72148,-0.11267
MEF2A,-0.72173,-0.11613
ETV1,-0.72177,0.0445
TGIF1,-0.72179,0.24022
ETS1,-0.72192,0.2381
STAT3,-0.72198,-0.16234
NKX2-8,-0.72205,1.30963
ZBTB3,-0.72212,0.39844
ELK4,-0.72216,0.1604
SOX15,-0.72219,-0.29176
HINFP,-0.72227,0.09309
BARHL2,-0.72227,1.83251
HNF4G,-0.72229,0.89252
DLX2,-0.72233,0.70947
NR1H2,-0.72247,-0.17777
HMX2,-0.72252,1.25527
CEBPG,-0.72267,0.22789
TEAD3,-0.72272,-0.10294
ETV6,-0.72313,-0.12382
HBP1,-0.72321,-0.38822
LHX2,-0.72323,1.74567
CLOCK,-0.72325,0.06464
LHX6,-0.72338,1.97772
TEAD3,-0.72339,-0.10294
CCNT2,-0.72354,0.28587
FOXM1,-0.72354,-0.09234
ZEB1,-0.72364,-0.14882
GFI1,-0.72369,0.95373
MSX2,-0.72397,1.37658
MNT,-0.72399,0.05603
CEBPB,-0.72416,0.1585
SOX2,-0.72416,1.37658
FOXB1,-0.72417,1.39094
LHX9,-0.72425,-1.03088
THRB,-0.7243,0.86606
IL24,-0.72433,0.32932
ARID5B,-0.72464,-0.5962
LHX2,-0.72466,1.74567
HOXA1,-0.72476,0.09858
ELK1,-0.72483,-0.14318
RFX2,-0.72494,0.09243
NFATC2,-0.72494,0.12494
MEOX1,-0.72537,0.5983
MYBL1,-0.72572,0.21759
STAT1,-0.72585,-0.01743
NR3C1,-0.72593,-0.11267
PAX6,-0.72636,0.87769
HIC2,-0.72647,0.48876
JUNB,-0.72651,0.12824
DLX2,-0.72652,0.70947
FOXF2,-0.72662,0.41095
NR0B1,-0.7267,1.39794
TBX1,-0.72678,1.76691
CTCF,-0.72697,0.1109
CBFB,-0.72699,0.09939
ETS1,-0.72715,0.2381
MEF2C,-0.72743,0.40985
ZNF524,-0.72757,-0.36672
NFYA,-0.72759,-0.02481
POU2F2,-0.72764,-0.79029
POU6F1,-0.72768,-0.06658
PAX6,-0.7277,0.87769
FOXJ3,-0.72774,0.24609
MYBL1,-0.72783,0.21759
NR2C2,-0.72785,0.21475
NFKB1,-0.72792,-0.02496
TFAP2C,-0.72795,0.6037
RXRA,-0.72816,0.30198
RFX3,-0.72853,0.21238
FOSL1,-0.72857,0.12968
GLI1,-0.72861,-0.49908
HLF,-0.72868,1.20049
ISL2,-0.729,1.25248
TBX20,-0.72902,1.45484
NKX2-8,-0.72904,1.30963
GABPA,-0.72906,-0.14939
MSC,-0.72935,0.03375
IRF9,-0.72949,0.07959
POU5F1,-0.7297,-0.17881
IRF1,-0.72981,0.07358
HNF4G,-0.73009,0.89252
NFE2,-0.73009,0.59563
PBX3,-0.73034,0.40978
ELK4,-0.73039,0.1604
ESRRA,-0.7304,0.36686
NFE2,-0.73047,0.59563
SRF,-0.73057,-0.18877
HOXB3,-0.73078,-0.40051
FOXA1,-0.73088,0.59218
SRF,-0.731,-0.18877
JDP2,-0.73141,0.49816
TEAD2,-0.7316,-0.33669
MYBL2,-0.73163,-0.19707
GADD45A,-0.73177,0.50305
ETV3,-0.73183,0.22639
DDX20,-0.73185,0.2126
AFP,-0.732,-0.7863
PLAGL1,-0.73211,0.61926
OLIG2,-0.73213,0.79877
ZNF8,-0.73253,0.67552
FHL2,-0.73265,0.26944
SOX1,-0.7327,1.77815
GATA4,-0.73273,-1.3276
FOS,-0.73284,0.11477
YY1,-0.73288,0.14859
ETV5,-0.73292,0.00428
TBX1,-0.73293,1.76691
ELF1,-0.733,-0.0385
PDX1,-0.73303,1.13033
HOXC11,-0.7331,0.58072
SRF,-0.73314,-0.18877
SOX4,-0.73362,-0.13172
ZIC3,-0.73373,1.58206
MEOX1,-0.7338,0.5983
RFX7,-0.73397,-0.09369
SOX1,-0.73409,1.77815
TEAD4,-0.73432,0.33182
HOXA5,-0.73433,0.04334
TP53,-0.73462,-0.06103
ETV2,-0.73465,-0.21244
EGR1,-0.73491,0.22639
NFYA,-0.73511,-0.02481
GATA6,-0.73528,-0.4102
DLX5,-0.73562,1.14301
CEBPZ,-0.73568,0.03188
RFX5,-0.73572,0.24121
TFAP2A,-0.73581,-0.00481
PAX2,-0.73595,1.0569
ZBTB4,-0.73595,-0.18334
TFAP4,-0.73618,0.30334
SRF,-0.73619,-0.18877
MAF,-0.73622,1.50435
FOXC1,-0.73644,0.69824
TCF12,-0.73654,-0.03309
ESRRG,-0.73691,1.19866
GBX2,-0.73696,1.92073
RUNX2,-0.73702,-0.44748
TFAP2A,-0.73709,-0.00481
TFAP2C,-0.73719,0.6037
STAT1,-0.73726,-0.01743
SMAD3,-0.73731,-0.38086
LHX9,-0.73735,-1.03088
LBX2,-0.73739,1.06169
EGR1,-0.73744,0.22639
DMRTA2,-0.73746,0.91568
TFCP2,-0.73774,-0.18064
TFAP4,-0.73783,0.30334
NR3C1,-0.73784,-0.11267
CEBPD,-0.7379,0.31811
GATA3,-0.7379,0.63765
FLI1,-0.73791,-2.13898
ESRRG,-0.73803,1.19866
HIC2,-0.73803,0.48876
ERF,-0.73822,-0.20753
NR4A2,-0.73823,0.11007
PPP2R3B,-0.73824,-0.01685
ZNF652,-0.73831,0.37539
FOXJ3,-0.73844,0.24609
TBX20,-0.73864,1.45484
SRF,-0.73902,-0.18877
NFE2L2,-0.73906,0.01426
ZBTB7A,-0.73916,-0.03833
ELK1,-0.73918,-0.14318
POU2F2,-0.73937,-0.79029
SREBF1,-0.73951,-0.15578
ZNF524,-0.73969,-0.36672
PRRX1,-0.73979,-0.44294
ZBTB4,-0.73984,-0.18334
RARB,-0.73984,-0.80509
SIX5,-0.73986,-0.04506
MEIS1,-0.73986,-0.46847
RARG,-0.73987,-0.50335
HMBOX1,-0.74005,0.39571
TBX1,-0.74014,1.76691
ELF4,-0.74024,-0.23961
TGIF2,-0.74027,0.13496
ESRRA,-0.74028,0.36686
EGR1,-0.74048,0.22639
FLI1,-0.74054,-2.13898
MEIS1,-0.74055,-0.46847
MNT,-0.74091,0.05603
NFYB,-0.74098,-0.01498
MSX1,-0.74105,0.83405
ZNF143,-0.74111,-0.08045
NKX3-1,-0.74112,-0.17361
ATF3,-0.74151,0.74563
ZNF524,-0.74176,-0.36672
TEAD1,-0.74193,0.23157
RUNX2,-0.74219,-0.44748
MGA,-0.7423,0.06935
NFIL3,-0.74232,0.04188
SOX17,-0.7424,-2.18298
ESRRB,-0.7424,1.09807
FOXA3,-0.74241,1.07463
CEBPB,-0.74251,0.1585
CEBPG,-0.74254,0.22789
CREB3L1,-0.74255,-0.29251
CUX1,-0.74279,-0.02564
BACH1,-0.7428,-0.08588
PDX1,-0.74282,1.13033
STAT1,-0.74303,-0.01743
ELK4,-0.74324,0.1604
CUX2,-0.7433,1.0607
AR,-0.74331,0.74347
NKX3-1,-0.74346,-0.17361
TCF7,-0.7435,0.17771
PKNOX2,-0.7435,0.45558
SMAD1,-0.74354,-0.01057
NFE2,-0.74379,0.59563
HOXC11,-0.74386,0.58072
GATA3,-0.74393,0.63765
MEF2D,-0.74412,-0.06654
FLI1,-0.74437,-2.13898
ZBTB4,-0.74445,-0.18334
ETS2,-0.74474,0.26666
PDCD11,-0.74485,0.31354
NFIB,-0.74497,-0.34392
TCF7,-0.74523,0.17771
TBX1,-0.74538,1.76691
TP53,-0.74552,-0.06103
MAFK,-0.74553,-0.18717
UTP18,-0.74574,-0.01788
REL,-0.74578,0.12775
ZBTB7A,-0.7458,-0.03833
LHX9,-0.74613,-1.03088
NRL,-0.74627,0.13212
DBP,-0.74632,-0.07406
RXRA,-0.7465,0.30198
MYBL2,-0.7466,-0.19707
TGIF2,-0.7466,0.13496
ETV1,-0.74672,0.0445
BAD,-0.74674,0.10233
EIF5A2,-0.74688,-0.32772
ZBED1,-0.74708,-0.20248
MAFA,-0.74715,1.66573
DLX6,-0.74732,1.50012
NFE2,-0.74747,0.59563
EMX1,-0.74748,1.22011
SIX2,-0.74754,1.04244
ETS1,-0.7476,0.2381
SOX9,-0.74784,0.21723
TCF7,-0.74789,0.17771
STAT6,-0.74797,-0.29029
RFX2,-0.7483,0.09243
ZNF143,-0.74868,-0.08045
ZEB1,-0.7487,-0.14882
RUNX3,-0.7487,1.32536
CHD2,-0.74875,0.16413
NR3C1,-0.74878,-0.11267
IRF5,-0.74893,0.56234
ZIC2,-0.74906,2.51825
ERG,-0.74909,1.54862
HSF1,-0.74916,0.46176
CEBPB,-0.74923,0.1585
ZBTB3,-0.74929,0.39844
FOXO3,-0.74943,-0.09404
NR6A1,-0.74959,0.87404
ELK4,-0.74965,0.1604
NR3C1,-0.74976,-0.11267
NFIL3,-0.7498,0.04188
MYB,-0.7498,-0.11523
FOXA3,-0.75004,1.07463
JUNB,-0.75013,0.12824
NKX2-8,-0.7503,1.30963
INSM1,-0.75041,1.22789
MSC,-0.75053,0.03375
CEBPD,-0.75072,0.31811
MYBL2,-0.75092,-0.19707
VAX2,-0.75096,-0.14018
SOX9,-0.75096,0.21723
FOXF1,-0.7511,0.17609
MYC,-0.75114,0.22497
NR3C1,-0.75116,-0.11267
OLIG2,-0.7512,0.79877
TFAP2A,-0.75124,-0.00481
FOS,-0.7513,0.11477
RARA,-0.75141,-0.25519
ZNF524,-0.75154,-0.36672
ESRRA,-0.75157,0.36686
TFAP2C,-0.75168,0.6037
PPARA,-0.75175,0.48827
NKX2-8,-0.75183,1.30963
HSF2,-0.75185,0.0708
EN1,-0.75195,1.50651
GMEB2,-0.75196,0.07687
FOXD1,-0.75201,0.21153
TP53,-0.75223,-0.06103
TFAP4,-0.75237,0.30334
ETV1,-0.753,0.0445
MEIS2,-0.75325,-0.06534
SOX2,-0.75332,1.37658
AR,-0.7537,0.74347
ALX1,-0.75376,0.03003
NUP107,-0.75406,0.00081
TCF3,-0.75433,-0.11833
PPARG,-0.75451,-0.0062
HOXA3,-0.7547,-0.49974
RAD21,-0.75471,0.33699
TBX20,-0.75484,1.45484
SOX8,-0.75485,0.98528
HOXB2,-0.755,-0.59651
HSF1,-0.75501,0.46176
EGR2,-0.75502,1.68485
FOXL1,-0.75508,-0.97272
FOXP1,-0.75524,-0.47893
OTX1,-0.7553,0.61502
JUN,-0.75537,0.26082
SOX7,-0.75541,0.94009
OLIG2,-0.75545,0.79877
TFAP2C,-0.75557,0.6037
POU5F1,-0.75573,-0.17881
AHR,-0.75579,-0.31593
NFYA,-0.75596,-0.02481
ESRRA,-0.75606,0.36686
CEBPG,-0.7563,0.22789
NFATC1,-0.75631,1.17367
RARG,-0.75648,-0.50335
MNT,-0.75669,0.05603
TFAP2C,-0.75671,0.6037
SRF,-0.75688,-0.18877
CHD2,-0.75688,0.16413
TP53,-0.75699,-0.06103
JUNB,-0.75702,0.12824
MEOX1,-0.7571,0.5983
NR3C1,-0.75719,-0.11267
ESX1,-0.75721,1.18752
MAF,-0.75733,1.50435
RFX1,-0.75742,0.20032
POU5F1,-0.75747,-0.17881
ZEB1,-0.75749,-0.14882
MGA,-0.75765,0.06935
HMX1,-0.75778,1.5563
RXRA,-0.75788,0.30198
FOXG1,-0.75795,1.5762
SP3,-0.75806,0.05187
THAP1,-0.7582,0.30516
E2F1,-0.75827,-0.14567
TCF7,-0.75863,0.17771
ELK4,-0.75867,0.1604
SOX8,-0.7587,0.98528
RXRA,-0.75874,0.30198
ETV1,-0.75894,0.0445
PRRX1,-0.7594,-0.44294
ELF4,-0.75959,-0.23961
TFAP4,-0.7596,0.30334
BBX,-0.75962,0.12503
NFE2L1,-0.75964,-0.03223
FOS,-0.75982,0.11477
TP53,-0.75989,-0.06103
NFE2,-0.75994,0.59563
SIX5,-0.7601,-0.04506
TP53,-0.76016,-0.06103
CUX1,-0.76024,-0.02564
YBX1,-0.76032,0.03072
JDP2,-0.76041,0.49816
SOX8,-0.76042,0.98528
HOXA7,-0.76048,-1.08007
DBP,-0.76055,-0.07406
NR3C1,-0.76056,-0.11267
GBX2,-0.76088,1.92073
TAGLN2,-0.76101,-0.47419
VDR,-0.76111,0.18204
NFKB1,-0.76134,-0.02496
EN2,-0.76137,1.5098
CEBPG,-0.76153,0.22789
PKNOX1,-0.76161,-0.01682
ELF4,-0.76171,-0.23961
RFX5,-0.76189,0.24121
TFAP2C,-0.76199,0.6037
SOX9,-0.76202,0.21723
ZNF8,-0.76206,0.67552
AHR,-0.76214,-0.31593
CUX1,-0.76216,-0.02564
ARID3A,-0.76227,0.49887
USF1,-0.7623,-0.13268
GABPA,-0.76231,-0.14939
TCEAL2,-0.76237,1.83506
HOXC11,-0.76241,0.58072
TP53,-0.76258,-0.06103
MSC,-0.76266,0.03375
MYBL2,-0.76267,-0.19707
EIF5A2,-0.76268,-0.32772
RCOR1,-0.7627,0.29047
RARA,-0.76274,-0.25519
SOX7,-0.76294,0.94009
GATA2,-0.76328,-0.05162
CENPB,-0.76329,-0.10852
MYBL1,-0.76345,0.21759
SP1,-0.76371,0.23865
TFAP2C,-0.76372,0.6037
SOX2,-0.7638,1.37658
MYBL2,-0.76413,-0.19707
AR,-0.76426,0.74347
RARA,-0.76429,-0.25519
ELK4,-0.76438,0.1604
EGR1,-0.76446,0.22639
BARHL2,-0.76449,1.83251
LMO2,-0.7645,0.51266
HOXD11,-0.76459,0.14834
MYB,-0.76475,-0.11523
TCF7,-0.7648,0.17771
GLI2,-0.76482,0.00519
THRB,-0.76484,0.86606
ETV6,-0.76505,-0.12382
GZF1,-0.76507,-0.10714
RARA,-0.76525,-0.25519
NFATC2,-0.76534,0.12494
PRDM4,-0.76534,0.23073
STAT4,-0.76539,0.55131
GLI2,-0.76548,0.00519
FLI1,-0.76553,-2.13898
NKX3-1,-0.76593,-0.17361
TEF,-0.76597,-0.46806
FOXP2,-0.766,0.88336
ELF2,-0.76611,0.08062
ZBTB4,-0.76614,-0.18334
ESRRA,-0.76631,0.36686
HOXB5,-0.76665,0.18102
HMBOX1,-0.76724,0.39571
ELK4,-0.76732,0.1604
SP8,-0.76732,1.34044
CREB1,-0.76732,-0.1189
IRX3,-0.76747,0.16577
ATF3,-0.76748,0.74563
FOXF2,-0.76749,0.41095
FOXO4,-0.76777,0.05375
KLF4,-0.76788,1.14393
FOXM1,-0.76813,-0.09234
EMX2,-0.76837,1.14301
MNT,-0.76852,0.05603
MYBL1,-0.76867,0.21759
POU2F2,-0.76873,-0.79029
HINFP,-0.7688,0.09309
NRL,-0.7688,0.13212
VAX2,-0.76885,-0.14018
MLXIPL,-0.7691,1.28556
TFAP2C,-0.76942,0.6037
MSX1,-0.76954,0.83405
ETS1,-0.76958,0.2381
ELF4,-0.76969,-0.23961
REST,-0.76973,0.20711
ETS1,-0.76978,0.2381
FOXC1,-0.76982,0.69824
RXRA,-0.76983,0.30198
MYBL1,-0.76995,0.21759
MYBL2,-0.76997,-0.19707
IRF1,-0.77,0.07358
MAFB,-0.77006,0.64383
SIX5,-0.77017,-0.04506
FOXC1,-0.77022,0.69824
RBM8A,-0.77027,-0.00956
BCL6,-0.77062,-0.46691
IRF8,-0.77081,0.31482
LHX9,-0.77084,-1.03088
SREBF2,-0.77086,0.00057
THRB,-0.77094,0.86606
ETV3,-0.77102,0.22639
ETV2,-0.77111,-0.21244
ELK4,-0.77137,0.1604
ERG,-0.77154,1.54862
TP73,-0.77171,1.60948
PPARD,-0.77187,-0.0265
SOX9,-0.77197,0.21723
NFIL3,-0.77201,0.04188
NR4A2,-0.7721,0.11007
MYBL2,-0.77219,-0.19707
IRF5,-0.77224,0.56234
PKNOX2,-0.77226,0.45558
GATA3,-0.7723,0.63765
EN2,-0.7724,1.5098
TFCP2,-0.77245,-0.18064
TGIF2,-0.77247,0.13496
MAFG,-0.77278,-0.03675
POU5F1,-0.77348,-0.17881
HES1,-0.77355,0.29018
TFAP2C,-0.77362,0.6037
BARHL2,-0.77371,1.83251
RBPJ,-0.77382,0.06557
PDX1,-0.77387,1.13033
TFAP2A,-0.774,-0.00481
RFX3,-0.77417,0.21238
GATA3,-0.7743,0.63765
TEAD1,-0.77442,0.23157
SEMA4A,-0.77443,0.2132
ATF7,-0.77446,0.14396
SOX7,-0.77497,0.94009
BHLHE41,-0.77501,-0.53218
GABPA,-0.77523,-0.14939
EP300,-0.77528,0.07356
NFYA,-0.7753,-0.02481
ISL1,-0.77536,1.63749
FOXA1,-0.77537,0.59218
SOX18,-0.77544,1.26007
ERG,-0.77589,1.54862
CEBPB,-0.77612,0.1585
JUNB,-0.77616,0.12824
HOXC11,-0.7762,0.58072
FOXC2,-0.77624,-2.00079
REL,-0.77627,0.12775
EN1,-0.77636,1.50651
FOS,-0.77646,0.11477
POU4F1,-0.77655,1.85377
TFAP2C,-0.77677,0.6037
SOX18,-0.7769,1.26007
FOXO1,-0.77718,0.19161
PROX1,-0.77726,1.25768
RUNX2,-0.77741,-0.44748
NFYB,-0.77748,-0.01498
REL,-0.77756,0.12775
NR2F6,-0.77756,-0.07863
ETS1,-0.7776,0.2381
ETS1,-0.77764,0.2381
HOXA10,-0.77768,0.50735
MNX1,-0.77775,2.02938
AHR,-0.77791,-0.31593
MAFG,-0.778,-0.03675
THAP1,-0.77803,0.30516
LSM6,-0.77811,0.16293
CTCF,-0.77839,0.1109
PAX2,-0.77843,1.0569
TCF3,-0.77864,-0.11833
FOXG1,-0.77869,1.5762
ESRRA,-0.77896,0.36686
SREBF1,-0.779,-0.15578
TBX1,-0.77906,1.76691
STAT2,-0.77907,0.19114
ELK4,-0.77918,0.1604
FOXD2,-0.77936,0.92604
TCF12,-0.77939,-0.03309
POU6F1,-0.77947,-0.06658
BARHL2,-0.77973,1.83251
NR3C2,-0.77977,0.66608
NFE2,-0.77994,0.59563
SOX7,-0.77994,0.94009
PRDM4,-0.77999,0.23073
CEBPA,-0.78001,1.86054
HLF,-0.78001,1.20049
ESRRB,-0.78024,1.09807
SIN3A,-0.78041,0.04933
MTA3,-0.78051,0.13685
ETV2,-0.78078,-0.21244
HNF4G,-0.78088,0.89252
TBX2,-0.78093,0.74219
HOXA1,-0.78107,0.09858
ATF3,-0.78128,0.74563
ATF3,-0.78136,0.74563
RFX2,-0.78139,0.09243
PKNOX1,-0.78148,-0.01682
SOX15,-0.78156,-0.29176
PAX9,-0.78162,1.51678
TP53,-0.78194,-0.06103
STAT1,-0.78206,-0.01743
MSC,-0.7821,0.03375
GLI2,-0.78219,0.00519
POU2F2,-0.78225,-0.79029
FOXP2,-0.78226,0.88336
SOX4,-0.7825,-0.13172
FOXF1,-0.78253,0.17609
CUX2,-0.7826,1.0607
MEIS3,-0.78261,0.68303
PAX9,-0.78264,1.51678
HDX,-0.78268,0.08585
NFE2L2,-0.78269,0.01426
FOXG1,-0.78291,1.5762
MYBL1,-0.78294,0.21759
GATA3,-0.78297,0.63765
SOX2,-0.783,1.37658
ELK4,-0.78317,0.1604
MYBL1,-0.7832,0.21759
ZNF524,-0.7832,-0.36672
IRF1,-0.78345,0.07358
ESRRA,-0.78349,0.36686
HOXD11,-0.78373,0.14834
ELK4,-0.78385,0.1604
TFAP4,-0.78446,0.30334
ELK4,-0.78511,0.1604
MAFK,-0.78519,-0.18717
SP3,-0.78551,0.05187
NR2F1,-0.78565,-0.40683
HOXA2,-0.78566,-0.49643
HAND1,-0.78575,0.94118
ZDHHC15,-0.78598,1.7796
TGIF1,-0.78615,0.24022
DLX2,-0.7864,0.70947
ZBED1,-0.78645,-0.20248
EN1,-0.78663,1.50651
ZNF3,-0.78671,0.04979
ZC3H7A,-0.78689,0.06914
THAP1,-0.78692,0.30516
TEAD3,-0.78701,-0.10294
ATF5,-0.78704,-0.34711
VDR,-0.78706,0.18204
KLF7,-0.78745,-0.49837
NFE2L1,-0.78765,-0.03223
ZBTB7A,-0.78769,-0.03833
RFX2,-0.78775,0.09243
SRF,-0.78801,-0.18877
ELK4,-0.78803,0.1604
SOX7,-0.78824,0.94009
OTX1,-0.78827,0.61502
HOXD13,-0.7883,1.61407
TBX20,-0.78831,1.45484
IL24,-0.78835,0.32932
NFIC,-0.7884,-0.21458
HOXC13,-0.78876,0.9857
NFATC1,-0.78882,1.17367
SREBF1,-0.78888,-0.15578
JUN,-0.78927,0.26082
NFE2L2,-0.78944,0.01426
ZBTB7A,-0.78949,-0.03833
RARA,-0.78955,-0.25519
HOXA7,-0.78976,-1.08007
TFAP2A,-0.79009,-0.00481
EGR1,-0.79021,0.22639
REST,-0.7903,0.20711
MAFK,-0.79031,-0.18717
RFX5,-0.79038,0.24121
CUX2,-0.79049,1.0607
HOXC13,-0.79067,0.9857
TEAD1,-0.79108,0.23157
BPTF,-0.79121,0.25822
SOX17,-0.79135,-2.18298
TBP,-0.79159,0.01746
TFAP4,-0.79184,0.30334
NKX3-1,-0.79188,-0.17361
PKNOX1,-0.79194,-0.01682
ETS1,-0.79205,0.2381
THAP1,-0.79206,0.30516
FLI1,-0.79217,-2.13898
PPARA,-0.79223,0.48827
SOX8,-0.7923,0.98528
TCF4,-0.79234,-0.83621
TCF3,-0.79243,-0.11833
EGR2,-0.79247,1.68485
ZIC2,-0.79263,2.51825
NFIX,-0.79274,-0.37506
PAX2,-0.79316,1.0569
EGR1,-0.79319,0.22639
MAF,-0.79328,1.50435
SRF,-0.79328,-0.18877
NFYB,-0.79329,-0.01498
RARB,-0.79356,-0.80509
HINFP,-0.79361,0.09309
MEIS2,-0.79364,-0.06534
NKX6-1,-0.79375,1.89061
ZNF3,-0.79395,0.04979
RFX7,-0.79433,-0.09369
FOXM1,-0.79439,-0.09234
SMARCC1,-0.7944,0.26372
NFKB1,-0.79451,-0.02496
ELK4,-0.7949,0.1604
TGIF1,-0.79491,0.24022
HINFP,-0.79564,0.09309
TP73,-0.79585,1.60948
SNAI2,-0.79591,-0.12542
RAD21,-0.796,0.33699
RFX5,-0.79609,0.24121
ETS1,-0.79616,0.2381
FOXP2,-0.79645,0.88336
EGR1,-0.79647,0.22639
TEAD3,-0.7965,-0.10294
FOXM1,-0.79681,-0.09234
NFIA,-0.79683,0.15147
NKX2-5,-0.79687,1.55041
TGIF2,-0.797,0.13496
MLX,-0.79727,0.04225
FLI1,-0.79746,-2.13898
EMX1,-0.7975,1.22011
CLOCK,-0.79753,0.06464
NFYA,-0.79763,-0.02481
FOXO1,-0.79776,0.19161
ELK4,-0.79778,0.1604
PHLDA2,-0.79817,-0.17956
CEBPB,-0.79854,0.1585
NKX2-8,-0.79855,1.30963
SIX3,-0.79866,1.18469
MYB,-0.79879,-0.11523
ELK4,-0.7989,0.1604
TFAP4,-0.79895,0.30334
HNRNPLL,-0.79897,-0.15873
TFAP2A,-0.79904,-0.00481
NFIC,-0.7992,-0.21458
MSX2,-0.79921,1.37658
TP53,-0.79925,-0.06103
GATA2,-0.79961,-0.05162
MYBL2,-0.7998,-0.19707
HOXA2,-0.80026,-0.49643
HMX1,-0.8005,1.5563
TFAP2C,-0.80051,0.6037
MYB,-0.80102,-0.11523
FLI1,-0.80116,-2.13898
RARA,-0.80133,-0.25519
ESRRA,-0.80137,0.36686
HNF4G,-0.80176,0.89252
NKX2-8,-0.80185,1.30963
NKX6-1,-0.80191,1.89061
NFYA,-0.80213,-0.02481
CEBPG,-0.8023,0.22789
ALX1,-0.80238,0.03003
ZKSCAN3,-0.80243,0.45019
HOXB9,-0.80251,0.83234
REL,-0.80252,0.12775
ZBTB7A,-0.80262,-0.03833
NR4A2,-0.80272,0.11007
PDX1,-0.80281,1.13033
PLAG1,-0.80291,0.41363
SIX5,-0.80292,-0.04506
LBX2,-0.80294,1.06169
FOSL1,-0.80298,0.12968
STAT6,-0.80315,-0.29029
GFI1,-0.8032,0.95373
SREBF1,-0.80326,-0.15578
SOX18,-0.80332,1.26007
HOXC10,-0.80333,0.94574
TCF3,-0.80342,-0.11833
REST,-0.80346,0.20711
FOXL1,-0.8036,-0.97272
PRDM4,-0.80363,0.23073
HOXC11,-0.80367,0.58072
MYBL2,-0.80369,-0.19707
FOXO3,-0.80378,-0.09404
ETS1,-0.80394,0.2381
BARHL2,-0.80423,1.83251
ZNF143,-0.80441,-0.08045
MYB,-0.80444,-0.11523
TIMELESS,-0.80448,0.02548
EGR1,-0.80449,0.22639
RUNX2,-0.8045,-0.44748
TCF3,-0.80458,-0.11833
ISL2,-0.80467,1.25248
CEBPA,-0.80524,1.86054
SOX8,-0.80534,0.98528
NKX2-1,-0.80536,2.41647
TFAP2A,-0.80539,-0.00481
FOXL1,-0.80556,-0.97272
ESRRG,-0.80588,1.19866
PAX9,-0.80594,1.51678
HINFP,-0.80619,0.09309
SOX1,-0.8064,1.77815
CUX1,-0.80644,-0.02564
NR6A1,-0.8065,0.87404
HINFP,-0.80668,0.09309
ERG,-0.80675,1.54862
ETS1,-0.80676,0.2381
SMAD3,-0.8068,-0.38086
RPL35,-0.80697,0.03825
AHR,-0.80713,-0.31593
MORN1,-0.80722,0.37255
GATA6,-0.80728,-0.4102
RUNX2,-0.80734,-0.44748
RXRB,-0.80744,0.14875
TFEB,-0.80763,-0.41856
EGR1,-0.80816,0.22639
EGR1,-0.80829,0.22639
MAFK,-0.80855,-0.18717
HOMEZ,-0.80857,0.41613
TRIM28,-0.80899,-0.01728
FOXD3,-0.80902,1.66375
MXI1,-0.80902,0.36623
RFC3,-0.8091,-0.12198
POU5F1,-0.80921,-0.17881
AHR,-0.80921,-0.31593
SOX15,-0.80928,-0.29176
FLI1,-0.8094,-2.13898
FOXD2,-0.80965,0.92604
ESRRG,-0.80976,1.19866
DIABLO,-0.80989,-0.00431
FOXB1,-0.81018,1.39094
SOX17,-0.81085,-2.18298
SOX2,-0.81088,1.37658
FOS,-0.81102,0.11477
MAX,-0.81106,0.13856
ZIC2,-0.81111,2.51825
TFAP4,-0.81111,0.30334
ELK3,-0.81113,-0.31483
STAT3,-0.81129,-0.16234
NFATC3,-0.81136,0.26356
FOXO1,-0.81139,0.19161
ING3,-0.81156,-0.28377
IRF2,-0.81166,-0.18248
NKX3-1,-0.81184,-0.17361
GATA3,-0.81187,0.63765
TFAP2A,-0.81197,-0.00481
TBX2,-0.812,0.74219
HESX1,-0.81202,0.17438
GLI2,-0.81222,0.00519
ZNF3,-0.81233,0.04979
SRF,-0.81234,-0.18877
HES1,-0.81249,0.29018
LBX2,-0.8125,1.06169
PAX2,-0.81284,1.0569
TFAP2C,-0.81301,0.6037
E2F4,-0.81326,0.14148
ESRRA,-0.81336,0.36686
TFAP2C,-0.8135,0.6037
TFAP2A,-0.81358,-0.00481
HOXB7,-0.81364,0.26541
NKX3-2,-0.81366,1.28354
CBFA2T2,-0.81387,0.25191
PAX6,-0.81402,0.87769
SRF,-0.81456,-0.18877
MRPS25,-0.81501,0.22092
SOX7,-0.81511,0.94009
TFAP4,-0.81522,0.30334
RUNX2,-0.81528,-0.44748
AR,-0.81559,0.74347
RXRA,-0.81561,0.30198
NFATC1,-0.81571,1.17367
ATF5,-0.81576,-0.34711
TCF4,-0.81608,-0.83621
FOXA1,-0.81614,0.59218
MEIS2,-0.8162,-0.06534
CHD2,-0.81643,0.16413
MEIS1,-0.81647,-0.46847
POU3F3,-0.81649,1.52977
FOXA1,-0.81676,0.59218
NFE2L2,-0.81686,0.01426
SRF,-0.81693,-0.18877
BHLHE41,-0.81702,-0.53218
TOB2,-0.81711,0.16796
POU2F2,-0.81712,-0.79029
ZNF143,-0.8174,-0.08045
EN1,-0.81764,1.50651
IRF9,-0.81772,0.07959
MYBL1,-0.81778,0.21759
HSF1,-0.81789,0.46176
SMAD4,-0.81792,0.01087
NKX2-8,-0.81816,1.30963
ETV1,-0.8182,0.0445
EGR1,-0.81831,0.22639
RFX5,-0.81833,0.24121
PITX1,-0.81838,2.66087
IRX5,-0.81855,0.75392
MYBL2,-0.81861,-0.19707
HOXB3,-0.81867,-0.40051
REL,-0.81867,0.12775
ESRRA,-0.81883,0.36686
CEBPG,-0.81885,0.22789
TBX1,-0.81906,1.76691
OLIG2,-0.81918,0.79877
PITX2,-0.81934,1.94874
NR2C2,-0.81944,0.21475
REST,-0.81982,0.20711
ELK4,-0.81987,0.1604
ERG,-0.81993,1.54862
TBP,-0.82003,0.01746
HBP1,-0.82011,-0.38822
SOX1,-0.82023,1.77815
NKX2-1,-0.82024,2.41647
HOXB7,-0.82046,0.26541
ETV6,-0.82065,-0.12382
TP53,-0.82084,-0.06103
ZNF3,-0.82091,0.04979
HMX2,-0.82104,1.25527
SOX17,-0.82111,-2.18298
IRX5,-0.82115,0.75392
POU5F1,-0.82124,-0.17881
NFYA,-0.82125,-0.02481
PAX9,-0.82128,1.51678
BHLHE41,-0.82131,-0.53218
ETV3,-0.82134,0.22639
RARA,-0.82136,-0.25519
RORA,-0.82143,1.26779
HDX,-0.82146,0.08585
HSF1,-0.82154,0.46176
MEIS1,-0.82167,-0.46847
SP1,-0.82173,0.23865
RXRA,-0.82185,0.30198
TCF7,-0.8221,0.17771
NFAT5,-0.82255,0.64401
MEIS3,-0.82261,0.68303
HOXA2,-0.82269,-0.49643
HMBOX1,-0.82281,0.39571
OTX1,-0.82282,0.61502
TFAP2C,-0.82284,0.6037
TP53,-0.8229,-0.06103
RAD21,-0.82292,0.33699
HIC1,-0.82302,-0.93177
HSF2,-0.82308,0.0708
SREBF1,-0.82309,-0.15578
ETV3,-0.82313,0.22639
HSF1,-0.82335,0.46176
MYC,-0.82358,0.22497
TBX20,-0.82369,1.45484
PKNOX1,-0.82387,-0.01682
HLX,-0.82412,-0.25098
ZBTB7B,-0.82413,-0.1944
PAX6,-0.82432,0.87769
MEF2C,-0.82451,0.40985
C19orf25,-0.82495,0.07305
ZIC2,-0.82497,2.51825
ATF2,-0.82519,0.19734
SOX4,-0.8253,-0.13172
IRX3,-0.82532,0.16577
OTX1,-0.82538,0.61502
SOX8,-0.8254,0.98528
MAF,-0.82554,1.50435
EN1,-0.8258,1.50651
ERF,-0.82582,-0.20753
SOX15,-0.82593,-0.29176
HSF2,-0.82624,0.0708
JUN,-0.82637,0.26082
ZBTB7A,-0.8264,-0.03833
RFX1,-0.82694,0.20032
ESRRB,-0.82702,1.09807
ELK4,-0.82703,0.1604
FOSB,-0.82714,0.22429
SOX9,-0.82726,0.21723
GLI2,-0.82733,0.00519
MRPL2,-0.82736,0.06913
ELK4,-0.8274,0.1604
TCF12,-0.82773,-0.03309
NKX2-5,-0.82795,1.55041
NR6A1,-0.828,0.87404
SMAD3,-0.82812,-0.38086
EGR1,-0.82812,0.22639
HINFP,-0.82831,0.09309
EGR1,-0.82874,0.22639
MNX1,-0.82883,2.02938
GBX2,-0.82909,1.92073
PKNOX2,-0.82945,0.45558
NFIA,-0.82963,0.15147
BARHL2,-0.82966,1.83251
DLX2,-0.82972,0.70947
TFAP2C,-0.83004,0.6037
ASPSCR1,-0.83008,-0.23327
LHX6,-0.83021,1.97772
OTX1,-0.83026,0.61502
HNF4G,-0.83028,0.89252
HOXC10,-0.83065,0.94574
ZIC2,-0.83085,2.51825
NKX3-1,-0.83094,-0.17361
ADARB1,-0.83095,0.69463
GFI1,-0.83116,0.95373
JUN,-0.83117,0.26082
JUN,-0.83131,0.26082
MEF2C,-0.83145,0.40985
ETS1,-0.83159,0.2381
SOX9,-0.83172,0.21723
FOXD1,-0.83189,0.21153
GRHL1,-0.83194,0.60779
TEAD1,-0.83218,0.23157
FOXK1,-0.83224,0.61424
IKZF3,-0.8323,1.89927
HEY2,-0.83231,1.09575
NFE2L2,-0.83236,0.01426
TBX1,-0.83255,1.76691
NKX2-5,-0.83277,1.55041
TFAP2A,-0.8328,-0.00481
TFAP2C,-0.83289,0.6037
ATF3,-0.83308,0.74563
USF2,-0.8339,-0.17263
EGR1,-0.83393,0.22639
HOXB2,-0.83414,-0.59651
ZBTB33,-0.83418,0.15431
RFX5,-0.83433,0.24121
ESRRA,-0.83453,0.36686
CTCF,-0.83457,0.1109
JUN,-0.83483,0.26082
POU6F1,-0.83518,-0.06658
ZNF3,-0.83527,0.04979
SOX9,-0.8353,0.21723
FLI1,-0.83546,-2.13898
CREB1,-0.83546,-0.1189
IKZF2,-0.83554,0.28605
FOXA1,-0.83581,0.59218
FLI1,-0.83585,-2.13898
ETS2,-0.83615,0.26666
RFX3,-0.83628,0.21238
CEBPA,-0.83666,1.86054
CTCF,-0.8368,0.1109
IRF4,-0.83709,-0.17271
ZNF3,-0.83713,0.04979
ATF1,-0.83719,-0.08557
CEBPB,-0.83778,0.1585
AHR,-0.83791,-0.31593
GLI2,-0.83791,0.00519
TFAP4,-0.83818,0.30334
ENO1,-0.83838,-0.06049
FLI1,-0.83857,-2.13898
REST,-0.83864,0.20711
SOX1,-0.83894,1.77815
ARID3A,-0.83907,0.49887
SOX8,-0.83909,0.98528
CEBPG,-0.83911,0.22789
NFYA,-0.83921,-0.02481
RUNX2,-0.83929,-0.44748
GBX2,-0.83929,1.92073
ARID3A,-0.83929,0.49887
OSR2,-0.83934,0.51205
MEIS1,-0.83949,-0.46847
EN1,-0.83959,1.50651
USF2,-0.83965,-0.17263
TCF7,-0.83968,0.17771
RUNX2,-0.83969,-0.44748
TFAP2C,-0.84003,0.6037
TCF4,-0.84004,-0.83621
EGR1,-0.84004,0.22639
FOXL1,-0.84007,-0.97272
MEF2C,-0.8401,0.40985
CUX1,-0.84014,-0.02564
TP53,-0.84017,-0.06103
ZBTB49,-0.84018,0.01397
ETV5,-0.84039,0.00428
TCF3,-0.84053,-0.11833
NR3C1,-0.84059,-0.11267
RARA,-0.84072,-0.25519
NR3C1,-0.84086,-0.11267
SREBF2,-0.84115,0.00057
EGR1,-0.8412,0.22639
NFYC,-0.84137,0.04732
NR3C2,-0.84152,0.66608
PITX1,-0.84199,2.66087
TFAP2A,-0.84201,-0.00481
TP53,-0.84232,-0.06103
POU2F2,-0.84241,-0.79029
MAFK,-0.84251,-0.18717
GABPA,-0.8426,-0.14939
NKX6-1,-0.84274,1.89061
PBX2,-0.84302,0.47253
IRF7,-0.84308,-0.16734
SMC3,-0.8432,0.09897
EN2,-0.84332,1.5098
HOXA2,-0.84352,-0.49643
SOX18,-0.84382,1.26007
RFX7,-0.84405,-0.09369
PAX6,-0.84409,0.87769
ELK3,-0.8441,-0.31483
EGR1,-0.84411,0.22639
CTCF,-0.84419,0.1109
GLI2,-0.8442,0.00519
IRF3,-0.84422,-0.1629
VDR,-0.84451,0.18204
SIX2,-0.84468,1.04244
TFCP2,-0.84473,-0.18064
ERG,-0.84486,1.54862
NFIL3,-0.84518,0.04188
TFE3,-0.84521,-0.02572
NMI,-0.84524,-0.32474
FOXP3,-0.84528,0.80403
NR2F1,-0.84545,-0.40683
TCF12,-0.84555,-0.03309
SOX18,-0.84571,1.26007
GLI2,-0.84573,0.00519
RORA,-0.84582,1.26779
NR2C2,-0.84583,0.21475
ESRRB,-0.84618,1.09807
HMGA1,-0.8462,0.06617
TFAP2A,-0.84629,-0.00481
PAX3,-0.84633,1.45939
MSI2,-0.84662,0.47744
TCF7,-0.84693,0.17771
THAP1,-0.84711,0.30516
HAND1,-0.84712,0.94118
RUNX1,-0.84723,-0.06798
HOXC9,-0.84729,-0.05244
ETS2,-0.84746,0.26666
TGIF2,-0.8475,0.13496
ELF1,-0.84768,-0.0385
BCL6,-0.84783,-0.46691
ELK4,-0.84804,0.1604
SREBF2,-0.84812,0.00057
OSR2,-0.84827,0.51205
TP73,-0.84843,1.60948
CEBPB,-0.84846,0.1585
HOXA3,-0.84869,-0.49974
SP2,-0.84882,-0.07606
PURG,-0.84899,0.64052
SOX7,-0.84907,0.94009
BARHL2,-0.84907,1.83251
CUX1,-0.8491,-0.02564
SOX8,-0.84949,0.98528
NR1H2,-0.84979,-0.17777
YEATS4,-0.84988,-0.22748
NELFA,-0.84996,0.00211
ESRRA,-0.85017,0.36686
RORA,-0.85053,1.26779
ALX1,-0.85071,0.03003
FOXM1,-0.85081,-0.09234
ELK1,-0.85088,-0.14318
OSR1,-0.85101,-0.53062
SOX6,-0.85101,0.35826
ELK3,-0.85104,-0.31483
PBX3,-0.8511,0.40978
FLI1,-0.85114,-2.13898
SOX15,-0.85134,-0.29176
TEAD1,-0.85162,0.23157
HMX1,-0.85185,1.5563
NR4A2,-0.85215,0.11007
VDR,-0.85216,0.18204
ELF4,-0.85257,-0.23961
LHX6,-0.85261,1.97772
NFATC4,-0.85283,0.08731
EGR1,-0.85291,0.22639
NANOS1,-0.85304,0.50886
SRF,-0.85322,-0.18877
ESRRB,-0.85346,1.09807
IKZF3,-0.85347,1.89927
NR2F1,-0.85372,-0.40683
TEAD3,-0.85394,-0.10294
NFAT5,-0.85394,0.64401
PRRX1,-0.85396,-0.44294
FLI1,-0.85403,-2.13898
HAND1,-0.85426,0.94118
PRRX1,-0.85449,-0.44294
TBX20,-0.85453,1.45484
MYB,-0.855,-0.11523
NR3C2,-0.85513,0.66608
TCF7,-0.8556,0.17771
HOMEZ,-0.85561,0.41613
PPARA,-0.856,0.48827
NR3C1,-0.85601,-0.11267
ELK1,-0.85623,-0.14318
RARA,-0.85649,-0.25519
FLI1,-0.85649,-2.13898
LRRFIP1,-0.85697,-0.15885
STAT2,-0.85711,0.19114
RXRA,-0.8573,0.30198
MAFB,-0.85735,0.64383
IKZF2,-0.85761,0.28605
FIP1L1,-0.85782,0.10052
VDR,-0.85852,0.18204
MYBL2,-0.8586,-0.19707
HOXD11,-0.85864,0.14834
HOXC11,-0.8587,0.58072
NKX2-1,-0.85878,2.41647
RARG,-0.8592,-0.50335
NR2C2,-0.85923,0.21475
SIX5,-0.85927,-0.04506
BARX1,-0.85931,1.13672
MSX1,-0.85937,0.83405
NFIC,-0.85947,-0.21458
NR6A1,-0.86038,0.87404
MYBL2,-0.8606,-0.19707
TBX2,-0.86063,0.74219
HOXD4,-0.86066,-0.33947
TBP,-0.86078,0.01746
TFAP2C,-0.86113,0.6037
UBE2V1,-0.86114,-0.08291
LEF1,-0.86123,0.99309
NRL,-0.86137,0.13212
SOX18,-0.86153,1.26007
ESRRA,-0.86186,0.36686
GATA2,-0.8619,-0.05162
DNMT3A,-0.86199,0.87345
ESRRA,-0.86225,0.36686
NFYA,-0.8625,-0.02481
MYBL1,-0.86272,0.21759
ZBTB7B,-0.86273,-0.1944
E2F6,-0.8629,0.21414
TFCP2,-0.86295,-0.18064
HSF4,-0.86302,1.04243
ZEB1,-0.86305,-0.14882
ETV4,-0.86314,0.15297
HOXA5,-0.86316,0.04334
TPI1,-0.86322,-0.02368
FOXL1,-0.86327,-0.97272
FOSL2,-0.86328,0.07854
NKX2-5,-0.86342,1.55041
FOXF1,-0.86344,0.17609
ZBTB7A,-0.86349,-0.03833
BHLHE41,-0.86364,-0.53218
IRF5,-0.86373,0.56234
TRIM69,-0.86376,-0.14646
FOXC2,-0.86397,-2.00079
PTEN,-0.86399,0.03658
NR1H2,-0.86424,-0.17777
ESRRA,-0.86437,0.36686
NR1D1,-0.86442,0.0778
CEBPA,-0.86456,1.86054
GBX2,-0.86458,1.92073
TFCP2,-0.8646,-0.18064
FLI1,-0.86464,-2.13898
YY1,-0.86468,0.14859
NFATC1,-0.86483,1.17367
FOXF1,-0.86486,0.17609
TGIF2,-0.86487,0.13496
TP73,-0.86492,1.60948
MLXIPL,-0.86493,1.28556
MYBL1,-0.86499,0.21759
GABPA,-0.8654,-0.14939
USF2,-0.86541,-0.17263
HOXC10,-0.86543,0.94574
FOSL1,-0.86547,0.12968
SIX5,-0.86554,-0.04506
TRIM21,-0.86637,-0.18352
MESP1,-0.86644,0.43381
TFAP2A,-0.86666,-0.00481
FOXC1,-0.86679,0.69824
SOX6,-0.86691,0.35826
CBFB,-0.86695,0.09939
CLOCK,-0.86698,0.06464
NKX2-8,-0.86733,1.30963
NFIL3,-0.86746,0.04188
SUCLG1,-0.86749,-0.06224
FOXF1,-0.86755,0.17609
ETV1,-0.86772,0.0445
MYBL1,-0.86772,0.21759
STAT3,-0.86774,-0.16234
TFAP2A,-0.86786,-0.00481
ELF4,-0.86789,-0.23961
SMAD1,-0.86817,-0.01057
CEBPB,-0.86822,0.1585
KLF3,-0.86839,0.08462
RARA,-0.86846,-0.25519
FLI1,-0.86876,-2.13898
ELF4,-0.86903,-0.23961
NFYC,-0.86917,0.04732
KLF7,-0.86966,-0.49837
FOXD3,-0.86972,1.66375
ELK3,-0.86973,-0.31483
FOXO3,-0.86979,-0.09404
SRF,-0.87,-0.18877
ZBED1,-0.87029,-0.20248
NFAT5,-0.87038,0.64401
ZBTB7A,-0.87052,-0.03833
MAFK,-0.87053,-0.18717
HOXD11,-0.87078,0.14834
FOXD3,-0.87086,1.66375
BAX,-0.87106,-0.21986
NRL,-0.87152,0.13212
FOXJ3,-0.8716,0.24609
ESRRA,-0.87169,0.36686
GBX2,-0.87193,1.92073
TP53,-0.87209,-0.06103
PKNOX1,-0.87214,-0.01682
SOX2,-0.87217,1.37658
ELF2,-0.87217,0.08062
TFAP2A,-0.87254,-0.00481
FOXD1,-0.87259,0.21153
PAX2,-0.87262,1.0569
MEF2D,-0.87271,-0.06654
TFAP2C,-0.87289,0.6037
ZBTB7A,-0.87292,-0.03833
SRF,-0.87307,-0.18877
BHLHA15,-0.87316,1.12494
ELK4,-0.87325,0.1604
ARID5B,-0.87345,-0.5962
RARG,-0.87357,-0.50335
ZNF3,-0.87361,0.04979
SOX4,-0.87365,-0.13172
TBX20,-0.8738,1.45484
SRF,-0.87387,-0.18877
ZEB1,-0.87392,-0.14882
JUND,-0.87411,-0.03685
PITX1,-0.87473,2.66087
RFX5,-0.8748,0.24121
E2F4,-0.87526,0.14148
HIC1,-0.87579,-0.93177
RFX7,-0.87588,-0.09369
FLI1,-0.87592,-2.13898
MESP1,-0.87596,0.43381
GLI2,-0.87601,0.00519
EIF5A2,-0.87607,-0.32772
OLIG2,-0.87621,0.79877
ZBTB7A,-0.87634,-0.03833
MAFB,-0.87636,0.64383
STAT1,-0.8764,-0.01743
MGA,-0.87651,0.06935
HOXB3,-0.87654,-0.40051
TP73,-0.87703,1.60948
SP8,-0.87711,1.34044
IRF7,-0.87712,-0.16734
MYBL2,-0.87772,-0.19707
REL,-0.87787,0.12775
NR2F1,-0.87822,-0.40683
FOSL1,-0.87835,0.12968
MEIS3,-0.8784,0.68303
FOXO4,-0.87845,0.05375
FOXO4,-0.87871,0.05375
SIX5,-0.87873,-0.04506
NFIA,-0.87897,0.15147
EN2,-0.87913,1.5098
ASAP3,-0.87926,-0.03807
DLX2,-0.87981,0.70947
HIF1A,-0.87983,-0.1013
TP53,-0.8801,-0.06103
POU5F1,-0.88018,-0.17881
PROX1,-0.88023,1.25768
NFE2L1,-0.88075,-0.03223
EWSR1,-0.88076,0.02003
HSF1,-0.88107,0.46176
SIX2,-0.88151,1.04244
STAT2,-0.88157,0.19114
HOXC10,-0.88223,0.94574
ELK4,-0.88265,0.1604
EGR1,-0.88295,0.22639
SOX2,-0.88301,1.37658
CREB1,-0.88318,-0.1189
CEBPA,-0.88346,1.86054
GFI1,-0.88347,0.95373
TFAP2C,-0.88355,0.6037
OTX1,-0.88384,0.61502
WT1,-0.88388,-0.88727
SOX18,-0.88431,1.26007
GLI2,-0.88438,0.00519
SRF,-0.88454,-0.18877
HINFP,-0.88465,0.09309
GZF1,-0.88469,-0.10714
RFX3,-0.88487,0.21238
NR2F1,-0.8851,-0.40683
CREB3L1,-0.88523,-0.29251
LHX6,-0.88531,1.97772
MAFK,-0.8854,-0.18717
HOXA1,-0.88556,0.09858
ESRRA,-0.88574,0.36686
NFIC,-0.88585,-0.21458
HNF4G,-0.88597,0.89252
NKX2-8,-0.88616,1.30963
TCF12,-0.88669,-0.03309
MGA,-0.88687,0.06935
FOXD1,-0.8872,0.21153
DLX6,-0.8873,1.50012
MEOX1,-0.88737,0.5983
TCF21,-0.88746,-0.07196
BARHL2,-0.8876,1.83251
SOX8,-0.8877,0.98528
TFAP4,-0.88806,0.30334
EN2,-0.88819,1.5098
NR2F1,-0.88822,-0.40683
REST,-0.88872,0.20711
NR2F1,-0.88884,-0.40683
AHR,-0.88897,-0.31593
FLI1,-0.88919,-2.13898
ZNF143,-0.88923,-0.08045
TBP,-0.88947,0.01746
SP3,-0.88961,0.05187
UBE2V1,-0.88962,-0.08291
TFCP2,-0.8898,-0.18064
CEBPA,-0.89013,1.86054
ARID5B,-0.89015,-0.5962
ELF1,-0.89038,-0.0385
PAX9,-0.89041,1.51678
TBX1,-0.89065,1.76691
PAX6,-0.89083,0.87769
HESX1,-0.89098,0.17438
ARFGAP1,-0.89139,0.0425
NFYA,-0.89141,-0.02481
RARA,-0.89174,-0.25519
ETV4,-0.89179,0.15297
ELF4,-0.89181,-0.23961
FOXD3,-0.89187,1.66375
ESRP1,-0.89196,1.23045
EZR,-0.892,0.12346
IRF2,-0.89203,-0.18248
ZNF333,-0.89206,-0.13501
ZEB1,-0.89222,-0.14882
ZEB1,-0.89232,-0.14882
ELF2,-0.89248,0.08062
TCF7L1,-0.89292,-0.12623
TEAD1,-0.89336,0.23157
GRHL1,-0.89351,0.60779
TEAD4,-0.89354,0.33182
ELF4,-0.89356,-0.23961
POU6F1,-0.89361,-0.06658
NR2F2,-0.89369,-0.04126
SOX2,-0.89377,1.37658
HOXA13,-0.89394,1.58967
TGIF2,-0.89437,0.13496
NR2F1,-0.89441,-0.40683
MESP1,-0.89474,0.43381
ELK1,-0.89475,-0.14318
RFX5,-0.89531,0.24121
NKX6-1,-0.89578,1.89061
RFX2,-0.89594,0.09243
PKNOX2,-0.89599,0.45558
SOX9,-0.89618,0.21723
OTX1,-0.89618,0.61502
RORB,-0.89627,1.75358
VAMP3,-0.89684,-0.18617
TP53,-0.89705,-0.06103
TBX1,-0.89727,1.76691
ETS1,-0.89737,0.2381
PAX6,-0.89767,0.87769
RORA,-0.89778,1.26779
ELK4,-0.898,0.1604
SREBF2,-0.89847,0.00057
LHX9,-0.89864,-1.03088
ZNF784,-0.89867,-0.1146
ETV5,-0.89876,0.00428
NFATC1,-0.89905,1.17367
NR3C1,-0.89907,-0.11267
IKZF3,-0.89923,1.89927
HOXA10,-0.8997,0.50735
FLI1,-0.90005,-2.13898
TEF,-0.90038,-0.46806
NKX2-5,-0.90043,1.55041
CREB1,-0.90049,-0.1189
ZBED1,-0.9006,-0.20248
NR2C2,-0.90061,0.21475
ETV6,-0.90063,-0.12382
FOXG1,-0.90072,1.5762
ELK1,-0.90095,-0.14318
HOXB3,-0.90107,-0.40051
BARHL2,-0.90152,1.83251
ERF,-0.90172,-0.20753
RUNX2,-0.9018,-0.44748
POU2F1,-0.90189,0.47712
IRF7,-0.90195,-0.16734
HOXA10,-0.90195,0.50735
NR3C1,-0.90196,-0.11267
TBX1,-0.90211,1.76691
TFAP2A,-0.90228,-0.00481
HDAC2,-0.90236,0.15118
MAFF,-0.90239,0.15237
FOXF2,-0.90282,0.41095
DLX4,-0.90283,1.70529
PAX2,-0.90311,1.0569
DMRTA2,-0.90325,0.91568
HES1,-0.9035,0.29018
EGR1,-0.9035,0.22639
HOXC13,-0.90374,0.9857
GTF2F1,-0.90462,0.04066
EGR1,-0.90486,0.22639
CYCS,-0.90504,0.10917
STAT5A,-0.90505,-0.10044
NKX2-5,-0.90512,1.55041
SRF,-0.90516,-0.18877
ELK3,-0.90536,-0.31483
ERG,-0.90541,1.54862
PPARD,-0.90543,-0.0265
BACH1,-0.90557,-0.08588
ERG,-0.90591,1.54862
TFAP2C,-0.90616,0.6037
SMC3,-0.90629,0.09897
NFYB,-0.90648,-0.01498
PCK2,-0.90671,0.89665
E2F4,-0.90689,0.14148
ZBTB7B,-0.90752,-0.1944
NR1H2,-0.90764,-0.17777
ING3,-0.90802,-0.28377
PDX1,-0.90842,1.13033
HSF1,-0.90849,0.46176
MEIS3,-0.90856,0.68303
RORA,-0.90868,1.26779
MZF1,-0.9087,0.10253
PITX1,-0.90889,2.66087
AHR,-0.90891,-0.31593
REST,-0.90903,0.20711
ESX1,-0.90941,1.18752
ZBTB33,-0.90952,0.15431
FOXP4,-0.90957,-0.2733
MEIS3,-0.90959,0.68303
CYCS,-0.90994,0.10917
YY1,-0.90995,0.14859
ZEB1,-0.91005,-0.14882
STAT5A,-0.91055,-0.10044
ESX1,-0.91068,1.18752
SOX18,-0.91076,1.26007
SOX8,-0.91114,0.98528
ZBTB7A,-0.91116,-0.03833
USF1,-0.91156,-0.13268
HOXB5,-0.91169,0.18102
SOX2,-0.91198,1.37658
SOX17,-0.91212,-2.18298
TCF4,-0.91244,-0.83621
RARB,-0.91278,-0.80509
TP53,-0.91279,-0.06103
LHX6,-0.91298,1.97772
RAD21,-0.91302,0.33699
HESX1,-0.91311,0.17438
LHX6,-0.91311,1.97772
HOXA13,-0.91316,1.58967
E2F4,-0.91328,0.14148
IRF1,-0.91332,0.07358
RUNX3,-0.91344,1.32536
MYBL2,-0.91354,-0.19707
STAT5B,-0.91407,-0.28536
PKNOX2,-0.91456,0.45558
RAD21,-0.91473,0.33699
TEAD1,-0.9148,0.23157
BRCA1,-0.915,-0.27515
VAX2,-0.91513,-0.14018
SOX9,-0.91565,0.21723
GBX2,-0.91594,1.92073
JUNB,-0.9161,0.12824
ZNF8,-0.9162,0.67552
ETS1,-0.91627,0.2381
ELK1,-0.91636,-0.14318
ZNF3,-0.91648,0.04979
SRF,-0.91649,-0.18877
SOX9,-0.9165,0.21723
TFE3,-0.91652,-0.02572
POU3F2,-0.9166,1.7839
BRCA1,-0.91675,-0.27515
USF2,-0.91675,-0.17263
ETS1,-0.91686,0.2381
MEIS1,-0.91695,-0.46847
RXRA,-0.91704,0.30198
ESRRA,-0.91706,0.36686
NFKB2,-0.91794,0.51364
HOXA2,-0.91819,-0.49643
ERG,-0.91845,1.54862
GATA3,-0.91853,0.63765
TFAP2C,-0.91865,0.6037
NKX2-5,-0.91892,1.55041
ZBTB3,-0.91907,0.39844
FOXF1,-0.91918,0.17609
NKX6-1,-0.91945,1.89061
EGR1,-0.91982,0.22639
TCF3,-0.91984,-0.11833
CDC5L,-0.91993,-0.00818
REL,-0.92032,0.12775
ARNT,-0.92052,0.03492
NKX2-8,-0.92061,1.30963
CUX1,-0.92086,-0.02564
CEBPB,-0.92088,0.1585
ZSCAN9,-0.92096,0.1865
HSF4,-0.92153,1.04243
HSF1,-0.9216,0.46176
FOXC2,-0.92185,-2.00079
GBX2,-0.92185,1.92073
TEAD1,-0.9221,0.23157
RPS4X,-0.92249,-0.12489
MAGOH,-0.92261,0.20422
GATA3,-0.923,0.63765
HAND1,-0.92324,0.94118
CEBPG,-0.92337,0.22789
ARHGEF12,-0.92393,0.00333
FOXC1,-0.9241,0.69824
FOXA1,-0.92427,0.59218
TEF,-0.92427,-0.46806
NR1D1,-0.92457,0.0778
ATF3,-0.92482,0.74563
MAFK,-0.9249,-0.18717
FLI1,-0.925,-2.13898
ELF1,-0.92533,-0.0385
MYBL1,-0.92577,0.21759
NFIC,-0.92592,-0.21458
PITX2,-0.92602,1.94874
TFE3,-0.92613,-0.02572
DMBX1,-0.92664,1.4014
PKNOX2,-0.92716,0.45558
ABCF2,-0.92733,0.00184
MYBL1,-0.92739,0.21759
MYBL2,-0.9276,-0.19707
PAX3,-0.92764,1.45939
GABPA,-0.92783,-0.14939
MAFK,-0.92795,-0.18717
SOX17,-0.928,-2.18298
IRF5,-0.92815,0.56234
IRF8,-0.92818,0.31482
FLI1,-0.92859,-2.13898
HOXB13,-0.92865,1.17107
SOX18,-0.92889,1.26007
MYB,-0.92894,-0.11523
RARA,-0.92902,-0.25519
NR2C2,-0.92908,0.21475
ZBTB6,-0.92965,0.06759
IRX5,-0.92988,0.75392
EMX2,-0.93012,1.14301
PITX2,-0.93024,1.94874
MYB,-0.93056,-0.11523
REST,-0.93059,0.20711
LBX2,-0.93066,1.06169
GATA2,-0.93117,-0.05162
IRF5,-0.93117,0.56234
PPARA,-0.93126,0.48827
CUX2,-0.93158,1.0607
ESRRG,-0.93178,1.19866
SP3,-0.93209,0.05187
NR4A2,-0.93212,0.11007
CEBPA,-0.93215,1.86054
HLF,-0.93216,1.20049
DLX6,-0.9323,1.50012
EOMES,-0.9327,1.4624
ERF,-0.93299,-0.20753
NFKB1,-0.93323,-0.02496
NR3C1,-0.93353,-0.11267
FLI1,-0.93367,-2.13898
AR,-0.93369,0.74347
DMRTA2,-0.93493,0.91568
GRHL1,-0.93529,0.60779
NFE2L1,-0.93539,-0.03223
NFE2L2,-0.93551,0.01426
MAFK,-0.93599,-0.18717
MEIS1,-0.93599,-0.46847
TP53,-0.93617,-0.06103
MCTP2,-0.93626,1.21703
NKX3-1,-0.93638,-0.17361
NKX2-8,-0.93639,1.30963
HOXA2,-0.93644,-0.49643
CCNT2,-0.93645,0.28587
REL,-0.93645,0.12775
JUN,-0.93649,0.26082
BAD,-0.93678,0.10233
CYCS,-0.93721,0.10917
EGR1,-0.93747,0.22639
NFATC1,-0.93751,1.17367
MYBL1,-0.93826,0.21759
ETV2,-0.93848,-0.21244
HOXA7,-0.93874,-1.08007
USF1,-0.93882,-0.13268
REL,-0.93906,0.12775
IRF4,-0.93914,-0.17271
ELK1,-0.93921,-0.14318
MYBL2,-0.93945,-0.19707
IRF4,-0.94012,-0.17271
NFIX,-0.94026,-0.37506
ZEB1,-0.94065,-0.14882
SMC3,-0.94102,0.09897
RUNX2,-0.94105,-0.44748
LHX6,-0.94135,1.97772
ELF2,-0.94136,0.08062
NFIX,-0.94139,-0.37506
KLF3,-0.94177,0.08462
MSX1,-0.94196,0.83405
TP53,-0.94197,-0.06103
HOXB8,-0.94215,0.34207
GATA2,-0.94223,-0.05162
OSR1,-0.9424,-0.53062
SIX3,-0.94273,1.18469
ZBTB7B,-0.94316,-0.1944
ZNF384,-0.94365,0.13354
LHX2,-0.94377,1.74567
TP53,-0.94408,-0.06103
NR2C2,-0.94415,0.21475
FLI1,-0.94415,-2.13898
FOXJ3,-0.94446,0.24609
EIF5A2,-0.94543,-0.32772
SRF,-0.94552,-0.18877
NFE2L2,-0.94578,0.01426
XBP1,-0.94637,0.09852
HOXA1,-0.94643,0.09858
CEBPB,-0.94652,0.1585
NFATC2,-0.9469,0.12494
NR2F1,-0.94709,-0.40683
TFAP2A,-0.94711,-0.00481
FOS,-0.94715,0.11477
MYBL2,-0.94733,-0.19707
SRF,-0.94751,-0.18877
FLI1,-0.94756,-2.13898
HIC1,-0.94761,-0.93177
MAF,-0.94772,1.50435
CUX1,-0.94782,-0.02564
FOXO6,-0.94783,1.52196
NFIC,-0.94803,-0.21458
MEIS1,-0.94815,-0.46847
ESRRG,-0.949,1.19866
ELK4,-0.94924,0.1604
NR2C2,-0.94932,0.21475
ETS2,-0.94934,0.26666
GATA4,-0.94951,-1.3276
NR3C1,-0.94965,-0.11267
ZNF8,-0.94973,0.67552
TCF7,-0.94992,0.17771
E2F1,-0.95014,-0.14567
EN1,-0.95021,1.50651
TP53,-0.95021,-0.06103
NR4A1,-0.95029,0.49659
ATF5,-0.95034,-0.34711
TP73,-0.95089,1.60948
TCF12,-0.95107,-0.03309
REST,-0.95121,0.20711
MEIS3,-0.95129,0.68303
NR2C2,-0.9514,0.21475
ESRRB,-0.95143,1.09807
IRF8,-0.95174,0.31482
EWSR1,-0.95175,0.02003
ZBTB7A,-0.9518,-0.03833
ZNF8,-0.95181,0.67552
SP1,-0.95182,0.23865
ETS1,-0.95187,0.2381
ETV2,-0.95211,-0.21244
ELF1,-0.95227,-0.0385
ESX1,-0.95229,1.18752
NKX2-5,-0.95244,1.55041
LHX2,-0.95305,1.74567
TCF12,-0.95309,-0.03309
NKX2-1,-0.95347,2.41647
NFKB1,-0.9535,-0.02496
FOXO1,-0.9537,0.19161
BCL11A,-0.95379,1.84042
SOX2,-0.95398,1.37658
TEAD1,-0.95423,0.23157
GABPA,-0.9544,-0.14939
TP53,-0.95469,-0.06103
RARA,-0.9547,-0.25519
RXRB,-0.95492,0.14875
ETV6,-0.95517,-0.12382
MYBL2,-0.95525,-0.19707
PAX6,-0.9559,0.87769
BARHL2,-0.95644,1.83251
NR3C1,-0.95719,-0.11267
HOXB3,-0.9572,-0.40051
IRF1,-0.95724,0.07358
SREBF1,-0.95728,-0.15578
NMI,-0.95751,-0.32474
SREBF1,-0.95768,-0.15578
GATA4,-0.95769,-1.3276
SRF,-0.9577,-0.18877
REL,-0.95874,0.12775
SOX2,-0.95875,1.37658
SOX1,-0.95878,1.77815
FLI1,-0.95888,-2.13898
TFAP2C,-0.95893,0.6037
TFEB,-0.95902,-0.41856
SMAD1,-0.95903,-0.01057
ETV2,-0.95913,-0.21244
ZBTB7A,-0.95914,-0.03833
ETV4,-0.95918,0.15297
MEOX1,-0.95935,0.5983
USF2,-0.95942,-0.17263
ZNF8,-0.95943,0.67552
TFAP2C,-0.95969,0.6037
TOPORS,-0.96008,-0.16762
GTF2B,-0.96009,0.31598
FOXD3,-0.9608,1.66375
ELF1,-0.9609,-0.0385
FOXK1,-0.96111,0.61424
ELF1,-0.96126,-0.0385
SREBF1,-0.9618,-0.15578
ETV2,-0.962,-0.21244
HOXD4,-0.96228,-0.33947
EGR1,-0.9623,0.22639
NR4A2,-0.96234,0.11007
SREBF2,-0.96234,0.00057
FOXG1,-0.96263,1.5762
ETV5,-0.96294,0.00428
BARHL2,-0.96353,1.83251
CTCF,-0.96359,0.1109
TEAD1,-0.96388,0.23157
FLI1,-0.96393,-2.13898
THAP1,-0.9645,0.30516
MGA,-0.96518,0.06935
SOX8,-0.96538,0.98528
FOXD1,-0.96544,0.21153
ERG,-0.96563,1.54862
ZNF713,-0.96587,0.09838
CUX1,-0.96609,-0.02564
ID4,-0.96618,-0.49292
ZBTB33,-0.96644,0.15431
IRF4,-0.96646,-0.17271
JUN,-0.96675,0.26082
GABPA,-0.96684,-0.14939
FLI1,-0.96692,-2.13898
NKX2-8,-0.96702,1.30963
MEF2A,-0.96755,-0.11613
ATF5,-0.96786,-0.34711
JDP2,-0.96799,0.49816
BARHL2,-0.96819,1.83251
GLI2,-0.96863,0.00519
BCL6,-0.96874,-0.46691
SOX17,-0.96899,-2.18298
CEBPB,-0.96944,0.1585
PAX8,-0.96999,1.96565
MEIS3,-0.97008,0.68303
NKX3-2,-0.97012,1.28354
HOXA5,-0.97072,0.04334
FOXA1,-0.97074,0.59218
SRP9,-0.97081,0.0278
ETS1,-0.97088,0.2381
FOXO3,-0.97109,-0.09404
FLI1,-0.97126,-2.13898
CEBPA,-0.97184,1.86054
SOX8,-0.97207,0.98528
HINFP,-0.97213,0.09309
CEBPG,-0.97214,0.22789
ZNF3,-0.97214,0.04979
TFAP4,-0.97249,0.30334
TEAD3,-0.97365,-0.10294
YY1,-0.97387,0.14859
E2F4,-0.97389,0.14148
NR3C1,-0.97456,-0.11267
RXRA,-0.97456,0.30198
ZNF3,-0.97477,0.04979
NFIC,-0.97477,-0.21458
ELF2,-0.97559,0.08062
PLAG1,-0.97567,0.41363
BRCA1,-0.9757,-0.27515
ZBTB7A,-0.97595,-0.03833
JUN,-0.97602,0.26082
NR1H2,-0.97621,-0.17777
DMC1,-0.97655,0.83476
FLI1,-0.97657,-2.13898
THRB,-0.97692,0.86606
SOX2,-0.97727,1.37658
NKX6-1,-0.97741,1.89061
NFKB1,-0.97804,-0.02496
TFAP2A,-0.97823,-0.00481
FOXA1,-0.97826,0.59218
SMAD3,-0.97846,-0.38086
IRF9,-0.97848,0.07959
STAT5B,-0.97849,-0.28536
NRF1,-0.9786,-0.06707
FOXJ3,-0.97893,0.24609
ITGB2,-0.97895,1.87118
POU5F1,-0.97902,-0.17881
HOXB3,-0.97903,-0.40051
ERG,-0.97911,1.54862
JUND,-0.97933,-0.03685
DDIT3,-0.97977,0.31605
HOXB3,-0.9798,-0.40051
BDP1,-0.98021,0.41219
TCF3,-0.98045,-0.11833
RAB14,-0.98051,0.01434
ESRRA,-0.98097,0.36686
POU5F1,-0.9813,-0.17881
ETS2,-0.9814,0.26666
RARA,-0.98145,-0.25519
TEAD3,-0.98181,-0.10294
HDAC2,-0.98194,0.15118
ZBTB7A,-0.98209,-0.03833
ZNF711,-0.98293,2.03364
ETV4,-0.98384,0.15297
FOSL2,-0.98429,0.07854
SMAD3,-0.9843,-0.38086
DLX4,-0.98476,1.70529
TFAP2A,-0.98538,-0.00481
JUN,-0.98539,0.26082
ARNT,-0.98568,0.03492
BARX1,-0.98579,1.13672
PAX6,-0.9858,0.87769
MEOX1,-0.98618,0.5983
EN2,-0.98628,1.5098
GABPA,-0.98646,-0.14939
HOXB7,-0.98669,0.26541
ESRRA,-0.98678,0.36686
USF1,-0.98713,-0.13268
INSM1,-0.98728,1.22789
ETV1,-0.9878,0.0445
ZBTB4,-0.98861,-0.18334
FLI1,-0.98898,-2.13898
SP4,-0.98906,0.31458
NFE2L1,-0.98906,-0.03223
ZNF3,-0.98953,0.04979
TFAP2C,-0.98963,0.6037
AR,-0.98986,0.74347
SOX2,-0.99,1.37658
FLI1,-0.99007,-2.13898
ZBTB3,-0.9901,0.39844
CUX1,-0.99017,-0.02564
HBP1,-0.99062,-0.38822
LHX1,-0.9907,0.72793
XRCC1,-0.99071,-0.04663
RAB2A,-0.99082,0.03192
SIX2,-0.99091,1.04244
ESRRG,-0.99135,1.19866
NR1D1,-0.99163,0.0778
DMBX1,-0.99174,1.4014
ISL2,-0.99185,1.25248
PAX2,-0.99229,1.0569
HOXA13,-0.99238,1.58967
FOXP2,-0.9925,0.88336
MBTPS2,-0.99306,-0.21475
TFAP2C,-0.99313,0.6037
ZBTB18,-0.99402,0.00701
SP2,-0.99444,-0.07606
HBP1,-0.99466,-0.38822
TEAD3,-0.99498,-0.10294
CYCS,-0.99509,0.10917
FLI1,-0.99511,-2.13898
LHX4,-0.99512,0.54007
DLX1,-0.99554,0.10983
FOXO3,-0.99563,-0.09404
ELK3,-0.99613,-0.31483
ZNF524,-0.99623,-0.36672
THRB,-0.99637,0.86606
REST,-0.99675,0.20711
RFX5,-0.99686,0.24121
TCF7,-0.99712,0.17771
MYB,-0.99719,-0.11523
TCF7L2,-0.99741,0.09821
FOXA1,-0.99759,0.59218
HOXB2,-0.99782,-0.59651
IRX3,-0.99803,0.16577
HBP1,-0.99827,-0.38822
NKX3-2,-0.99836,1.28354
DLX5,-0.99882,1.14301
VDR,-0.99927,0.18204
GATA4,-0.9993,-1.3276
POU2F2,-0.99963,-0.79029
BHLHE41,-0.99963,-0.53218
ELF1,-0.99982,-0.0385
TP53,-1.0003,-0.06103
CEBPB,-1.00032,0.1585
ELK1,-1.00047,-0.14318
ARNT,-1.00061,0.03492
ETS1,-1.00155,0.2381
TBX2,-1.00175,0.74219
PRNP,-1.00198,-0.20982
ERG,-1.0025,1.54862
LHX9,-1.0027,-1.03088
ESRRA,-1.00285,0.36686
CTCF,-1.00286,0.1109
TP53,-1.00298,-0.06103
NFE2L2,-1.00327,0.01426
NFKB1,-1.00331,-0.02496
JUN,-1.00339,0.26082
SRF,-1.00352,-0.18877
NR3C1,-1.00382,-0.11267
SP8,-1.00407,1.34044
ELK4,-1.00465,0.1604
SREBF1,-1.00471,-0.15578
FOSL1,-1.00519,0.12968
TFAP2A,-1.00531,-0.00481
ELF4,-1.00532,-0.23961
MYBL1,-1.00564,0.21759
BARHL2,-1.00591,1.83251
YY1,-1.0062,0.14859
ERG,-1.0063,1.54862
FOXP3,-1.007,0.80403
ELK3,-1.00739,-0.31483
NR3C2,-1.00762,0.66608
HOXA5,-1.00771,0.04334
PLAG1,-1.00798,0.41363
ZNF3,-1.008,0.04979
FLI1,-1.0081,-2.13898
ETV6,-1.00812,-0.12382
ETV2,-1.00912,-0.21244
BARX1,-1.00976,1.13672
ESRRG,-1.00987,1.19866
ELK4,-1.00999,0.1604
FOS,-1.0101,0.11477
HOXA7,-1.01014,-1.08007
PAX6,-1.01035,0.87769
GLI2,-1.01052,0.00519
MSX2,-1.01067,1.37658
KLF3,-1.0117,0.08462
EGR2,-1.01174,1.68485
ZIC3,-1.01194,1.58206
JDP2,-1.01225,0.49816
YY1,-1.01234,0.14859
LHX2,-1.01235,1.74567
NFKB1,-1.01244,-0.02496
FLI1,-1.01251,-2.13898
EN1,-1.01316,1.50651
GMEB2,-1.01361,0.07687
TGIF2,-1.01411,0.13496
SOX1,-1.01434,1.77815
CREB1,-1.01473,-0.1189
PAX3,-1.01496,1.45939
TBX1,-1.01502,1.76691
SREBF1,-1.01509,-0.15578
GLI2,-1.01517,0.00519
FOXO3,-1.01534,-0.09404
ELF1,-1.01588,-0.0385
TFAP2C,-1.01624,0.6037
TP53,-1.01631,-0.06103
ARID5A,-1.01666,-0.18956
HOXB9,-1.01676,0.83234
ZBTB7A,-1.01707,-0.03833
GATA2,-1.01708,-0.05162
USF2,-1.01842,-0.17263
IRF9,-1.01884,0.07959
ATF3,-1.01903,0.74563
DBP,-1.01912,-0.07406
FLI1,-1.01928,-2.13898
FLI1,-1.01928,-2.13898
STAT1,-1.02002,-0.01743
NR2F1,-1.02042,-0.40683
SREBF2,-1.02044,0.00057
CENPB,-1.02067,-0.10852
ESRRA,-1.02084,0.36686
TBX1,-1.02124,1.76691
MEF2D,-1.02125,-0.06654
NR2F6,-1.02141,-0.07863
GATA2,-1.02187,-0.05162
NFE2,-1.0222,0.59563
IRF1,-1.02227,0.07358
ELK3,-1.02257,-0.31483
POU3F2,-1.02267,1.7839
NRF1,-1.02288,-0.06707
MRPL2,-1.0229,0.06913
NKX3-2,-1.02312,1.28354
PDS5A,-1.02328,0.02221
SRF,-1.02344,-0.18877
NR3C1,-1.02385,-0.11267
SOX8,-1.02412,0.98528
BARHL2,-1.02417,1.83251
TP53,-1.02508,-0.06103
HLF,-1.02516,1.20049
HOXB2,-1.0252,-0.59651
CEBPB,-1.02572,0.1585
ATF3,-1.02579,0.74563
SOCS4,-1.02586,0.20644
JUN,-1.02601,0.26082
FLI1,-1.02623,-2.13898
TP53,-1.02637,-0.06103
NR4A2,-1.02649,0.11007
FLI1,-1.02658,-2.13898
TIA1,-1.02671,0.03138
TCF7,-1.02684,0.17771
HDX,-1.02704,0.08585
ELF4,-1.02744,-0.23961
EMX1,-1.02751,1.22011
TFAP2A,-1.02754,-0.00481
ELK3,-1.02757,-0.31483
TP53,-1.0278,-0.06103
SRF,-1.02784,-0.18877
MYB,-1.02793,-0.11523
SOX18,-1.02855,1.26007
NR4A2,-1.02877,0.11007
HOXC11,-1.02924,0.58072
DLX1,-1.02925,0.10983
EP300,-1.02943,0.07356
LEF1,-1.0296,0.99309
ELK1,-1.02998,-0.14318
SOX9,-1.03013,0.21723
RXRA,-1.03015,0.30198
FOXO4,-1.03052,0.05375
NFKB1,-1.03084,-0.02496
GATA3,-1.03086,0.63765
TFAP2C,-1.03104,0.6037
ZBTB3,-1.03105,0.39844
MSX2,-1.03133,1.37658
ETS1,-1.03153,0.2381
LHX2,-1.03221,1.74567
PRDM4,-1.03223,0.23073
ESRRB,-1.03239,1.09807
SREBF1,-1.0325,-0.15578
STAT5A,-1.0327,-0.10044
BPTF,-1.0328,0.25822
ETS1,-1.03296,0.2381
SOX7,-1.033,0.94009
REST,-1.03314,0.20711
ZNF8,-1.03335,0.67552
GABPA,-1.03477,-0.14939
NUCB1,-1.03518,-0.20132
JDP2,-1.03537,0.49816
MEF2A,-1.03583,-0.11613
BARHL2,-1.03593,1.83251
JDP2,-1.03594,0.49816
TP53,-1.0364,-0.06103
NR4A2,-1.03734,0.11007
BARHL2,-1.03743,1.83251
TIA1,-1.03762,0.03138
FOXC1,-1.03784,0.69824
ZNF75A,-1.03917,0.45123
VDR,-1.03922,0.18204
TFAP2C,-1.03947,0.6037
FOS,-1.03953,0.11477
ELF1,-1.03954,-0.0385
PKNOX2,-1.04071,0.45558
RFX2,-1.0409,0.09243
RXRB,-1.04109,0.14875
NRL,-1.04135,0.13212
TFE3,-1.04138,-0.02572
C19orf25,-1.04141,0.07305
FOXB1,-1.0418,1.39094
HOXA13,-1.04199,1.58967
RARA,-1.04218,-0.25519
ETV6,-1.04261,-0.12382
NFKB1,-1.04271,-0.02496
PBX1,-1.04338,-0.73611
ZSCAN16,-1.04351,0.07149
FOXL1,-1.04372,-0.97272
ELK4,-1.04458,0.1604
ZBTB7A,-1.04485,-0.03833
NFIL3,-1.04502,0.04188
REST,-1.04512,0.20711
HOXB6,-1.04529,0.12505
ZBTB7A,-1.04546,-0.03833
ZBTB4,-1.0456,-0.18334
NFIX,-1.04568,-0.37506
NKX6-1,-1.04585,1.89061
MEIS1,-1.04615,-0.46847
MEIS3,-1.04749,0.68303
ETV5,-1.04761,0.00428
MYBL2,-1.04761,-0.19707
HSF2,-1.04822,0.0708
ELK4,-1.04855,0.1604
ETV6,-1.04861,-0.12382
NFKB1,-1.04876,-0.02496
NR2F6,-1.04876,-0.07863
NR3C1,-1.04886,-0.11267
ERG,-1.04921,1.54862
GATA2,-1.04972,-0.05162
JDP2,-1.05001,0.49816
ERG,-1.05002,1.54862
ZBTB7A,-1.05092,-0.03833
RFX7,-1.05143,-0.09369
JUN,-1.05168,0.26082
MYBL1,-1.05304,0.21759
ETS1,-1.05384,0.2381
IRF4,-1.05388,-0.17271
RARA,-1.05416,-0.25519
CEBPG,-1.0542,0.22789
MSC,-1.05474,0.03375
AR,-1.05519,0.74347
TGIF2,-1.05559,0.13496
ZBTB7B,-1.0558,-0.1944
CTCF,-1.05583,0.1109
IRF1,-1.0562,0.07358
ERG,-1.05631,1.54862
SIX4,-1.05805,0.71485
JUN,-1.05865,0.26082
POU3F2,-1.05884,1.7839
HSF1,-1.05903,0.46176
MYC,-1.05916,0.22497
PAX3,-1.05918,1.45939
POU5F1,-1.05997,-0.17881
SOX9,-1.06011,0.21723
GATA3,-1.06033,0.63765
PBX1,-1.06044,-0.73611
ZBED1,-1.06067,-0.20248
HOXA7,-1.06134,-1.08007
STAT4,-1.06149,0.55131
GABPA,-1.0615,-0.14939
ESRRA,-1.06153,0.36686
CTCF,-1.06188,0.1109
REST,-1.06205,0.20711
HOXC11,-1.06206,0.58072
TBX1,-1.06209,1.76691
JUN,-1.06212,0.26082
VAX2,-1.06263,-0.14018
SOX9,-1.06347,0.21723
RXRA,-1.06353,0.30198
ARID5B,-1.06355,-0.5962
TFAP4,-1.06369,0.30334
HOXB13,-1.06416,1.17107
FOXC2,-1.06423,-2.00079
REL,-1.06439,0.12775
ESRRB,-1.06442,1.09807
INSM1,-1.06498,1.22789
HINFP,-1.06577,0.09309
SREBF1,-1.066,-0.15578
PBX1,-1.06621,-0.73611
TP53,-1.06641,-0.06103
NR4A2,-1.06682,0.11007
MEIS1,-1.06696,-0.46847
YY1,-1.06703,0.14859
NR2C1,-1.06817,0.14754
TFAP2A,-1.06834,-0.00481
ELK1,-1.06897,-0.14318
MAFB,-1.069,0.64383
NR3C1,-1.06907,-0.11267
HINFP,-1.06908,0.09309
RFX7,-1.07014,-0.09369
HOXC8,-1.07059,0.02345
NFATC2,-1.07066,0.12494
STAT4,-1.07112,0.55131
TFE3,-1.07143,-0.02572
IRF5,-1.07143,0.56234
HOXB5,-1.07199,0.18102
LBX2,-1.07235,1.06169
STAT3,-1.07323,-0.16234
TCF7,-1.07378,0.17771
REST,-1.07512,0.20711
CUX1,-1.07597,-0.02564
SIX2,-1.07729,1.04244
ERG,-1.07744,1.54862
NKX6-1,-1.0775,1.89061
REST,-1.0779,0.20711
HOXC6,-1.07809,-0.04045
ATF7,-1.07818,0.14396
NKX6-1,-1.0782,1.89061
HOXB3,-1.07821,-0.40051
ESRRB,-1.07845,1.09807
PCK2,-1.07961,0.89665
TFAP2C,-1.07973,0.6037
TFAP2A,-1.07995,-0.00481
SOX17,-1.08019,-2.18298
ETS1,-1.08039,0.2381
PROX1,-1.08107,1.25768
NFKB1,-1.08116,-0.02496
GABPA,-1.08174,-0.14939
MAX,-1.08225,0.13856
MSX1,-1.08233,0.83405
HMX2,-1.08259,1.25527
IRF2,-1.08281,-0.18248
GFI1,-1.08312,0.95373
NFKB1,-1.08342,-0.02496
FLI1,-1.08369,-2.13898
SOX8,-1.08379,0.98528
CENPB,-1.08406,-0.10852
ELK4,-1.08408,0.1604
HOMEZ,-1.08472,0.41613
ETS2,-1.08539,0.26666
HSF1,-1.0857,0.46176
NFIA,-1.08616,0.15147
ERG,-1.08616,1.54862
HEY2,-1.08661,1.09575
USF2,-1.0871,-0.17263
TFCP2,-1.08717,-0.18064
TBX20,-1.08742,1.45484
ETV1,-1.08772,0.0445
FOSL1,-1.08822,0.12968
ETS1,-1.08831,0.2381
FLI1,-1.08858,-2.13898
BRCA1,-1.08862,-0.27515
SREBF2,-1.08945,0.00057
FOXL1,-1.09017,-0.97272
TFAP2A,-1.09031,-0.00481
PDLIM5,-1.09037,-0.44383
TCF4,-1.09086,-0.83621
NFE2L2,-1.09144,0.01426
PAX6,-1.09207,0.87769
NR5A1,-1.09219,-1.93768
TP53,-1.09221,-0.06103
ERG,-1.09234,1.54862
GTF2H3,-1.09249,0.18182
ATF5,-1.0925,-0.34711
FOXC1,-1.09256,0.69824
RUNX2,-1.0929,-0.44748
ELF1,-1.09313,-0.0385
CUX2,-1.09318,1.0607
ETV6,-1.09323,-0.12382
RPS4X,-1.09337,-0.12489
RXRA,-1.09337,0.30198
PAX2,-1.09339,1.0569
HDX,-1.09379,0.08585
MNX1,-1.09405,2.02938
HOXC11,-1.09424,0.58072
MSX2,-1.0944,1.37658
MYBL1,-1.09585,0.21759
PKNOX1,-1.09717,-0.01682
TFAP2A,-1.09771,-0.00481
ZBTB4,-1.09775,-0.18334
PKNOX1,-1.09805,-0.01682
SIX2,-1.09829,1.04244
ETV5,-1.09856,0.00428
PDX1,-1.09903,1.13033
RARG,-1.09911,-0.50335
MSC,-1.0992,0.03375
ELF1,-1.09987,-0.0385
FOXL1,-1.09997,-0.97272
ETV6,-1.10008,-0.12382
FOXA1,-1.10039,0.59218
TGIF2,-1.10095,0.13496
TCF3,-1.10135,-0.11833
PKNOX1,-1.10151,-0.01682
PBX1,-1.10261,-0.73611
EMX2,-1.10276,1.14301
POU2F2,-1.10321,-0.79029
BARHL2,-1.10367,1.83251
GATA3,-1.10418,0.63765
MEIS2,-1.10482,-0.06534
TBP,-1.10518,0.01746
TP53,-1.1053,-0.06103
GRHL1,-1.10594,0.60779
ESX1,-1.106,1.18752
GATA2,-1.10615,-0.05162
PAX8,-1.10618,1.96565
YY1,-1.10641,0.14859
SOX8,-1.10664,0.98528
ZNF384,-1.10733,0.13354
BHLHE41,-1.10763,-0.53218
PPP5C,-1.10825,-0.10063
REL,-1.10826,0.12775
RARA,-1.10829,-0.25519
NR0B1,-1.1084,1.39794
TFAP2C,-1.1084,0.6037
HIVEP1,-1.10855,0.17371
ELK3,-1.10859,-0.31483
GBX2,-1.10865,1.92073
SOX8,-1.10909,0.98528
HSF4,-1.10928,1.04243
TCF12,-1.10947,-0.03309
NRL,-1.1097,0.13212
TFAP4,-1.11052,0.30334
PBX1,-1.11105,-0.73611
ZNF711,-1.11119,2.03364
NFE2L2,-1.11297,0.01426
ZBTB49,-1.11336,0.01397
HAND1,-1.11369,0.94118
ZBTB4,-1.1147,-0.18334
RXRA,-1.11471,0.30198
PDX1,-1.11503,1.13033
GADD45A,-1.11553,0.50305
YY1,-1.11565,0.14859
VAX2,-1.11602,-0.14018
TFAP4,-1.11629,0.30334
ESRRG,-1.11632,1.19866
NKX2-5,-1.11634,1.55041
ETV5,-1.11652,0.00428
MEF2C,-1.11695,0.40985
TBX20,-1.11719,1.45484
USF2,-1.11728,-0.17263
JUND,-1.11746,-0.03685
MSC,-1.11767,0.03375
NFYC,-1.11784,0.04732
SOX13,-1.11809,0.20325
HSF1,-1.11812,0.46176
ERG,-1.11833,1.54862
TFAP2A,-1.11837,-0.00481
REL,-1.11892,0.12775
THRB,-1.11896,0.86606
GFI1,-1.11906,0.95373
PDX1,-1.11927,1.13033
SOX18,-1.11973,1.26007
FLI1,-1.11992,-2.13898
VDR,-1.12111,0.18204
SOX8,-1.12181,0.98528
SREBF2,-1.12232,0.00057
ELF1,-1.12259,-0.0385
MAF,-1.12266,1.50435
PITX2,-1.12321,1.94874
SREBF2,-1.12369,0.00057
GLI3,-1.12418,-0.16955
REST,-1.12418,0.20711
HOXB2,-1.12431,-0.59651
FOXP3,-1.12433,0.80403
HSF4,-1.12455,1.04243
SRF,-1.12463,-0.18877
PDX1,-1.125,1.13033
LHX6,-1.12576,1.97772
NR3C1,-1.12627,-0.11267
NR4A1,-1.12636,0.49659
NFAT5,-1.12641,0.64401
BCL3,-1.12688,-0.30304
ZBTB7B,-1.12707,-0.1944
ELF2,-1.1273,0.08062
EGR1,-1.1275,0.22639
STAT3,-1.12827,-0.16234
JDP2,-1.12888,0.49816
ETV6,-1.12914,-0.12382
ELF1,-1.12935,-0.0385
HLF,-1.1298,1.20049
FOXO1,-1.13064,0.19161
GATA3,-1.13072,0.63765
HAND1,-1.13094,0.94118
NFYA,-1.13105,-0.02481
CEBPB,-1.13116,0.1585
TBX2,-1.1324,0.74219
FLI1,-1.13266,-2.13898
NR4A2,-1.13322,0.11007
FOXO6,-1.13328,1.52196
NFE2L2,-1.13377,0.01426
TP53,-1.13421,-0.06103
BCL11A,-1.13452,1.84042
ETV4,-1.1347,0.15297
OLIG2,-1.13477,0.79877
JDP2,-1.13486,0.49816
JUN,-1.13521,0.26082
ARID3A,-1.13573,0.49887
HAND1,-1.13579,0.94118
SRF,-1.13605,-0.18877
SOX1,-1.13606,1.77815
HOXC11,-1.13616,0.58072
MRPL2,-1.13629,0.06913
BARHL2,-1.13645,1.83251
TEAD4,-1.13684,0.33182
FOXJ3,-1.13696,0.24609
FOXK1,-1.13716,0.61424
HOXA10,-1.13777,0.50735
RARG,-1.13832,-0.50335
MYB,-1.13841,-0.11523
RUNX2,-1.13935,-0.44748
ELF1,-1.13946,-0.0385
CUX1,-1.13995,-0.02564
RUNX1,-1.14011,-0.06798
HOXB7,-1.14062,0.26541
SMARCC1,-1.14062,0.26372
NFATC1,-1.14067,1.17367
E2F1,-1.14126,-0.14567
LHX9,-1.14133,-1.03088
FOSL1,-1.14176,0.12968
TBX1,-1.14191,1.76691
HSF1,-1.1421,0.46176
NKX6-1,-1.14223,1.89061
CEBPB,-1.14229,0.1585
MEOX1,-1.14265,0.5983
FOXD1,-1.14288,0.21153
MEIS2,-1.14553,-0.06534
ZEB1,-1.14557,-0.14882
TEAD1,-1.14602,0.23157
NFE2,-1.1463,0.59563
ESRRA,-1.14718,0.36686
SMAD3,-1.14738,-0.38086
MEIS2,-1.14776,-0.06534
JDP2,-1.14816,0.49816
ELK4,-1.1491,0.1604
TCF4,-1.14973,-0.83621
UBP1,-1.14978,0.11819
ETV5,-1.15067,0.00428
ETV3,-1.15087,0.22639
ETS1,-1.15132,0.2381
EGR1,-1.15153,0.22639
ERG,-1.1518,1.54862
PROX1,-1.15194,1.25768
ID4,-1.15287,-0.49292
FOSB,-1.15325,0.22429
RXRB,-1.15343,0.14875
NME1,-1.15503,-0.05802
POU2F1,-1.1564,0.47712
RFX5,-1.15644,0.24121
ZNF3,-1.15682,0.04979
AHR,-1.15688,-0.31593
PDX1,-1.15731,1.13033
IRF5,-1.15741,0.56234
NFKB1,-1.15777,-0.02496
TCF7,-1.1581,0.17771
MSC,-1.15817,0.03375
SOX8,-1.15838,0.98528
TCF7,-1.15843,0.17771
CUX2,-1.15931,1.0607
NFE2L2,-1.15932,0.01426
POU3F3,-1.16065,1.52977
RFX3,-1.16176,0.21238
RORA,-1.16217,1.26779
TFAP2C,-1.16261,0.6037
SRF,-1.16275,-0.18877
SREBF1,-1.16285,-0.15578
ZNF766,-1.16332,0.13876
HNF4G,-1.16375,0.89252
EN1,-1.16414,1.50651
FOXJ3,-1.16439,0.24609
TP73,-1.16463,1.60948
E2F4,-1.16508,0.14148
POU2F2,-1.16528,-0.79029
TCF7,-1.1654,0.17771
MGA,-1.16544,0.06935
RARA,-1.1655,-0.25519
SNAI2,-1.1655,-0.12542
TEAD3,-1.16553,-0.10294
HOXD3,-1.16565,-0.7231
ASAP3,-1.16729,-0.03807
ZEB1,-1.1674,-0.14882
SP3,-1.16834,0.05187
RFX3,-1.16868,0.21238
PAX6,-1.16869,0.87769
ETS1,-1.16909,0.2381
TFAP2C,-1.16923,0.6037
CLOCK,-1.16933,0.06464
REL,-1.16988,0.12775
TEAD1,-1.17031,0.23157
NR6A1,-1.17038,0.87404
CUX1,-1.17068,-0.02564
VDR,-1.17117,0.18204
FOXD1,-1.17137,0.21153
PAX3,-1.1715,1.45939
ETV2,-1.17192,-0.21244
LHX2,-1.17204,1.74567
IRF5,-1.17218,0.56234
MAFK,-1.17264,-0.18717
HOXD13,-1.17275,1.61407
SOX1,-1.17294,1.77815
SOX8,-1.17322,0.98528
GLI3,-1.17414,-0.16955
ELK1,-1.17539,-0.14318
SP2,-1.17602,-0.07606
MRPS25,-1.17649,0.22092
EGR1,-1.17711,0.22639
CPEB1,-1.17831,1.27579
JUN,-1.17833,0.26082
TP73,-1.17852,1.60948
ESRRA,-1.17947,0.36686
ZFP3,-1.17986,0.80123
RXRA,-1.17996,0.30198
SOX12,-1.18023,0.14955
BRCA1,-1.18044,-0.27515
DLX1,-1.18046,0.10983
FOXA1,-1.18066,0.59218
NFIX,-1.18081,-0.37506
POU2F2,-1.18169,-0.79029
SRF,-1.18195,-0.18877
SOX8,-1.182,0.98528
ETV4,-1.18221,0.15297
TBX20,-1.18238,1.45484
BARHL2,-1.18266,1.83251
PDX1,-1.18293,1.13033
RUNX1,-1.18298,-0.06798
SNAI1,-1.18312,-0.00065
SP3,-1.18313,0.05187
RUNX3,-1.18356,1.32536
SOX4,-1.18411,-0.13172
MYBL2,-1.18517,-0.19707
ELK4,-1.18697,0.1604
MSX1,-1.1872,0.83405
NKX3-2,-1.18733,1.28354
TP53,-1.18762,-0.06103
GBX2,-1.1881,1.92073
SOX2,-1.1883,1.37658
STAT1,-1.18943,-0.01743
USF2,-1.19002,-0.17263
FOXO1,-1.19005,0.19161
GATA2,-1.19006,-0.05162
ELK4,-1.19031,0.1604
FOXK1,-1.19116,0.61424
REL,-1.19137,0.12775
HOXD10,-1.19172,0.20355
HOXA13,-1.1918,1.58967
PRRX1,-1.19242,-0.44294
SREBF1,-1.19251,-0.15578
RNF138,-1.19321,0.07579
MAFK,-1.19438,-0.18717
ELF1,-1.19501,-0.0385
MBD2,-1.1951,-0.39254
YY1,-1.19515,0.14859
NFATC1,-1.19546,1.17367
JUND,-1.19546,-0.03685
STAT5A,-1.19605,-0.10044
ALX4,-1.19658,1.37058
TP73,-1.19665,1.60948
BARHL2,-1.19764,1.83251
JDP2,-1.19861,0.49816
SOX9,-1.19916,0.21723
NRF1,-1.19934,-0.06707
NR3C1,-1.1994,-0.11267
RXRA,-1.19983,0.30198
MYBL1,-1.20023,0.21759
NFE2L2,-1.20168,0.01426
ZBTB7A,-1.2019,-0.03833
IRX3,-1.20272,0.16577
ZBTB6,-1.2029,0.06759
PROX1,-1.20312,1.25768
ELK1,-1.20362,-0.14318
SRF,-1.20363,-0.18877
IRF3,-1.20369,-0.1629
NFIX,-1.20494,-0.37506
THAP1,-1.20561,0.30516
RARB,-1.20647,-0.80509
MLX,-1.2065,0.04225
CUX1,-1.20666,-0.02564
PAX3,-1.20724,1.45939
HDX,-1.20747,0.08585
MAF,-1.20784,1.50435
MSX1,-1.20808,0.83405
ELF1,-1.20855,-0.0385
FLI1,-1.20918,-2.13898
HIC1,-1.20992,-0.93177
PBX3,-1.20996,0.40978
TP73,-1.21108,1.60948
TP53,-1.21135,-0.06103
ETS2,-1.21147,0.26666
SREBF2,-1.21217,0.00057
HOXB8,-1.2123,0.34207
TCF4,-1.21232,-0.83621
FOXB1,-1.21334,1.39094
MAF,-1.21428,1.50435
TCF4,-1.21518,-0.83621
MEF2A,-1.21582,-0.11613
ZBTB18,-1.21698,0.00701
FOXP3,-1.2171,0.80403
FLI1,-1.21769,-2.13898
TP53,-1.2181,-0.06103
CTCF,-1.21848,0.1109
NFKB1,-1.21883,-0.02496
FOXA1,-1.21899,0.59218
NFIX,-1.21943,-0.37506
GRHL1,-1.22019,0.60779
SP3,-1.22055,0.05187
MGA,-1.22071,0.06935
BARHL2,-1.22081,1.83251
MSX2,-1.22109,1.37658
PRDM4,-1.22153,0.23073
RUNX2,-1.22228,-0.44748
HOXD13,-1.22269,1.61407
STAT5B,-1.22325,-0.28536
TRIP10,-1.22382,0.29724
CEBPB,-1.22396,0.1585
NR2F2,-1.22435,-0.04126
GRHL1,-1.22445,0.60779
ELF4,-1.22454,-0.23961
ARID5B,-1.2247,-0.5962
HOXD11,-1.22489,0.14834
TGIF1,-1.22573,0.24022
ZNF384,-1.22598,0.13354
LHX9,-1.226,-1.03088
FLI1,-1.22607,-2.13898
ZSCAN31,-1.22692,-0.51355
NFAT5,-1.22759,0.64401
E2F1,-1.22764,-0.14567
TCF12,-1.22822,-0.03309
EOMES,-1.22861,1.4624
SOX18,-1.23052,1.26007
VAX1,-1.23096,1.0607
TP53,-1.23241,-0.06103
LHX2,-1.23449,1.74567
MEIS3,-1.2349,0.68303
ESRP2,-1.23558,1.66449
TFAP2A,-1.23865,-0.00481
NR2F1,-1.23922,-0.40683
ID4,-1.24023,-0.49292
NKX3-1,-1.24027,-0.17361
AHR,-1.2403,-0.31593
ETV6,-1.24034,-0.12382
NR5A1,-1.24056,-1.93768
SOX2,-1.2411,1.37658
ERG,-1.24152,1.54862
ETV2,-1.24204,-0.21244
ETV4,-1.24248,0.15297
DMBX1,-1.24366,1.4014
MSX2,-1.24447,1.37658
SRF,-1.2456,-0.18877
NFKB1,-1.2462,-0.02496
ZNF8,-1.24621,0.67552
ELK3,-1.24743,-0.31483
HOXC8,-1.24792,0.02345
RXRA,-1.24824,0.30198
GFI1,-1.2487,0.95373
TEAD3,-1.24894,-0.10294
CENPB,-1.24899,-0.10852
STAU2,-1.24943,0.26301
THRB,-1.24984,0.86606
RUNX2,-1.25029,-0.44748
MYBL1,-1.25054,0.21759
JUN,-1.25134,0.26082
HSF1,-1.25154,0.46176
NFE2L1,-1.25202,-0.03223
RARG,-1.25222,-0.50335
INSM1,-1.25281,1.22789
IRF8,-1.25307,0.31482
HMGA1,-1.2531,0.06617
ALX4,-1.25411,1.37058
FOXP3,-1.25524,0.80403
BACH1,-1.25539,-0.08588
FOSB,-1.25578,0.22429
TP53,-1.25613,-0.06103
MBD2,-1.25683,-0.39254
DLX4,-1.25706,1.70529
ETV4,-1.2571,0.15297
NKX3-1,-1.25763,-0.17361
MSX1,-1.2587,0.83405
EGR1,-1.2591,0.22639
MYC,-1.25955,0.22497
TBX2,-1.25967,0.74219
YY2,-1.25968,-0.33904
MYBL2,-1.25996,-0.19707
ELF1,-1.26018,-0.0385
ELF1,-1.26172,-0.0385
PKNOX2,-1.26177,0.45558
IRF2,-1.26197,-0.18248
IRF5,-1.26213,0.56234
THRB,-1.26214,0.86606
ATF5,-1.26221,-0.34711
SRF,-1.26246,-0.18877
HNF4G,-1.26279,0.89252
PPARG,-1.26331,-0.0062
DHX36,-1.26372,-0.09176
HOXC11,-1.26542,0.58072
FOXB1,-1.26631,1.39094
SOX8,-1.2669,0.98528
CREB3L1,-1.26743,-0.29251
TFAP2A,-1.26819,-0.00481
FOXO1,-1.26823,0.19161
CUX1,-1.26829,-0.02564
VAX1,-1.26848,1.0607
MAF,-1.26895,1.50435
TP73,-1.26947,1.60948
VAX2,-1.26962,-0.14018
GLI1,-1.26971,-0.49908
ESX1,-1.26979,1.18752
HOXB2,-1.27008,-0.59651
TP73,-1.27026,1.60948
TBL1XR1,-1.27177,0.17124
NR3C1,-1.2722,-0.11267
JDP2,-1.27223,0.49816
ELF1,-1.27233,-0.0385
JDP2,-1.2724,0.49816
ELK4,-1.27313,0.1604
ISL2,-1.27369,1.25248
ETS1,-1.27372,0.2381
TFAP4,-1.27454,0.30334
NFKB1,-1.27595,-0.02496
NR6A1,-1.27612,0.87404
IRF4,-1.27629,-0.17271
PAX3,-1.27667,1.45939
PDX1,-1.27694,1.13033
ZKSCAN8,-1.27727,0.3751
OLIG2,-1.2778,0.79877
SOX1,-1.278,1.77815
ZNF143,-1.27824,-0.08045
IRF8,-1.2783,0.31482
HLF,-1.27858,1.20049
IRF2,-1.27881,-0.18248
NR2F6,-1.27907,-0.07863
NFIC,-1.28081,-0.21458
FOXA1,-1.28083,0.59218
PPARD,-1.28094,-0.0265
SOX17,-1.28123,-2.18298
SMAD1,-1.28167,-0.01057
STAT5A,-1.28211,-0.10044
TBP,-1.28273,0.01746
TP53,-1.28317,-0.06103
SOX9,-1.28326,0.21723
HOXB3,-1.28391,-0.40051
ELF1,-1.28595,-0.0385
RUNX1,-1.29059,-0.06798
HIC1,-1.29154,-0.93177
THAP1,-1.2917,0.30516
ERG,-1.29355,1.54862
ETV1,-1.2938,0.0445
FOXK2,-1.29415,0.1105
HOXB3,-1.29435,-0.40051
GATA4,-1.29458,-1.3276
GLI2,-1.29471,0.00519
TGIF1,-1.29596,0.24022
SIX2,-1.29602,1.04244
JDP2,-1.29602,0.49816
TP53,-1.29659,-0.06103
ZNF784,-1.2969,-0.1146
OLIG2,-1.29778,0.79877
FOS,-1.29792,0.11477
TGIF2,-1.298,0.13496
NKX6-1,-1.29819,1.89061
SREBF2,-1.29821,0.00057
TCF3,-1.29822,-0.11833
STAT3,-1.29852,-0.16234
TFAP2C,-1.29891,0.6037
HOXD13,-1.29974,1.61407
SOX2,-1.29994,1.37658
ID4,-1.30068,-0.49292
NR1H2,-1.30107,-0.17777
NR2F1,-1.30178,-0.40683
CTCF,-1.30213,0.1109
FLI1,-1.30215,-2.13898
TFAP2A,-1.30216,-0.00481
RXRA,-1.30219,0.30198
NFKB1,-1.30239,-0.02496
RARA,-1.30242,-0.25519
SMC3,-1.30264,0.09897
FOXO1,-1.30383,0.19161
MEIS1,-1.30431,-0.46847
STAT5A,-1.30563,-0.10044
SOX8,-1.30587,0.98528
FOXA1,-1.30592,0.59218
PAX6,-1.30604,0.87769
IRF9,-1.30651,0.07959
RAD21,-1.30652,0.33699
FOS,-1.30673,0.11477
GFI1,-1.30775,0.95373
ISL2,-1.30795,1.25248
SMAD3,-1.31141,-0.38086
POU4F1,-1.31167,1.85377
MEIS2,-1.3124,-0.06534
SIX2,-1.31281,1.04244
MAF,-1.31493,1.50435
VAX2,-1.31574,-0.14018
STAT3,-1.31574,-0.16234
GATA3,-1.31584,0.63765
RARG,-1.31703,-0.50335
FLI1,-1.31708,-2.13898
INSM1,-1.31723,1.22789
SREBF2,-1.31773,0.00057
POU4F1,-1.31811,1.85377
RBPJ,-1.3191,0.06557
MGA,-1.31956,0.06935
LHX6,-1.3203,1.97772
ESRRB,-1.32111,1.09807
ZKSCAN3,-1.32151,0.45019
STAT4,-1.32237,0.55131
GATA2,-1.32329,-0.05162
POU2F2,-1.32488,-0.79029
PAX2,-1.32535,1.0569
MEIS1,-1.32537,-0.46847
DDIT3,-1.32586,0.31605
TP53,-1.3278,-0.06103
MAFF,-1.32933,0.15237
NFIC,-1.32964,-0.21458
PAX6,-1.32964,0.87769
ZBTB7A,-1.32977,-0.03833
USF2,-1.33036,-0.17263
FOXB1,-1.33127,1.39094
HOXA4,-1.33141,-0.29989
CLOCK,-1.33196,0.06464
MSC,-1.33265,0.03375
RARG,-1.33304,-0.50335
PKNOX2,-1.33354,0.45558
E2F1,-1.33428,-0.14567
NR5A1,-1.33446,-1.93768
HIC2,-1.33519,0.48876
ELK1,-1.33633,-0.14318
IRF5,-1.33678,0.56234
GABPA,-1.33876,-0.14939
ID4,-1.33893,-0.49292
NFAT5,-1.33919,0.64401
PQBP1,-1.33929,0.02009
GBX2,-1.33952,1.92073
PKNOX1,-1.33953,-0.01682
TBX20,-1.34085,1.45484
ANXA1,-1.34112,-0.16277
FLI1,-1.34132,-2.13898
RUNX2,-1.34168,-0.44748
SIX5,-1.34439,-0.04506
MAF,-1.34456,1.50435
NFIL3,-1.34543,0.04188
FOXP2,-1.34588,0.88336
CENPB,-1.34761,-0.10852
BDP1,-1.34796,0.41219
ETV6,-1.34922,-0.12382
ETV6,-1.34941,-0.12382
TBX20,-1.35097,1.45484
REST,-1.35148,0.20711
RPS4X,-1.35169,-0.12489
DAB2,-1.35181,-0.67511
ELK4,-1.35217,0.1604
ELK4,-1.35275,0.1604
ELK4,-1.35365,0.1604
NFKB1,-1.3544,-0.02496
FOXJ2,-1.35441,-0.10174
FOXK1,-1.35636,0.61424
HSF1,-1.35671,0.46176
ETV6,-1.35681,-0.12382
NR3C1,-1.35686,-0.11267
NRL,-1.35769,0.13212
SRF,-1.35773,-0.18877
ZNF713,-1.35773,0.09838
RFX1,-1.35837,0.20032
SOX15,-1.35935,-0.29176
TCEAL2,-1.35997,1.83506
TCF12,-1.36008,-0.03309
IRF4,-1.36098,-0.17271
MYBL1,-1.36099,0.21759
SOX9,-1.3615,0.21723
POU5F1,-1.36156,-0.17881
RFX5,-1.36183,0.24121
NFE2L2,-1.36218,0.01426
EN1,-1.36261,1.50651
FOXO3,-1.36292,-0.09404
RFXANK,-1.36309,-0.06083
GATA3,-1.36311,0.63765
IRF2,-1.3641,-0.18248
RARA,-1.36428,-0.25519
STAT4,-1.3652,0.55131
TP53,-1.36522,-0.06103
CEBPB,-1.36524,0.1585
FOXB1,-1.36568,1.39094
RUNX1,-1.36791,-0.06798
HOXC10,-1.36852,0.94574
POU2F2,-1.36856,-0.79029
SOX8,-1.36886,0.98528
UTP18,-1.3694,-0.01788
SOX9,-1.37177,0.21723
GATA3,-1.37258,0.63765
CEBPG,-1.37316,0.22789
PRRX1,-1.37319,-0.44294
LHX9,-1.37362,-1.03088
HOXC11,-1.37364,0.58072
FIP1L1,-1.37495,0.10052
HOXA3,-1.37628,-0.49974
ZBED1,-1.37651,-0.20248
HNF4G,-1.3771,0.89252
REST,-1.3779,0.20711
FLI1,-1.37847,-2.13898
JUND,-1.37869,-0.03685
GRHL1,-1.3805,0.60779
STAT1,-1.38067,-0.01743
TGIF1,-1.38099,0.24022
JUN,-1.38133,0.26082
HOXA1,-1.38159,0.09858
BAX,-1.3816,-0.21986
ELF4,-1.38218,-0.23961
DLX6,-1.3826,1.50012
IRF8,-1.38262,0.31482
PAX6,-1.38295,0.87769
THAP1,-1.38308,0.30516
NFE2L2,-1.38347,0.01426
TFCP2,-1.38482,-0.18064
SREBF1,-1.38557,-0.15578
NFIX,-1.38561,-0.37506
NR2F1,-1.38595,-0.40683
ISL1,-1.38739,1.63749
RORA,-1.38748,1.26779
YY2,-1.38923,-0.33904
ERG,-1.39026,1.54862
ETS1,-1.39039,0.2381
TFAP4,-1.39328,0.30334
FOXL1,-1.39382,-0.97272
CEBPD,-1.39413,0.31811
RARG,-1.39442,-0.50335
TFAP2C,-1.39447,0.6037
UBP1,-1.39547,0.11819
RORA,-1.39615,1.26779
NKX6-1,-1.39663,1.89061
JUND,-1.39894,-0.03685
HOXA11,-1.39916,0.40226
TRIM21,-1.39947,-0.18352
ELF1,-1.40076,-0.0385
ETS1,-1.40093,0.2381
ARNT,-1.40209,0.03492
RARB,-1.40277,-0.80509
TCF3,-1.40301,-0.11833
MEIS1,-1.40374,-0.46847
RORA,-1.40393,1.26779
NFE2L2,-1.40408,0.01426
STAT2,-1.40458,0.19114
VAX2,-1.40459,-0.14018
RFX2,-1.4053,0.09243
SOX8,-1.40597,0.98528
ELF4,-1.40643,-0.23961
ETS2,-1.40807,0.26666
TP73,-1.4081,1.60948
TP73,-1.4082,1.60948
FOXD3,-1.40849,1.66375
RORA,-1.4085,1.26779
FOXD1,-1.40864,0.21153
NKX2-1,-1.40866,2.41647
IRF1,-1.41152,0.07358
INSM1,-1.41158,1.22789
NFE2L2,-1.41182,0.01426
TP73,-1.41196,1.60948
MSX1,-1.41269,0.83405
ERG,-1.41324,1.54862
APEX2,-1.41332,0.01034
ESRRA,-1.41427,0.36686
BACH2,-1.41471,1.29373
FLI1,-1.4148,-2.13898
DDIT3,-1.41709,0.31605
TEAD4,-1.41713,0.33182
ARID5B,-1.41767,-0.5962
CREB1,-1.41941,-0.1189
BPTF,-1.42067,0.25822
VDR,-1.42082,0.18204
FOXK1,-1.42085,0.61424
MYBL1,-1.42091,0.21759
HMX2,-1.42099,1.25527
POU6F1,-1.42128,-0.06658
ZFP3,-1.42155,0.80123
SOX4,-1.4227,-0.13172
P4HB,-1.42347,-0.27997
TFAP4,-1.42482,0.30334
ZBTB7B,-1.42557,-0.1944
NFKB1,-1.42735,-0.02496
HSF1,-1.42791,0.46176
AR,-1.42817,0.74347
CEBPG,-1.42843,0.22789
GBX2,-1.42961,1.92073
NFE2L2,-1.43035,0.01426
ZNF3,-1.43144,0.04979
HIF1A,-1.43199,-0.1013
AR,-1.43283,0.74347
IRF1,-1.43294,0.07358
TP53,-1.4334,-0.06103
RARA,-1.43446,-0.25519
IRF1,-1.43465,0.07358
FOS,-1.43483,0.11477
NKX2-5,-1.43919,1.55041
XRCC1,-1.44012,-0.04663
NKX3-1,-1.44037,-0.17361
ZNF8,-1.441,0.67552
UBE2V1,-1.44342,-0.08291
HOXA7,-1.44484,-1.08007
STAT5A,-1.44514,-0.10044
ANXA11,-1.44523,-0.11866
PKNOX2,-1.44686,0.45558
PKNOX2,-1.4484,0.45558
TP53,-1.44863,-0.06103
ARID3A,-1.45008,0.49887
HOXA13,-1.45097,1.58967
TP73,-1.45111,1.60948
RARB,-1.4515,-0.80509
SFT2D1,-1.45218,0.08654
RXRA,-1.45342,0.30198
HOXD10,-1.45429,0.20355
SIX1,-1.45437,0.9836
SIX2,-1.45494,1.04244
LHX6,-1.45552,1.97772
MSX1,-1.45748,0.83405
TP73,-1.4585,1.60948
SRF,-1.46029,-0.18877
ERG,-1.46183,1.54862
ERG,-1.46255,1.54862
NMI,-1.46569,-0.32474
TP73,-1.46683,1.60948
IRF1,-1.46695,0.07358
CEBPG,-1.4675,0.22789
NKX2-8,-1.46812,1.30963
SOX2,-1.46998,1.37658
RXRA,-1.47015,0.30198
TCF7,-1.4709,0.17771
GATA3,-1.47122,0.63765
OLIG2,-1.47198,0.79877
RAB7A,-1.4739,0.0373
DLX1,-1.4741,0.10983
EGR1,-1.47474,0.22639
GBX2,-1.47516,1.92073
SFT2D1,-1.47926,0.08654
SRF,-1.48043,-0.18877
JUN,-1.48324,0.26082
BARX1,-1.484,1.13672
ETV1,-1.48471,0.0445
FOXO1,-1.48557,0.19161
CEBPA,-1.48706,1.86054
IRF2,-1.48975,-0.18248
NKX2-5,-1.49104,1.55041
FOXD1,-1.49167,0.21153
NR3C1,-1.49193,-0.11267
LBX2,-1.49329,1.06169
SOX8,-1.49488,0.98528
TP73,-1.4949,1.60948
SIX1,-1.49626,0.9836
IRF5,-1.49701,0.56234
FOXO6,-1.49803,1.52196
BCL6,-1.49919,-0.46691
ERG,-1.50218,1.54862
CEBPB,-1.50225,0.1585
TFCP2,-1.50298,-0.18064
ARFGAP1,-1.50302,0.0425
POU3F2,-1.50328,1.7839
REL,-1.50368,0.12775
TCF7,-1.5042,0.17771
RUNX3,-1.50475,1.32536
SOX17,-1.50487,-2.18298
EOMES,-1.50629,1.4624
MAFK,-1.50722,-0.18717
PAX8,-1.50749,1.96565
DLX1,-1.50858,0.10983
SOX2,-1.50962,1.37658
PAX9,-1.50975,1.51678
PSMC2,-1.50976,-0.51529
ETV1,-1.51231,0.0445
BRCA1,-1.51292,-0.27515
CDX2,-1.5173,2.15473
BACH1,-1.51758,-0.08588
FOSB,-1.51854,0.22429
FOXO6,-1.51928,1.52196
HSF1,-1.5211,0.46176
NFYB,-1.52154,-0.01498
PAX3,-1.52164,1.45939
CERS4,-1.52189,1.06555
ETS1,-1.52376,0.2381
ELF1,-1.52417,-0.0385
PLAG1,-1.5252,0.41363
FOS,-1.5273,0.11477
ETV4,-1.52812,0.15297
TFAP2C,-1.5322,0.6037
RFX5,-1.53274,0.24121
TCF4,-1.53423,-0.83621
MXI1,-1.53611,0.36623
PBX3,-1.53824,0.40978
STAT1,-1.53843,-0.01743
SRF,-1.53854,-0.18877
TBX1,-1.53955,1.76691
IRF4,-1.54128,-0.17271
TP73,-1.54194,1.60948
HMX1,-1.55034,1.5563
TCF7,-1.55127,0.17771
DDIT3,-1.55137,0.31605
FOXA1,-1.55225,0.59218
IRF7,-1.5546,-0.16734
VAX1,-1.55545,1.0607
INSM1,-1.55576,1.22789
TCF7,-1.55668,0.17771
NMRAL1,-1.55729,0.52323
ETV5,-1.55744,0.00428
HOMEZ,-1.55758,0.41613
NFE2,-1.55896,0.59563
LMX1B,-1.55926,1.549
NFE2,-1.56028,0.59563
PAX9,-1.56092,1.51678
SMAD2,-1.56141,-0.33837
TP53,-1.56263,-0.06103
JUN,-1.56371,0.26082
FOXF2,-1.56769,0.41095
AHR,-1.56824,-0.31593
TP73,-1.56913,1.60948
MEIS2,-1.56954,-0.06534
AGGF1,-1.57022,0.05794
NR4A2,-1.57053,0.11007
HSF1,-1.57154,0.46176
ZBTB3,-1.57256,0.39844
FOXG1,-1.57291,1.5762
REL,-1.57332,0.12775
JDP2,-1.57359,0.49816
RARB,-1.57397,-0.80509
FLI1,-1.57482,-2.13898
FLI1,-1.57554,-2.13898
NR2F1,-1.5759,-0.40683
ZNF143,-1.57642,-0.08045
CUX2,-1.5778,1.0607
HMX1,-1.5781,1.5563
YY1,-1.58068,0.14859
TFAP4,-1.58077,0.30334
JUND,-1.5839,-0.03685
PDX1,-1.58493,1.13033
NFKB1,-1.58606,-0.02496
FOXA1,-1.58948,0.59218
TP73,-1.58978,1.60948
TCF7,-1.59316,0.17771
EGR2,-1.59352,1.68485
AHR,-1.59421,-0.31593
MAFB,-1.59862,0.64383
ATF3,-1.60046,0.74563
PTCD1,-1.60053,0.04232
E2F4,-1.6006,0.14148
HOXD3,-1.60229,-0.7231
TP73,-1.60418,1.60948
SRF,-1.60666,-0.18877
DLX4,-1.60687,1.70529
POU4F1,-1.60774,1.85377
ZNF713,-1.60891,0.09838
NKX2-5,-1.60905,1.55041
HINFP,-1.60944,0.09309
XBP1,-1.61041,0.09852
IRF2,-1.61043,-0.18248
ETS1,-1.61105,0.2381
ELK1,-1.61503,-0.14318
SOX2,-1.61543,1.37658
TOPORS,-1.61558,-0.16762
BCL11A,-1.61612,1.84042
RPS4X,-1.61615,-0.12489
SRF,-1.61848,-0.18877
ZBTB7B,-1.61931,-0.1944
WRNIP1,-1.62059,0.28669
EN1,-1.62093,1.50651
KLF4,-1.62334,1.14393
JDP2,-1.6237,0.49816
GRHL1,-1.62445,0.60779
ZBTB7A,-1.6249,-0.03833
FOXJ3,-1.63025,0.24609
NELFA,-1.63107,0.00211
ETV5,-1.63208,0.00428
TP53,-1.63344,-0.06103
ETV5,-1.63372,0.00428
EGR1,-1.63381,0.22639
PAX6,-1.63616,0.87769
TFAP4,-1.63628,0.30334
TP73,-1.63664,1.60948
FOXD3,-1.63668,1.66375
SMAD4,-1.63845,0.01087
MEOX1,-1.64102,0.5983
RXRA,-1.64168,0.30198
TFCP2,-1.64213,-0.18064
ZNF503,-1.64231,0.41999
TP53,-1.64354,-0.06103
NKX2-1,-1.64356,2.41647
NR6A1,-1.64536,0.87404
HOXA13,-1.64807,1.58967
SRF,-1.65143,-0.18877
TCF4,-1.65219,-0.83621
HMGN3,-1.65259,0.37831
TCF12,-1.65265,-0.03309
RXRA,-1.65426,0.30198
MGA,-1.65454,0.06935
JUND,-1.65795,-0.03685
NFIL3,-1.66296,0.04188
SREBF2,-1.66546,0.00057
ESRRB,-1.66729,1.09807
TP53,-1.66966,-0.06103
FOXJ3,-1.67039,0.24609
JUN,-1.67433,0.26082
IRF8,-1.67997,0.31482
HESX1,-1.68032,0.17438
RARA,-1.68189,-0.25519
LBX2,-1.68209,1.06169
TP73,-1.68392,1.60948
TP73,-1.68449,1.60948
TP53,-1.68675,-0.06103
FLI1,-1.68835,-2.13898
TP73,-1.69432,1.60948
ZNF410,-1.69679,-0.14934
SOX7,-1.70047,0.94009
SOX17,-1.70234,-2.18298
SOX2,-1.70384,1.37658
MAFB,-1.70782,0.64383
FOXF2,-1.71165,0.41095
SREBF1,-1.71225,-0.15578
NR2F1,-1.71657,-0.40683
TP53,-1.71702,-0.06103
NFAT5,-1.72022,0.64401
RUNX3,-1.72078,1.32536
ELF4,-1.72154,-0.23961
MAFG,-1.7227,-0.03675
TEAD2,-1.72285,-0.33669
RARG,-1.72303,-0.50335
SRF,-1.72752,-0.18877
SOX9,-1.72858,0.21723
FLI1,-1.72928,-2.13898
TBX3,-1.73044,-0.64016
SOX8,-1.73301,0.98528
ETV5,-1.73331,0.00428
NKX6-1,-1.73331,1.89061
RUNX2,-1.73918,-0.44748
EN2,-1.74049,1.5098
POLE3,-1.74525,-0.11669
ZNF384,-1.75007,0.13354
TP73,-1.75015,1.60948
FOXJ2,-1.75038,-0.10174
NFATC1,-1.75081,1.17367
ETV1,-1.75551,0.0445
TFAP2C,-1.75603,0.6037
TP53,-1.75651,-0.06103
CBFB,-1.75798,0.09939
FOXJ3,-1.759,0.24609
FOXO4,-1.76804,0.05375
MAFB,-1.76942,0.64383
TP53,-1.77363,-0.06103
PAX2,-1.77634,1.0569
FOXO3,-1.77895,-0.09404
PROX1,-1.77915,1.25768
GTF2I,-1.78015,-0.05514
OTX1,-1.78477,0.61502
PRRX1,-1.78506,-0.44294
DBP,-1.78551,-0.07406
IRF9,-1.788,0.07959
REST,-1.79201,0.20711
SNAPC4,-1.79537,0.21099
ETS1,-1.80398,0.2381
HOXA13,-1.81167,1.58967
SRF,-1.81669,-0.18877
ETS1,-1.82199,0.2381
TP53,-1.8244,-0.06103
NFATC4,-1.82705,0.08731
TP53,-1.82893,-0.06103
CENPB,-1.82951,-0.10852
ZBTB7B,-1.8377,-0.1944
ARID5B,-1.84095,-0.5962
SREBF2,-1.8436,0.00057
ESX1,-1.84891,1.18752
MAFB,-1.85021,0.64383
TFE3,-1.85027,-0.02572
CUX1,-1.85108,-0.02564
FOXC2,-1.85518,-2.00079
PAX3,-1.85619,1.45939
ZNF3,-1.85642,0.04979
ESRRA,-1.85758,0.36686
MEIS2,-1.85869,-0.06534
GABPA,-1.86071,-0.14939
HOXB3,-1.86451,-0.40051
TP73,-1.86531,1.60948
DTL,-1.86761,-0.3358
TP73,-1.86766,1.60948
CBX5,-1.86972,0.1205
TP53,-1.87336,-0.06103
NKX2-5,-1.87866,1.55041
PRRX1,-1.88042,-0.44294
RFX5,-1.88405,0.24121
TP73,-1.90175,1.60948
IRF5,-1.9037,0.56234
NFE2L2,-1.90432,0.01426
MAFK,-1.90893,-0.18717
MAFG,-1.90984,-0.03675
TP73,-1.91844,1.60948
RARB,-1.9205,-0.80509
TP73,-1.92387,1.60948
TP73,-1.92513,1.60948
TCF3,-1.93159,-0.11833
TP73,-1.93338,1.60948
TCF7,-1.93919,0.17771
TP73,-1.94529,1.60948
ZBTB7B,-1.95995,-0.1944
NFE2L1,-1.96135,-0.03223
STAT2,-1.96277,0.19114
STAT1,-1.97392,-0.01743
TP53,-1.97793,-0.06103
LARP1,-1.98044,0.39547
SOX9,-1.98323,0.21723
RARG,-1.98369,-0.50335
LHX4,-1.98734,0.54007
TP53,-1.98996,-0.06103
FOSL2,-2.00008,0.07854
GABPA,-2.00029,-0.14939
TP53,-2.00212,-0.06103
TP53,-2.00672,-0.06103
IRF4,-2.00742,-0.17271
IRF1,-2.01328,0.07358
TP73,-2.01602,1.60948
TP53,-2.01865,-0.06103
TP73,-2.02169,1.60948
TP73,-2.02177,1.60948
MAFK,-2.02311,-0.18717
BCL3,-2.02406,-0.30304
ELF1,-2.02412,-0.0385
IKZF3,-2.02677,1.89927
JDP2,-2.02735,0.49816
TP73,-2.02836,1.60948
NFATC3,-2.02838,0.26356
TP53,-2.03081,-0.06103
ARID3A,-2.03464,0.49887
MSX1,-2.03494,0.83405
RFX5,-2.04038,0.24121
FOXD1,-2.04237,0.21153
GATA2,-2.04962,-0.05162
TP53,-2.06119,-0.06103
MEIS1,-2.0628,-0.46847
RARG,-2.0637,-0.50335
TP73,-2.0646,1.60948
CREB3L1,-2.06929,-0.29251
TP53,-2.07376,-0.06103
FOXC1,-2.07765,0.69824
MECP2,-2.08181,0.18722
TP73,-2.08367,1.60948
TP53,-2.08449,-0.06103
NXPH3,-2.0963,0.17609
FOXO3,-2.10152,-0.09404
PPARD,-2.1152,-0.0265
NFE2L1,-2.11649,-0.03223
ETS1,-2.11664,0.2381
ZNF713,-2.11967,0.09838
TFAP4,-2.12781,0.30334
TP73,-2.13124,1.60948
SOX15,-2.13182,-0.29176
GRHPR,-2.13881,-0.00056
TP53,-2.14346,-0.06103
SRF,-2.15072,-0.18877
TBX1,-2.17875,1.76691
PDS5A,-2.18405,0.02221
RARA,-2.18925,-0.25519
TP53,-2.1893,-0.06103
TP73,-2.19635,1.60948
TP53,-2.20247,-0.06103
SREBF1,-2.20515,-0.15578
TP53,-2.20666,-0.06103
BACH1,-2.21077,-0.08588
ETS1,-2.21156,0.2381
FOS,-2.22173,0.11477
RARA,-2.22749,-0.25519
TP53,-2.23495,-0.06103
NFYB,-2.23922,-0.01498
RARA,-2.24585,-0.25519
NRL,-2.25243,0.13212
ETV3,-2.25419,0.22639
TP53,-2.26455,-0.06103
TP53,-2.27036,-0.06103
OLIG2,-2.27059,0.79877
TP53,-2.27567,-0.06103
TP53,-2.29214,-0.06103
TP53,-2.2947,-0.06103
SRF,-2.31473,-0.18877
CENPB,-2.3188,-0.10852
TP53,-2.32785,-0.06103
FOXG1,-2.33951,1.5762
TP73,-2.3551,1.60948
TP53,-2.37848,-0.06103
TP53,-2.38216,-0.06103
TP53,-2.38753,-0.06103
TP53,-2.40116,-0.06103
BRCA1,-2.4022,-0.27515
TP53,-2.41035,-0.06103
ARFGAP1,-2.41284,0.0425
NFATC4,-2.41839,0.08731
TEAD3,-2.42509,-0.10294
HOXB13,-2.43114,1.17107
TP53,-2.44682,-0.06103
ETS1,-2.44744,0.2381
ETS1,-2.46398,0.2381
DLX5,-2.46693,1.14301
ETS1,-2.47838,0.2381
TCF7,-2.48602,0.17771
TP53,-2.48982,-0.06103
HOXB8,-2.51319,0.34207
TP73,-2.52082,1.60948
TP53,-2.52576,-0.06103
HOXC13,-2.52592,0.9857
ESRRA,-2.54571,0.36686
ETS1,-2.56123,0.2381
TP73,-2.57281,1.60948
TP53,-2.5822,-0.06103
TP53,-2.58225,-0.06103
TP53,-2.59532,-0.06103
TP73,-2.60336,1.60948
TP53,-2.60889,-0.06103
TP73,-2.63399,1.60948
ETS1,-2.65998,0.2381
ETS1,-2.74339,0.2381
NKX3-1,-2.74413,-0.17361
TBX1,-2.77254,1.76691
PDS5A,-2.77312,0.02221
NR4A2,-2.78407,0.11007
ZBTB7B,-2.80331,-0.1944
FLI1,-2.8223,-2.13898
OTX1,-2.85948,0.61502
TP53,-2.93861,-0.06103
TP53,-2.94652,-0.06103
TP53,-3.07228,-0.06103
RUNX1,-3.61007,-0.06798
RXRA,-3.69258,0.30198
GRHPR,-4.07388,-0.00056
RFXANK,-4.53465,-0.06083
